sim_time_s,configuration,condition,run_id,mode,brightness,rgb_quality,thermal_quality,rgb_valid_fraction,thermal_valid_fraction,selected_valid_fraction,selector_processing_ms,active_cloud_messages,active_points,voxel_count,visible_voxel_count,distance_m,planner_failures,plans_succeeded,goals_reached,mode_switches
611.667000,ADAPTIVE,MIXED,run01,THERMAL_LIDAR,0.13035540282726288,0.35928040742874146,0.24187934398651123,0.24274942278862,0.24187934398651123,0.24187934398651123,422.14898681640625,3,10344,2116,785,0.0018516539469496203,0,0,0,0
612.667000,ADAPTIVE,MIXED,run01,THERMAL_LIDAR,0.13035550713539124,0.35928013920783997,0.24187934398651123,0.24303944408893585,0.24187934398651123,0.24187934398651123,375.3100280761719,6,20688,2118,786,0.00765670078856073,0,0,0,0
613.667000,ADAPTIVE,MIXED,run01,THERMAL_LIDAR,0.13035637140274048,0.35928088426589966,0.24187934398651123,0.24303944408893585,0.24187934398651123,0.24187934398651123,365.53350830078125,8,27584,2126,789,0.01217379344659301,0,0,0,0
614.667000,ADAPTIVE,MIXED,run01,THERMAL_LIDAR,0.1303573101758957,0.3592820167541504,0.24187934398651123,0.24303944408893585,0.24187934398651123,0.24187934398651123,359.31622314453125,11,37928,2131,791,0.016346821260968553,0,0,0,0
615.667000,ADAPTIVE,MIXED,run01,THERMAL_LIDAR,0.1303577870130539,0.35928216576576233,0.24187934398651123,0.24303944408893585,0.24187934398651123,0.24187934398651123,358.7841491699219,14,48272,2143,795,0.01891818200320235,0,0,0,0
616.667000,ADAPTIVE,MIXED,run01,THERMAL_LIDAR,0.13035821914672852,0.3592820465564728,0.24187934398651123,0.2433294653892517,0.24187934398651123,0.24187934398651123,348.04888916015625,17,58616,2149,799,0.024337338061095868,0,0,0,0
617.667000,ADAPTIVE,MIXED,run01,THERMAL_LIDAR,0.1303584724664688,0.35928183794021606,0.24187934398651123,0.24303944408893585,0.24187934398651123,0.24187934398651123,259.19171142578125,20,68960,2157,801,0.028026529703353478,0,0,0,0
618.667000,ADAPTIVE,MIXED,run01,THERMAL_LIDAR,0.13035762310028076,0.3592798411846161,0.24187934398651123,0.24303944408893585,0.24187934398651123,0.24187934398651123,313.7511291503906,24,82752,2166,803,0.031531671931410654,0,0,0,0
619.667000,ADAPTIVE,MIXED,run01,THERMAL_LIDAR,0.1303585022687912,0.3592804968357086,0.24187934398651123,0.2433294653892517,0.24187934398651123,0.24187934398651123,285.0296936035156,27,93096,2172,808,0.03557196551373481,0,0,0,0
620.668000,ADAPTIVE,MIXED,run01,THERMAL_LIDAR,0.13035815954208374,0.3592793941497803,0.24187934398651123,0.24303944408893585,0.24187934398651123,0.24187934398651123,301.81719970703125,31,106888,2178,812,0.04050008994605021,0,0,0,0
621.667000,ADAPTIVE,MIXED,run01,THERMAL_LIDAR,0.13035830855369568,0.3592791259288788,0.24187934398651123,0.24303944408893585,0.24187934398651123,0.24187934398651123,329.9095764160156,34,117232,2184,813,0.045792535943018,0,0,0,0
622.668000,ADAPTIVE,MIXED,run01,THERMAL_LIDAR,0.13035935163497925,0.3592803478240967,0.24187934398651123,0.24303944408893585,0.24187934398651123,0.24187934398651123,309.2237548828125,37,127576,2191,817,0.05208822689277991,0,1,0,0
623.667000,ADAPTIVE,MIXED,run01,THERMAL_LIDAR,0.12895429134368896,0.35798513889312744,0.24187934398651123,0.24303944408893585,0.24187934398651123,0.24187934398651123,310.5470275878906,40,137920,2196,819,0.1384648680507105,0,1,0,0
624.667000,ADAPTIVE,MIXED,run01,THERMAL_LIDAR,0.13046811521053314,0.35559868812561035,0.24187934398651123,0.24303944408893585,0.24187934398651123,0.24187934398651123,297.2930908203125,44,151712,2205,820,0.3643370232376243,0,2,0,0
625.670000,ADAPTIVE,MIXED,run01,THERMAL_LIDAR,0.1285804808139801,0.35731783509254456,0.24187934398651123,0.24303944408893585,0.24187934398651123,0.24187934398651123,386.30462646484375,47,162056,2208,821,0.6353361940269695,0,3,0,0
626.669000,ADAPTIVE,MIXED,run01,THERMAL_LIDAR,0.13256028294563293,0.3606010377407074,0.24092888832092285,0.24325108528137207,0.24092888832092285,0.24092888832092285,463.11810302734375,50,172469,3618,821,0.8471224539331094,0,4,0,0
627.672000,ADAPTIVE,MIXED,run01,THERMAL_LIDAR,0.1362321376800537,0.36230483651161194,0.24101969599723816,0.24304750561714172,0.24101969599723816,0.24101969599723816,536.970458984375,52,179324,4567,1296,1.0796070341223678,0,5,0,0
628.667000,ADAPTIVE,MIXED,run01,THERMAL_LIDAR,0.1340760439634323,0.3609773516654968,0.24469339847564697,0.2473466992378235,0.24469339847564697,0.24469339847564697,685.4750366210938,55,189608,5508,1529,1.2939906159333363,0,6,0,0
629.668000,ADAPTIVE,MIXED,run01,THERMAL_LIDAR,0.13641923666000366,0.3622938096523285,0.23968623578548431,0.24375362694263458,0.23968623578548431,0.23968623578548431,541.0927124023438,57,196567,6262,1642,1.5328867419724792,0,7,0,0
630.667000,ADAPTIVE,MIXED,run01,THERMAL_LIDAR,0.13781727850437164,0.3637988567352295,0.2413492351770401,0.24280314147472382,0.2413492351770401,0.2413492351770401,510.28094482421875,59,203409,6641,1803,1.7556027855356464,0,8,0,0
631.669000,ADAPTIVE,MIXED,run01,THERMAL_LIDAR,0.1355922967195511,0.3624049127101898,0.23775626718997955,0.2388952225446701,0.23775626718997955,0.23775626718997955,539.9280395507812,62,213731,7134,1851,1.9460524137279187,0,8,0,0
632.667000,ADAPTIVE,MIXED,run01,THERMAL_LIDAR,0.1351621299982071,0.3625187277793884,0.23953823745250702,0.24242424964904785,0.23953823745250702,0.23953823745250702,507.9070739746094,65,224046,7427,1928,2.1973891142531583,0,8,0,0
633.667000,ADAPTIVE,MIXED,run01,THERMAL_LIDAR,0.13844864070415497,0.3643750846385956,0.23802736401557922,0.23774230480194092,0.23802736401557922,0.23802736401557922,362.38043212890625,68,234325,7655,1965,2.414262554116721,0,9,0,0
634.667000,ADAPTIVE,MIXED,run01,THERMAL_LIDAR,0.13082687556743622,0.3589942157268524,0.23921793699264526,0.24036802351474762,0.23921793699264526,0.23921793699264526,360.08734130859375,69,237803,7776,1969,2.6188485024329906,0,9,0,0
635.667000,ADAPTIVE,MIXED,run01,THERMAL_LIDAR,0.12917710840702057,0.35504093766212463,0.2393040508031845,0.2407301813364029,0.2393040508031845,0.2393040508031845,363.01507568359375,72,248225,8018,2055,2.7659570776139177,0,9,0,0
636.667000,ADAPTIVE,MIXED,run01,THERMAL_LIDAR,0.12628720700740814,0.35126790404319763,0.24754537642002106,0.24873550236225128,0.24754537642002106,0.24754537642002106,343.7642517089844,74,255033,8158,2084,3.0273392017787732,0,10,0,0
637.667000,ADAPTIVE,MIXED,run01,THERMAL_LIDAR,0.12947382032871246,0.3543892502784729,0.2384372353553772,0.24044814705848694,0.2384372353553772,0.2384372353553772,283.26678466796875,77,265443,8368,2122,3.292812406905532,0,10,0,0
638.668000,ADAPTIVE,MIXED,run01,THERMAL_LIDAR,0.12977540493011475,0.35322675108909607,0.2368948757648468,0.2386135756969452,0.2368948757648468,0.2368948757648468,316.8341979980469,80,275864,8529,2155,3.507100027903162,0,11,0,0
639.667000,ADAPTIVE,MIXED,run01,THERMAL_LIDAR,0.12611612677574158,0.3498179614543915,0.23785020411014557,0.24042309820652008,0.23785020411014557,0.23785020411014557,310.0094909667969,82,282898,8655,2165,3.719624460116348,0,12,0,0
640.669000,ADAPTIVE,MIXED,run01,THERMAL_LIDAR,0.12855523824691772,0.3509944677352905,0.23606744408607483,0.23806801438331604,0.23606744408607483,0.23606744408607483,326.0226135253906,84,289883,8770,2177,4.008159017753931,0,13,0,0
641.667000,ADAPTIVE,MIXED,run01,THERMAL_LIDAR,0.11945956945419312,0.3451452851295471,0.23552894592285156,0.23781009018421173,0.23552894592285156,0.23552894592285156,324.7636413574219,88,303605,8903,2199,4.178678799102601,0,14,0,0
642.669000,ADAPTIVE,MIXED,run01,THERMAL_LIDAR,0.12450683861970901,0.3451187014579773,0.23936323821544647,0.24254703521728516,0.23936323821544647,0.23936323821544647,420.6344299316406,91,314005,9008,2218,4.361980407545724,0,15,0,0
643.669000,ADAPTIVE,MIXED,run01,THERMAL_LIDAR,0.11828973144292831,0.3418784737586975,0.2442273497581482,0.2465956211090088,0.2442273497581482,0.2442273497581482,392.0541076660156,93,320853,9035,2220,4.624217229594091,0,15,0,0
644.667000,ADAPTIVE,MIXED,run01,THERMAL_LIDAR,0.12469853460788727,0.348789781332016,0.23430365324020386,0.23801369965076447,0.23430365324020386,0.23430365324020386,432.4525146484375,95,327832,9256,2257,4.8736000678042455,0,16,0,0
645.667000,ADAPTIVE,MIXED,run01,THERMAL_LIDAR,0.12157323211431503,0.3427409529685974,0.2341032177209854,0.23781009018421173,0.2341032177209854,0.2341032177209854,458.4154968261719,98,338353,9375,2304,5.003975510629852,0,17,0,0
646.673000,ADAPTIVE,MIXED,run01,THERMAL_LIDAR,0.1199861690402031,0.3399529457092285,0.23475521802902222,0.239622101187706,0.23475521802902222,0.23475521802902222,360.1950988769531,101,348755,9472,2309,5.216352265540998,0,17,0,0
647.672000,ADAPTIVE,MIXED,run01,THERMAL_LIDAR,0.11722991615533829,0.33793044090270996,0.23226900398731232,0.23565979301929474,0.23226900398731232,0.23226900398731232,400.07354736328125,104,359170,9540,2316,5.422057316732814,0,18,0,0
648.668000,ADAPTIVE,MIXED,run01,THERMAL_LIDAR,0.16549308598041534,0.4287174642086029,0.23277094960212708,0.23591649532318115,0.23277094960212708,0.23277094960212708,367.9349670410156,106,366157,9604,2332,5.57488216263397,0,18,0,0
649.667000,ADAPTIVE,MIXED,run01,THERMAL_LIDAR,0.1316710114479065,0.4124578833580017,0.23428571224212646,0.23828572034835815,0.23428571224212646,0.23428571224212646,351.0168151855469,109,376598,9662,2333,5.945827121858429,0,18,0,0
650.667000,ADAPTIVE,MIXED,run01,THERMAL_LIDAR,0.1540537327528,0.4216115474700928,0.24122807383537292,0.24327485263347626,0.24122807383537292,0.24122807383537292,356.2928161621094,111,383562,9705,2342,6.248896168059622,0,19,0,0
651.667000,ADAPTIVE,MIXED,run01,THERMAL_LIDAR,0.11108128726482391,0.33390071988105774,0.23364485800266266,0.23449447751045227,0.23364485800266266,0.23364485800266266,280.2188720703125,114,394083,9823,2351,6.500497068024862,0,20,0,0
652.668000,ADAPTIVE,MIXED,run01,THERMAL_LIDAR,0.11166524142026901,0.3470833897590637,0.23420074582099915,0.22991135716438293,0.23420074582099915,0.23420074582099915,272.86236572265625,119,411929,10192,2415,6.778762580299451,0,21,0,0
653.667000,ADAPTIVE,MIXED,run01,THERMAL_LIDAR,0.11984965205192566,0.34116464853286743,0.23620246350765228,0.23448669910430908,0.23620246350765228,0.23620246350765228,290.7241516113281,122,422411,10251,2472,6.916089145007892,0,22,0,0
654.667000,ADAPTIVE,MIXED,run01,THERMAL_LIDAR,0.12141548097133636,0.34384477138519287,0.22713540494441986,0.22713540494441986,0.22713540494441986,0.22713540494441986,300.890380859375,124,429560,10368,2472,7.121473509961326,0,23,0,0
655.667000,ADAPTIVE,MIXED,run01,THERMAL_LIDAR,0.11602508276700974,0.3377785086631775,0.24081632494926453,0.24110786616802216,0.24081632494926453,0.24081632494926453,363.838623046875,127,439958,10438,2492,7.270868082778509,0,23,0,0
656.667000,ADAPTIVE,MIXED,run01,THERMAL_LIDAR,0.11585462093353271,0.3370128870010376,0.23684966564178467,0.23943662643432617,0.23684966564178467,0.23684966564178467,291.2844543457031,131,453899,10451,2500,7.489827935804583,0,24,0,0
657.668000,ADAPTIVE,MIXED,run01,THERMAL_LIDAR,0.12080705165863037,0.3423132300376892,0.23392145335674286,0.2367672175168991,0.23392145335674286,0.23392145335674286,317.98419189453125,134,464405,10513,2501,7.775570249405244,0,25,0,0
658.667000,ADAPTIVE,MIXED,run01,THERMAL_LIDAR,0.10901161283254623,0.3318619728088379,0.23076923191547394,0.23385737836360931,0.23076923191547394,0.23076923191547394,298.5056457519531,137,475035,10578,2510,8.098110470592102,0,25,0,0
659.667000,ADAPTIVE,MIXED,run01,THERMAL_LIDAR,0.11471866816282272,0.33942586183547974,0.24451689422130585,0.24629519879817963,0.24451689422130585,0.24451689422130585,495.699462890625,139,481902,10598,2514,8.33370888076359,0,26,0,0
660.668000,ADAPTIVE,MIXED,run01,THERMAL_LIDAR,0.11425457149744034,0.3367549479007721,0.22206896543502808,0.23062068223953247,0.22206896543502808,0.22206896543502808,619.640380859375,142,492405,10734,2536,8.472160213000665,0,27,0,0
661.667000,ADAPTIVE,MIXED,run01,THERMAL_LIDAR,0.11684975028038025,0.3483639359474182,0.24277286231517792,0.24542772769927979,0.24277286231517792,0.24277286231517792,582.7623901367188,143,495795,10786,2563,8.61650990347477,0,28,0,0
662.667000,ADAPTIVE,MIXED,run01,THERMAL_LIDAR,0.11798761039972305,0.3604693114757538,0.2324386090040207,0.24043403565883636,0.2324386090040207,0.2324386090040207,840.458740234375,145,502921,10897,2564,8.875834937958064,0,29,0,0
663.668000,ADAPTIVE,MIXED,run01,THERMAL_LIDAR,0.10932572931051254,0.33268609642982483,0.23514211177825928,0.23858742415905,0.23514211177825928,0.23514211177825928,695.3021240234375,147,509939,10909,2565,9.120125504619402,0,30,0,0
664.667000,ADAPTIVE,MIXED,run01,THERMAL_LIDAR,0.10968096554279327,0.33647406101226807,0.2305721640586853,0.2337033897638321,0.2305721640586853,0.2305721640586853,704.2479858398438,149,516905,10975,2570,9.37730566616111,0,31,0,0
665.669000,ADAPTIVE,MIXED,run01,THERMAL_LIDAR,0.11263055354356766,0.33929237723350525,0.22792494297027588,0.22820088267326355,0.22792494297027588,0.22792494297027588,769.8983154296875,151,523974,11017,2574,9.722513591040105,0,31,0,0
666.667000,ADAPTIVE,MIXED,run01,THERMAL_LIDAR,0.11228163540363312,0.3363270163536072,0.24177104234695435,0.24206233024597168,0.24177104234695435,0.24177104234695435,574.920654296875,153,530901,11032,2576,9.972122706063836,0,32,0,0
667.668000,ADAPTIVE,MIXED,run01,THERMAL_LIDAR,0.11320311576128006,0.33609646558761597,0.2374141812324524,0.2397025227546692,0.2374141812324524,0.2374141812324524,481.89788818359375,155,537940,11078,2580,10.183095602308748,0,33,0,0
668.668000,ADAPTIVE,MIXED,run01,THERMAL_LIDAR,0.11724426597356796,0.34147584438323975,0.23657765984535217,0.24031007289886475,0.23657765984535217,0.23657765984535217,441.4775390625,158,548481,11237,2594,10.387878501891809,0,34,0,0
669.667000,ADAPTIVE,MIXED,run01,THERMAL_LIDAR,0.11935441195964813,0.3446821868419647,0.23674404621124268,0.23846374452114105,0.23674404621124268,0.23674404621124268,441.7901306152344,161,558938,11294,2597,10.675415094116952,0,35,0,0
670.667000,ADAPTIVE,MIXED,run01,THERMAL_LIDAR,0.1149975061416626,0.33743998408317566,0.23440183699131012,0.23840869963169098,0.23440183699131012,0.23440183699131012,296.23480224609375,165,572933,11330,2601,10.830787081389754,0,36,0,0
671.668000,ADAPTIVE,MIXED,run01,THERMAL_LIDAR,0.10766516625881195,0.3310771584510803,0.2344711869955063,0.23726916313171387,0.2344711869955063,0.2344711869955063,325.5364990234375,168,583419,11400,2601,11.094432794560255,0,36,0,0
672.668000,ADAPTIVE,MIXED,run01,THERMAL_LIDAR,0.11295336484909058,0.33554667234420776,0.2329738885164261,0.2360953390598297,0.2329738885164261,0.2329738885164261,295.7137451171875,171,593993,11462,2613,11.28304614482646,0,37,0,0
673.668000,ADAPTIVE,MIXED,run01,THERMAL_LIDAR,0.15077541768550873,0.43026697635650635,0.22752967476844788,0.2306387722492218,0.22752967476844788,0.22752967476844788,269.7832336425781,174,604500,11485,2619,11.416327640395156,0,37,0,0
674.667000,ADAPTIVE,MIXED,run01,THERMAL_LIDAR,0.19832545518875122,0.48518526554107666,0.2349414825439453,0.23779617249965668,0.2349414825439453,0.2349414825439453,295.60284423828125,177,615100,11585,2625,11.686271747833441,0,38,0,0
675.667000,ADAPTIVE,MIXED,run01,THERMAL_LIDAR,0.15067067742347717,0.4345364570617676,0.23438836634159088,0.237239807844162,0.23438836634159088,0.23438836634159088,292.98980712890625,179,622108,11585,2627,11.903971147691554,0,38,0,0
676.667000,ADAPTIVE,MIXED,run01,THERMAL_LIDAR,0.11062280088663101,0.33379778265953064,0.23534409701824188,0.23562730848789215,0.23534409701824188,0.23534409701824188,287.4849548339844,181,629196,11597,2627,12.171846024354581,0,39,0,0
677.667000,ADAPTIVE,MIXED,run01,THERMAL_LIDAR,0.11133827269077301,0.3345668911933899,0.22845804691314697,0.22590702772140503,0.22845804691314697,0.22845804691314697,297.6806945800781,185,643337,11687,2627,12.40520058159507,0,40,0,0
678.667000,ADAPTIVE,MIXED,run01,THERMAL_LIDAR,0.15781570971012115,0.43541592359542847,0.24558822810649872,0.24500000476837158,0.24558822810649872,0.24558822810649872,432.3967590332031,187,650155,11701,2641,12.58992666503565,0,41,0,0
679.668000,ADAPTIVE,MIXED,run01,THERMAL_LIDAR,0.15177151560783386,0.41111311316490173,0.2394530177116394,0.24148967862129211,0.2394530177116394,0.2394530177116394,500.48974609375,190,660556,11729,2643,12.818577957272188,0,42,0,0
680.671000,ADAPTIVE,MIXED,run01,THERMAL_LIDAR,0.14820604026317596,0.4350714385509491,0.2394775003194809,0.24150943756103516,0.2394775003194809,0.2394775003194809,586.7164306640625,192,667334,11762,2643,13.110642572623858,0,43,0,0
681.674000,ADAPTIVE,MIXED,run01,THERMAL_LIDAR,0.10272464156150818,0.327409565448761,0.22663357853889465,0.22690929472446442,0.22663357853889465,0.22663357853889465,603.92431640625,194,674412,11784,2646,13.417606398806516,0,43,0,0
682.667000,ADAPTIVE,MIXED,run01,THERMAL_LIDAR,0.10659784823656082,0.3333183228969574,0.23904266953468323,0.2370242178440094,0.23904266953468323,0.23904266953468323,620.5328979492188,195,677880,11817,2648,13.816356609203222,0,44,0,0
683.667000,ADAPTIVE,MIXED,run01,THERMAL_LIDAR,0.11638247221708298,0.3410819172859192,0.24902723729610443,0.2457348108291626,0.24902723729610443,0.24902723729610443,567.0288696289062,198,688233,11838,2661,14.118776067417695,0,45,0,0
684.668000,ADAPTIVE,MIXED,run01,THERMAL_LIDAR,0.12749001383781433,0.3731496334075928,0.2376861423254013,0.2385452389717102,0.2376861423254013,0.2376861423254013,526.5311889648438,200,695169,11851,2668,14.338800060064731,0,46,0,0
685.668000,ADAPTIVE,MIXED,run01,THERMAL_LIDAR,0.12300804257392883,0.3431432843208313,0.24292655289173126,0.24521291255950928,0.24292655289173126,0.24292655289173126,577.3521118164062,203,705500,11903,2673,14.57982722496612,0,47,0,0
686.667000,ADAPTIVE,MIXED,run01,THERMAL_LIDAR,0.11347592622041702,0.33484533429145813,0.22216230630874634,0.2256672978401184,0.22216230630874634,0.22216230630874634,448.3013916015625,205,712856,12100,2739,14.842333394810185,0,47,0,0
687.668000,ADAPTIVE,MIXED,run01,THERMAL_LIDAR,0.11784376949071884,0.33960407972335815,0.238163560628891,0.23787660896778107,0.238163560628891,0.238163560628891,400.8341979980469,208,723397,12107,2741,15.10217054804752,0,48,0,0
688.667000,ADAPTIVE,MIXED,run01,THERMAL_LIDAR,0.12057642638683319,0.3433772921562195,0.23218776285648346,0.2352612465620041,0.23218776285648346,0.23218776285648346,396.456298828125,211,734013,12138,2741,15.291401622574156,0,49,0,0
689.667000,ADAPTIVE,MIXED,run01,THERMAL_LIDAR,0.11172359436750412,0.337709903717041,0.21892541646957397,0.2245388925075531,0.21892541646957397,0.21892541646957397,363.6399230957031,215,748257,12277,2742,15.536293819919146,0,50,0,0
690.668000,ADAPTIVE,MIXED,run01,THERMAL_LIDAR,0.12124023586511612,0.34686940908432007,0.2352285385131836,0.238294318318367,0.2352285385131836,0.2352285385131836,314.6455993652344,217,755371,12283,2746,15.76498005126583,0,51,0,0
691.667000,ADAPTIVE,MIXED,run01,THERMAL_LIDAR,0.10959704220294952,0.33439722657203674,0.2354285717010498,0.23828572034835815,0.2354285717010498,0.2354285717010498,272.4617004394531,220,765882,12304,2746,15.982747038115768,0,52,0,0
692.667000,ADAPTIVE,MIXED,run01,THERMAL_LIDAR,0.1209433525800705,0.3432558476924896,0.2394530177116394,0.23828920722007751,0.2394530177116394,0.2394530177116394,313.0072021484375,223,776362,12329,2746,16.155479249718415,0,53,0,0
693.667000,ADAPTIVE,MIXED,run01,THERMAL_LIDAR,0.12263134121894836,0.3470613956451416,0.2344983071088791,0.2364712506532669,0.2344983071088791,0.2344983071088791,305.1712646484375,225,783345,12366,2748,16.40295544118981,0,54,0,0
694.667000,ADAPTIVE,MIXED,run01,THERMAL_LIDAR,0.11831483244895935,0.3438894748687744,0.23211760818958282,0.2340966910123825,0.23211760818958282,0.23211760818958282,300.8134460449219,229,797534,12384,2748,16.651996598850193,0,55,0,0
695.671000,ADAPTIVE,MIXED,run01,THERMAL_LIDAR,0.1197836697101593,0.34517702460289,0.23193702101707458,0.23587292432785034,0.23193702101707458,0.23193702101707458,265.4186096191406,231,804642,12467,2779,16.81777707545464,0,56,0,0
696.667000,ADAPTIVE,MIXED,run01,THERMAL_LIDAR,0.12225425988435745,0.34571242332458496,0.23079071938991547,0.23274657130241394,0.23079071938991547,0.23079071938991547,327.0245056152344,234,815312,12486,2780,17.12189882774859,0,57,0,0
697.667000,ADAPTIVE,MIXED,run01,THERMAL_LIDAR,0.11690407991409302,0.34226828813552856,0.22924791276454926,0.23203343152999878,0.22924791276454926,0.22924791276454926,516.61474609375,237,826081,12508,2786,17.370729439453797,0,57,0,0
698.668000,ADAPTIVE,MIXED,run01,THERMAL_LIDAR,0.11277713626623154,0.33984002470970154,0.23251895606517792,0.23532715439796448,0.23251895606517792,0.23251895606517792,629.6934814453125,239,833212,12946,3012,17.59386575170167,0,58,0,0
699.669000,ADAPTIVE,MIXED,run01,THERMAL_LIDAR,0.11451432853937149,0.3400316536426544,0.23079080879688263,0.2333146333694458,0.23079080879688263,0.23079080879688263,916.7532348632812,241,840372,13370,3018,17.796241504310647,0,58,0,0
700.668000,ADAPTIVE,MIXED,run01,THERMAL_LIDAR,0.11588166654109955,0.3360212445259094,0.2317899465560913,0.2326369285583496,0.2317899465560913,0.2317899465560913,893.6547241210938,243,847483,13394,3212,17.918882898849937,0,59,0,0
701.668000,ADAPTIVE,MIXED,run01,THERMAL_LIDAR,0.12120412290096283,0.3438042402267456,0.22906267642974854,0.23128119111061096,0.22906267642974854,0.22906267642974854,872.9240112304688,245,854688,13428,3219,18.13575767068323,0,60,0,0
702.671000,ADAPTIVE,MIXED,run01,THERMAL_LIDAR,0.12278097867965698,0.3480537533760071,0.23216745257377625,0.23437069356441498,0.23216745257377625,0.23216745257377625,943.2744140625,246,858319,13441,3226,18.406657185576794,0,61,0,0
703.669000,ADAPTIVE,MIXED,run01,THERMAL_LIDAR,0.11954019218683243,0.3453304171562195,0.22902683913707733,0.23266218602657318,0.22902683913707733,0.22902683913707733,636.6436157226562,248,865490,13458,3227,18.612643711989783,0,62,0,0
704.667000,ADAPTIVE,MIXED,run01,THERMAL_LIDAR,0.12225484102964401,0.34525981545448303,0.22877095639705658,0.23184357583522797,0.22877095639705658,0.22877095639705658,535.1687622070312,249,869070,13470,3229,18.798891278693954,0,63,0,0
705.667000,ADAPTIVE,MIXED,run01,THERMAL_LIDAR,0.12319469451904297,0.3470413088798523,0.22895902395248413,0.23089700937271118,0.22895902395248413,0.22895902395248413,538.6360473632812,251,876292,13489,3235,19.053898589401197,0,64,0,0
706.667000,ADAPTIVE,MIXED,run01,THERMAL_LIDAR,0.1249852105975151,0.34905993938446045,0.23616962134838104,0.23616962134838104,0.23616962134838104,0.23616962134838104,522.166748046875,254,887053,13544,3237,19.27889804762855,0,65,0,0
707.667000,ADAPTIVE,MIXED,run01,THERMAL_LIDAR,0.1303345113992691,0.35151126980781555,0.23002219200134277,0.2316870093345642,0.23002219200134277,0.23002219200134277,358.8143615722656,257,897822,13568,3249,19.48319669625239,0,66,0,0
708.667000,ADAPTIVE,MIXED,run01,THERMAL_LIDAR,0.11774802953004837,0.3411720395088196,0.2300885021686554,0.23036503791809082,0.2300885021686554,0.2300885021686554,321.36724853515625,259,905022,13632,3263,19.715754248040813,0,67,0,0
709.668000,ADAPTIVE,MIXED,run01,THERMAL_LIDAR,0.11416313052177429,0.3377629816532135,0.2321775257587433,0.23245492577552795,0.2321775257587433,0.2321775257587433,282.8346862792969,262,915808,13691,3279,19.94643985483992,0,68,0,0
710.667000,ADAPTIVE,MIXED,run01,THERMAL_LIDAR,0.11500810086727142,0.33822786808013916,0.23273231089115143,0.23245492577552795,0.23273231089115143,0.23273231089115143,272.7390441894531,265,926671,13739,3281,20.15349282647353,0,69,0,0
711.668000,ADAPTIVE,MIXED,run01,THERMAL_LIDAR,0.11591804772615433,0.3391120731830597,0.22697368264198303,0.22889254987239838,0.22697368264198303,0.22697368264198303,264.3325500488281,266,930319,13748,3297,20.311907729081234,0,70,0,0
712.668000,ADAPTIVE,MIXED,run01,THERMAL_LIDAR,0.12109213322401047,0.3434748351573944,0.22980500757694244,0.2311977744102478,0.22980500757694244,0.22980500757694244,280.04486083984375,269,941194,13820,3312,20.60431153184244,0,71,0,0
713.668000,ADAPTIVE,MIXED,run01,THERMAL_LIDAR,0.12216422706842422,0.3443962335586548,0.2273230105638504,0.2300885021686554,0.2273230105638504,0.2273230105638504,271.6058349609375,272,952086,13859,3316,20.84841780940023,0,71,0,0
714.667000,ADAPTIVE,MIXED,run01,THERMAL_LIDAR,0.11944840848445892,0.34310638904571533,0.2273230105638504,0.2300885021686554,0.2273230105638504,0.2273230105638504,271.6058349609375,272,952086,13859,3317,21.052581675886074,0,72,0,0
715.669000,ADAPTIVE,MIXED,run01,THERMAL_LIDAR,0.1191060021519661,0.3400524854660034,0.22974473237991333,0.23113207519054413,0.22974473237991333,0.22974473237991333,303.3260192871094,274,959361,13895,3327,21.146099314220752,0,73,0,0
716.668000,ADAPTIVE,MIXED,run01,THERMAL_LIDAR,0.11419524997472763,0.33594587445259094,0.22672508656978607,0.2305586040019989,0.22672508656978607,0.22672508656978607,482.2441711425781,277,970287,13936,3341,21.376047661046744,0,73,0,0
717.667000,ADAPTIVE,MIXED,run01,THERMAL_LIDAR,0.11261267215013504,0.33543673157691956,0.22703592479228973,0.22758431732654572,0.22703592479228973,0.22703592479228973,549.815673828125,279,977603,13962,3349,21.635129559030716,0,74,0,0
718.667000,ADAPTIVE,MIXED,run01,THERMAL_LIDAR,0.11511127650737762,0.3371105194091797,0.23066411912441254,0.22902432084083557,0.23066411912441254,0.23066411912441254,655.1602783203125,281,984869,14009,3367,21.85627345944375,0,75,0,0
719.672000,ADAPTIVE,MIXED,run01,THERMAL_LIDAR,0.1183086559176445,0.34001022577285767,0.22358055412769318,0.2252105474472046,0.22358055412769318,0.22358055412769318,554.579833984375,283,992224,14036,3378,22.08008426108565,0,76,0,0
720.668000,ADAPTIVE,MIXED,run01,THERMAL_LIDAR,0.11848203092813492,0.34048181772232056,0.2253674417734146,0.22591181099414825,0.2253674417734146,0.2253674417734146,549.572509765625,284,995898,14053,3386,22.313093606805452,0,77,0,0
721.667000,ADAPTIVE,MIXED,run01,THERMAL_LIDAR,0.12428499758243561,0.34370657801628113,0.22342732548713684,0.22559653222560883,0.22342732548713684,0.22342732548713684,529.9512939453125,286,1003261,14111,3401,22.52841138414906,0,78,0,0
722.667000,ADAPTIVE,MIXED,run01,THERMAL_LIDAR,0.12543198466300964,0.34414419531822205,0.22430668771266937,0.22620989382266998,0.22430668771266937,0.22430668771266937,510.7738037109375,288,1010609,14158,3416,22.751898160346137,0,79,0,0
723.668000,ADAPTIVE,MIXED,run01,THERMAL_LIDAR,0.11959207057952881,0.3414076268672943,0.22898471355438232,0.22953057289123535,0.22898471355438232,0.22898471355438232,404.54095458984375,291,1021627,14217,3421,22.986636641617697,0,80,0,0
724.671000,ADAPTIVE,MIXED,run01,THERMAL_LIDAR,0.12082301080226898,0.34044668078422546,0.22458435595035553,0.22594712674617767,0.22458435595035553,0.22458435595035553,341.171875,294,1032670,14281,3432,23.2117646584868,0,81,0,0
725.667000,ADAPTIVE,MIXED,run01,THERMAL_LIDAR,0.11224076896905899,0.33204326033592224,0.22714906930923462,0.22633297741413116,0.22714906930923462,0.22714906930923462,261.7685241699219,297,1043709,14339,3443,23.44378768395464,0,82,0,0
726.668000,ADAPTIVE,MIXED,run01,THERMAL_LIDAR,0.11725077033042908,0.33708885312080383,0.22761596739292145,0.227346271276474,0.22761596739292145,0.22761596739292145,286.0304870605469,298,1047417,14349,3451,23.67432903371038,0,83,0,0
727.667000,ADAPTIVE,MIXED,run01,THERMAL_LIDAR,0.1220184937119484,0.34093594551086426,0.22149837017059326,0.223941370844841,0.22149837017059326,0.22149837017059326,311.00164794921875,301,1058502,14445,3456,23.909929077847973,0,84,0,0
728.667000,ADAPTIVE,MIXED,run01,THERMAL_LIDAR,0.12318873405456543,0.3409232497215271,0.21970920264720917,0.22294022142887115,0.21970920264720917,0.21970920264720917,283.71405029296875,304,1069613,14521,3483,24.138708277067185,0,85,0,0
729.667000,ADAPTIVE,MIXED,run01,THERMAL_LIDAR,0.11757096648216248,0.33689045906066895,0.22213225066661835,0.22402159869670868,0.22213225066661835,0.22213225066661835,282.53375244140625,307,1080725,14564,3496,24.40085168178272,0,86,0,0
730.667000,ADAPTIVE,MIXED,run01,THERMAL_LIDAR,0.11578249931335449,0.33521604537963867,0.22653721272945404,0.22707659006118774,0.22653721272945404,0.22653721272945404,306.1741027832031,310,1091837,14598,3506,24.653915942759156,0,87,0,0
731.667000,ADAPTIVE,MIXED,run01,THERMAL_LIDAR,0.12231427431106567,0.3388003706932068,0.22820790112018585,0.22820790112018585,0.22820790112018585,0.22820790112018585,302.9149169921875,314,1106653,14640,3517,24.91776317042228,0,88,0,0
732.668000,ADAPTIVE,MIXED,run01,THERMAL_LIDAR,0.1232578307390213,0.33973732590675354,0.22581514716148376,0.22581514716148376,0.22581514716148376,0.22581514716148376,503.30218505859375,316,1114073,14681,3526,25.15394430687986,0,89,0,0
733.668000,ADAPTIVE,MIXED,run01,THERMAL_LIDAR,0.12151356786489487,0.3382086157798767,0.2239527404308319,0.22717508673667908,0.2239527404308319,0.2239527404308319,721.0857543945312,318,1121521,14717,3534,25.34639922653987,0,90,0,0
734.669000,ADAPTIVE,MIXED,run01,THERMAL_LIDAR,0.12272436916828156,0.3396306335926056,0.2228202372789383,0.22416576743125916,0.2228202372789383,0.2228202372789383,688.1071166992188,319,1125237,14728,3540,25.607924865965884,0,91,0,0
735.667000,ADAPTIVE,MIXED,run01,THERMAL_LIDAR,0.12210021913051605,0.3373602330684662,0.22278819978237152,0.22359248995780945,0.22278819978237152,0.22278819978237152,1060.36181640625,320,1128967,14744,3543,25.82348213417821,0,92,0,0
736.668000,ADAPTIVE,MIXED,run01,THERMAL_LIDAR,0.12590041756629944,0.3380301594734192,0.22583243250846863,0.2239527404308319,0.22583243250846863,0.22583243250846863,1013.779052734375,322,1136427,14764,3548,26.077715150216257,0,93,0,0
737.667000,ADAPTIVE,MIXED,run01,THERMAL_LIDAR,0.11663265526294708,0.3332650065422058,0.2265014797449112,0.225962832570076,0.2265014797449112,0.2265014797449112,1153.879150390625,324,1143861,14846,3554,26.33595729450049,0,93,0,0
738.668000,ADAPTIVE,MIXED,run01,THERMAL_LIDAR,0.12152343988418579,0.33517783880233765,0.22626753151416779,0.22599783539772034,0.22626753151416779,0.22626753151416779,721.1414794921875,326,1151282,14913,3560,26.54634269902586,0,94,0,0
739.667000,ADAPTIVE,MIXED,run01,THERMAL_LIDAR,0.1140662357211113,0.33056360483169556,0.22489960491657257,0.2254350781440735,0.22489960491657257,0.22489960491657257,611.20263671875,328,1158737,14974,3571,26.81367436073058,0,95,0,0
740.667000,ADAPTIVE,MIXED,run01,THERMAL_LIDAR,0.12434913963079453,0.33500978350639343,0.2247251272201538,0.22526146471500397,0.2247251272201538,0.2247251272201538,486.34893798828125,330,1166192,15078,3593,27.06288119374638,0,96,0,0
741.667000,ADAPTIVE,MIXED,run01,THERMAL_LIDAR,0.12454938143491745,0.3344134986400604,0.22579780220985413,0.22526146471500397,0.22579780220985413,0.22579780220985413,461.2077331542969,332,1173664,15113,3612,27.340735824237612,0,97,0,0
742.667000,ADAPTIVE,MIXED,run01,THERMAL_LIDAR,0.1272704303264618,0.33824071288108826,0.22145144641399384,0.22358591854572296,0.22145144641399384,0.22145144641399384,362.8982849121094,334,1181151,15157,3624,27.60694785661802,0,98,0,0
743.667000,ADAPTIVE,MIXED,run01,THERMAL_LIDAR,0.11783786863088608,0.3341541886329651,0.22278684377670288,0.22305428981781006,0.22278684377670288,0.22278684377670288,275.34674072265625,337,1192361,15215,3646,27.87982037105199,0,99,0,0
744.667000,ADAPTIVE,MIXED,run01,THERMAL_LIDAR,0.12030283361673355,0.33280953764915466,0.22456608712673187,0.22696928679943085,0.22456608712673187,0.22456608712673187,280.65380859375,340,1203597,15361,3657,28.03785745990414,0,100,0,0
745.667000,ADAPTIVE,MIXED,run01,THERMAL_LIDAR,0.11297661066055298,0.32852742075920105,0.22275513410568237,0.22302158176898956,0.22275513410568237,0.22275513410568237,286.8363952636719,343,1214854,15473,3699,28.33199679880826,0,101,0,0
746.667000,ADAPTIVE,MIXED,run01,THERMAL_LIDAR,0.11759587377309799,0.33069148659706116,0.2245604693889618,0.2248268574476242,0.2245604693889618,0.2245604693889618,277.9161682128906,344,1218608,15490,3710,28.554245427113496,0,102,0,0
747.667000,ADAPTIVE,MIXED,run01,THERMAL_LIDAR,0.12676063179969788,0.3347957730293274,0.21894121170043945,0.2216014862060547,0.21894121170043945,0.21894121170043945,302.7762145996094,347,1229871,15552,3731,28.830543503413647,0,103,0,0
748.667000,ADAPTIVE,MIXED,run01,THERMAL_LIDAR,0.12077921628952026,0.33236804604530334,0.21764549612998962,0.21817699074745178,0.21764549612998962,0.21764549612998962,308.1201477050781,350,1241150,15637,3741,29.0492019128849,0,104,0,0
749.667000,ADAPTIVE,MIXED,run01,THERMAL_LIDAR,0.12615369260311127,0.33690935373306274,0.21970705687999725,0.22157123684883118,0.21970705687999725,0.21970705687999725,294.482421875,352,1248666,15675,3754,29.26038420161916,0,104,0,0
750.670000,ADAPTIVE,MIXED,run01,THERMAL_LIDAR,0.12148887664079666,0.3333783745765686,0.22119204699993134,0.22225165367126465,0.22119204699993134,0.22119204699993134,415.6770935058594,353,1252441,15695,3762,29.468017151889285,0,105,0,0
751.667000,ADAPTIVE,MIXED,run01,THERMAL_LIDAR,0.11634323000907898,0.33074623346328735,0.22045153379440308,0.2220451533794403,0.22045153379440308,0.22045153379440308,654.2935791015625,356,1263729,15738,3770,29.733815718983557,0,106,0,0
752.667000,ADAPTIVE,MIXED,run01,THERMAL_LIDAR,0.11578939110040665,0.3305557370185852,0.2196224480867386,0.22068598866462708,0.2196224480867386,0.2196224480867386,589.093994140625,357,1267490,15773,3778,29.952443718835,0,107,0,0
753.667000,ADAPTIVE,MIXED,run01,THERMAL_LIDAR,0.11291861534118652,0.33097508549690247,0.22443559765815735,0.2233731746673584,0.22443559765815735,0.22443559765815735,979.5479736328125,359,1275020,15808,3783,30.20172256441379,0,108,0,0
754.671000,ADAPTIVE,MIXED,run01,THERMAL_LIDAR,0.11832404136657715,0.3337761461734772,0.21904003620147705,0.22089631855487823,0.21904003620147705,0.21904003620147705,623.3056640625,361,1282555,15834,3790,30.41379009621423,0,108,0,0
755.668000,ADAPTIVE,MIXED,run01,THERMAL_LIDAR,0.11478308588266373,0.33232003450393677,0.2186836451292038,0.2208067923784256,0.2186836451292038,0.2186836451292038,690.2955322265625,363,1290092,15919,3795,30.660460255148976,0,109,0,0
756.667000,ADAPTIVE,MIXED,run01,THERMAL_LIDAR,0.11777226626873016,0.334867388010025,0.2180132418870926,0.22066225111484528,0.2180132418870926,0.2180132418870926,709.3828735351562,365,1297639,15967,3814,30.921929522130263,0,110,0,0
757.667000,ADAPTIVE,MIXED,run01,THERMAL_LIDAR,0.10998400300741196,0.3299979567527771,0.22133758664131165,0.22133758664131165,0.22133758664131165,0.22133758664131165,408.0736389160156,367,1305178,16017,3818,31.197318198981225,0,110,0,0
758.667000,ADAPTIVE,MIXED,run01,THERMAL_LIDAR,0.1125425323843956,0.33141574263572693,0.2197190523147583,0.22130930423736572,0.2197190523147583,0.2197190523147583,422.22015380859375,368,1308951,16032,3838,31.445348068935996,0,111,0,0
759.667000,ADAPTIVE,MIXED,run01,THERMAL_LIDAR,0.12762442231178284,0.3409235179424286,0.21980932354927063,0.22272245585918427,0.21980932354927063,0.21980932354927063,369.9584655761719,371,1320277,16076,3840,31.659754436652438,0,111,0,0
760.667000,ADAPTIVE,MIXED,run01,THERMAL_LIDAR,0.1250888705253601,0.3403644263744354,0.21755219995975494,0.21940259635448456,0.21755219995975494,0.21755219995975494,330.7840576171875,373,1327838,16140,3857,31.93314803114022,0,112,0,0
761.667000,ADAPTIVE,MIXED,run01,THERMAL_LIDAR,0.1309511512517929,0.344009131193161,0.21762068569660187,0.219203382730484,0.21762068569660187,0.21762068569660187,303.4632263183594,376,1339200,16200,3862,32.20536570935848,0,113,0,0
762.668000,ADAPTIVE,MIXED,run01,THERMAL_LIDAR,0.11376184970140457,0.33308613300323486,0.22219286859035492,0.22404226660728455,0.22219286859035492,0.22219286859035492,294.1435241699219,380,1354346,16253,3871,32.469596091599215,0,113,0,0
763.667000,ADAPTIVE,MIXED,run01,THERMAL_LIDAR,0.10661649703979492,0.3262774348258972,0.21926121413707733,0.22058047354221344,0.21926121413707733,0.21926121413707733,290.9763488769531,383,1365709,16327,3880,32.73076301574498,0,114,0,0
764.668000,ADAPTIVE,MIXED,run01,THERMAL_LIDAR,0.1143077090382576,0.33412155508995056,0.21893958747386932,0.22025850415229797,0.21893958747386932,0.21893958747386932,310.8078308105469,385,1373292,16356,3894,32.99711868564172,0,115,0,0
765.668000,ADAPTIVE,MIXED,run01,THERMAL_LIDAR,0.11601172387599945,0.33682486414909363,0.21558304131031036,0.21689918637275696,0.21558304131031036,0.21558304131031036,282.1373596191406,388,1384679,16400,3895,33.24627561696485,0,115,0,0
766.672000,ADAPTIVE,MIXED,run01,THERMAL_LIDAR,0.13958460092544556,0.34854358434677124,0.2140415459871292,0.2169339954853058,0.2140415459871292,0.2140415459871292,395.7181396484375,390,1392282,16466,3901,33.429880836449705,0,116,0,0
767.676000,ADAPTIVE,MIXED,run01,THERMAL_LIDAR,0.13709382712841034,0.34868958592414856,0.2154129445552826,0.21830615401268005,0.2154129445552826,0.2154129445552826,512.4334106445312,392,1399893,16484,3901,33.71246417424441,0,117,0,0
768.671000,ADAPTIVE,MIXED,run01,THERMAL_LIDAR,0.12501651048660278,0.3441920578479767,0.2146046757698059,0.21775676310062408,0.2146046757698059,0.2146046757698059,572.335693359375,394,1407503,16501,3905,33.94913134968353,0,118,0,0
769.668000,ADAPTIVE,MIXED,run01,THERMAL_LIDAR,0.13662318885326385,0.3497835695743561,0.21700340509414673,0.21831540763378143,0.21700340509414673,0.21700340509414673,662.7371215820312,396,1415131,16531,3908,34.21922712210244,0,119,0,0
770.667000,ADAPTIVE,MIXED,run01,THERMAL_LIDAR,0.12297795712947845,0.3436698913574219,0.22143420577049255,0.21959547698497772,0.22143420577049255,0.22143420577049255,711.5616455078125,398,1422744,16569,3914,34.46592725994856,0,120,0,0
771.668000,ADAPTIVE,MIXED,run01,THERMAL_LIDAR,0.10889199376106262,0.33251455426216125,0.22079285979270935,0.21974271535873413,0.22079285979270935,0.22079285979270935,611.2518920898438,400,1430360,16604,3919,34.66047500980522,0,120,0,0
772.669000,ADAPTIVE,MIXED,run01,THERMAL_LIDAR,0.11297720670700073,0.3352607488632202,0.21994750201702118,0.2194225788116455,0.21994750201702118,0.21994750201702118,633.9137573242188,402,1437979,16641,3921,34.947428803709165,0,121,0,0
773.668000,ADAPTIVE,MIXED,run01,THERMAL_LIDAR,0.11285161226987839,0.33588743209838867,0.21997901797294617,0.21893025934696198,0.21997901797294617,0.21997901797294617,487.251953125,405,1449414,16702,3937,35.16827687843161,0,122,0,0
774.667000,ADAPTIVE,MIXED,run01,THERMAL_LIDAR,0.10294783115386963,0.32571154832839966,0.22038784623146057,0.21907757222652435,0.22038784623146057,0.22038784623146057,400.8298645019531,407,1457043,16714,3941,35.350628791265216,0,123,0,0
775.667000,ADAPTIVE,MIXED,run01,THERMAL_LIDAR,0.10302538424730301,0.32518455386161804,0.2153523713350296,0.2161383330821991,0.2153523713350296,0.2153523713350296,366.5528259277344,410,1468491,16806,3945,35.664327171778346,0,124,0,0
776.668000,ADAPTIVE,MIXED,run01,THERMAL_LIDAR,0.1047549769282341,0.3268381953239441,0.21510715782642365,0.2177208513021469,0.21510715782642365,0.21510715782642365,293.5127258300781,413,1479967,16887,3959,35.926408642752975,0,125,0,0
777.667000,ADAPTIVE,MIXED,run01,THERMAL_LIDAR,0.10057520866394043,0.32268545031547546,0.2124771624803543,0.21352127194404602,0.2124771624803543,0.2124771624803543,288.3353576660156,415,1487624,16944,3964,36.19760305271226,0,126,0,0
778.668000,ADAPTIVE,MIXED,run01,THERMAL_LIDAR,0.11569730192422867,0.33530813455581665,0.21167883276939392,0.2150677740573883,0.21167883276939392,0.21167883276939392,283.09228515625,418,1499128,17005,3983,36.403352860168056,0,127,0,0
779.667000,ADAPTIVE,MIXED,run01,THERMAL_LIDAR,0.12009911984205246,0.3382331132888794,0.21246089041233063,0.21532846987247467,0.21246089041233063,0.21246089041233063,301.1966247558594,421,1510637,17028,3989,36.643784070038585,0,128,0,0
780.667000,ADAPTIVE,MIXED,run01,THERMAL_LIDAR,0.11966397613286972,0.3373813033103943,0.2109375,0.21536459028720856,0.2109375,0.2109375,331.2268981933594,424,1522153,17058,3993,36.9077227929649,0,129,0,0
781.667000,ADAPTIVE,MIXED,run01,THERMAL_LIDAR,0.10914929956197739,0.32985296845436096,0.21276041865348816,0.21562500298023224,0.21276041865348816,0.21276041865348816,271.2593994140625,426,1529833,17102,3997,37.10022268038767,0,130,0,0
782.668000,ADAPTIVE,MIXED,run01,THERMAL_LIDAR,0.11108599603176117,0.3305733799934387,0.2135416716337204,0.21588541567325592,0.2135416716337204,0.2135416716337204,353.8614807128906,429,1541353,17150,4006,37.39215198718792,0,131,0,0
783.667000,ADAPTIVE,MIXED,run01,THERMAL_LIDAR,0.1208290234208107,0.33797577023506165,0.21458333730697632,0.21536459028720856,0.21458333730697632,0.21458333730697632,395.3619384765625,432,1552873,17179,4013,37.57296847231647,0,131,0,0
784.668000,ADAPTIVE,MIXED,run01,THERMAL_LIDAR,0.11868896335363388,0.3364788591861725,0.21302083134651184,0.21510416269302368,0.21302083134651184,0.21302083134651184,401.182861328125,435,1564393,17204,4025,37.86829355797516,0,132,0,0
785.671000,ADAPTIVE,MIXED,run01,THERMAL_LIDAR,0.10072588920593262,0.32067713141441345,0.21328124403953552,0.21536459028720856,0.21328124403953552,0.21328124403953552,434.0936279296875,437,1572073,17232,4031,38.0938103330325,0,133,0,0
786.667000,ADAPTIVE,MIXED,run01,THERMAL_LIDAR,0.10687457770109177,0.32616961002349854,0.21380208432674408,0.2161458283662796,0.21380208432674408,0.21380208432674408,454.03594970703125,439,1579753,17258,4035,38.37829541805886,0,134,0,0
787.667000,ADAPTIVE,MIXED,run01,THERMAL_LIDAR,0.11181869357824326,0.33129942417144775,0.21067708730697632,0.21145834028720856,0.21067708730697632,0.21067708730697632,409.8377380371094,442,1591273,17317,4045,38.663195667414456,0,135,0,0
788.670000,ADAPTIVE,MIXED,run01,THERMAL_LIDAR,0.11698126792907715,0.3355244994163513,0.21119791269302368,0.21484375,0.21119791269302368,0.21119791269302368,432.8431701660156,444,1598953,17350,4055,38.975153382446805,0,135,0,0
789.667000,ADAPTIVE,MIXED,run01,THERMAL_LIDAR,0.11080346256494522,0.32950061559677124,0.21171875298023224,0.21484375,0.21171875298023224,0.21171875298023224,348.29144287109375,446,1606633,17406,4072,39.122065610281204,0,136,0,0
790.669000,ADAPTIVE,MIXED,run01,THERMAL_LIDAR,0.12511424720287323,0.33826443552970886,0.2122395783662796,0.21510416269302368,0.2122395783662796,0.2122395783662796,416.9129638671875,449,1618153,17426,4078,39.29424863722356,0,137,0,0
791.667000,ADAPTIVE,MIXED,run01,THERMAL_LIDAR,0.1303567737340927,0.3426819145679474,0.21692708134651184,0.21640625596046448,0.21692708134651184,0.21692708134651184,426.4500427246094,451,1625833,17511,4091,39.54959317982042,0,138,0,0
792.668000,ADAPTIVE,MIXED,run01,THERMAL_LIDAR,0.13168293237686157,0.34408822655677795,0.21145834028720856,0.21770833432674408,0.21145834028720856,0.21145834028720856,281.2249450683594,453,1633513,17535,4097,39.85959331141116,0,139,0,0
793.667000,ADAPTIVE,MIXED,run01,THERMAL_LIDAR,0.12580302357673645,0.3404613137245178,0.21848958730697632,0.21718749403953552,0.21848958730697632,0.21848958730697632,298.3966369628906,456,1645033,17560,4108,40.01962138621869,0,140,0,0
794.667000,ADAPTIVE,MIXED,run01,THERMAL_LIDAR,0.12243872135877609,0.3376016616821289,0.21901041269302368,0.21770833432674408,0.21901041269302368,0.21901041269302368,294.8369445800781,458,1652713,17604,4127,40.23360952951377,0,141,0,0
795.668000,ADAPTIVE,MIXED,run01,THERMAL_LIDAR,0.1276775598526001,0.3405015170574188,0.21822915971279144,0.21406249701976776,0.21822915971279144,0.21822915971279144,288.05755615234375,461,1664233,17665,4153,40.55543009102957,0,142,0,0
796.667000,ADAPTIVE,MIXED,run01,THERMAL_LIDAR,0.1167750135064125,0.3326810598373413,0.21848958730697632,0.2174479216337204,0.21848958730697632,0.21848958730697632,326.9172668457031,464,1675753,17693,4160,40.828226155786,0,142,0,0
797.668000,ADAPTIVE,MIXED,run01,THERMAL_LIDAR,0.098625548183918,0.32009419798851013,0.21406249701976776,0.21588541567325592,0.21406249701976776,0.21406249701976776,274.7487487792969,467,1687273,17702,4165,41.15940223130205,0,143,0,0
798.667000,ADAPTIVE,MIXED,run01,THERMAL_LIDAR,0.12109394371509552,0.33685383200645447,0.2161458283662796,0.2161458283662796,0.2161458283662796,0.2161458283662796,301.59344482421875,470,1698793,17731,4174,41.37333115032273,0,143,0,0
799.667000,ADAPTIVE,MIXED,run01,THERMAL_LIDAR,0.11220821738243103,0.33077165484428406,0.21562500298023224,0.2161458283662796,0.21562500298023224,0.21562500298023224,298.281494140625,473,1710313,17764,4180,41.63855015755057,0,144,0,0
800.667000,ADAPTIVE,MIXED,run01,THERMAL_LIDAR,0.10639005899429321,0.3257824778556824,0.2109375,0.21484375,0.2109375,0.2109375,291.48382568359375,475,1717993,17775,4183,41.8222400813579,0,145,0,0
801.667000,ADAPTIVE,MIXED,run01,THERMAL_LIDAR,0.10264981538057327,0.32304179668426514,0.21458333730697632,0.2161458283662796,0.21458333730697632,0.21458333730697632,477.5462341308594,477,1725673,17802,4184,42.04435157867825,0,146,0,0
802.667000,ADAPTIVE,MIXED,run01,THERMAL_LIDAR,0.11492262780666351,0.33239397406578064,0.21250000596046448,0.21510416269302368,0.21250000596046448,0.21250000596046448,489.01007080078125,480,1737193,17834,4198,42.26865523874142,0,147,0,0
803.667000,ADAPTIVE,MIXED,run01,THERMAL_LIDAR,0.11773791909217834,0.3345898389816284,0.21250000596046448,0.21458333730697632,0.21250000596046448,0.21250000596046448,613.4459838867188,482,1744873,17868,4198,42.52780584363625,0,148,0,0
804.667000,ADAPTIVE,MIXED,run01,THERMAL_LIDAR,0.11416051536798477,0.33248481154441833,0.21145834028720856,0.21562500298023224,0.21145834028720856,0.21145834028720856,563.3589477539062,484,1752553,17870,4200,42.7562412068488,0,149,0,0
805.667000,ADAPTIVE,MIXED,run01,THERMAL_LIDAR,0.11328130215406418,0.3317343294620514,0.21432290971279144,0.21510416269302368,0.21432290971279144,0.21432290971279144,555.0735473632812,486,1760233,17896,4203,42.96645107342036,0,149,0,0
806.675000,ADAPTIVE,MIXED,run01,THERMAL_LIDAR,0.1366124302148819,0.34472131729125977,0.21406249701976776,0.21510416269302368,0.21406249701976776,0.21406249701976776,519.8927612304688,488,1767913,17938,4211,43.1632042597199,0,149,0,0
807.667000,ADAPTIVE,MIXED,run01,THERMAL_LIDAR,0.13620570302009583,0.345380574464798,0.21484375,0.21640625596046448,0.21484375,0.21484375,469.90606689453125,490,1775593,17952,4218,43.433432258678906,0,150,0,0
808.667000,ADAPTIVE,MIXED,run01,THERMAL_LIDAR,0.1227351650595665,0.33986908197402954,0.2161458283662796,0.2161458283662796,0.2161458283662796,0.2161458283662796,496.6059875488281,492,1783273,18148,4247,43.645141767382654,0,151,0,0
809.667000,ADAPTIVE,MIXED,run01,THERMAL_LIDAR,0.12066418677568436,0.33904972672462463,0.2135416716337204,0.21510416269302368,0.2135416716337204,0.2135416716337204,394.73199462890625,494,1790953,18164,4259,43.87851528807729,0,152,0,0
810.668000,ADAPTIVE,MIXED,run01,THERMAL_LIDAR,0.12146713584661484,0.33980992436408997,0.21848958730697632,0.21588541567325592,0.21848958730697632,0.21848958730697632,396.3313903808594,496,1798633,18195,4261,44.109288538188835,0,153,0,0
811.668000,ADAPTIVE,MIXED,run01,THERMAL_LIDAR,0.11355533450841904,0.3350960612297058,0.21796874701976776,0.21666666865348816,0.21796874701976776,0.21796874701976776,350.73577880859375,498,1806313,18200,4261,44.3471184905066,0,154,0,0
812.667000,ADAPTIVE,MIXED,run01,THERMAL_LIDAR,0.12207306176424026,0.340648353099823,0.21484375,0.21380208432674408,0.21484375,0.21484375,306.5032043457031,500,1813993,18224,4262,44.57343596904744,0,154,0,0
813.667000,ADAPTIVE,MIXED,run01,THERMAL_LIDAR,0.12193933129310608,0.3407810926437378,0.21588541567325592,0.21666666865348816,0.21588541567325592,0.21588541567325592,298.3208923339844,503,1825513,18237,4267,44.83315747927741,0,155,0,0
814.667000,ADAPTIVE,MIXED,run01,THERMAL_LIDAR,0.11458490043878555,0.3362240195274353,0.21484375,0.21484375,0.21484375,0.21484375,287.2000427246094,506,1837033,18249,4269,45.07722597408778,0,156,0,0
815.667000,ADAPTIVE,MIXED,run01,THERMAL_LIDAR,0.11999240517616272,0.33982715010643005,0.21562500298023224,0.21536459028720856,0.21562500298023224,0.21562500298023224,285.95306396484375,509,1848553,18256,4269,45.31814301881699,0,157,0,0
816.669000,ADAPTIVE,MIXED,run01,THERMAL_LIDAR,0.11235964298248291,0.33493661880493164,0.21380208432674408,0.21510416269302368,0.21380208432674408,0.21380208432674408,286.1909484863281,512,1860073,18288,4273,45.55331666533351,0,158,0,0
817.667000,ADAPTIVE,MIXED,run01,THERMAL_LIDAR,0.11302762478590012,0.33553776144981384,0.21510416269302368,0.21562500298023224,0.21510416269302368,0.21510416269302368,279.0387268066406,515,1871593,18347,4273,45.79287204737699,0,159,0,0
818.670000,ADAPTIVE,MIXED,run01,THERMAL_LIDAR,0.11291401833295822,0.3354302942752838,0.21484375,0.21510416269302368,0.21484375,0.21484375,264.4040832519531,519,1886953,18356,4273,46.00540277730886,0,159,0,0
819.668000,ADAPTIVE,MIXED,run01,THERMAL_LIDAR,0.12011062353849411,0.34019559621810913,0.21484375,0.21197916567325592,0.21484375,0.21484375,277.1118469238281,521,1894633,18370,4273,46.23273670027368,0,160,0,0
820.667000,ADAPTIVE,MIXED,run01,THERMAL_LIDAR,0.11262726038694382,0.3354785442352295,0.2161458283662796,0.21484375,0.2161458283662796,0.2161458283662796,298.1246032714844,523,1902313,18408,4274,46.45081657286058,0,160,0,0
821.667000,ADAPTIVE,MIXED,run01,THERMAL_LIDAR,0.11765456944704056,0.3386565148830414,0.21432290971279144,0.21484375,0.21432290971279144,0.21432290971279144,302.77410888671875,526,1913833,18423,4278,46.66374033688243,0,161,0,0
822.667000,ADAPTIVE,MIXED,run01,THERMAL_LIDAR,0.11522992700338364,0.3372003138065338,0.21380208432674408,0.21432290971279144,0.21380208432674408,0.21380208432674408,326.046875,529,1925353,18454,4282,46.92518806823163,0,162,0,0
823.669000,ADAPTIVE,MIXED,run01,THERMAL_LIDAR,0.12761995196342468,0.34520840644836426,0.21510416269302368,0.21510416269302368,0.21510416269302368,0.21510416269302368,301.26019287109375,531,1933033,18464,4283,47.166498909247785,0,162,0,0
824.668000,ADAPTIVE,MIXED,run01,THERMAL_LIDAR,0.11151172965765,0.3347189128398895,0.21380208432674408,0.21484375,0.21380208432674408,0.21380208432674408,444.76959228515625,533,1940713,18485,4284,47.41132958159611,0,162,0,0
825.669000,ADAPTIVE,MIXED,run01,THERMAL_LIDAR,0.11678137630224228,0.3382663428783417,0.21406249701976776,0.21484375,0.21406249701976776,0.21406249701976776,516.6957397460938,536,1952233,18506,4284,47.61893608036434,0,163,0,0
826.669000,ADAPTIVE,MIXED,run01,THERMAL_LIDAR,0.12049003690481186,0.34086278080940247,0.21380208432674408,0.21432290971279144,0.21380208432674408,0.21380208432674408,502.4878845214844,538,1959913,18507,4284,47.87615896713506,0,164,0,0
827.670000,ADAPTIVE,MIXED,run01,THERMAL_LIDAR,0.11384370177984238,0.33717212080955505,0.21770833432674408,0.21875,0.21770833432674408,0.21770833432674408,720.3490600585938,540,1967593,18508,4284,48.09404124943243,0,165,0,0
828.667000,ADAPTIVE,MIXED,run01,THERMAL_LIDAR,0.11195912957191467,0.33562642335891724,0.21380208432674408,0.21380208432674408,0.21380208432674408,0.21380208432674408,573.1848754882812,543,1979113,18543,4286,48.33920553208979,0,166,0,0
829.667000,ADAPTIVE,MIXED,run01,THERMAL_LIDAR,0.11522532254457474,0.3373607397079468,0.21276041865348816,0.21510416269302368,0.21276041865348816,0.21276041865348816,545.9236450195312,545,1986793,18545,4287,48.61374970959061,0,167,0,0
830.667000,ADAPTIVE,MIXED,run01,THERMAL_LIDAR,0.11504554748535156,0.33775946497917175,0.21406249701976776,0.21432290971279144,0.21406249701976776,0.21406249701976776,649.8544921875,547,1994473,18546,4287,48.8693493775735,0,168,0,0
831.671000,ADAPTIVE,MIXED,run01,THERMAL_LIDAR,0.11821138858795166,0.3396230936050415,0.21328124403953552,0.21406249701976776,0.21328124403953552,0.21328124403953552,647.5737915039062,548,1998313,18571,4289,49.094844482012356,0,168,0,0
832.667000,ADAPTIVE,MIXED,run01,THERMAL_LIDAR,0.1123858243227005,0.3369479775428772,0.21380208432674408,0.21510416269302368,0.21380208432674408,0.21380208432674408,452.4185791015625,550,2005993,18576,4289,49.33828047641261,0,169,0,0
833.667000,ADAPTIVE,MIXED,run01,THERMAL_LIDAR,0.11579574644565582,0.33843255043029785,0.2135416716337204,0.21276041865348816,0.2135416716337204,0.2135416716337204,388.6758728027344,552,2013673,18590,4292,49.538199299823916,0,170,0,0
834.667000,ADAPTIVE,MIXED,run01,THERMAL_LIDAR,0.12520340085029602,0.3432568609714508,0.21458333730697632,0.21406249701976776,0.21458333730697632,0.21458333730697632,349.5403747558594,554,2021353,18598,4293,49.78506931912419,0,171,0,0
835.667000,ADAPTIVE,MIXED,run01,THERMAL_LIDAR,0.11611845344305038,0.34008529782295227,0.21380208432674408,0.2135416716337204,0.21380208432674408,0.21380208432674408,263.8402099609375,557,2032873,18608,4294,50.025238656491716,0,172,0,0
836.668000,ADAPTIVE,MIXED,run01,THERMAL_LIDAR,0.11620224267244339,0.34017524123191833,0.21380208432674408,0.21380208432674408,0.21380208432674408,0.21380208432674408,278.45098876953125,560,2044393,18638,4300,50.2427342679827,0,172,0,0
837.667000,ADAPTIVE,MIXED,run01,THERMAL_LIDAR,0.12393762171268463,0.3428846001625061,0.21510416269302368,0.21380208432674408,0.21510416269302368,0.21510416269302368,283.4903564453125,563,2055913,18654,4305,50.49162670700889,0,173,0,0
838.667000,ADAPTIVE,MIXED,run01,THERMAL_LIDAR,0.11800581961870193,0.34329891204833984,0.21536459028720856,0.21380208432674408,0.21536459028720856,0.21536459028720856,278.09521484375,565,2063593,18656,4306,50.75667147409546,0,174,0,0
839.667000,ADAPTIVE,MIXED,run01,THERMAL_LIDAR,0.11090091615915298,0.33815160393714905,0.21276041865348816,0.21536459028720856,0.21276041865348816,0.21276041865348816,285.0196838378906,566,2067433,18665,4307,51.01681740255139,0,175,0,0
840.667000,ADAPTIVE,MIXED,run01,THERMAL_LIDAR,0.10534323006868362,0.3338952362537384,0.21276041865348816,0.21536459028720856,0.21276041865348816,0.21276041865348816,285.0196838378906,566,2067433,18665,4311,51.2145867059104,0,176,0,0
841.668000,ADAPTIVE,MIXED,run01,THERMAL_LIDAR,0.10391684621572495,0.3307638466358185,0.21250000596046448,0.21510416269302368,0.21250000596046448,0.21250000596046448,303.71051025390625,568,2075113,18689,4318,51.44667140687286,0,177,0,0
842.667000,ADAPTIVE,MIXED,run01,THERMAL_LIDAR,0.09563606977462769,0.3226246237754822,0.2135416716337204,0.21302083134651184,0.2135416716337204,0.2135416716337204,293.65277099609375,572,2090473,18725,4326,51.681105888961426,0,178,0,0
843.667000,ADAPTIVE,MIXED,run01,THERMAL_LIDAR,0.10401784628629684,0.33188581466674805,0.21458333730697632,0.21510416269302368,0.21458333730697632,0.21458333730697632,320.9552307128906,575,2101993,18752,4339,51.89824091170532,0,179,0,0
844.668000,ADAPTIVE,MIXED,run01,THERMAL_LIDAR,0.10807188600301743,0.33508026599884033,0.21119791269302368,0.21536459028720856,0.21119791269302368,0.21119791269302368,325.2132263183594,577,2109673,18772,4357,52.11557755900255,0,180,0,0
845.667000,ADAPTIVE,MIXED,run01,THERMAL_LIDAR,0.11933504790067673,0.34750285744667053,0.2096354216337204,0.21588541567325592,0.2096354216337204,0.2096354216337204,343.7248229980469,579,2117353,18815,4382,52.35094555266579,0,181,0,0
846.667000,ADAPTIVE,MIXED,run01,THERMAL_LIDAR,0.13249190151691437,0.35745060443878174,0.21119791269302368,0.21875,0.21119791269302368,0.21119791269302368,382.67352294921875,582,2128873,18955,4416,52.55786375892913,0,182,0,0
847.667000,ADAPTIVE,MIXED,run01,THERMAL_LIDAR,0.12379838526248932,0.3509535789489746,0.21302083134651184,0.21484375,0.21302083134651184,0.21302083134651184,432.4544372558594,585,2140393,19017,4449,52.80068403385896,0,183,0,0
848.669000,ADAPTIVE,MIXED,run01,THERMAL_LIDAR,0.12448618561029434,0.3481398820877075,0.21562500298023224,0.21484375,0.21562500298023224,0.21562500298023224,495.76922607421875,587,2148073,19070,4464,52.99029991396137,0,184,0,0
849.668000,ADAPTIVE,MIXED,run01,THERMAL_LIDAR,0.12431257963180542,0.3507339060306549,0.21979166567325592,0.21953125298023224,0.21979166567325592,0.21979166567325592,486.366943359375,589,2155753,19132,4484,53.26604973695049,0,185,0,0
850.668000,ADAPTIVE,MIXED,run01,THERMAL_LIDAR,0.12456325441598892,0.35025107860565186,0.21848958730697632,0.21848958730697632,0.21848958730697632,0.21848958730697632,227.86236572265625,593,2171113,19230,4501,53.46149775879201,0,186,0,0
851.668000,ADAPTIVE,MIXED,run01,THERMAL_LIDAR,0.12866981327533722,0.3546750247478485,0.21276041865348816,0.21484375,0.21276041865348816,0.21276041865348816,403.47125244140625,595,2178793,19300,4541,53.80937073279407,0,187,0,0
852.668000,ADAPTIVE,MIXED,run01,THERMAL_LIDAR,0.13297058641910553,0.35496634244918823,0.21979166567325592,0.21692708134651184,0.21979166567325592,0.21979166567325592,330.2287292480469,597,2186473,19418,4600,54.04546859437703,0,188,0,0
853.668000,ADAPTIVE,MIXED,run01,THERMAL_LIDAR,0.11840296536684036,0.3467702865600586,0.21848958730697632,0.21927084028720856,0.21848958730697632,0.21848958730697632,346.2616882324219,600,2197993,19539,4639,54.33745767641077,0,189,0,0
854.667000,ADAPTIVE,MIXED,run01,THERMAL_LIDAR,0.1277633160352707,0.3535231947898865,0.21822915971279144,0.21822915971279144,0.21822915971279144,0.21822915971279144,316.65283203125,601,2201833,19653,4672,54.57998605360645,0,189,0,0
855.670000,ADAPTIVE,MIXED,run01,THERMAL_LIDAR,0.13314484059810638,0.35521596670150757,0.21848958730697632,0.21875,0.21848958730697632,0.21848958730697632,308.60662841796875,604,2213353,20007,4718,54.8195541555627,0,190,0,0
856.667000,ADAPTIVE,MIXED,run01,THERMAL_LIDAR,0.1286720335483551,0.35166043043136597,0.21666666865348816,0.21770833432674408,0.21666666865348816,0.21666666865348816,295.99176025390625,608,2228710,20492,4843,55.0528175718869,0,191,0,0
857.668000,ADAPTIVE,MIXED,run01,THERMAL_LIDAR,0.12176372855901718,0.3473083972930908,0.21906746923923492,0.21932795643806458,0.21906746923923492,0.21906746923923492,338.4732971191406,611,2240229,20762,4930,55.29481242472508,0,191,0,0
858.667000,ADAPTIVE,MIXED,run01,THERMAL_LIDAR,0.13832247257232666,0.3540102541446686,0.2179921716451645,0.2187744528055191,0.2179921716451645,0.2179921716451645,337.7436828613281,614,2251735,20928,4972,55.567242894257724,0,192,0,0
859.667000,ADAPTIVE,MIXED,run01,THERMAL_LIDAR,0.13006071746349335,0.348967045545578,0.21857067942619324,0.21830986440181732,0.21857067942619324,0.21857067942619324,412.66912841796875,616,2259404,21126,5007,55.778103460229936,0,193,0,0
860.667000,ADAPTIVE,MIXED,run01,THERMAL_LIDAR,0.1332506388425827,0.35541674494743347,0.2188560962677002,0.21911726891994476,0.2188560962677002,0.2188560962677002,382.3619689941406,619,2270894,21353,5042,55.94448030323354,0,194,0,0
861.668000,ADAPTIVE,MIXED,run01,THERMAL_LIDAR,0.13547644019126892,0.35711434483528137,0.21876633167266846,0.21850496530532837,0.21876633167266846,0.21876633167266846,382.27490234375,621,2278548,21418,5077,56.20536062640114,0,195,0,0
862.667000,ADAPTIVE,MIXED,run01,THERMAL_LIDAR,0.13823947310447693,0.3583301603794098,0.218619242310524,0.21548117697238922,0.218619242310524,0.218619242310524,396.8659973144531,622,2282372,21561,5105,56.4305316812584,0,195,0,0
863.667000,ADAPTIVE,MIXED,run01,THERMAL_LIDAR,0.1372729390859604,0.35802149772644043,0.20983777940273285,0.21297749876976013,0.20983777940273285,0.20983777940273285,278.4994201660156,624,2290016,21724,5105,56.70306383448464,0,196,0,0
864.667000,ADAPTIVE,MIXED,run01,THERMAL_LIDAR,0.13701172173023224,0.3578817844390869,0.20759162306785583,0.20759162306785583,0.20759162306785583,0.20759162306785583,325.3651123046875,627,2301477,21880,5139,56.919294792418626,0,197,0,0
865.667000,ADAPTIVE,MIXED,run01,THERMAL_LIDAR,0.12864376604557037,0.3534974455833435,0.20963098108768463,0.2117246836423874,0.20963098108768463,0.20963098108768463,290.8710021972656,631,2316760,22049,5162,57.15369272295832,0,198,0,0
866.667000,ADAPTIVE,MIXED,run01,THERMAL_LIDAR,0.13301199674606323,0.35569918155670166,0.2079622894525528,0.21110528707504272,0.2079622894525528,0.2079622894525528,278.89007568359375,633,2324398,22175,5178,57.42349249374199,0,198,0,0
867.667000,ADAPTIVE,MIXED,run01,THERMAL_LIDAR,0.12986746430397034,0.35353341698646545,0.21047119796276093,0.21099476516246796,0.21047119796276093,0.21047119796276093,324.33746337890625,634,2328218,22292,5195,57.65817606989762,0,199,0,0
868.667000,ADAPTIVE,MIXED,run01,THERMAL_LIDAR,0.13698503375053406,0.35783693194389343,0.20790782570838928,0.21105001866817474,0.20790782570838928,0.20790782570838928,270.0725402832031,638,2343493,22534,5211,57.8833750846771,0,199,0,0
869.667000,ADAPTIVE,MIXED,run01,THERMAL_LIDAR,0.12871554493904114,0.3499510586261749,0.2126767933368683,0.20770037174224854,0.2126767933368683,0.2126767933368683,294.8600158691406,640,2351129,22617,5235,58.1597055386715,0,200,0,0
870.667000,ADAPTIVE,MIXED,run01,THERMAL_LIDAR,0.14190316200256348,0.36080822348594666,0.21372446417808533,0.21136720478534698,0.21372446417808533,0.21372446417808533,289.98175048828125,641,2354947,22617,5237,58.37291568899125,0,201,0,0
871.667000,ADAPTIVE,MIXED,run01,THERMAL_LIDAR,0.12758800387382507,0.3486208915710449,0.2099476456642151,0.21099476516246796,0.2099476456642151,0.2099476456642151,263.7566223144531,642,2358767,22744,5257,58.576267528253965,0,202,0,0
872.667000,ADAPTIVE,MIXED,run01,THERMAL_LIDAR,0.13939285278320312,0.360739141702652,0.2126767933368683,0.2118910402059555,0.2126767933368683,0.2126767933368683,321.4212951660156,645,2370222,22938,5281,58.77889107563573,0,203,0,0
873.667000,ADAPTIVE,MIXED,run01,THERMAL_LIDAR,0.13403227925300598,0.3574424386024475,0.21288295090198517,0.2123592495918274,0.21288295090198517,0.21288295090198517,418.01104736328125,647,2377860,23002,5314,59.04671724707544,0,203,0,0
874.667000,ADAPTIVE,MIXED,run01,THERMAL_LIDAR,0.13982811570167542,0.36182519793510437,0.2123592495918274,0.21628698706626892,0.2123592495918274,0.2123592495918274,527.6773071289062,649,2385496,23121,5328,59.29558791852105,0,204,0,0
875.668000,ADAPTIVE,MIXED,run01,THERMAL_LIDAR,0.13905461132526398,0.36153140664100647,0.21204188466072083,0.21701571345329285,0.21204188466072083,0.21204188466072083,562.357666015625,651,2393133,23257,5332,59.55336292187707,0,205,0,0
876.670000,ADAPTIVE,MIXED,run01,THERMAL_LIDAR,0.13762928545475006,0.36027804017066956,0.21095387637615204,0.21121592819690704,0.21095387637615204,0.21095387637615204,657.2528686523438,653,2400767,23345,5355,59.80824226317104,0,206,0,0
877.671000,ADAPTIVE,MIXED,run01,THERMAL_LIDAR,0.13816656172275543,0.36025145649909973,0.2120576649904251,0.21127130091190338,0.2120576649904251,0.2120576649904251,536.1629028320312,655,2408399,23510,5377,60.040825616447314,0,207,0,0
878.670000,ADAPTIVE,MIXED,run01,THERMAL_LIDAR,0.13648903369903564,0.35855647921562195,0.21241487562656403,0.21346254646778107,0.21241487562656403,0.21241487562656403,612.6207885742188,658,2419848,23680,5401,60.307536342180704,0,208,0,0
879.667000,ADAPTIVE,MIXED,run01,THERMAL_LIDAR,0.13628296554088593,0.35842809081077576,0.21162912249565125,0.2118910402059555,0.21162912249565125,0.21162912249565125,577.9764404296875,659,2423666,23680,5411,60.56901363000287,0,208,0,0
880.667000,ADAPTIVE,MIXED,run01,THERMAL_LIDAR,0.13411618769168854,0.35638174414634705,0.21247053146362305,0.21220853924751282,0.21247053146362305,0.21247053146362305,586.6179809570312,660,2427483,23803,5446,60.843277673912645,0,209,0,0
881.667000,ADAPTIVE,MIXED,run01,THERMAL_LIDAR,0.13521750271320343,0.35590437054634094,0.2129945009946823,0.21220853924751282,0.2129945009946823,0.2129945009946823,482.4049072265625,662,2435116,23886,5475,61.07637793666994,0,210,0,0
882.668000,ADAPTIVE,MIXED,run01,THERMAL_LIDAR,0.13277630507946014,0.35464975237846375,0.21509037911891937,0.21587634086608887,0.21509037911891937,0.21509037911891937,488.8341064453125,665,2446567,24161,5523,61.34525277989174,0,211,0,0
883.668000,ADAPTIVE,MIXED,run01,THERMAL_LIDAR,0.13141947984695435,0.35112276673316956,0.2158198058605194,0.2158198058605194,0.2158198058605194,0.2158198058605194,425.2659606933594,668,2458023,24329,5574,61.547035298944216,0,212,0,0
884.668000,ADAPTIVE,MIXED,run01,THERMAL_LIDAR,0.13639765977859497,0.3545640707015991,0.21325647830963135,0.21666230261325836,0.21325647830963135,0.21325647830963135,281.162841796875,670,2465656,24612,5618,61.784250114977276,0,213,0,0
885.667000,ADAPTIVE,MIXED,run01,THERMAL_LIDAR,0.13057850301265717,0.34741687774658203,0.2126767933368683,0.20900996029376984,0.2126767933368683,0.2126767933368683,307.9999084472656,673,2477111,24968,5701,62.046429013247945,0,214,0,0
886.667000,ADAPTIVE,MIXED,run01,THERMAL_LIDAR,0.13242049515247345,0.346721351146698,0.2144540399312973,0.21576328575611115,0.2144540399312973,0.2144540399312973,283.0541687011719,676,2488563,25316,5824,62.20985513388121,0,215,0,0
887.667000,ADAPTIVE,MIXED,run01,THERMAL_LIDAR,0.13160467147827148,0.34765323996543884,0.2123754620552063,0.21054011583328247,0.2123754620552063,0.2123754620552063,278.1280212402344,678,2496196,25574,5874,62.47308262744704,1,215,0,0
888.668000,ADAPTIVE,MIXED,run01,THERMAL_LIDAR,0.13100388646125793,0.3469271957874298,0.214192196726799,0.21550144255161285,0.214192196726799,0.214192196726799,307.5658264160156,681,2507651,25802,5955,62.59926914079617,1,216,0,0
889.667000,ADAPTIVE,MIXED,run01,THERMAL_LIDAR,0.12352484464645386,0.3450199067592621,0.2194291651248932,0.2191673219203949,0.2194291651248932,0.2194291651248932,280.6989440917969,684,2519101,25970,6002,62.71024240240794,1,217,0,0
890.667000,ADAPTIVE,MIXED,run01,THERMAL_LIDAR,0.12214982509613037,0.3477466106414795,0.217072531580925,0.21759623289108276,0.217072531580925,0.217072531580925,325.0086364746094,687,2530556,26167,6035,62.92992946635935,1,218,0,0
891.667000,ADAPTIVE,MIXED,run01,THERMAL_LIDAR,0.12320059537887573,0.35335448384284973,0.21969102323055267,0.21864362061023712,0.21969102323055267,0.21969102323055267,330.80450439453125,690,2542007,26335,6090,63.13861269426363,1,219,0,0
892.671000,ADAPTIVE,MIXED,run01,THERMAL_LIDAR,0.125283345580101,0.35279974341392517,0.21226415038108826,0.2156708538532257,0.21226415038108826,0.21226415038108826,305.47100830078125,693,2553457,26474,6118,63.3375044174772,1,219,0,0
893.667000,ADAPTIVE,MIXED,run01,THERMAL_LIDAR,0.12286572903394699,0.35054048895835876,0.21204188466072083,0.21518324315547943,0.21204188466072083,0.21204188466072083,369.94427490234375,696,2564911,26593,6160,63.57780741211825,1,220,0,0
894.667000,ADAPTIVE,MIXED,run01,THERMAL_LIDAR,0.12451528012752533,0.3564452528953552,0.22027239203453064,0.21974855661392212,0.22027239203453064,0.22027239203453064,574.6473999023438,699,2576364,26717,6188,63.75270797547261,1,221,0,0
895.669000,ADAPTIVE,MIXED,run01,THERMAL_LIDAR,0.13664518296718597,0.36284273862838745,0.2194291651248932,0.2147158980369568,0.2194291651248932,0.2194291651248932,563.6652221679688,701,2584002,26820,6200,63.98949188554151,1,222,0,0
896.667000,ADAPTIVE,MIXED,run01,THERMAL_LIDAR,0.131428062915802,0.35492902994155884,0.21986372768878937,0.21802935004234314,0.21986372768878937,0.21986372768878937,552.0322875976562,702,2587818,26842,6210,64.2394596737934,1,223,0,0
897.667000,ADAPTIVE,MIXED,run01,THERMAL_LIDAR,0.13764478266239166,0.36219871044158936,0.21986372768878937,0.2151467502117157,0.21986372768878937,0.21986372768878937,539.535888671875,704,2595451,26888,6223,64.47752748151461,1,223,0,0
898.669000,ADAPTIVE,MIXED,run01,THERMAL_LIDAR,0.12416929751634598,0.3535875678062439,0.21503405272960663,0.2179151326417923,0.21503405272960663,0.21503405272960663,418.72357177734375,707,2606905,27063,6251,64.68411253371171,1,224,0,0
899.667000,ADAPTIVE,MIXED,run01,THERMAL_LIDAR,0.12208738923072815,0.35469162464141846,0.214192196726799,0.21759623289108276,0.214192196726799,0.214192196726799,368.3460388183594,709,2614544,27088,6271,64.9274187600267,1,225,0,0
900.667000,ADAPTIVE,MIXED,run01,THERMAL_LIDAR,0.12729302048683167,0.36434507369995117,0.21928216516971588,0.21875818073749542,0.21928216516971588,0.21928216516971588,390.6797790527344,712,2625996,27175,6293,65.13019724909599,1,225,0,0
901.667000,ADAPTIVE,MIXED,run01,THERMAL_LIDAR,0.12338411808013916,0.36011990904808044,0.2152959704399109,0.2171293944120407,0.2152959704399109,0.2152959704399109,360.6795349121094,713,2629814,27201,6296,65.37601006482265,1,226,0,0
902.669000,ADAPTIVE,MIXED,run01,THERMAL_LIDAR,0.12056946754455566,0.355344295501709,0.2139863818883896,0.21686747670173645,0.2139863818883896,0.2139863818883896,285.6687316894531,715,2637447,27229,6299,65.56050709570322,1,226,0,0
903.668000,ADAPTIVE,MIXED,run01,THERMAL_LIDAR,0.13421325385570526,0.3693561553955078,0.2137804627418518,0.22085407376289368,0.2137804627418518,0.2137804627418518,312.8617248535156,718,2648896,27267,6300,65.78609041670383,1,227,0,0
904.667000,ADAPTIVE,MIXED,run01,THERMAL_LIDAR,0.11926925927400589,0.35904034972190857,0.21282722055912018,0.21596857905387878,0.21282722055912018,0.21282722055912018,297.7195129394531,721,2660347,27279,6305,66.03592962058033,1,228,0,0
905.667000,ADAPTIVE,MIXED,run01,THERMAL_LIDAR,0.12588082253932953,0.363924503326416,0.21305032074451447,0.2161949723958969,0.21305032074451447,0.21305032074451447,275.4969482421875,723,2667978,27302,6305,66.23707312907835,1,228,0,0
906.667000,ADAPTIVE,MIXED,run01,THERMAL_LIDAR,0.13972750306129456,0.3650578558444977,0.2192247211933136,0.21843896806240082,0.2192247211933136,0.2192247211933136,315.369873046875,727,2683254,27335,6305,66.46774325211577,1,229,0,0
907.667000,ADAPTIVE,MIXED,run01,THERMAL_LIDAR,0.13183175027370453,0.3661220073699951,0.21864362061023712,0.2212621122598648,0.21864362061023712,0.21864362061023712,319.3323669433594,730,2694709,27372,6308,66.7575772895256,1,229,0,0
908.667000,ADAPTIVE,MIXED,run01,THERMAL_LIDAR,0.12659689784049988,0.36439743638038635,0.21838177740573883,0.21864362061023712,0.21838177740573883,0.21838177740573883,350.15570068359375,733,2706166,27406,6309,66.89696490041355,1,230,0,0
909.667000,ADAPTIVE,MIXED,run01,THERMAL_LIDAR,0.12740173935890198,0.3644840717315674,0.21744826436042786,0.21797223389148712,0.21744826436042786,0.21744826436042786,286.2463073730469,736,2717615,27416,6309,67.20713023902131,1,231,0,0
910.667000,ADAPTIVE,MIXED,run01,THERMAL_LIDAR,0.13309934735298157,0.36730584502220154,0.21907757222652435,0.21698112785816193,0.21907757222652435,0.21907757222652435,280.2948913574219,737,2721431,27436,6309,67.46631890340682,1,232,0,0
911.668000,ADAPTIVE,MIXED,run01,THERMAL_LIDAR,0.12524788081645966,0.36297407746315,0.21733437478542328,0.21838177740573883,0.21733437478542328,0.21733437478542328,383.1375427246094,738,2725250,27436,6309,67.61884327768307,1,233,0,0
912.667000,ADAPTIVE,MIXED,run01,THERMAL_LIDAR,0.11952804774045944,0.3561606705188751,0.2179151326417923,0.21896280348300934,0.2179151326417923,0.2179151326417923,415.5273742675781,741,2736701,27457,6310,67.73671002736906,1,234,0,0
913.667000,ADAPTIVE,MIXED,run01,THERMAL_LIDAR,0.12560494244098663,0.3600528836250305,0.21727748215198517,0.21832460165023804,0.21727748215198517,0.21727748215198517,522.3118286132812,743,2744337,27477,6313,68.00715891999462,1,235,0,0
914.667000,ADAPTIVE,MIXED,run01,THERMAL_LIDAR,0.13281026482582092,0.3662365674972534,0.21753926575183868,0.2225130945444107,0.21753926575183868,0.21753926575183868,514.7508544921875,745,2751975,27488,6313,68.29272220376468,1,235,0,0
915.667000,ADAPTIVE,MIXED,run01,THERMAL_LIDAR,0.12312132865190506,0.3586460053920746,0.21928216516971588,0.22006811201572418,0.21928216516971588,0.21928216516971588,580.1141967773438,747,2759609,27514,6314,68.53509492914858,1,236,0,0
916.668000,ADAPTIVE,MIXED,run01,THERMAL_LIDAR,0.11641569435596466,0.3537561595439911,0.21739129722118378,0.21974855661392212,0.21739129722118378,0.21739129722118378,488.20501708984375,750,2771062,27546,6316,68.72125746062774,1,237,0,0
917.667000,ADAPTIVE,MIXED,run01,THERMAL_LIDAR,0.12371201813220978,0.35874176025390625,0.2165137678384781,0.21730013191699982,0.2165137678384781,0.2165137678384781,428.6500244140625,753,2782510,27583,6318,68.9655105703003,1,238,0,0
918.667000,ADAPTIVE,MIXED,run01,THERMAL_LIDAR,0.11434134095907211,0.3473132252693176,0.2184962034225464,0.21902017295360565,0.2184962034225464,0.2184962034225464,447.26751708984375,755,2790143,27603,6318,69.20392648723784,1,239,0,0
919.667000,ADAPTIVE,MIXED,run01,THERMAL_LIDAR,0.10347353667020798,0.3352317214012146,0.2179151326417923,0.21634364128112793,0.2179151326417923,0.2179151326417923,427.013916015625,757,2797780,27652,6319,69.45374241482888,1,240,0,0
920.667000,ADAPTIVE,MIXED,run01,THERMAL_LIDAR,0.10497566312551498,0.33569857478141785,0.21645702421665192,0.21829140186309814,0.21645702421665192,0.21645702421665192,340.50628662109375,759,2805411,27666,6319,69.76590200825434,1,240,0,0
921.667000,ADAPTIVE,MIXED,run01,THERMAL_LIDAR,0.12447574734687805,0.3540644645690918,0.21645702421665192,0.21776729822158813,0.21645702421665192,0.21645702421665192,342.5082702636719,762,2816859,27697,6319,69.93038670452432,1,241,0,0
922.667000,ADAPTIVE,MIXED,run01,THERMAL_LIDAR,0.12589587271213531,0.35672956705093384,0.2151467502117157,0.21724317967891693,0.2151467502117157,0.2151467502117157,263.26153564453125,765,2828305,27746,6325,70.25339670719852,1,241,0,0
923.668000,ADAPTIVE,MIXED,run01,THERMAL_LIDAR,0.11475096642971039,0.348199725151062,0.2148846983909607,0.21698112785816193,0.2148846983909607,0.2148846983909607,310.14080810546875,768,2839754,27802,6327,70.41261125732905,1,242,0,0
924.667000,ADAPTIVE,MIXED,run01,THERMAL_LIDAR,0.11367396265268326,0.3412270247936249,0.21557828783988953,0.21741411089897156,0.21557828783988953,0.21557828783988953,339.38604736328125,771,2851199,27863,6335,70.57203314071198,1,243,0,0
925.667000,ADAPTIVE,MIXED,run01,THERMAL_LIDAR,0.11696219444274902,0.3441354036331177,0.21552176773548126,0.2173570990562439,0.21552176773548126,0.21552176773548126,300.050537109375,773,2858827,27926,6355,70.82156561411765,1,243,0,0
926.667000,ADAPTIVE,MIXED,run01,THERMAL_LIDAR,0.12783636152744293,0.35791271924972534,0.21896280348300934,0.2205343097448349,0.21896280348300934,0.21896280348300934,311.6021728515625,776,2870271,28017,6366,71.09371729400628,1,244,0,0
927.668000,ADAPTIVE,MIXED,run01,THERMAL_LIDAR,0.12157955020666122,0.3533748388290405,0.21331237256526947,0.21331237256526947,0.21331237256526947,0.21331237256526947,306.54742431640625,779,2881720,28034,6369,71.30271729708673,1,245,0,0
928.667000,ADAPTIVE,MIXED,run01,THERMAL_LIDAR,0.12468773126602173,0.35511353611946106,0.21357442438602448,0.2161949723958969,0.21357442438602448,0.21357442438602448,299.8297119140625,782,2893170,28144,6392,71.5364317825096,1,246,0,0
929.668000,ADAPTIVE,MIXED,run01,THERMAL_LIDAR,0.11855006217956543,0.3486510217189789,0.22038784623146057,0.21802935004234314,0.22038784623146057,0.22038784623146057,481.8037109375,785,2904617,28298,6424,71.81850797527323,1,247,0,0
930.667000,ADAPTIVE,MIXED,run01,THERMAL_LIDAR,0.11728362739086151,0.34818020462989807,0.22079622745513916,0.22001047432422638,0.22079622745513916,0.22079622745513916,412.44439697265625,786,2908435,28342,6441,72.0473192323817,1,247,0,0
931.667000,ADAPTIVE,MIXED,run01,THERMAL_LIDAR,0.1247471496462822,0.35569629073143005,0.22059208154678345,0.21902017295360565,0.22059208154678345,0.22059208154678345,573.7650756835938,789,2919884,28515,6466,72.2439240231682,1,247,0,0
932.667000,ADAPTIVE,MIXED,run01,THERMAL_LIDAR,0.12271822243928909,0.35414206981658936,0.21797223389148712,0.21718627214431763,0.21797223389148712,0.21797223389148712,606.6563720703125,791,2927518,28574,6489,72.51122512089555,1,248,0,0
933.670000,ADAPTIVE,MIXED,run01,THERMAL_LIDAR,0.12132525444030762,0.3516700565814972,0.22015218436717987,0.22041459381580353,0.22015218436717987,0.22015218436717987,445.6385192871094,794,2938963,28839,6527,72.7754707843715,1,249,0,0
934.668000,ADAPTIVE,MIXED,run01,THERMAL_LIDAR,0.12032245844602585,0.35216256976127625,0.22161027789115906,0.22056123614311218,0.22161027789115906,0.22161027789115906,432.00067138671875,797,2950400,29146,6629,72.99557811601576,1,250,0,0
935.667000,ADAPTIVE,MIXED,run01,THERMAL_LIDAR,0.12924624979496002,0.35924598574638367,0.22108575701713562,0.21898767352104187,0.22108575701713562,0.22108575701713562,383.4458923339844,798,2954213,29215,6682,73.18622492898541,1,251,0,0
936.667000,ADAPTIVE,MIXED,run01,THERMAL_LIDAR,0.12916792929172516,0.359333872795105,0.22085407376289368,0.21928216516971588,0.22085407376289368,0.22085407376289368,375.1026306152344,801,2965661,29573,6772,73.47392911736156,1,251,0,0
937.667000,ADAPTIVE,MIXED,run01,THERMAL_LIDAR,0.12584300339221954,0.3574044108390808,0.22064989805221558,0.21855345368385315,0.22064989805221558,0.22064989805221558,350.8263854980469,803,2973291,29775,6832,73.71932128479767,1,251,0,0
938.667000,ADAPTIVE,MIXED,run01,THERMAL_LIDAR,0.12966839969158173,0.3595719635486603,0.21997901797294617,0.21866805851459503,0.21997901797294617,0.21997901797294617,286.29571533203125,806,2984738,29922,6886,73.96833230796163,1,252,0,0
939.667000,ADAPTIVE,MIXED,run01,THERMAL_LIDAR,0.12341205775737762,0.3559406101703644,0.21948663890361786,0.21765321493148804,0.21948663890361786,0.21948663890361786,306.1539611816406,809,2996189,30271,6956,74.24953930607734,1,253,0,0
940.667000,ADAPTIVE,MIXED,run01,THERMAL_LIDAR,0.12589432299137115,0.35746797919273376,0.21902017295360565,0.2177102416753769,0.21902017295360565,0.21902017295360565,327.9221496582031,812,3007641,30455,6996,74.48463637248327,1,254,0,0
941.667000,ADAPTIVE,MIXED,run01,THERMAL_LIDAR,0.12879295647144318,0.36013802886009216,0.2148846983909607,0.21750524640083313,0.2148846983909607,0.2148846983909607,287.3211364746094,816,3022915,30717,7059,74.71235545575712,1,255,0,0
942.667000,ADAPTIVE,MIXED,run01,THERMAL_LIDAR,0.12387146055698395,0.3559858798980713,0.2146226465702057,0.2143605798482895,0.2146226465702057,0.2146226465702057,275.06463623046875,818,3030552,30922,7110,74.95240878214402,1,256,0,0
943.667000,ADAPTIVE,MIXED,run01,THERMAL_LIDAR,0.1236988976597786,0.3568403124809265,0.21698112785816193,0.21724317967891693,0.21698112785816193,0.21698112785816193,306.08099365234375,821,3042001,31059,7143,75.19830045663123,1,257,0,0
944.667000,ADAPTIVE,MIXED,run01,THERMAL_LIDAR,0.12036841362714767,0.3518977165222168,0.21561436355113983,0.21666230261325836,0.21561436355113983,0.21561436355113983,281.6814270019531,825,3057275,31152,7163,75.46498750514043,1,257,0,0
945.667000,ADAPTIVE,MIXED,run01,THERMAL_LIDAR,0.12802016735076904,0.3603234887123108,0.21933962404727936,0.21750524640083313,0.21933962404727936,0.21933962404727936,302.0945739746094,828,3068727,31344,7201,75.64429994095751,1,258,0,0
946.667000,ADAPTIVE,MIXED,run01,THERMAL_LIDAR,0.1274745613336563,0.35764315724372864,0.21980613470077515,0.2177102416753769,0.21980613470077515,0.21980613470077515,285.237060546875,831,3080177,31414,7222,75.91647307803781,1,259,0,0
947.667000,ADAPTIVE,MIXED,run01,THERMAL_LIDAR,0.11123611778020859,0.3395421504974365,0.22201834619045258,0.2186107486486435,0.22201834619045258,0.22201834619045258,443.25054931640625,833,3087811,31488,7244,76.20721595369248,1,260,0,0
948.669000,ADAPTIVE,MIXED,run01,THERMAL_LIDAR,0.10931114107370377,0.33648645877838135,0.21802935004234314,0.21750524640083313,0.21802935004234314,0.21802935004234314,513.0404052734375,835,3095445,31548,7261,76.43038643441471,1,260,0,0
949.668000,ADAPTIVE,MIXED,run01,THERMAL_LIDAR,0.12848442792892456,0.3580854535102844,0.21858638525009155,0.21753926575183868,0.21858638525009155,0.21858638525009155,645.8770751953125,837,3103085,31609,7272,76.58522553595668,1,261,0,0
950.671000,ADAPTIVE,MIXED,run01,THERMAL_LIDAR,0.12506794929504395,0.3552631735801697,0.21776729822158813,0.21698112785816193,0.21776729822158813,0.21776729822158813,880.9424438476562,839,3110721,31691,7283,76.85324942963867,1,262,0,0
951.668000,ADAPTIVE,MIXED,run01,THERMAL_LIDAR,0.12058492004871368,0.35466820001602173,0.22478386759757996,0.22085407376289368,0.22478386759757996,0.22478386759757996,676.3098754882812,841,3118356,31759,7283,77.11769813049796,1,263,0,0
952.669000,ADAPTIVE,MIXED,run01,THERMAL_LIDAR,0.1211390569806099,0.35731005668640137,0.21969102323055267,0.217072531580925,0.21969102323055267,0.21969102323055267,644.2072143554688,843,3125994,31828,7311,77.35198635015139,1,264,0,0
953.669000,ADAPTIVE,MIXED,run01,THERMAL_LIDAR,0.13202250003814697,0.36441460251808167,0.22079622745513916,0.21739129722118378,0.22079622745513916,0.22079622745513916,568.934814453125,845,3133629,31845,7317,77.54823575433545,1,265,0,0
954.667000,ADAPTIVE,MIXED,run01,THERMAL_LIDAR,0.13215017318725586,0.36443665623664856,0.21829140186309814,0.21881552040576935,0.21829140186309814,0.21829140186309814,534.9374389648438,847,3141261,31916,7325,77.81166001971816,1,266,0,0
955.668000,ADAPTIVE,MIXED,run01,THERMAL_LIDAR,0.13572688400745392,0.3664504587650299,0.2193717211484909,0.21753926575183868,0.2193717211484909,0.2193717211484909,427.3731689453125,849,3148900,31945,7330,78.06939420133546,1,267,0,0
956.669000,ADAPTIVE,MIXED,run01,THERMAL_LIDAR,0.14015106856822968,0.3684834837913513,0.2192247211933136,0.22001047432422638,0.2192247211933136,0.2192247211933136,534.421630859375,852,3160356,31987,7331,78.34146717558339,1,268,0,0
957.667000,ADAPTIVE,MIXED,run01,THERMAL_LIDAR,0.12839823961257935,0.3591442108154297,0.21765321493148804,0.21974855661392212,0.21765321493148804,0.21765321493148804,373.2128601074219,853,3164174,32011,7338,78.63249482600148,1,269,0,0
958.668000,ADAPTIVE,MIXED,run01,THERMAL_LIDAR,0.13444530963897705,0.3669363558292389,0.21902017295360565,0.21954414248466492,0.21902017295360565,0.21902017295360565,363.0615539550781,856,3175629,32083,7353,78.8129591179902,1,270,0,0
959.667000,ADAPTIVE,MIXED,run01,THERMAL_LIDAR,0.12077680230140686,0.3582753837108612,0.21832460165023804,0.22015707194805145,0.21832460165023804,0.21832460165023804,272.4908447265625,860,3190900,32126,7368,79.0877477021558,1,271,0,0
960.667000,ADAPTIVE,MIXED,run01,THERMAL_LIDAR,0.1272917091846466,0.3579082489013672,0.21776729822158813,0.21933962404727936,0.21776729822158813,0.21776729822158813,313.25091552734375,862,3198535,32266,7403,79.30930660430899,1,272,0,0
961.667000,ADAPTIVE,MIXED,run01,THERMAL_LIDAR,0.12322968989610672,0.36084023118019104,0.2178010493516922,0.21832460165023804,0.2178010493516922,0.2178010493516922,316.7335510253906,866,3213811,32310,7416,79.54652859810949,1,273,0,0
962.667000,ADAPTIVE,MIXED,run01,THERMAL_LIDAR,0.12753336131572723,0.36292898654937744,0.22006811201572418,0.22059208154678345,0.22006811201572418,0.22006811201572418,288.7850646972656,869,3225267,32483,7429,79.76309850060053,1,274,0,0
963.668000,ADAPTIVE,MIXED,run01,THERMAL_LIDAR,0.1337902694940567,0.36762380599975586,0.2203301042318344,0.21666230261325836,0.2203301042318344,0.2203301042318344,286.00482177734375,872,3236720,32543,7464,79.98709126030629,1,275,0,0
964.667000,ADAPTIVE,MIXED,run01,THERMAL_LIDAR,0.12582343816757202,0.3617444634437561,0.21960167586803436,0.21724317967891693,0.21960167586803436,0.21960167586803436,282.52117919921875,874,3244356,32642,7476,80.21658030400684,1,276,0,0
965.667000,ADAPTIVE,MIXED,run01,THERMAL_LIDAR,0.12964855134487152,0.364900141954422,0.21843896806240082,0.2205343097448349,0.21843896806240082,0.21843896806240082,316.6406555175781,877,3255807,32743,7502,80.45718013768871,1,277,0,0
966.667000,ADAPTIVE,MIXED,run01,THERMAL_LIDAR,0.12948206067085266,0.3639952540397644,0.2191673219203949,0.21995286643505096,0.2191673219203949,0.2191673219203949,361.5026550292969,881,3271080,32926,7524,80.67093800543225,1,277,0,0
967.668000,ADAPTIVE,MIXED,run01,THERMAL_LIDAR,0.12645184993743896,0.36140674352645874,0.21864362061023712,0.2194291651248932,0.21864362061023712,0.21864362061023712,305.3984680175781,884,3282537,33039,7538,80.91689595986912,1,278,0,0
968.669000,ADAPTIVE,MIXED,run01,THERMAL_LIDAR,0.12550660967826843,0.36222031712532043,0.21870088577270508,0.21634364128112793,0.21870088577270508,0.21870088577270508,446.9618225097656,886,3290175,33113,7579,81.14835575394399,1,279,0,0
969.668000,ADAPTIVE,MIXED,run01,THERMAL_LIDAR,0.12912113964557648,0.36427968740463257,0.21838177740573883,0.2191673219203949,0.21838177740573883,0.21838177740573883,583.3259887695312,889,3301629,33246,7609,81.34008274943086,1,280,0,0
970.667000,ADAPTIVE,MIXED,run01,THERMAL_LIDAR,0.1291942596435547,0.36270397901535034,0.21852917969226837,0.21957603096961975,0.21852917969226837,0.21852917969226837,636.1812133789062,891,3309267,33303,7641,81.48261978472239,1,280,0,0
971.667000,ADAPTIVE,MIXED,run01,THERMAL_LIDAR,0.12973833084106445,0.36438995599746704,0.21806283295154572,0.21884816884994507,0.21806283295154572,0.21806283295154572,684.8282470703125,893,3316908,33338,7664,81.71429645760047,1,280,0,0
972.668000,ADAPTIVE,MIXED,run01,THERMAL_LIDAR,0.1287703663110733,0.3644094467163086,0.21910995244979858,0.21963350474834442,0.21910995244979858,0.21910995244979858,547.48828125,895,3324547,33419,7683,81.92268564019635,1,281,0,0
973.668000,ADAPTIVE,MIXED,run01,THERMAL_LIDAR,0.1304469257593155,0.3639257550239563,0.21817705035209656,0.21896280348300934,0.21817705035209656,0.21817705035209656,504.6915588378906,898,3335996,33521,7718,82.14066546348343,1,281,0,0
974.667000,ADAPTIVE,MIXED,run01,THERMAL_LIDAR,0.13063307106494904,0.35893622040748596,0.21838177740573883,0.21969102323055267,0.21838177740573883,0.21838177740573883,565.55322265625,900,3343634,33547,7725,82.23101066858491,1,281,0,0
975.669000,ADAPTIVE,MIXED,run01,THERMAL_LIDAR,0.1172710433602333,0.34295710921287537,0.22041885554790497,0.2222513109445572,0.22041885554790497,0.22041885554790497,477.10076904296875,902,3351274,33635,7749,82.36640253377675,1,282,0,0
976.667000,ADAPTIVE,MIXED,run01,THERMAL_LIDAR,0.12337177246809006,0.35353296995162964,0.21838177740573883,0.2191673219203949,0.21838177740573883,0.21838177740573883,431.4148864746094,904,3358911,33738,7779,82.61885220451039,1,282,0,0
977.669000,ADAPTIVE,MIXED,run01,THERMAL_LIDAR,0.12342391908168793,0.3551155924797058,0.2178010493516922,0.21858638525009155,0.2178010493516922,0.2178010493516922,386.9752197265625,907,3370363,33813,7794,82.83935361429104,1,283,0,0
978.667000,ADAPTIVE,MIXED,run01,THERMAL_LIDAR,0.12874877452850342,0.35616183280944824,0.21802935004234314,0.22012577950954437,0.21802935004234314,0.21802935004234314,336.7330627441406,910,3381814,33857,7803,83.058817457918,1,284,0,0
979.668000,ADAPTIVE,MIXED,run01,THERMAL_LIDAR,0.1243911013007164,0.346788227558136,0.217072531580925,0.2191673219203949,0.217072531580925,0.217072531580925,274.402099609375,912,3389452,33875,7820,83.18399572741149,1,284,0,0
980.667000,ADAPTIVE,MIXED,run01,THERMAL_LIDAR,0.11949513852596283,0.34110188484191895,0.21785807609558105,0.2191673219203949,0.21785807609558105,0.21785807609558105,345.5734558105469,915,3400903,33938,7827,83.3905122066642,1,284,0,0
981.667000,ADAPTIVE,MIXED,run01,THERMAL_LIDAR,0.11609039455652237,0.3369660973548889,0.21785807609558105,0.21838177740573883,0.21785807609558105,0.21785807609558105,299.48443603515625,918,3412355,34026,7867,83.5376570799531,1,285,0,0
982.667000,ADAPTIVE,MIXED,run01,THERMAL_LIDAR,0.1174345389008522,0.34079575538635254,0.21875818073749542,0.2203301042318344,0.21875818073749542,0.21875818073749542,292.6611022949219,922,3427622,34054,7879,83.77870205484095,1,285,0,0
983.667000,ADAPTIVE,MIXED,run01,THERMAL_LIDAR,0.12100613862276077,0.342145711183548,0.21640031039714813,0.21875818073749542,0.21640031039714813,0.21640031039714813,314.02923583984375,925,3439073,34102,7886,83.93293057791698,1,286,0,0
984.667000,ADAPTIVE,MIXED,run01,THERMAL_LIDAR,0.12235397100448608,0.34187421202659607,0.2177102416753769,0.21744826436042786,0.2177102416753769,0.2177102416753769,299.1159362792969,928,3450524,34146,7900,84.1169868652637,1,286,0,0
985.667000,ADAPTIVE,MIXED,run01,THERMAL_LIDAR,0.10652124136686325,0.32982349395751953,0.21808649599552155,0.21677587926387787,0.21808649599552155,0.21808649599552155,466.0188903808594,929,3454339,34174,7906,84.3936500970237,1,287,0,0
986.667000,ADAPTIVE,MIXED,run01,THERMAL_LIDAR,0.1205480545759201,0.3431320786476135,0.21785807609558105,0.21759623289108276,0.21785807609558105,0.21785807609558105,529.5294799804688,930,3458158,34174,7906,84.68824490967285,1,288,0,0
987.667000,ADAPTIVE,MIXED,run01,THERMAL_LIDAR,0.12924233078956604,0.3472454845905304,0.21808649599552155,0.21782438457012177,0.21808649599552155,0.21808649599552155,624.1013793945312,933,3469609,34222,7916,84.85075664552274,1,288,0,0
988.669000,ADAPTIVE,MIXED,run01,THERMAL_LIDAR,0.12286105751991272,0.34270232915878296,0.21834862232208252,0.21913498640060425,0.21834862232208252,0.21834862232208252,701.1113891601562,935,3477241,34229,7920,85.05332241327616,1,289,0,0
989.668000,ADAPTIVE,MIXED,run01,THERMAL_LIDAR,0.11754854768514633,0.339316725730896,0.21776729822158813,0.21776729822158813,0.21776729822158813,0.21776729822158813,515.0183715820312,936,3481057,34244,7927,85.24164379940223,1,290,0,0
990.667000,ADAPTIVE,MIXED,run01,THERMAL_LIDAR,0.11380708962678909,0.33835676312446594,0.21733437478542328,0.21785807609558105,0.21733437478542328,0.21733437478542328,591.652587890625,939,3492513,34286,7932,85.45044796123722,1,291,0,0
991.671000,ADAPTIVE,MIXED,run01,THERMAL_LIDAR,0.11046195030212402,0.33423247933387756,0.21730013191699982,0.2175622582435608,0.21730013191699982,0.21730013191699982,635.4924926757812,941,3500143,34306,7937,85.7452913725398,1,292,0,0
992.670000,ADAPTIVE,MIXED,run01,THERMAL_LIDAR,0.13236647844314575,0.34891048073768616,0.21974855661392212,0.21870088577270508,0.21974855661392212,0.21974855661392212,581.8731079101562,943,3507779,34314,7937,85.97863364946062,1,293,0,0
993.667000,ADAPTIVE,MIXED,run01,THERMAL_LIDAR,0.12097231298685074,0.34122541546821594,0.2189054787158966,0.21811991930007935,0.2189054787158966,0.2189054787158966,361.0723571777344,945,3515414,34334,7940,86.18788720939808,1,294,0,0
994.667000,ADAPTIVE,MIXED,run01,THERMAL_LIDAR,0.12334933131933212,0.34548383951187134,0.2175622582435608,0.21782438457012177,0.2175622582435608,0.2175622582435608,301.75079345703125,948,3526863,34378,7947,86.35932151910019,1,295,0,0
995.667000,ADAPTIVE,MIXED,run01,THERMAL_LIDAR,0.11499214172363281,0.342197984457016,0.21666230261325836,0.21875818073749542,0.21666230261325836,0.21666230261325836,298.6531677246094,951,3538316,34390,7948,86.53668996312675,1,296,0,0
996.668000,ADAPTIVE,MIXED,run01,THERMAL_LIDAR,0.12618416547775269,0.35669177770614624,0.21986372768878937,0.22064989805221558,0.21986372768878937,0.21986372768878937,288.1842346191406,953,3545949,34412,7958,86.81440803795304,1,297,0,0
997.669000,ADAPTIVE,MIXED,run01,THERMAL_LIDAR,0.12739385664463043,0.3514750301837921,0.21896280348300934,0.21739129722118378,0.21896280348300934,0.21896280348300934,345.99072265625,956,3557398,34431,7968,86.99261320744534,1,297,0,0
998.667000,ADAPTIVE,MIXED,run01,THERMAL_LIDAR,0.12469487637281418,0.3465577960014343,0.21797223389148712,0.21797223389148712,0.21797223389148712,0.21797223389148712,312.3324279785156,959,3568849,34442,7970,87.24492479101647,1,298,0,0
999.668000,ADAPTIVE,MIXED,run01,THERMAL_LIDAR,0.12138533592224121,0.3419364094734192,0.2166055589914322,0.2179151326417923,0.2166055589914322,0.2166055589914322,256.7660217285156,963,3584121,34525,7981,87.5169479240934,1,298,0,0
1000.667000,ADAPTIVE,MIXED,run01,THERMAL_LIDAR,0.11682794243097305,0.3393564224243164,0.2166055589914322,0.2179151326417923,0.2166055589914322,0.2166055589914322,256.7660217285156,963,3584121,34525,7997,87.7509226546512,1,298,0,0
1001.667000,ADAPTIVE,MIXED,run01,THERMAL_LIDAR,0.12164103239774704,0.34599077701568604,0.21645702421665192,0.21698112785816193,0.21645702421665192,0.21645702421665192,288.0068359375,966,3595575,34552,8005,87.98045343051332,1,299,0,0
1002.669000,ADAPTIVE,MIXED,run01,THERMAL_LIDAR,0.113268181681633,0.33920931816101074,0.2165488302707672,0.21838177740573883,0.2165488302707672,0.2165488302707672,494.7510986328125,969,3607033,34588,8012,88.16242855473662,1,299,0,0
1003.667000,ADAPTIVE,MIXED,run01,THERMAL_LIDAR,0.12260739505290985,0.3439207077026367,0.21698112785816193,0.21802935004234314,0.21698112785816193,0.21698112785816193,563.4957275390625,971,3614666,34596,8013,88.32933488313846,1,299,0,0
1004.669000,ADAPTIVE,MIXED,run01,THERMAL_LIDAR,0.1117546483874321,0.33467110991477966,0.2165488302707672,0.21759623289108276,0.2165488302707672,0.2165488302707672,576.1928100585938,973,3622303,34600,8014,88.55783101039823,1,300,0,0
1005.667000,ADAPTIVE,MIXED,run01,THERMAL_LIDAR,0.12568995356559753,0.3468274176120758,0.21718627214431763,0.2177102416753769,0.21718627214431763,0.21718627214431763,648.1351318359375,974,3626120,34610,8015,88.74044481190616,1,301,0,0
1006.667000,ADAPTIVE,MIXED,run01,THERMAL_LIDAR,0.11577840149402618,0.3432246148586273,0.21750524640083313,0.21907757222652435,0.21750524640083313,0.21750524640083313,541.681884765625,976,3633752,34628,8019,88.97394145865181,1,301,0,0
1007.667000,ADAPTIVE,MIXED,run01,THERMAL_LIDAR,0.11467325687408447,0.3393388092517853,0.2156708538532257,0.2156708538532257,0.2156708538532257,0.2156708538532257,503.130859375,978,3641385,34645,8022,89.15150253444992,1,302,0,0
1008.668000,ADAPTIVE,MIXED,run01,THERMAL_LIDAR,0.10840006172657013,0.33406639099121094,0.21677587926387787,0.21598951518535614,0.21677587926387787,0.21677587926387787,519.0975952148438,981,3652838,34655,8022,89.33738022212071,1,303,0,0
1009.667000,ADAPTIVE,MIXED,run01,THERMAL_LIDAR,0.11332335323095322,0.3437803089618683,0.21555788815021515,0.2166055589914322,0.21555788815021515,0.21555788815021515,470.55889892578125,984,3664295,34679,8027,89.53335384292123,1,304,0,0
1010.667000,ADAPTIVE,MIXED,run01,THERMAL_LIDAR,0.1299697905778885,0.3595735728740692,0.21602514386177063,0.21785807609558105,0.21602514386177063,0.21602514386177063,351.274658203125,986,3671933,34694,8029,89.68338508332202,1,305,0,0
1011.667000,ADAPTIVE,MIXED,run01,THERMAL_LIDAR,0.13851992785930634,0.3656982183456421,0.21231979131698608,0.21389253437519073,0.21231979131698608,0.21231979131698608,347.66595458984375,990,3687201,34752,8041,89.93215511376037,1,305,0,0
1012.668000,ADAPTIVE,MIXED,run01,THERMAL_LIDAR,0.12551504373550415,0.357088565826416,0.21677587926387787,0.21887287497520447,0.21677587926387787,0.21677587926387787,318.57635498046875,993,3698650,34762,8054,90.17377712533195,1,306,0,0
1013.669000,ADAPTIVE,MIXED,run01,THERMAL_LIDAR,0.12652666866779327,0.3536204397678375,0.2175622582435608,0.2186107486486435,0.2175622582435608,0.2175622582435608,242.5589599609375,998,3717742,34785,8060,90.28000422164845,1,307,0,0
1014.667000,ADAPTIVE,MIXED,run01,THERMAL_LIDAR,0.11688213050365448,0.3441087305545807,0.21834862232208252,0.21939711272716522,0.21834862232208252,0.21834862232208252,430.8448181152344,1000,3725374,34800,8064,90.48329211500851,1,308,0,0
1015.678000,ADAPTIVE,MIXED,run01,THERMAL_LIDAR,0.12753893435001373,0.3533848226070404,0.21823421120643616,0.21902017295360565,0.21823421120643616,0.21823421120643616,343.4231262207031,1003,3736827,34868,8077,90.71708426665053,1,309,0,0
1016.667000,ADAPTIVE,MIXED,run01,THERMAL_LIDAR,0.1301005482673645,0.3587614595890045,0.217072531580925,0.21864362061023712,0.217072531580925,0.217072531580925,297.4512939453125,1005,3744465,34873,8087,90.88424272739691,1,309,0,0
1017.669000,ADAPTIVE,MIXED,run01,THERMAL_LIDAR,0.13086016476154327,0.35524919629096985,0.21750524640083313,0.21829140186309814,0.21750524640083313,0.21750524640083313,339.8366394042969,1008,3755918,34881,8088,91.07213917578767,1,310,0,0
1018.668000,ADAPTIVE,MIXED,run01,THERMAL_LIDAR,0.12774121761322021,0.34932631254196167,0.2166055589914322,0.21870088577270508,0.2166055589914322,0.2166055589914322,418.2783203125,1010,3763551,34888,8089,91.31267582689371,1,311,0,0
1019.669000,ADAPTIVE,MIXED,run01,THERMAL_LIDAR,0.1302441656589508,0.3556936979293823,0.2161949723958969,0.21829140186309814,0.2161949723958969,0.2161949723958969,418.29150390625,1013,3774998,34905,8090,91.54087380690211,1,311,0,0
1020.667000,ADAPTIVE,MIXED,run01,THERMAL_LIDAR,0.12180062383413315,0.3481124937534332,0.2166055589914322,0.2179151326417923,0.2166055589914322,0.2166055589914322,406.25860595703125,1016,3786450,34912,8092,91.73010351837232,1,312,0,0
1021.667000,ADAPTIVE,MIXED,run01,THERMAL_LIDAR,0.11761436611413956,0.34034040570259094,0.21992136538028717,0.22306683659553528,0.21992136538028717,0.21992136538028717,465.3960266113281,1017,3790265,34920,8095,91.96901546786117,1,313,0,0
1022.667000,ADAPTIVE,MIXED,run01,THERMAL_LIDAR,0.11969336122274399,0.34552982449531555,0.21271584928035736,0.21454735100269318,0.21271584928035736,0.21271584928035736,364.2790222167969,1020,3801722,34938,8097,92.19618406096916,1,314,0,0
1023.671000,ADAPTIVE,MIXED,run01,THERMAL_LIDAR,0.12389588356018066,0.34334927797317505,0.21542483568191528,0.21803921461105347,0.21542483568191528,0.21542483568191528,406.073974609375,1023,3813198,34963,8105,92.4458710532707,1,314,0,0
1024.667000,ADAPTIVE,MIXED,run01,THERMAL_LIDAR,0.12617827951908112,0.35057440400123596,0.2161526381969452,0.2177208513021469,0.2161526381969452,0.2161526381969452,426.6914978027344,1025,3820850,34986,8112,92.66450100933696,1,315,0,0
1025.667000,ADAPTIVE,MIXED,run01,THERMAL_LIDAR,0.12744350731372833,0.35323330760002136,0.21467746794223785,0.21650561690330505,0.21467746794223785,0.21467746794223785,337.05401611328125,1026,3824679,35010,8119,92.93902134410027,1,315,0,0
1026.668000,ADAPTIVE,MIXED,run01,THERMAL_LIDAR,0.13025745749473572,0.3579876720905304,0.21413667500019073,0.21674491465091705,0.21413667500019073,0.21413667500019073,363.9349670410156,1028,3832342,35032,8119,93.19260295025123,1,316,0,0
1027.670000,ADAPTIVE,MIXED,run01,THERMAL_LIDAR,0.12548935413360596,0.3546867072582245,0.21512386202812195,0.21720990538597107,0.21512386202812195,0.21512386202812195,279.6352233886719,1030,3840012,35048,8127,93.4487776389725,1,316,0,0
1028.667000,ADAPTIVE,MIXED,run01,THERMAL_LIDAR,0.12417560815811157,0.3541272282600403,0.21657544374465942,0.21579359471797943,0.21657544374465942,0.21657544374465942,268.8811950683594,1033,3851521,35091,8137,93.6954861237944,1,316,0,0
1029.667000,ADAPTIVE,MIXED,run01,THERMAL_LIDAR,0.13015516102313995,0.35576629638671875,0.21396924555301666,0.21657544374465942,0.21396924555301666,0.21396924555301666,314.6640625,1037,3866871,35134,8146,93.9325141952702,1,317,0,0
1030.667000,ADAPTIVE,MIXED,run01,THERMAL_LIDAR,0.1253373771905899,0.356200248003006,0.21391350030899048,0.2162584662437439,0.21391350030899048,0.21391350030899048,287.8195495605469,1040,3878384,35176,8152,94.18454206404033,1,318,0,0
1031.667000,ADAPTIVE,MIXED,run01,THERMAL_LIDAR,0.12530642747879028,0.3556249439716339,0.2135416716337204,0.2161458283662796,0.2135416716337204,0.2135416716337204,298.8490295410156,1043,3889900,35210,8157,94.4387358724308,1,319,0,0
1032.667000,ADAPTIVE,MIXED,run01,THERMAL_LIDAR,0.12789314985275269,0.3595951497554779,0.2135416716337204,0.21536459028720856,0.2135416716337204,0.2135416716337204,337.1499938964844,1046,3901420,35233,8173,94.70419653450503,1,320,0,0
1033.667000,ADAPTIVE,MIXED,run01,THERMAL_LIDAR,0.12392046302556992,0.35461634397506714,0.21536459028720856,0.21692708134651184,0.21536459028720856,0.21536459028720856,261.42071533203125,1050,3916780,35290,8183,94.98407397316444,1,320,0,0
1034.667000,ADAPTIVE,MIXED,run01,THERMAL_LIDAR,0.13528308272361755,0.36015796661376953,0.21458333730697632,0.2174479216337204,0.21458333730697632,0.21458333730697632,295.56292724609375,1053,3928300,35300,8186,95.24347811105108,1,321,0,0
1035.667000,ADAPTIVE,MIXED,run01,THERMAL_LIDAR,0.1256648600101471,0.35674747824668884,0.21588541567325592,0.2174479216337204,0.21588541567325592,0.21588541567325592,295.062255859375,1055,3935980,35321,8189,95.51521760186651,1,322,0,0
1036.667000,ADAPTIVE,MIXED,run01,THERMAL_LIDAR,0.12415581941604614,0.35672417283058167,0.21510416269302368,0.2174479216337204,0.21510416269302368,0.21510416269302368,508.70648193359375,1058,3947500,35343,8189,95.77613565102914,1,323,0,0
1037.668000,ADAPTIVE,MIXED,run01,THERMAL_LIDAR,0.12574224174022675,0.35639315843582153,0.21406249701976776,0.21588541567325592,0.21406249701976776,0.21406249701976776,472.0751037597656,1061,3959020,35366,8190,96.04121332934905,1,324,0,0
1038.671000,ADAPTIVE,MIXED,run01,THERMAL_LIDAR,0.12610159814357758,0.3594536781311035,0.21640625596046448,0.2174479216337204,0.21640625596046448,0.21640625596046448,595.3263549804688,1063,3966700,35382,8196,96.28582947732083,1,324,0,0
1039.667000,ADAPTIVE,MIXED,run01,THERMAL_LIDAR,0.12477172911167145,0.35638928413391113,0.21536459028720856,0.21640625596046448,0.21536459028720856,0.21536459028720856,713.421142578125,1065,3974380,35403,8201,96.57569962164719,1,325,0,0
1040.667000,ADAPTIVE,MIXED,run01,THERMAL_LIDAR,0.12617452442646027,0.3563811779022217,0.21484375,0.21718749403953552,0.21484375,0.21484375,610.9953002929688,1067,3982060,35443,8202,96.81766717249829,1,326,0,0
1041.669000,ADAPTIVE,MIXED,run01,THERMAL_LIDAR,0.13110457360744476,0.36404702067375183,0.21302083134651184,0.21718749403953552,0.21302083134651184,0.21302083134651184,483.9999694824219,1069,3989740,35451,8203,97.08251106063688,1,327,0,0
1042.667000,ADAPTIVE,MIXED,run01,THERMAL_LIDAR,0.12674389779567719,0.3585512340068817,0.21536459028720856,0.2174479216337204,0.21536459028720856,0.21536459028720856,546.3822021484375,1071,3997420,35470,8212,97.34239471295052,1,327,0,0
1043.669000,ADAPTIVE,MIXED,run01,THERMAL_LIDAR,0.12432564795017242,0.35827311873435974,0.21380208432674408,0.21640625596046448,0.21380208432674408,0.21380208432674408,482.6899719238281,1073,4005100,35491,8213,97.6256525336312,1,328,0,0
1044.667000,ADAPTIVE,MIXED,run01,THERMAL_LIDAR,0.12733589112758636,0.36040645837783813,0.2135416716337204,0.2161458283662796,0.2135416716337204,0.2135416716337204,412.38714599609375,1075,4012780,35509,8222,97.8809370931785,1,329,0,0
1045.668000,ADAPTIVE,MIXED,run01,THERMAL_LIDAR,0.1207333654165268,0.3550100326538086,0.21770833432674408,0.21848958730697632,0.21770833432674408,0.21770833432674408,381.74688720703125,1077,4020460,35538,8229,98.15910114143796,1,330,0,0
1046.669000,ADAPTIVE,MIXED,run01,THERMAL_LIDAR,0.13238556683063507,0.36388149857521057,0.21250000596046448,0.21432290971279144,0.21250000596046448,0.21250000596046448,342.65240478515625,1080,4031980,35597,8244,98.3741019933385,1,331,0,0
1047.667000,ADAPTIVE,MIXED,run01,THERMAL_LIDAR,0.134898841381073,0.36536192893981934,0.21588541567325592,0.21536459028720856,0.21588541567325592,0.21588541567325592,334.22198486328125,1083,4043500,35640,8262,98.64331575984467,1,331,0,0
1048.669000,ADAPTIVE,MIXED,run01,THERMAL_LIDAR,0.130021333694458,0.3626519441604614,0.21718749403953552,0.21927084028720856,0.21718749403953552,0.21718749403953552,305.757568359375,1086,4055020,35686,8273,98.9070896712518,1,332,0,0
1049.667000,ADAPTIVE,MIXED,run01,THERMAL_LIDAR,0.1309628039598465,0.36151912808418274,0.2161458283662796,0.21718749403953552,0.2161458283662796,0.2161458283662796,295.4767150878906,1089,4066540,35713,8278,99.06210441044519,1,332,0,0
1050.667000,ADAPTIVE,MIXED,run01,THERMAL_LIDAR,0.12996737658977509,0.35833489894866943,0.21562500298023224,0.21692708134651184,0.21562500298023224,0.21562500298023224,319.84454345703125,1092,4078060,35729,8285,99.3855757909058,1,333,0,0
1051.667000,ADAPTIVE,MIXED,run01,THERMAL_LIDAR,0.13218934834003448,0.36522021889686584,0.21692708134651184,0.21692708134651184,0.21692708134651184,0.21692708134651184,266.776123046875,1095,4089580,35809,8299,99.58710471706833,2,333,0,0
1052.668000,ADAPTIVE,MIXED,run01,THERMAL_LIDAR,0.13051031529903412,0.3638419806957245,0.21718749403953552,0.21770833432674408,0.21718749403953552,0.21718749403953552,305.01666259765625,1098,4101100,35840,8312,99.72584032689664,2,333,0,0
1053.667000,ADAPTIVE,MIXED,run01,THERMAL_LIDAR,0.13027624785900116,0.36368411779403687,0.21562500298023224,0.21692708134651184,0.21562500298023224,0.21406249701976776,391.1181335449219,1101,4112620,35847,8318,99.73600363268412,4,333,0,0
1054.669000,ADAPTIVE,MIXED,run01,THERMAL_LIDAR,0.13034465909004211,0.363724946975708,0.21510416269302368,0.2161458283662796,0.21510416269302368,0.21510416269302368,398.412841796875,1103,4120300,35881,8323,99.73916971363434,4,334,0,0
1055.668000,ADAPTIVE,MIXED,run01,THERMAL_LIDAR,0.1368749737739563,0.367245614528656,0.21718749403953552,0.21718749403953552,0.21718749403953552,0.21718749403953552,400.85455322265625,1104,4124140,35881,8324,99.77601774758853,4,335,0,0
1056.667000,ADAPTIVE,MIXED,run01,THERMAL_LIDAR,0.12887252867221832,0.3633449077606201,0.21718749403953552,0.21770833432674408,0.21718749403953552,0.21718749403953552,453.3960876464844,1107,4135660,35898,8328,100.00395127561833,4,335,0,0
1057.667000,ADAPTIVE,MIXED,run01,THERMAL_LIDAR,0.13550104200839996,0.36702218651771545,0.21718749403953552,0.21770833432674408,0.21718749403953552,0.21718749403953552,421.3183898925781,1109,4143340,35904,8329,100.218890325447,4,336,0,0
1058.667000,ADAPTIVE,MIXED,run01,THERMAL_LIDAR,0.1325661838054657,0.3648435175418854,0.21822915971279144,0.21770833432674408,0.21822915971279144,0.21822915971279144,423.26751708984375,1112,4154860,35905,8329,100.36484693417465,4,337,0,0
1059.667000,ADAPTIVE,MIXED,run01,THERMAL_LIDAR,0.13394741714000702,0.36555394530296326,0.2174479216337204,0.21692708134651184,0.2174479216337204,0.2174479216337204,409.9363708496094,1115,4166380,35917,8329,100.66092277053953,4,337,0,0
1060.668000,ADAPTIVE,MIXED,run01,THERMAL_LIDAR,0.13584403693675995,0.36743128299713135,0.2174479216337204,0.21927084028720856,0.2174479216337204,0.2174479216337204,466.4347229003906,1117,4174060,35987,8341,100.83055930104017,4,338,0,0
1061.674000,ADAPTIVE,MIXED,run01,THERMAL_LIDAR,0.13196305930614471,0.36470863223075867,0.21796874701976776,0.21718749403953552,0.21796874701976776,0.21796874701976776,439.5748291015625,1120,4185580,36000,8351,101.1447816373648,4,338,0,0
1062.668000,ADAPTIVE,MIXED,run01,THERMAL_LIDAR,0.13233375549316406,0.36378809809684753,0.2213541716337204,0.22109374403953552,0.2213541716337204,0.2213541716337204,312.96435546875,1123,4197100,36032,8360,101.33175340922199,4,338,0,0
1063.667000,ADAPTIVE,MIXED,run01,THERMAL_LIDAR,0.13238157331943512,0.3638368248939514,0.21718749403953552,0.21770833432674408,0.21718749403953552,0.21718749403953552,332.6700134277344,1125,4204780,36051,8361,101.55642379386465,4,339,0,0
1064.668000,ADAPTIVE,MIXED,run01,THERMAL_LIDAR,0.13079345226287842,0.3628999888896942,0.2174479216337204,0.2174479216337204,0.2174479216337204,0.2174479216337204,322.0136413574219,1129,4220140,36095,8380,101.83379704650062,4,339,0,0
1065.667000,ADAPTIVE,MIXED,run01,THERMAL_LIDAR,0.13307590782642365,0.36378714442253113,0.21718749403953552,0.21875,0.21718749403953552,0.21718749403953552,295.95074462890625,1131,4227820,36138,8390,102.07794197726416,4,340,0,0
1066.667000,ADAPTIVE,MIXED,run01,THERMAL_LIDAR,0.129609152674675,0.3613191843032837,0.21718749403953552,0.21901041269302368,0.21718749403953552,0.21718749403953552,344.54705810546875,1134,4239340,36155,8394,102.2397334969823,4,341,0,0
1067.668000,ADAPTIVE,MIXED,run01,THERMAL_LIDAR,0.12177148461341858,0.3561353385448456,0.21692708134651184,0.21822915971279144,0.21692708134651184,0.21692708134651184,278.2801513671875,1137,4250860,36203,8404,102.42428248754601,4,342,0,0
1068.667000,ADAPTIVE,MIXED,run01,THERMAL_LIDAR,0.12204857170581818,0.35593685507774353,0.21692708134651184,0.21770833432674408,0.21692708134651184,0.21692708134651184,295.3988342285156,1139,4258540,36222,8416,102.94202286482417,4,343,0,0
1069.667000,ADAPTIVE,MIXED,run01,THERMAL_LIDAR,0.1358605921268463,0.3646104335784912,0.21692708134651184,0.21848958730697632,0.21692708134651184,0.21692708134651184,305.4709777832031,1142,4270060,36255,8425,103.17528470445968,4,344,0,0
1070.667000,ADAPTIVE,MIXED,run01,THERMAL_LIDAR,0.13551710546016693,0.36520451307296753,0.21796874701976776,0.21901041269302368,0.21796874701976776,0.21796874701976776,344.3675231933594,1145,4281580,36584,8568,103.38514335134096,4,344,0,0
1071.667000,ADAPTIVE,MIXED,run01,THERMAL_LIDAR,0.13548603653907776,0.3647083044052124,0.21901041269302368,0.21796874701976776,0.21901041269302368,0.21901041269302368,410.89373779296875,1148,4293100,36719,8637,103.69907192358842,4,345,0,0
1072.680000,ADAPTIVE,MIXED,run01,THERMAL_LIDAR,0.12535728514194489,0.3589358925819397,0.21901041269302368,0.21848958730697632,0.21901041269302368,0.21901041269302368,507.7013854980469,1151,4304620,36732,8639,103.96129806574827,4,345,0,0
1073.667000,ADAPTIVE,MIXED,run01,THERMAL_LIDAR,0.12020117789506912,0.3565463721752167,0.21953125298023224,0.21796874701976776,0.21953125298023224,0.21953125298023224,468.194091796875,1153,4312300,36739,8646,104.30743891359104,4,346,0,0
1074.670000,ADAPTIVE,MIXED,run01,THERMAL_LIDAR,0.12667350471019745,0.3590470850467682,0.21796874701976776,0.21796874701976776,0.21796874701976776,0.21796874701976776,601.0203857421875,1155,4319980,36759,8650,104.5348242643772,4,347,0,0
1075.667000,ADAPTIVE,MIXED,run01,THERMAL_LIDAR,0.13286127150058746,0.3623376786708832,0.21770833432674408,0.21875,0.21770833432674408,0.21770833432674408,534.8519287109375,1157,4327660,36781,8652,104.6910139143341,4,348,0,0
1076.667000,ADAPTIVE,MIXED,run01,THERMAL_LIDAR,0.12995697557926178,0.36117640137672424,0.21458333730697632,0.2174479216337204,0.21458333730697632,0.21458333730697632,514.2882080078125,1158,4331500,36781,8656,104.94355070747768,4,348,0,0
1077.667000,ADAPTIVE,MIXED,run01,THERMAL_LIDAR,0.13858594000339508,0.36629629135131836,0.21718749403953552,0.2174479216337204,0.21718749403953552,0.21718749403953552,517.5265502929688,1161,4343020,36800,8659,105.19279004285312,4,349,0,0
1078.667000,ADAPTIVE,MIXED,run01,THERMAL_LIDAR,0.12869691848754883,0.36113598942756653,0.21718749403953552,0.21718749403953552,0.21718749403953552,0.21718749403953552,501.9598083496094,1163,4350700,36806,8661,105.4378814393117,4,350,0,0
1079.667000,ADAPTIVE,MIXED,run01,THERMAL_LIDAR,0.12906384468078613,0.3604821562767029,0.21718749403953552,0.21770833432674408,0.21718749403953552,0.21718749403953552,385.6012878417969,1166,4362220,36825,8668,105.55571161532448,4,350,0,0
1080.668000,ADAPTIVE,MIXED,run01,THERMAL_LIDAR,0.12593382596969604,0.3585151433944702,0.2161458283662796,0.21718749403953552,0.2161458283662796,0.2161458283662796,420.31109619140625,1169,4373740,36848,8670,105.76505568453824,4,351,0,0
1081.668000,ADAPTIVE,MIXED,run01,THERMAL_LIDAR,0.12886500358581543,0.3611384630203247,0.21640625596046448,0.21718749403953552,0.21640625596046448,0.21640625596046448,359.0830993652344,1172,4385260,36861,8676,105.96863609279951,4,351,0,0
1082.667000,ADAPTIVE,MIXED,run01,THERMAL_LIDAR,0.1294071078300476,0.36091452836990356,0.21796874701976776,0.2174479216337204,0.21796874701976776,0.21796874701976776,321.7146911621094,1175,4396780,36885,8681,106.15984404556872,4,351,0,0
1083.667000,ADAPTIVE,MIXED,run01,THERMAL_LIDAR,0.12938174605369568,0.3600314259529114,0.21718749403953552,0.21536459028720856,0.21718749403953552,0.21718749403953552,275.0660400390625,1176,4400620,36889,8681,106.41495855151712,4,352,0,0
1084.667000,ADAPTIVE,MIXED,run01,THERMAL_LIDAR,0.12528808414936066,0.3572480380535126,0.2161458283662796,0.21770833432674408,0.2161458283662796,0.2161458283662796,331.2268981933594,1179,4412140,36908,8682,106.64883291033992,4,352,0,0
1085.668000,ADAPTIVE,MIXED,run01,THERMAL_LIDAR,0.12288487702608109,0.35561782121658325,0.21666666865348816,0.2174479216337204,0.21666666865348816,0.21666666865348816,330.5071716308594,1182,4423660,36912,8682,106.88478217270298,4,353,0,0
1086.667000,ADAPTIVE,MIXED,run01,THERMAL_LIDAR,0.1261325478553772,0.3576866686344147,0.2169835865497589,0.21672309935092926,0.2169835865497589,0.2169835865497589,271.3583679199219,1186,4439019,36930,8687,107.10274082646791,4,353,0,0
1087.667000,ADAPTIVE,MIXED,run01,THERMAL_LIDAR,0.12717096507549286,0.35810190439224243,0.2162584662437439,0.21756123006343842,0.2162584662437439,0.2162584662437439,357.9853820800781,1189,4450534,36954,8691,107.32571367632474,4,354,0,0
1088.667000,ADAPTIVE,MIXED,run01,THERMAL_LIDAR,0.12085369229316711,0.35406869649887085,0.217300683259964,0.21782177686691284,0.217300683259964,0.217300683259964,365.60845947265625,1191,4458210,36978,8697,107.55460316294928,4,355,0,0
1089.667000,ADAPTIVE,MIXED,run01,THERMAL_LIDAR,0.12688986957073212,0.3581310212612152,0.21637122333049774,0.21793535351753235,0.21637122333049774,0.21637122333049774,328.0960693359375,1194,4469718,37005,8701,107.7576603097013,4,355,0,0
1090.667000,ADAPTIVE,MIXED,run01,THERMAL_LIDAR,0.12814626097679138,0.3589048385620117,0.21773141622543335,0.2179921716451645,0.21773141622543335,0.21773141622543335,395.5423278808594,1197,4481224,37028,8706,107.97744527327765,4,356,0,0
1091.667000,ADAPTIVE,MIXED,run01,THERMAL_LIDAR,0.12038595974445343,0.35429248213768005,0.2177882045507431,0.21935315430164337,0.2177882045507431,0.2177882045507431,355.3678283691406,1200,4492725,37082,8712,108.2109303874011,4,357,0,0
1092.668000,ADAPTIVE,MIXED,run01,THERMAL_LIDAR,0.13052059710025787,0.3607957065105438,0.21665361523628235,0.2182197868824005,0.21665361523628235,0.21665361523628235,410.75946044921875,1202,4500389,37098,8713,108.39814152261332,4,358,0,0
1093.667000,ADAPTIVE,MIXED,run01,THERMAL_LIDAR,0.12804749608039856,0.35986894369125366,0.21760711073875427,0.2183908075094223,0.21760711073875427,0.21760711073875427,364.80877685546875,1204,4508048,37126,8718,108.65783171150457,4,358,0,0
1094.668000,ADAPTIVE,MIXED,run01,THERMAL_LIDAR,0.12406584620475769,0.35572299361228943,0.21740266680717468,0.2140057533979416,0.21740266680717468,0.21740266680717468,372.0474853515625,1207,4519530,37193,8728,108.91925878629094,4,359,0,0
1095.667000,ADAPTIVE,MIXED,run01,THERMAL_LIDAR,0.12457267940044403,0.358614444732666,0.21661876142024994,0.21635745465755463,0.21661876142024994,0.21661876142024994,380.09075927734375,1209,4527182,37209,8730,109.13098189564724,4,360,0,0
1096.668000,ADAPTIVE,MIXED,run01,THERMAL_LIDAR,0.12360148131847382,0.35826629400253296,0.21693675220012665,0.2177208513021469,0.21693675220012665,0.21693675220012665,424.4415283203125,1212,4538660,37234,8735,109.37432065676278,4,361,0,0
1097.667000,ADAPTIVE,MIXED,run01,THERMAL_LIDAR,0.12138836085796356,0.3569508492946625,0.2159477174282074,0.21960784494876862,0.2159477174282074,0.2159477174282074,390.1351013183594,1215,4550135,37267,8740,109.60190951522671,4,362,0,0
1098.669000,ADAPTIVE,MIXED,run01,THERMAL_LIDAR,0.12459845095872879,0.3595331609249115,0.21774405241012573,0.21879088878631592,0.21774405241012573,0.21774405241012573,321.20904541015625,1219,4565429,37305,8744,109.80644264542713,4,362,0,0
1099.668000,ADAPTIVE,MIXED,run01,THERMAL_LIDAR,0.12772533297538757,0.3618226647377014,0.21669720113277435,0.21852917969226837,0.21669720113277435,0.21669720113277435,340.4183044433594,1221,4573073,37315,8749,110.03248979687173,4,363,0,0
1100.667000,ADAPTIVE,MIXED,run01,THERMAL_LIDAR,0.12466884404420853,0.35991883277893066,0.21710698306560516,0.21684540808200836,0.21710698306560516,0.21710698306560516,319.30169677734375,1224,4584544,37340,8755,110.24550264956079,4,363,0,0
1101.668000,ADAPTIVE,MIXED,run01,THERMAL_LIDAR,0.12069137394428253,0.35719478130340576,0.21789170801639557,0.21841485798358917,0.21789170801639557,0.21789170801639557,327.1622619628906,1227,4596012,37367,8767,110.46340104014055,4,363,0,0
1102.668000,ADAPTIVE,MIXED,run01,THERMAL_LIDAR,0.12951502203941345,0.3639702796936035,0.21617378294467926,0.217482328414917,0.21617378294467926,0.21617378294467926,329.00408935546875,1230,4607478,37382,8772,110.67949808390424,4,364,0,0
1103.668000,ADAPTIVE,MIXED,run01,THERMAL_LIDAR,0.1274886280298233,0.36242640018463135,0.2170502096414566,0.21809624135494232,0.2170502096414566,0.2170502096414566,328.11431884765625,1233,4618946,37412,8776,110.9022436521977,4,365,0,0
1104.667000,ADAPTIVE,MIXED,run01,THERMAL_LIDAR,0.12366598844528198,0.35973379015922546,0.21620914340019226,0.21699346601963043,0.21620914340019226,0.21620914340019226,327.1552734375,1236,4630413,37422,8783,111.11864040028199,4,366,0,0
1105.667000,ADAPTIVE,MIXED,run01,THERMAL_LIDAR,0.11914442479610443,0.3563607335090637,0.21307189762592316,0.21359476447105408,0.21307189762592316,0.21307189762592316,272.05743408203125,1239,4641887,37447,8786,111.34583444233398,4,367,0,0
1106.667000,ADAPTIVE,MIXED,run01,THERMAL_LIDAR,0.13059698045253754,0.3648979961872101,0.2158912718296051,0.21824359893798828,0.2158912718296051,0.2158912718296051,299.38140869140625,1242,4653360,37461,8787,111.53745889841412,4,367,0,0
1107.668000,ADAPTIVE,MIXED,run01,THERMAL_LIDAR,0.12305141240358353,0.3593209385871887,0.21647058427333832,0.21856209635734558,0.21647058427333832,0.21647058427333832,475.8431091308594,1244,4661011,37466,8788,111.79038522309963,4,368,0,0
1108.667000,ADAPTIVE,MIXED,run01,THERMAL_LIDAR,0.12273214012384415,0.3587459921836853,0.21606068313121796,0.21789170801639557,0.21606068313121796,0.21606068313121796,644.600830078125,1246,4668659,37485,8790,112.01220805960679,4,369,0,0
1109.668000,ADAPTIVE,MIXED,run01,THERMAL_LIDAR,0.11896894872188568,0.35540494322776794,0.21574267745018005,0.2170502096414566,0.21574267745018005,0.21574267745018005,658.1046752929688,1247,4672483,37488,8790,112.24907841951716,4,369,0,0
1110.668000,ADAPTIVE,MIXED,run01,THERMAL_LIDAR,0.11989188194274902,0.35630667209625244,0.21557354927062988,0.21688006818294525,0.21557354927062988,0.21557354927062988,667.3106689453125,1249,4680137,37514,8790,112.47812391256319,4,370,0,0
1111.667000,ADAPTIVE,MIXED,run01,THERMAL_LIDAR,0.12242162227630615,0.3572182357311249,0.21751633286476135,0.21986928582191467,0.21751633286476135,0.21751633286476135,525.5932006835938,1252,4691614,37525,8793,112.70044612285628,4,370,0,0
1112.668000,ADAPTIVE,MIXED,run01,THERMAL_LIDAR,0.11898281425237656,0.3547542095184326,0.21447230875492096,0.21708464622497559,0.21447230875492096,0.21447230875492096,635.0284423828125,1253,4695442,37530,8794,112.92326366402462,4,370,0,0
1113.668000,ADAPTIVE,MIXED,run01,THERMAL_LIDAR,0.11813361197710037,0.35364603996276855,0.21353894472122192,0.21641400456428528,0.21353894472122192,0.21353894472122192,537.9024658203125,1256,4706923,37542,8795,113.14231191122347,4,371,0,0
1114.667000,ADAPTIVE,MIXED,run01,THERMAL_LIDAR,0.11837665736675262,0.3533388376235962,0.2147335410118103,0.21682339906692505,0.2147335410118103,0.2147335410118103,447.82452392578125,1258,4714579,37546,8796,113.37144676116189,4,372,0,0
1115.668000,ADAPTIVE,MIXED,run01,THERMAL_LIDAR,0.12037110328674316,0.35466960072517395,0.2159268856048584,0.2167101800441742,0.2159268856048584,0.2159268856048584,498.4375,1260,4722239,37557,8796,113.59887766405718,4,373,0,0
1116.667000,ADAPTIVE,MIXED,run01,THERMAL_LIDAR,0.12277792394161224,0.35513389110565186,0.21421107649803162,0.215256005525589,0.21421107649803162,0.21421107649803162,385.82330322265625,1262,4729897,37565,8798,113.83329613062867,4,373,0,0
1117.667000,ADAPTIVE,MIXED,run01,THERMAL_LIDAR,0.12201658636331558,0.3545033037662506,0.2144162952899933,0.21624444425106049,0.2144162952899933,0.2144162952899933,396.62677001953125,1265,4741385,37574,8798,114.06662444913691,4,373,0,0
1118.667000,ADAPTIVE,MIXED,run01,THERMAL_LIDAR,0.12307169288396835,0.3556312322616577,0.2141551375389099,0.21572211384773254,0.2141551375389099,0.2141551375389099,359.33209228515625,1268,4752876,37596,8800,114.28564296169391,4,374,0,0
1119.669000,ADAPTIVE,MIXED,run01,THERMAL_LIDAR,0.11465591192245483,0.34796056151390076,0.2124771624803543,0.2143043577671051,0.2124771624803543,0.2124771624803543,303.049072265625,1271,4764369,37607,8802,114.54776284720057,4,375,0,0
1120.668000,ADAPTIVE,MIXED,run01,THERMAL_LIDAR,0.12069343775510788,0.3517657220363617,0.21340985596179962,0.21627967059612274,0.21340985596179962,0.21340985596179962,298.9322814941406,1274,4775868,37623,8805,114.7634344398965,4,376,0,0
1121.667000,ADAPTIVE,MIXED,run01,THERMAL_LIDAR,0.12062527984380722,0.35229846835136414,0.21141813695430756,0.21402502059936523,0.21141813695430756,0.21141813695430756,302.6865539550781,1277,4787372,37627,8807,115.00209500267724,4,377,0,0
1122.667000,ADAPTIVE,MIXED,run01,THERMAL_LIDAR,0.1194455623626709,0.3509359657764435,0.21318738162517548,0.21501173079013824,0.21318738162517548,0.21318738162517548,313.0181579589844,1280,4798882,37646,8810,115.26800906928537,4,377,0,0
1123.667000,ADAPTIVE,MIXED,run01,THERMAL_LIDAR,0.12772785127162933,0.35615646839141846,0.21255534887313843,0.2138577699661255,0.21255534887313843,0.21255534887313843,288.9206848144531,1284,4814231,37656,8812,115.44613641183867,4,378,0,0
1124.667000,ADAPTIVE,MIXED,run01,THERMAL_LIDAR,0.124475859105587,0.35496190190315247,0.21119791269302368,0.21484375,0.21119791269302368,0.21119791269302368,293.1107177734375,1287,4825750,37667,8812,115.7105402357195,4,379,0,0
1125.667000,ADAPTIVE,MIXED,run01,THERMAL_LIDAR,0.13005851209163666,0.3569656014442444,0.21041665971279144,0.2135416716337204,0.21041665971279144,0.21041665971279144,268.5005187988281,1291,4841110,37692,8813,115.98941093964365,4,380,0,0
1126.667000,ADAPTIVE,MIXED,run01,THERMAL_LIDAR,0.1308934986591339,0.35763776302337646,0.21119791269302368,0.21432290971279144,0.21119791269302368,0.21119791269302368,292.6128845214844,1293,4848790,37701,8814,116.24320966856723,4,381,0,0
1127.667000,ADAPTIVE,MIXED,run01,THERMAL_LIDAR,0.13294284045696259,0.35879209637641907,0.2096354216337204,0.21197916567325592,0.2096354216337204,0.2096354216337204,261.1706848144531,1295,4856470,37722,8815,116.41962767978079,4,381,0,0
1128.667000,ADAPTIVE,MIXED,run01,THERMAL_LIDAR,0.12895473837852478,0.35617539286613464,0.2096354216337204,0.21250000596046448,0.2096354216337204,0.2096354216337204,390.67340087890625,1298,4867990,37729,8817,116.67491930050517,4,382,0,0
1129.667000,ADAPTIVE,MIXED,run01,THERMAL_LIDAR,0.12972012162208557,0.35645434260368347,0.21901041269302368,0.21718749403953552,0.21901041269302368,0.21901041269302368,464.243896484375,1300,4875670,37731,8817,116.94104501801182,4,382,0,0
1130.667000,ADAPTIVE,MIXED,run01,THERMAL_LIDAR,0.12737664580345154,0.354607492685318,0.21822915971279144,0.21770833432674408,0.21822915971279144,0.21822915971279144,564.4378662109375,1303,4887190,37750,8819,117.20169353927372,4,382,0,0
1131.667000,ADAPTIVE,MIXED,run01,THERMAL_LIDAR,0.1289188414812088,0.35522258281707764,0.21822915971279144,0.21640625596046448,0.21822915971279144,0.21822915971279144,526.0550537109375,1304,4891030,37787,8820,117.436148786117,4,383,0,0
1132.671000,ADAPTIVE,MIXED,run01,THERMAL_LIDAR,0.12395232170820236,0.3559553325176239,0.21796874701976776,0.21692708134651184,0.21796874701976776,0.21796874701976776,432.482421875,1306,4898710,37802,8843,117.7191875223713,4,384,0,0
1133.667000,ADAPTIVE,MIXED,run01,THERMAL_LIDAR,0.12607838213443756,0.36165010929107666,0.2200520783662796,0.21848958730697632,0.2200520783662796,0.2200520783662796,485.8202819824219,1308,4906390,37842,8861,117.89065576763649,4,385,0,0
1134.667000,ADAPTIVE,MIXED,run01,THERMAL_LIDAR,0.09205061942338943,0.32896822690963745,0.21848958730697632,0.21692708134651184,0.21848958730697632,0.21848958730697632,482.85614013671875,1311,4917910,37939,8899,117.99425467951451,4,386,0,0
1135.667000,ADAPTIVE,MIXED,run01,THERMAL_LIDAR,0.08248797059059143,0.31376227736473083,0.21901041269302368,0.21822915971279144,0.21901041269302368,0.21901041269302368,495.21649169921875,1313,4925590,37989,8928,118.20573810657287,4,387,0,0
1136.667000,ADAPTIVE,MIXED,run01,THERMAL_LIDAR,0.098731629550457,0.335400253534317,0.21848958730697632,0.21666666865348816,0.21848958730697632,0.21848958730697632,370.500244140625,1316,4937110,38177,8995,118.38965818978953,4,388,0,0
1137.668000,ADAPTIVE,MIXED,run01,THERMAL_LIDAR,0.09578683227300644,0.33223897218704224,0.22083333134651184,0.21927084028720856,0.22083333134651184,0.22083333134651184,400.9483642578125,1319,4948630,38248,9037,118.6126351598555,4,389,0,0
1138.668000,ADAPTIVE,MIXED,run01,THERMAL_LIDAR,0.12062540650367737,0.3564070761203766,0.20234374701976776,0.20937499403953552,0.20234374701976776,0.20234374701976776,314.9258117675781,1322,4960150,38253,9037,118.77073928554434,4,390,0,0
1139.667000,ADAPTIVE,MIXED,run01,THERMAL_LIDAR,0.12450068444013596,0.35939034819602966,0.20729166269302368,0.21406249701976776,0.20729166269302368,0.20729166269302368,300.7445983886719,1324,4967830,38280,9037,118.92316926145924,4,391,0,0
1140.669000,ADAPTIVE,MIXED,run01,THERMAL_LIDAR,0.13335439562797546,0.36613279581069946,0.21848958730697632,0.21171875298023224,0.21848958730697632,0.21848958730697632,326.6136169433594,1327,4979350,38322,9055,119.1932001206151,4,392,0,0
1141.667000,ADAPTIVE,MIXED,run01,THERMAL_LIDAR,0.14102371037006378,0.37133103609085083,0.21979166567325592,0.2135416716337204,0.21979166567325592,0.21979166567325592,312.451171875,1330,4990870,38333,9057,119.4540123539747,4,393,0,0
1142.667000,ADAPTIVE,MIXED,run01,THERMAL_LIDAR,0.1353369951248169,0.3674611449241638,0.21822915971279144,0.21250000596046448,0.21822915971279144,0.21822915971279144,305.1510314941406,1333,5002390,38354,9060,119.6544013677835,4,394,0,0
1143.667000,ADAPTIVE,MIXED,run01,THERMAL_LIDAR,0.13497410714626312,0.36699286103248596,0.21953125298023224,0.21510416269302368,0.21953125298023224,0.21953125298023224,306.79632568359375,1336,5013910,38356,9060,119.88156694931409,4,395,0,0
1144.668000,ADAPTIVE,MIXED,run01,THERMAL_LIDAR,0.12906323373317719,0.3643764555454254,0.21979166567325592,0.21640625596046448,0.21979166567325592,0.21979166567325592,304.0802001953125,1339,5025430,38366,9064,120.1507320056447,4,396,0,0
1145.667000,ADAPTIVE,MIXED,run01,THERMAL_LIDAR,0.13823790848255157,0.36966845393180847,0.22083333134651184,0.21796874701976776,0.22083333134651184,0.22083333134651184,398.55999755859375,1341,5033110,38366,9064,120.41183954053766,4,397,0,0
1146.667000,ADAPTIVE,MIXED,run01,THERMAL_LIDAR,0.12387382239103317,0.35976964235305786,0.21953125298023224,0.2174479216337204,0.21953125298023224,0.21953125298023224,454.0122985839844,1344,5044630,38388,9071,120.66725190537521,4,397,0,0
1147.669000,ADAPTIVE,MIXED,run01,THERMAL_LIDAR,0.13004566729068756,0.3632802367210388,0.21770833432674408,0.21536459028720856,0.21770833432674408,0.21770833432674408,515.0311279296875,1346,5052310,38388,9072,120.9277344215094,4,398,0,0
1148.668000,ADAPTIVE,MIXED,run01,THERMAL_LIDAR,0.1250002682209015,0.3592652976512909,0.21979166567325592,0.21770833432674408,0.21979166567325592,0.21979166567325592,602.0904541015625,1348,5059990,38392,9074,121.19530559414913,4,399,0,0
1149.671000,ADAPTIVE,MIXED,run01,THERMAL_LIDAR,0.13381122052669525,0.3668745756149292,0.22057291865348816,0.21927084028720856,0.22057291865348816,0.22057291865348816,540.3256225585938,1351,5071510,38398,9074,121.36183215015626,4,400,0,0
1150.669000,ADAPTIVE,MIXED,run01,THERMAL_LIDAR,0.1261136680841446,0.3604791462421417,0.21484375,0.21328124403953552,0.21484375,0.21484375,546.6854858398438,1353,5079190,38400,9074,121.57276659272647,4,401,0,0
1151.667000,ADAPTIVE,MIXED,run01,THERMAL_LIDAR,0.13283368945121765,0.3647432029247284,0.21875,0.21536459028720856,0.21875,0.21875,547.2125854492188,1355,5086870,38402,9074,121.80520516916461,4,401,0,0
1152.669000,ADAPTIVE,MIXED,run01,THERMAL_LIDAR,0.12244439125061035,0.3569962978363037,0.21822915971279144,0.21718749403953552,0.21822915971279144,0.21822915971279144,501.92333984375,1358,5098390,38416,9076,122.06496670212661,4,402,0,0
1153.668000,ADAPTIVE,MIXED,run01,THERMAL_LIDAR,0.12912791967391968,0.36294448375701904,0.2200520783662796,0.21718749403953552,0.2200520783662796,0.2200520783662796,461.2991638183594,1360,5106070,38422,9079,122.34528689285548,4,403,0,0
1154.668000,ADAPTIVE,MIXED,run01,THERMAL_LIDAR,0.12767910957336426,0.3608173727989197,0.21848958730697632,0.2161458283662796,0.21848958730697632,0.21848958730697632,423.73553466796875,1363,5117590,38444,9087,122.63148498807827,4,404,0,0
1155.668000,ADAPTIVE,MIXED,run01,THERMAL_LIDAR,0.137808158993721,0.36715105175971985,0.2178785502910614,0.21579359471797943,0.2178785502910614,0.2178785502910614,285.423095703125,1366,5129103,38455,9087,122.85440876437396,4,405,0,0
1156.667000,ADAPTIVE,MIXED,run01,THERMAL_LIDAR,0.1374908983707428,0.3669194281101227,0.21981747448444366,0.21382008492946625,0.21981747448444366,0.21981747448444366,271.55230712890625,1369,5140611,38462,9100,123.11240129939799,4,406,0,0
1157.667000,ADAPTIVE,MIXED,run01,THERMAL_LIDAR,0.13659334182739258,0.3650280237197876,0.22054223716259003,0.21871741116046906,0.22054223716259003,0.22054223716259003,277.0906982421875,1371,5148283,38513,9106,123.38720483810086,4,406,0,0
1158.667000,ADAPTIVE,MIXED,run01,THERMAL_LIDAR,0.14029236137866974,0.36607974767684937,0.2186277061700821,0.21732324361801147,0.2186277061700821,0.2186277061700821,298.189697265625,1374,5159785,38514,9106,123.66153637695972,4,407,0,0
1159.668000,ADAPTIVE,MIXED,run01,THERMAL_LIDAR,0.1346394419670105,0.3624425232410431,0.21952493488788605,0.2171756774187088,0.21952493488788605,0.21952493488788605,329.628173828125,1376,5167449,38522,9107,123.93884511115502,4,408,0,0
1160.667000,ADAPTIVE,MIXED,run01,THERMAL_LIDAR,0.12204405665397644,0.36006689071655273,0.219321146607399,0.2169712781906128,0.219321146607399,0.2187989503145218,309.0469055175781,1380,5182771,38525,9107,124.21840054426872,4,409,0,0
1161.667000,ADAPTIVE,MIXED,run01,THERMAL_LIDAR,0.13030217587947845,0.3583172559738159,0.21937842667102814,0.2178114354610443,0.21937842667102814,0.21937842667102814,366.5337829589844,1383,5194260,38531,9107,124.4689191127182,4,409,0,0
1162.668000,ADAPTIVE,MIXED,run01,THERMAL_LIDAR,0.12866106629371643,0.3565122187137604,0.2188560962677002,0.2178114354610443,0.2188560962677002,0.2188560962677002,444.20111083984375,1386,5205747,38534,9107,124.72331491122827,4,410,0,0
1163.667000,ADAPTIVE,MIXED,run01,THERMAL_LIDAR,0.13336431980133057,0.3587851822376251,0.21990075707435608,0.21676677465438843,0.21990075707435608,0.21990075707435608,485.330078125,1388,5213406,38534,9107,124.96408658579081,4,411,0,0
1164.667000,ADAPTIVE,MIXED,run01,THERMAL_LIDAR,0.12465271353721619,0.3524450361728668,0.2188560962677002,0.21546095609664917,0.2188560962677002,0.2188560962677002,573.3482055664062,1391,5224894,38540,9107,125.23538964323865,4,411,0,0
1165.668000,ADAPTIVE,MIXED,run01,THERMAL_LIDAR,0.12739072740077972,0.3539350926876068,0.21865203976631165,0.21551723778247833,0.21865203976631165,0.21865203976631165,683.34228515625,1393,5232550,38548,9108,125.43016485320442,4,412,0,0
1166.667000,ADAPTIVE,MIXED,run01,THERMAL_LIDAR,0.13834336400032043,0.3615359663963318,0.21937842667102814,0.21546095609664917,0.21937842667102814,0.21937842667102814,603.091796875,1395,5240207,38556,9109,125.66327595974398,4,412,0,0
1167.667000,ADAPTIVE,MIXED,run01,THERMAL_LIDAR,0.1370476484298706,0.35939064621925354,0.22048066556453705,0.21603970229625702,0.22048066556453705,0.22048066556453705,582.2587890625,1397,5247862,38557,9109,125.93416699015467,4,412,0,0
1168.672000,ADAPTIVE,MIXED,run01,THERMAL_LIDAR,0.1329968422651291,0.35775402188301086,0.21551723778247833,0.2110762745141983,0.21551723778247833,0.21551723778247833,560.4041748046875,1399,5255518,38561,9109,126.18060121246481,4,413,0,0
1169.667000,ADAPTIVE,MIXED,run01,THERMAL_LIDAR,0.13077948987483978,0.356828898191452,0.2192317694425583,0.2160961627960205,0.2192317694425583,0.2192317694425583,551.0570678710938,1401,5263171,38561,9109,126.42347474153668,4,414,0,0
1170.667000,ADAPTIVE,MIXED,run01,THERMAL_LIDAR,0.1376020908355713,0.3600994050502777,0.21478965878486633,0.2142670452594757,0.21478965878486633,0.21478965878486633,501.7593078613281,1404,5274652,38563,9109,126.65527796112309,4,415,0,0
1171.667000,ADAPTIVE,MIXED,run01,THERMAL_LIDAR,0.13005191087722778,0.3566005527973175,0.22184479236602783,0.2192317694425583,0.22184479236602783,0.22184479236602783,399.3837585449219,1407,5286131,38568,9110,126.89412753668701,4,415,0,0
1172.667000,ADAPTIVE,MIXED,run01,THERMAL_LIDAR,0.13650496304035187,0.3603608012199402,0.2197543829679489,0.2179252654314041,0.2197543829679489,0.2197543829679489,292.52423095703125,1409,5293782,38580,9114,127.1384128847529,4,416,0,0
1173.667000,ADAPTIVE,MIXED,run01,THERMAL_LIDAR,0.13047371804714203,0.35609889030456543,0.2204497903585434,0.21940375864505768,0.2204497903585434,0.2204497903585434,314.03411865234375,1412,5305257,38580,9114,127.3904944505773,4,416,0,0
1174.667000,ADAPTIVE,MIXED,run01,THERMAL_LIDAR,0.13755880296230316,0.3609580099582672,0.21882352232933044,0.21673202514648438,0.21882352232933044,0.21882352232933044,285.63787841796875,1414,5312905,38580,9114,127.61995383022015,4,416,0,0
1175.667000,ADAPTIVE,MIXED,run01,THERMAL_LIDAR,0.13645566999912262,0.3588540554046631,0.21652719378471375,0.21495816111564636,0.21652719378471375,0.21652719378471375,307.90625,1417,5324378,38582,9114,127.91819652862107,4,417,0,0
1176.667000,ADAPTIVE,MIXED,run01,THERMAL_LIDAR,0.13815847039222717,0.35929983854293823,0.22059592604637146,0.22085729241371155,0.22059592604637146,0.22059592604637146,321.1407165527344,1421,5339680,38584,9114,128.1980331096517,4,417,0,0
1177.677000,ADAPTIVE,MIXED,run01,THERMAL_LIDAR,0.11574279516935349,0.3439277112483978,0.2198377400636673,0.21957603096961975,0.2198377400636673,0.2198377400636673,312.91156005859375,1423,5347323,38584,9114,128.46241702571044,4,418,0,0
1178.667000,ADAPTIVE,MIXED,run01,THERMAL_LIDAR,0.1329207569360733,0.3566257953643799,0.21914225816726685,0.21914225816726685,0.21914225816726685,0.21914225816726685,391.27105712890625,1425,5354972,38584,9114,128.6219525806274,4,419,0,0
1179.672000,ADAPTIVE,MIXED,run01,THERMAL_LIDAR,0.1311003565788269,0.35499462485313416,0.21986928582191467,0.21830065548419952,0.21986928582191467,0.21986928582191467,456.5257263183594,1428,5366447,38604,9118,128.76726222739092,4,419,0,0
1180.667000,ADAPTIVE,MIXED,run01,THERMAL_LIDAR,0.12114400416612625,0.347798228263855,0.2182103544473648,0.21585556864738464,0.2182103544473648,0.2182103544473648,491.5271301269531,1430,5374091,38613,9118,128.9547231921796,4,420,0,0
1181.672000,ADAPTIVE,MIXED,run01,THERMAL_LIDAR,0.1095976009964943,0.33224084973335266,0.21213705837726593,0.21710698306560516,0.21213705837726593,0.21213705837726593,556.075927734375,1432,5381738,38614,9118,129.12052383500705,4,421,0,0
1182.667000,ADAPTIVE,MIXED,run01,THERMAL_LIDAR,0.1149328351020813,0.3410860598087311,0.21850496530532837,0.21719811856746674,0.21850496530532837,0.21850496530532837,610.0721435546875,1434,5389389,38807,9245,129.36647073041675,4,421,0,0
1183.667000,ADAPTIVE,MIXED,run01,THERMAL_LIDAR,0.13232503831386566,0.3552114963531494,0.21919958293437958,0.21553753316402435,0.21919958293437958,0.21919958293437958,447.4941711425781,1437,5400859,38808,9245,129.42791429223698,4,422,0,0
1184.670000,ADAPTIVE,MIXED,run01,THERMAL_LIDAR,0.13102583587169647,0.35432517528533936,0.2172549068927765,0.21228757500648499,0.2172549068927765,0.2172549068927765,480.61163330078125,1439,5408509,38808,9245,129.6849042507266,4,423,0,0
1185.668000,ADAPTIVE,MIXED,run01,THERMAL_LIDAR,0.1345084309577942,0.35644087195396423,0.218619242310524,0.21312761306762695,0.218619242310524,0.218619242310524,387.28851318359375,1441,5416157,38808,9245,129.95119128397818,4,424,0,0
1186.667000,ADAPTIVE,MIXED,run01,THERMAL_LIDAR,0.13715748488903046,0.3584398329257965,0.218619242310524,0.21495816111564636,0.218619242310524,0.218619242310524,412.99212646484375,1443,5423806,38810,9245,130.22087653532228,4,425,0,0
1187.667000,ADAPTIVE,MIXED,run01,THERMAL_LIDAR,0.14134402573108673,0.3600297272205353,0.21882352232933044,0.21620914340019226,0.21882352232933044,0.21882352232933044,426.86968994140625,1446,5435283,38810,9245,130.5402827605334,4,426,0,0
1188.668000,ADAPTIVE,MIXED,run01,THERMAL_LIDAR,0.13807176053524017,0.35799142718315125,0.21803921461105347,0.21542483568191528,0.21803921461105347,0.21803921461105347,306.7123718261719,1450,5450585,38821,9247,130.75165293454586,4,426,0,0
1189.667000,ADAPTIVE,MIXED,run01,THERMAL_LIDAR,0.13734030723571777,0.359048455953598,0.21818657219409943,0.2158348560333252,0.21818657219409943,0.21818657219409943,322.310546875,1453,5462068,38834,9247,130.98608597767992,4,427,0,0
1190.667000,ADAPTIVE,MIXED,run01,THERMAL_LIDAR,0.1277448982000351,0.3535987138748169,0.21859493851661682,0.21807260811328888,0.21859493851661682,0.21859493851661682,289.791748046875,1456,5473553,38834,9247,131.2345655436721,4,427,0,0
1191.668000,ADAPTIVE,MIXED,run01,THERMAL_LIDAR,0.13608703017234802,0.3579457104206085,0.2177545726299286,0.2169712781906128,0.2177545726299286,0.2177545726299286,301.595458984375,1459,5485044,38837,9247,131.49252689548973,4,428,0,0
1192.667000,ADAPTIVE,MIXED,run01,THERMAL_LIDAR,0.13713188469409943,0.35805919766426086,0.21842379868030548,0.21816283464431763,0.21842379868030548,0.21842379868030548,316.81427001953125,1462,5496539,38851,9249,131.70058774467728,5,428,0,0
1193.667000,ADAPTIVE,MIXED,run01,THERMAL_LIDAR,0.13343113660812378,0.3557378351688385,0.2180490344762802,0.21674491465091705,0.2180490344762802,0.2180490344762802,286.03033447265625,1466,5511871,38857,9249,131.8818422982413,6,428,0,0
1194.667000,ADAPTIVE,MIXED,run01,THERMAL_LIDAR,0.13361313939094543,0.3558306097984314,0.21961398422718048,0.21909232437610626,0.21961398422718048,0.21961398422718048,306.8153381347656,1469,5523371,38883,9250,131.89509649531922,6,429,0,0
1195.667000,ADAPTIVE,MIXED,run01,THERMAL_LIDAR,0.12866228818893433,0.3517206907272339,0.2174706608057022,0.2187744528055191,0.2174706608057022,0.2174706608057022,288.9511413574219,1471,5531041,38970,9289,131.95880835945687,6,430,0,0
1196.667000,ADAPTIVE,MIXED,run01,THERMAL_LIDAR,0.1309393048286438,0.3555231988430023,0.21819603443145752,0.21871741116046906,0.21819603443145752,0.21819603443145752,329.8658447265625,1474,5542547,39005,9297,132.14771554200277,6,431,0,0
1197.667000,ADAPTIVE,MIXED,run01,THERMAL_LIDAR,0.130014106631279,0.3571862280368805,0.2174706608057022,0.2187744528055191,0.2174706608057022,0.2174706608057022,434.560302734375,1477,5554052,39011,9302,132.33901010584214,6,431,0,0
1198.667000,ADAPTIVE,MIXED,run01,THERMAL_LIDAR,0.1271507740020752,0.35593193769454956,0.2179921716451645,0.21773141622543335,0.2179921716451645,0.2179921716451645,638.2543334960938,1479,5561722,39040,9316,132.57911940510715,6,431,0,0
1199.667000,ADAPTIVE,MIXED,run01,THERMAL_LIDAR,0.13673937320709229,0.3600105345249176,0.2222222238779068,0.2219613939523697,0.2222222238779068,0.2222222238779068,710.4337768554688,1481,5569391,39066,9321,132.73953897410127,6,432,0,0
1200.667000,ADAPTIVE,MIXED,run01,THERMAL_LIDAR,0.1353737711906433,0.3596847951412201,0.21857067942619324,0.21674491465091705,0.21857067942619324,0.21857067942619324,565.3562622070312,1483,5577059,39078,9326,132.94304536888538,6,432,0,0
1201.668000,ADAPTIVE,MIXED,run01,THERMAL_LIDAR,0.13182753324508667,0.3578868508338928,0.21720990538597107,0.21694914996623993,0.21720990538597107,0.21720990538597107,631.801513671875,1484,5580894,39102,9344,133.18703415205204,6,433,0,0
1202.667000,ADAPTIVE,MIXED,run01,THERMAL_LIDAR,0.1408282369375229,0.36258700489997864,0.2186277061700821,0.21914948523044586,0.2186277061700821,0.2186277061700821,576.9176635742188,1487,5592395,39128,9347,133.47002654614982,6,434,0,0
1203.668000,ADAPTIVE,MIXED,run01,THERMAL_LIDAR,0.13005156815052032,0.3559471368789673,0.21883150935173035,0.21857067942619324,0.21883150935173035,0.21883150935173035,518.4683837890625,1489,5600062,39130,9348,133.7787422482284,6,435,0,0
1204.670000,ADAPTIVE,MIXED,run01,THERMAL_LIDAR,0.13217774033546448,0.3584519624710083,0.21393164992332458,0.21601878106594086,0.21393164992332458,0.21393164992332458,422.8490905761719,1491,5607729,39134,9348,133.96426283215638,6,436,0,0
1205.668000,ADAPTIVE,MIXED,run01,THERMAL_LIDAR,0.13077116012573242,0.3577919006347656,0.21294362843036652,0.21633611619472504,0.21294362843036652,0.21294362843036652,376.405029296875,1494,5619224,39135,9348,134.19163418040986,6,437,0,0
1206.667000,ADAPTIVE,MIXED,run01,THERMAL_LIDAR,0.13477948307991028,0.3607986569404602,0.21795876324176788,0.21795876324176788,0.21795876324176788,0.21795876324176788,455.0597229003906,1496,5626887,39147,9348,134.46162831358725,6,437,0,0
1207.667000,ADAPTIVE,MIXED,run01,THERMAL_LIDAR,0.14189405739307404,0.36465325951576233,0.21572211384773254,0.21807260811328888,0.21572211384773254,0.21572211384773254,344.24945068359375,1498,5634547,39148,9348,134.72392874389814,6,438,0,0
1208.669000,ADAPTIVE,MIXED,run01,THERMAL_LIDAR,0.1301877796649933,0.3586762547492981,0.21531225740909576,0.21766397356987,0.21531225740909576,0.21531225740909576,334.1401062011719,1501,5646031,39148,9348,135.01944237652154,6,439,0,0
1209.667000,ADAPTIVE,MIXED,run01,THERMAL_LIDAR,0.1354360580444336,0.36226686835289,0.21577847003936768,0.21708464622497559,0.21577847003936768,0.21577847003936768,318.2529602050781,1504,5657513,39148,9348,135.19220564394368,6,440,0,0
1210.669000,ADAPTIVE,MIXED,run01,THERMAL_LIDAR,0.13841435313224792,0.36435961723327637,0.21301621198654175,0.2140616774559021,0.21301621198654175,0.21301621198654175,309.04443359375,1507,5668991,39149,9348,135.45171396075128,6,441,0,0
1211.669000,ADAPTIVE,MIXED,run01,THERMAL_LIDAR,0.1351100355386734,0.3635011613368988,0.21824359893798828,0.21850496530532837,0.21824359893798828,0.21824359893798828,299.3350830078125,1510,5680467,39150,9348,135.72530095134087,6,442,0,0
1212.669000,ADAPTIVE,MIXED,run01,THERMAL_LIDAR,0.1337570697069168,0.36316412687301636,0.21562990546226501,0.2177208513021469,0.21562990546226501,0.21562990546226501,313.66143798828125,1513,5691943,39153,9348,135.93483793987843,6,443,0,0
1213.667000,ADAPTIVE,MIXED,run01,THERMAL_LIDAR,0.134614035487175,0.36392518877983093,0.2159477174282074,0.2172549068927765,0.2159477174282074,0.2159477174282074,317.2197265625,1516,5703418,39157,9348,136.1725101435493,6,443,0,0
1214.669000,ADAPTIVE,MIXED,run01,THERMAL_LIDAR,0.1418834626674652,0.36752083897590637,0.21469664573669434,0.21678870916366577,0.21469664573669434,0.21469664573669434,288.1191101074219,1519,5714890,39157,9348,136.3604271964339,6,444,0,0
1215.667000,ADAPTIVE,MIXED,run01,THERMAL_LIDAR,0.1349346786737442,0.363859087228775,0.2119707316160202,0.2177208513021469,0.2119707316160202,0.2119707316160202,300.61053466796875,1522,5726362,39159,9348,136.6018824498131,6,445,0,0
1216.667000,ADAPTIVE,MIXED,run01,THERMAL_LIDAR,0.13118690252304077,0.36256664991378784,0.2133333384990692,0.21934640407562256,0.2133333384990692,0.2133333384990692,313.72900390625,1525,5737835,39159,9348,136.76726488847532,6,446,0,0
1217.668000,ADAPTIVE,MIXED,run01,THERMAL_LIDAR,0.1333751380443573,0.3635229766368866,0.2141176462173462,0.21699346601963043,0.2141176462173462,0.2141176462173462,537.0552978515625,1528,5749307,39160,9348,137.02393028770646,6,447,0,0
1218.667000,ADAPTIVE,MIXED,run01,THERMAL_LIDAR,0.13707850873470306,0.3651416301727295,0.21527595818042755,0.21710698306560516,0.21527595818042755,0.21527595818042755,413.303466796875,1529,5753130,39160,9348,137.29508950593078,6,448,0,0
1219.674000,ADAPTIVE,MIXED,run01,THERMAL_LIDAR,0.12924812734127045,0.36143630743026733,0.21632225811481476,0.21867643296718597,0.21632225811481476,0.21632225811481476,635.9979248046875,1531,5760776,39160,9348,137.45406132615133,6,449,0,0
1220.667000,ADAPTIVE,MIXED,run01,THERMAL_LIDAR,0.12058836966753006,0.35493871569633484,0.21385620534420013,0.21568627655506134,0.21385620534420013,0.21385620534420013,728.2315673828125,1532,5764601,39160,9348,137.64847654530524,6,450,0,0
1221.667000,ADAPTIVE,MIXED,run01,THERMAL_LIDAR,0.12494388222694397,0.3577452003955841,0.21385620534420013,0.21647058427333832,0.21385620534420013,0.21385620534420013,587.3804931640625,1534,5772252,39166,9348,137.9574243638297,6,450,0,0
1222.678000,ADAPTIVE,MIXED,run01,THERMAL_LIDAR,0.12290029972791672,0.3559422194957733,0.2158348560333252,0.21766397356987,0.2158348560333252,0.2158348560333252,564.5087280273438,1536,5779905,39166,9348,138.19308544738865,6,451,0,0
1223.668000,ADAPTIVE,MIXED,run01,THERMAL_LIDAR,0.12020251899957657,0.35370251536369324,0.21348313987255096,0.21557354927062988,0.21348313987255096,0.21348313987255096,540.7001342773438,1538,5787557,39166,9348,138.41764225593673,6,452,0,0
1224.667000,ADAPTIVE,MIXED,run01,THERMAL_LIDAR,0.13247837126255035,0.36108869314193726,0.21307189762592316,0.21542483568191528,0.21307189762592316,0.21307189762592316,516.6029663085938,1540,5795208,39166,9348,138.63988820348146,6,453,0,0
1225.668000,ADAPTIVE,MIXED,run01,THERMAL_LIDAR,0.13546614348888397,0.3616192936897278,0.21421107649803162,0.215256005525589,0.21421107649803162,0.21421107649803162,437.27618408203125,1543,5806691,39167,9348,138.90597511229967,6,453,0,0
1226.668000,ADAPTIVE,MIXED,run01,THERMAL_LIDAR,0.1335931122303009,0.36059799790382385,0.21139273047447205,0.21557354927062988,0.21139273047447205,0.21139273047447205,455.0733947753906,1546,5818173,39167,9348,139.06574349240196,6,453,0,0
1227.667000,ADAPTIVE,MIXED,run01,THERMAL_LIDAR,0.10428457707166672,0.33883944153785706,0.21557354927062988,0.2160961627960205,0.21557354927062988,0.21557354927062988,412.314208984375,1549,5829656,39168,9348,139.30907974984078,6,454,0,0
1228.667000,ADAPTIVE,MIXED,run01,THERMAL_LIDAR,0.1343366950750351,0.36067891120910645,0.21389396488666534,0.21676677465438843,0.21389396488666534,0.21389396488666534,353.9043884277344,1552,5841142,39177,9349,139.6861143659327,6,454,0,0
1229.667000,ADAPTIVE,MIXED,run01,THERMAL_LIDAR,0.1280589997768402,0.35892927646636963,0.21467746794223785,0.21650561690330505,0.21467746794223785,0.21467746794223785,301.3671875,1555,5852629,39179,9350,139.87313179541184,6,454,0,0
1230.667000,ADAPTIVE,MIXED,run01,THERMAL_LIDAR,0.11390605568885803,0.3497430086135864,0.21023766696453094,0.21389396488666534,0.21023766696453094,0.21023766696453094,267.0956115722656,1559,5867946,39183,9350,139.97698976161985,6,455,0,0
1231.667000,ADAPTIVE,MIXED,run01,THERMAL_LIDAR,0.11402376741170883,0.349958211183548,0.21311047673225403,0.21389396488666534,0.21311047673225403,0.21311047673225403,331.7381591796875,1561,5875604,39183,9351,140.2600587122276,6,455,0,0
1232.667000,ADAPTIVE,MIXED,run01,THERMAL_LIDAR,0.09776478260755539,0.3320605456829071,0.21452835202217102,0.21714136004447937,0.21452835202217102,0.21452835202217102,326.5943298339844,1564,5887089,39184,9352,140.3822034244455,6,456,0,0
1233.667000,ADAPTIVE,MIXED,run01,THERMAL_LIDAR,0.1026197224855423,0.33832257986068726,0.20762601494789124,0.2099216729402542,0.20762601494789124,0.20762601494789124,301.7908935546875,1567,5898574,39184,9352,140.65705037073954,6,457,0,0
1234.667000,ADAPTIVE,MIXED,run01,THERMAL_LIDAR,0.12012438476085663,0.35383984446525574,0.20658135414123535,0.21389396488666534,0.20658135414123535,0.20658135414123535,314.0542907714844,1571,5913891,39186,9354,140.78792226973485,6,457,0,0
1235.668000,ADAPTIVE,MIXED,run01,THERMAL_LIDAR,0.12705931067466736,0.35758301615715027,0.21139273047447205,0.2142670452594757,0.21139273047447205,0.21139273047447205,334.42926025390625,1574,5925376,39186,9354,141.01109946934318,6,457,0,0
1236.667000,ADAPTIVE,MIXED,run01,THERMAL_LIDAR,0.14131973683834076,0.3631074130535126,0.2089318335056305,0.21311047673225403,0.2089318335056305,0.2089318335056305,287.21307373046875,1576,5933035,39186,9354,141.2406401516655,6,458,0,0
1237.667000,ADAPTIVE,MIXED,run01,THERMAL_LIDAR,0.1253688484430313,0.3522985875606537,0.21023766696453094,0.21467746794223785,0.21023766696453094,0.21023766696453094,284.5928039550781,1580,5948351,39186,9354,141.60050627979973,6,458,0,0
1238.668000,ADAPTIVE,MIXED,run01,THERMAL_LIDAR,0.13196836411952972,0.3579728901386261,0.211598739027977,0.21368861198425293,0.211598739027977,0.211598739027977,408.9831848144531,1581,5952179,39187,9354,141.7575647758002,6,458,0,0
1239.669000,ADAPTIVE,MIXED,run01,THERMAL_LIDAR,0.13333015143871307,0.3579854965209961,0.21572211384773254,0.2159832864999771,0.21572211384773254,0.21572211384773254,564.8814086914062,1583,5959836,39187,9354,141.94605614003524,6,459,0,0
1240.671000,ADAPTIVE,MIXED,run01,THERMAL_LIDAR,0.12967781722545624,0.3541736900806427,0.21749347448349,0.2182767689228058,0.21749347448349,0.21749347448349,605.8178100585938,1585,5967496,39195,9356,142.27493035336786,6,460,0,0
1241.671000,ADAPTIVE,MIXED,run01,THERMAL_LIDAR,0.13321760296821594,0.3576977550983429,0.2196395993232727,0.2196395993232727,0.2196395993232727,0.2196395993232727,859.3911743164062,1587,5975155,39201,9362,142.45244336311708,6,460,0,0
1242.667000,ADAPTIVE,MIXED,run01,THERMAL_LIDAR,0.12836353480815887,0.3571377992630005,0.2185378521680832,0.2185378521680832,0.2185378521680832,0.2185378521680832,523.8462524414062,1588,5978985,39201,9362,142.59544113823128,6,461,0,0
1243.670000,ADAPTIVE,MIXED,run01,THERMAL_LIDAR,0.12463792413473129,0.35336005687713623,0.21868476271629333,0.21842379868030548,0.21868476271629333,0.21868476271629333,591.4260864257812,1591,5990479,39205,9366,142.86446200893582,6,462,0,0
1244.667000,ADAPTIVE,MIXED,run01,THERMAL_LIDAR,0.1201975867152214,0.3495747447013855,0.21868476271629333,0.21868476271629333,0.21868476271629333,0.21868476271629333,454.87841796875,1593,5998143,39210,9369,143.10774914974292,6,463,0,0
1245.667000,ADAPTIVE,MIXED,run01,THERMAL_LIDAR,0.11867447197437286,0.3495138883590698,0.21413667500019073,0.2175273895263672,0.21413667500019073,0.21413667500019073,513.553466796875,1596,6009643,39211,9369,143.3015082549554,6,464,0,0
1246.667000,ADAPTIVE,MIXED,run01,THERMAL_LIDAR,0.11460809409618378,0.34730735421180725,0.2109517604112625,0.21460235118865967,0.2109517604112625,0.2109517604112625,396.42327880859375,1598,6017313,39212,9369,143.52331629694729,6,465,0,0
1247.667000,ADAPTIVE,MIXED,run01,THERMAL_LIDAR,0.11517278105020523,0.34618258476257324,0.21422986686229706,0.21527235209941864,0.21422986686229706,0.21422986686229706,403.521484375,1601,6028824,39212,9369,143.75497841535835,6,466,0,0
1248.668000,ADAPTIVE,MIXED,run01,THERMAL_LIDAR,0.1252879798412323,0.35428422689437866,0.2138577699661255,0.21932795643806458,0.2138577699661255,0.2138577699661255,358.8692321777344,1604,6040341,39212,9369,144.0115120481694,7,466,0,0
1249.667000,ADAPTIVE,MIXED,run01,THERMAL_LIDAR,0.12153051793575287,0.3524378836154938,0.21041665971279144,0.21067708730697632,0.21041665971279144,0.21041665971279144,279.7213439941406,1608,6055701,39214,9369,144.17994404809295,8,466,0,0
1250.668000,ADAPTIVE,MIXED,run01,THERMAL_LIDAR,0.12168056517839432,0.35256072878837585,0.21171875298023224,0.21432290971279144,0.21171875298023224,0.21171875298023224,307.1468200683594,1610,6063381,39214,9369,144.19578942980544,8,467,0,0
1251.667000,ADAPTIVE,MIXED,run01,THERMAL_LIDAR,0.13571695983409882,0.35817381739616394,0.20885416865348816,0.21380208432674408,0.20885416865348816,0.20885416865348816,344.69171142578125,1613,6074901,39228,9375,144.2457198204503,8,468,0,0
1252.670000,ADAPTIVE,MIXED,run01,THERMAL_LIDAR,0.13805435597896576,0.3533352017402649,0.20885416865348816,0.2122395783662796,0.20885416865348816,0.20885416865348816,328.0272521972656,1616,6086421,39228,9375,144.44178175616588,8,469,0,0
1253.668000,ADAPTIVE,MIXED,run01,THERMAL_LIDAR,0.13296018540859222,0.35031524300575256,0.2109375,0.21380208432674408,0.2109375,0.2109375,311.87042236328125,1619,6097941,39228,9375,144.67407815090016,8,470,0,0
1254.667000,ADAPTIVE,MIXED,run01,THERMAL_LIDAR,0.14772595465183258,0.36042520403862,0.2174479216337204,0.21770833432674408,0.2174479216337204,0.2174479216337204,310.6285095214844,1622,6109461,39228,9375,144.8018085382012,8,471,0,0
1255.668000,ADAPTIVE,MIXED,run01,THERMAL_LIDAR,0.1432768851518631,0.36520886421203613,0.21822915971279144,0.21875,0.21822915971279144,0.21822915971279144,446.2712707519531,1625,6120981,39230,9375,145.03408585898603,8,472,0,0
1256.671000,ADAPTIVE,MIXED,run01,THERMAL_LIDAR,0.14981141686439514,0.37132978439331055,0.21770833432674408,0.21718749403953552,0.21770833432674408,0.21770833432674408,486.23126220703125,1627,6128661,39230,9375,145.271679875331,8,473,0,0
1257.669000,ADAPTIVE,MIXED,run01,THERMAL_LIDAR,0.1325901299715042,0.36290866136550903,0.21666666865348816,0.21770833432674408,0.21666666865348816,0.21666666865348816,511.72686767578125,1629,6136341,39230,9375,145.51479182029814,8,474,0,0
1258.668000,ADAPTIVE,MIXED,run01,THERMAL_LIDAR,0.13815940916538239,0.36332497000694275,0.21588541567325592,0.21796874701976776,0.21588541567325592,0.21588541567325592,617.9273071289062,1631,6144021,39230,9375,145.70695390326904,8,475,0,0
1259.670000,ADAPTIVE,MIXED,run01,THERMAL_LIDAR,0.13645613193511963,0.36183273792266846,0.21848958730697632,0.21822915971279144,0.21848958730697632,0.21848958730697632,489.1459655761719,1634,6155541,39234,9376,145.97807709340637,8,475,0,0
1260.667000,ADAPTIVE,MIXED,run01,THERMAL_LIDAR,0.13025012612342834,0.35827434062957764,0.21901041269302368,0.21796874701976776,0.21901041269302368,0.21901041269302368,497.57861328125,1636,6163221,39241,9379,146.23042727192035,8,475,0,0
1261.667000,ADAPTIVE,MIXED,run01,THERMAL_LIDAR,0.1323843002319336,0.35793405771255493,0.21666666865348816,0.21822915971279144,0.21666666865348816,0.21666666865348816,507.0987243652344,1638,6170901,39242,9379,146.47021917746068,8,476,0,0
1262.668000,ADAPTIVE,MIXED,run01,THERMAL_LIDAR,0.13692426681518555,0.359589546918869,0.21718749403953552,0.21875,0.21718749403953552,0.21718749403953552,497.26300048828125,1640,6178581,39247,9379,146.73028562140158,8,476,0,0
1263.667000,ADAPTIVE,MIXED,run01,THERMAL_LIDAR,0.15149563550949097,0.37081921100616455,0.21588541567325592,0.21770833432674408,0.21588541567325592,0.21588541567325592,446.790771484375,1642,6186261,39250,9379,146.90443061476412,8,477,0,0
1264.667000,ADAPTIVE,MIXED,run01,THERMAL_LIDAR,0.12296635657548904,0.35571935772895813,0.21588541567325592,0.21848958730697632,0.21588541567325592,0.21588541567325592,354.1034240722656,1645,6197781,39253,9379,147.31801686521342,8,478,0,0
1265.668000,ADAPTIVE,MIXED,run01,THERMAL_LIDAR,0.14298760890960693,0.3648015856742859,0.21510416269302368,0.21197916567325592,0.21510416269302368,0.21510416269302368,280.7603454589844,1648,6209301,39255,9380,147.60290306929116,8,478,0,0
1266.667000,ADAPTIVE,MIXED,run01,THERMAL_LIDAR,0.1420387625694275,0.36469975113868713,0.2161458283662796,0.21536459028720856,0.2161458283662796,0.2161458283662796,309.5268859863281,1649,6213141,39256,9380,147.82335974848223,8,479,0,0
1267.667000,ADAPTIVE,MIXED,run01,THERMAL_LIDAR,0.1457464098930359,0.36926084756851196,0.21119791269302368,0.21302083134651184,0.21119791269302368,0.21119791269302368,297.23980712890625,1650,6216981,39268,9381,148.1005335941466,8,480,0,0
1268.667000,ADAPTIVE,MIXED,run01,THERMAL_LIDAR,0.13459496200084686,0.36286526918411255,0.21484375,0.21562500298023224,0.21484375,0.21484375,320.05230712890625,1654,6232341,39270,9381,148.36130162788646,8,480,0,0
1269.669000,ADAPTIVE,MIXED,run01,THERMAL_LIDAR,0.1280059814453125,0.3554314076900482,0.21718749403953552,0.21901041269302368,0.21718749403953552,0.21718749403953552,284.9526672363281,1657,6243861,39272,9381,148.59072090081006,8,480,0,0
1270.667000,ADAPTIVE,MIXED,run01,THERMAL_LIDAR,0.1394921839237213,0.36495980620384216,0.2161458283662796,0.21692708134651184,0.2161458283662796,0.2161458283662796,297.1492919921875,1660,6255381,39276,9381,148.74067279984882,8,481,0,0
1271.677000,ADAPTIVE,MIXED,run01,THERMAL_LIDAR,0.13041913509368896,0.3564082682132721,0.21718749403953552,0.21796874701976776,0.21718749403953552,0.21718749403953552,370.12884521484375,1662,6263061,39277,9381,148.99247044351006,8,481,0,0
1272.667000,ADAPTIVE,MIXED,run01,THERMAL_LIDAR,0.14256544411182404,0.36635881662368774,0.21666666865348816,0.21848958730697632,0.21666666865348816,0.21666666865348816,452.5041809082031,1665,6274581,39278,9382,149.16879575855643,8,482,0,0
1273.667000,ADAPTIVE,MIXED,run01,THERMAL_LIDAR,0.14028027653694153,0.3671207129955292,0.21718749403953552,0.21718749403953552,0.21718749403953552,0.21718749403953552,439.2314453125,1668,6286101,39280,9382,149.4271672778892,8,483,0,0
1274.667000,ADAPTIVE,MIXED,run01,THERMAL_LIDAR,0.141316756606102,0.3656971752643585,0.21718749403953552,0.21848958730697632,0.21718749403953552,0.21718749403953552,628.1869506835938,1670,6293781,39280,9382,149.65571461013084,8,484,0,0
1275.668000,ADAPTIVE,MIXED,run01,THERMAL_LIDAR,0.1326887160539627,0.36012130975723267,0.21875,0.21822915971279144,0.21875,0.21875,656.3460083007812,1673,6305301,39298,9388,149.8810677099986,8,485,0,0
1276.668000,ADAPTIVE,MIXED,run01,THERMAL_LIDAR,0.13710087537765503,0.3649482727050781,0.21718749403953552,0.2174479216337204,0.21718749403953552,0.21718749403953552,667.8101806640625,1674,6309141,39300,9388,150.12952351543356,8,486,0,0
1277.667000,ADAPTIVE,MIXED,run01,THERMAL_LIDAR,0.14170637726783752,0.36423590779304504,0.21875,0.21927084028720856,0.21875,0.21875,639.2214965820312,1676,6316821,39302,9388,150.30225078175755,8,486,0,0
1278.667000,ADAPTIVE,MIXED,run01,THERMAL_LIDAR,0.13770124316215515,0.3619254231452942,0.2174479216337204,0.21848958730697632,0.2174479216337204,0.2174479216337204,567.6328735351562,1678,6324501,39302,9388,150.5936687319352,8,487,0,0
1279.667000,ADAPTIVE,MIXED,run01,THERMAL_LIDAR,0.13498283922672272,0.3628247380256653,0.21796874701976776,0.2174479216337204,0.21796874701976776,0.21796874701976776,597.5858764648438,1680,6332181,39304,9388,150.82890737059262,8,488,0,0
1280.668000,ADAPTIVE,MIXED,run01,THERMAL_LIDAR,0.137125626206398,0.36341506242752075,0.21718749403953552,0.21718749403953552,0.21718749403953552,0.21718749403953552,415.8403015136719,1682,6339861,39309,9389,151.0434532349045,8,489,0,0
1281.667000,ADAPTIVE,MIXED,run01,THERMAL_LIDAR,0.1387731432914734,0.36223623156547546,0.21718749403953552,0.21770833432674408,0.21718749403953552,0.21718749403953552,364.1304931640625,1685,6351381,39321,9393,151.22865648430786,8,489,0,0
1282.667000,ADAPTIVE,MIXED,run01,THERMAL_LIDAR,0.13780252635478973,0.36417344212532043,0.21796874701976776,0.21901041269302368,0.21796874701976776,0.21796874701976776,356.2299499511719,1687,6359061,39326,9393,151.5103956646756,8,490,0,0
1283.667000,ADAPTIVE,MIXED,run01,THERMAL_LIDAR,0.1406090259552002,0.364967942237854,0.2174479216337204,0.21770833432674408,0.2174479216337204,0.2174479216337204,297.6244812011719,1689,6366741,39331,9393,151.76404961951494,8,490,0,0
1284.667000,ADAPTIVE,MIXED,run01,THERMAL_LIDAR,0.14246894419193268,0.36685216426849365,0.2161458283662796,0.2200520783662796,0.2161458283662796,0.2161458283662796,292.1492004394531,1690,6370581,39334,9393,152.00106128714413,8,491,0,0
1285.667000,ADAPTIVE,MIXED,run01,THERMAL_LIDAR,0.1361476331949234,0.36226746439933777,0.21588541567325592,0.21718749403953552,0.21588541567325592,0.21588541567325592,283.1175842285156,1694,6385941,39339,9393,152.2077033387388,8,492,0,0
1286.668000,ADAPTIVE,MIXED,run01,THERMAL_LIDAR,0.13777503371238708,0.3611174523830414,0.21692708134651184,0.21796874701976776,0.21692708134651184,0.21692708134651184,361.993408203125,1697,6397461,39341,9393,152.4392685595983,8,493,0,0
1287.668000,ADAPTIVE,MIXED,run01,THERMAL_LIDAR,0.13986685872077942,0.3660348355770111,0.21588541567325592,0.21718749403953552,0.21588541567325592,0.21588541567325592,288.546630859375,1699,6405141,39344,9393,152.67537550885257,8,494,0,0
1288.667000,ADAPTIVE,MIXED,run01,THERMAL_LIDAR,0.13992346823215485,0.364913672208786,0.2161458283662796,0.2174479216337204,0.2161458283662796,0.2161458283662796,294.52484130859375,1702,6416661,39348,9394,152.86306372325086,8,495,0,0
1289.667000,ADAPTIVE,MIXED,run01,THERMAL_LIDAR,0.13647760450839996,0.3633236289024353,0.21692708134651184,0.21875,0.21692708134651184,0.21692708134651184,403.8509521484375,1705,6428181,39355,9394,153.07958145894278,8,496,0,0
1290.668000,ADAPTIVE,MIXED,run01,THERMAL_LIDAR,0.13994655013084412,0.3631103038787842,0.21640625596046448,0.21692708134651184,0.21640625596046448,0.21640625596046448,412.68768310546875,1708,6439701,39356,9394,153.2336127486999,8,497,0,0
1291.669000,ADAPTIVE,MIXED,run01,THERMAL_LIDAR,0.13738954067230225,0.36061936616897583,0.21562500298023224,0.21718749403953552,0.21562500298023224,0.21562500298023224,444.360595703125,1709,6443541,39356,9394,153.43237369763995,8,497,0,0
1292.667000,ADAPTIVE,MIXED,run01,THERMAL_LIDAR,0.13879001140594482,0.36481189727783203,0.21380208432674408,0.21562500298023224,0.21380208432674408,0.21380208432674408,433.5818176269531,1712,6455061,39362,9395,153.68214046960304,8,498,0,0
1293.667000,ADAPTIVE,MIXED,run01,THERMAL_LIDAR,0.13537853956222534,0.36179399490356445,0.21562500298023224,0.21718749403953552,0.21562500298023224,0.21562500298023224,504.0926818847656,1714,6462741,39369,9396,153.86895634037504,8,498,0,0
1294.668000,ADAPTIVE,MIXED,run01,THERMAL_LIDAR,0.13730190694332123,0.35933902859687805,0.21588541567325592,0.21692708134651184,0.21588541567325592,0.21588541567325592,435.4034118652344,1717,6474261,39371,9396,154.04933011549704,8,499,0,0
1295.669000,ADAPTIVE,MIXED,run01,THERMAL_LIDAR,0.13435415923595428,0.3623569905757904,0.21484375,0.21588541567325592,0.21484375,0.21484375,498.71337890625,1720,6485781,39372,9396,154.30215030766396,8,500,0,0
1296.667000,ADAPTIVE,MIXED,run01,THERMAL_LIDAR,0.13681137561798096,0.367147296667099,0.215216264128685,0.21599791944026947,0.215216264128685,0.215216264128685,415.4736328125,1722,6493458,39377,9396,154.47588285179552,8,501,0,0
1297.667000,ADAPTIVE,MIXED,run01,THERMAL_LIDAR,0.1324712336063385,0.36342334747314453,0.21333681046962738,0.21568116545677185,0.21333681046962738,0.21333681046962738,419.313232421875,1724,6501136,39379,9396,154.7294277365664,8,501,0,0
1298.668000,ADAPTIVE,MIXED,run01,THERMAL_LIDAR,0.13465288281440735,0.3627738654613495,0.2148997187614441,0.2164626270532608,0.2148997187614441,0.2148997187614441,317.08465576171875,1727,6512655,39384,9396,154.9564158499325,8,502,0,0
1299.668000,ADAPTIVE,MIXED,run01,THERMAL_LIDAR,0.12935206294059753,0.3602186143398285,0.2177882045507431,0.21726655960083008,0.2177882045507431,0.2177882045507431,270.5445861816406,1731,6527997,39386,9397,155.1820367261341,8,502,0,0
1300.667000,ADAPTIVE,MIXED,run01,THERMAL_LIDAR,0.13553011417388916,0.3610965609550476,0.2136150300502777,0.21517996490001678,0.2136150300502777,0.2136150300502777,293.240478515625,1733,6535665,39388,9398,155.3868671337895,8,503,0,0
1301.668000,ADAPTIVE,MIXED,run01,THERMAL_LIDAR,0.1342550367116928,0.36241379380226135,0.2127770483493805,0.2161668837070465,0.2127770483493805,0.2127770483493805,286.9853820800781,1736,6547168,39396,9398,155.6744076098524,8,504,0,0
1302.667000,ADAPTIVE,MIXED,run01,THERMAL_LIDAR,0.1301971822977066,0.35982388257980347,0.2142484337091446,0.2147703617811203,0.2142484337091446,0.2142484337091446,322.648193359375,1739,6558666,39400,9401,155.8584910176568,8,505,0,0
1303.667000,ADAPTIVE,MIXED,run01,THERMAL_LIDAR,0.13114675879478455,0.35736897587776184,0.21257172524929047,0.21491914987564087,0.21257172524929047,0.21257172524929047,314.7087097167969,1743,6573999,39403,9402,156.05229150689524,8,505,0,0
1304.667000,ADAPTIVE,MIXED,run01,THERMAL_LIDAR,0.13125284016132355,0.35622844099998474,0.212105393409729,0.21445342898368835,0.212105393409729,0.212105393409729,322.49822998046875,1746,6585499,39407,9403,156.26289024815034,8,506,0,0
1305.667000,ADAPTIVE,MIXED,run01,THERMAL_LIDAR,0.12283098697662354,0.356297105550766,0.21784502267837524,0.21471431851387024,0.21784502267837524,0.21784502267837524,313.2531433105469,1748,6593165,39409,9404,156.5069321363547,8,507,0,0
1306.668000,ADAPTIVE,MIXED,run01,THERMAL_LIDAR,0.13414664566516876,0.3608664870262146,0.2118997871875763,0.21320459246635437,0.2118997871875763,0.2118997871875763,310.8666687011719,1750,6600830,39415,9407,156.68504400875563,8,508,0,0
1307.675000,ADAPTIVE,MIXED,run01,THERMAL_LIDAR,0.12262411415576935,0.3522520065307617,0.2118997871875763,0.21398746967315674,0.2118997871875763,0.2118997871875763,463.60601806640625,1753,6612326,39426,9407,156.97346623352567,8,509,0,0
1308.674000,ADAPTIVE,MIXED,run01,THERMAL_LIDAR,0.1239328533411026,0.35677358508110046,0.21914948523044586,0.22123663127422333,0.21914948523044586,0.21914948523044586,542.406982421875,1755,6619991,39434,9412,157.2051456366238,8,510,0,0
1309.673000,ADAPTIVE,MIXED,run01,THERMAL_LIDAR,0.12521205842494965,0.3564496636390686,0.21654057502746582,0.21575789153575897,0.21654057502746582,0.21654057502746582,668.0728759765625,1757,6627656,39436,9413,157.41256006168652,8,511,0,0
1310.668000,ADAPTIVE,MIXED,run01,THERMAL_LIDAR,0.12770988047122955,0.35759595036506653,0.20975737273693085,0.212105393409729,0.20975737273693085,0.20975737273693085,912.9163208007812,1759,6635320,39441,9415,157.62812232571662,8,512,0,0
1311.667000,ADAPTIVE,MIXED,run01,THERMAL_LIDAR,0.1346900910139084,0.36098727583885193,0.21064996719360352,0.21299920976161957,0.21064996719360352,0.21064996719360352,644.76025390625,1761,6642983,39446,9417,157.79635632121787,8,513,0,0
1312.669000,ADAPTIVE,MIXED,run01,THERMAL_LIDAR,0.13041332364082336,0.35762155055999756,0.21920667588710785,0.21816283464431763,0.21920667588710785,0.21920667588710785,717.662109375,1763,6650647,39447,9417,158.0548258462858,8,514,0,0
1313.667000,ADAPTIVE,MIXED,run01,THERMAL_LIDAR,0.12476445734500885,0.3537684381008148,0.2200469821691513,0.2190028727054596,0.2200469821691513,0.2200469821691513,778.9923095703125,1766,6662140,39459,9420,158.2360723215344,8,514,0,0
1314.668000,ADAPTIVE,MIXED,run01,THERMAL_LIDAR,0.11946848779916763,0.349910706281662,0.21624444425106049,0.2144162952899933,0.21624444425106049,0.21624444425106049,672.7818603515625,1768,6669799,39459,9420,158.64585381430655,8,515,0,0
1315.667000,ADAPTIVE,MIXED,run01,THERMAL_LIDAR,0.12330694496631622,0.353505402803421,0.2151997983455658,0.2151997983455658,0.2151997983455658,0.2151997983455658,570.9874267578125,1770,6677458,39467,9422,158.8788718127996,8,516,0,0
1316.667000,ADAPTIVE,MIXED,run01,THERMAL_LIDAR,0.12475886195898056,0.3540375530719757,0.21624444425106049,0.217027947306633,0.21624444425106049,0.21624444425106049,498.3385925292969,1771,6681287,39474,9426,159.0925130778979,8,516,0,0
1317.667000,ADAPTIVE,MIXED,run01,THERMAL_LIDAR,0.12482214719057083,0.35310250520706177,0.2158348560333252,0.21557354927062988,0.2158348560333252,0.2158348560333252,464.88482666015625,1774,6692769,39660,9443,159.28227142734968,8,517,0,0
1318.667000,ADAPTIVE,MIXED,run01,THERMAL_LIDAR,0.12800359725952148,0.3551267981529236,0.21714136004447937,0.21635745465755463,0.21714136004447937,0.21714136004447937,284.1256103515625,1776,6700422,39672,9523,159.50289277809551,8,517,0,0
1319.667000,ADAPTIVE,MIXED,run01,THERMAL_LIDAR,0.13009043037891388,0.3558141887187958,0.21531225740909576,0.21478965878486633,0.21531225740909576,0.21531225740909576,307.05645751953125,1779,6711902,39677,9524,159.70957706264323,8,518,0,0
1320.668000,ADAPTIVE,MIXED,run01,THERMAL_LIDAR,0.12537617981433868,0.3516658544540405,0.21495816111564636,0.21469664573669434,0.21495816111564636,0.21495816111564636,298.7172546386719,1782,6723380,39677,9524,159.95729907269978,8,519,0,0
1321.667000,ADAPTIVE,MIXED,run01,THERMAL_LIDAR,0.1291837841272354,0.35487478971481323,0.21548117697238922,0.21469664573669434,0.21548117697238922,0.21548117697238922,312.4327392578125,1786,6738684,39679,9525,160.1890161335055,8,519,0,0
1322.667000,ADAPTIVE,MIXED,run01,THERMAL_LIDAR,0.1186254471540451,0.3461637794971466,0.21490195393562317,0.2146405279636383,0.21490195393562317,0.21490195393562317,334.27069091796875,1789,6750160,39687,9527,160.41008752673972,8,519,0,0
1323.668000,ADAPTIVE,MIXED,run01,THERMAL_LIDAR,0.12208470702171326,0.34809809923171997,0.21553753316402435,0.21370650827884674,0.21553753316402435,0.21553753316402435,337.1481018066406,1792,6761634,39695,9528,160.63652513201254,8,520,0,0
1324.667000,ADAPTIVE,MIXED,run01,THERMAL_LIDAR,0.12273812294006348,0.3475702404975891,0.21501438319683075,0.21501438319683075,0.21501438319683075,0.21501438319683075,308.1444091796875,1795,6773104,39700,9528,160.83298594569084,8,521,0,0
1325.667000,ADAPTIVE,MIXED,run01,THERMAL_LIDAR,0.11493479460477829,0.34213992953300476,0.21480900049209595,0.21271584928035736,0.21480900049209595,0.21480900049209595,317.0796203613281,1796,6776926,39704,9529,161.0938734399878,8,522,0,0
1326.667000,ADAPTIVE,MIXED,run01,THERMAL_LIDAR,0.11956094205379486,0.34577620029449463,0.21312761306762695,0.21391212940216064,0.21312761306762695,0.21312761306762695,310.4735412597656,1799,6788397,39707,9530,161.38910693565253,8,522,0,0
1327.669000,ADAPTIVE,MIXED,run01,THERMAL_LIDAR,0.12809456884860992,0.3510378897190094,0.2123592495918274,0.21262110769748688,0.2123592495918274,0.2123592495918274,480.8431701660156,1801,6796039,39711,9532,161.55761584162022,8,523,0,0
1328.667000,ADAPTIVE,MIXED,run01,THERMAL_LIDAR,0.13353809714317322,0.35356804728507996,0.21078816056251526,0.21052631735801697,0.21078816056251526,0.21078816056251526,444.5834045410156,1803,6803680,39714,9532,161.74196229174734,8,523,0,0
1329.670000,ADAPTIVE,MIXED,run01,THERMAL_LIDAR,0.13253554701805115,0.3529675304889679,0.21271584928035736,0.21297749876976013,0.21271584928035736,0.21271584928035736,589.6824340820312,1805,6811321,39715,9533,162.0079520034159,8,524,0,0
1330.670000,ADAPTIVE,MIXED,run01,THERMAL_LIDAR,0.1323605477809906,0.35178282856941223,0.21486522257328033,0.21329495310783386,0.21486522257328033,0.21486522257328033,722.3848876953125,1807,6818961,39716,9533,162.28612428238768,8,525,0,0
1331.667000,ADAPTIVE,MIXED,run01,THERMAL_LIDAR,0.13556957244873047,0.35393890738487244,0.21215295791625977,0.21162912249565125,0.21215295791625977,0.21215295791625977,578.3988037109375,1808,6822779,39717,9534,162.55678872358678,8,525,0,0
1332.667000,ADAPTIVE,MIXED,run01,THERMAL_LIDAR,0.1339109092950821,0.3529323935508728,0.2145102173089981,0.21215295791625977,0.2145102173089981,0.2145102173089981,588.9317626953125,1809,6826597,39718,9534,162.8138448801501,8,526,0,0
1333.667000,ADAPTIVE,MIXED,run01,THERMAL_LIDAR,0.1256120502948761,0.3482831120491028,0.20848612487316132,0.2105814516544342,0.20848612487316132,0.20848612487316132,623.3578491210938,1812,6838055,39723,9536,163.0862139732278,8,527,0,0
1334.669000,ADAPTIVE,MIXED,run01,THERMAL_LIDAR,0.12817421555519104,0.34941405057907104,0.21224810183048248,0.21224810183048248,0.21224810183048248,0.21224810183048248,477.87921142578125,1814,6845696,39724,9536,163.40954743921057,8,528,0,0
1335.667000,ADAPTIVE,MIXED,run01,THERMAL_LIDAR,0.12853693962097168,0.35013124346733093,0.2144540399312973,0.21288295090198517,0.2144540399312973,0.2144540399312973,418.0765075683594,1817,6857156,39731,9536,163.5035481833992,8,529,0,0
1336.755000,ADAPTIVE,MIXED,run01,THERMAL_LIDAR,0.12384455651044846,0.3472560942173004,0.21262110769748688,0.2123592495918274,0.21262110769748688,0.21262110769748688,510.77783203125,1819,6864792,39733,9539,163.8428569353384,8,529,0,0
1337.667000,ADAPTIVE,MIXED,run01,THERMAL_LIDAR,0.1226198822259903,0.34707656502723694,0.21121592819690704,0.21252620220184326,0.21121592819690704,0.21121592819690704,445.7532958984375,1822,6876242,39735,9539,164.02139134051015,8,529,0,0
1338.674000,ADAPTIVE,MIXED,run01,THERMAL_LIDAR,0.12769125401973724,0.3475620448589325,0.21073298156261444,0.2115183174610138,0.21073298156261444,0.21073298156261444,420.67791748046875,1824,6883878,39753,9544,164.1862875830002,8,530,0,0
1339.667000,ADAPTIVE,MIXED,run01,THERMAL_LIDAR,0.12803901731967926,0.3489951193332672,0.21136720478534698,0.20953378081321716,0.21136720478534698,0.21136720478534698,344.61444091796875,1826,6891516,39754,9544,164.4503523778425,8,530,0,0
1340.667000,ADAPTIVE,MIXED,run01,THERMAL_LIDAR,0.1292019933462143,0.3492215871810913,0.2091194987297058,0.21042977273464203,0.2091194987297058,0.2091194987297058,299.218994140625,1828,6899151,39758,9545,164.72434609450022,8,531,0,0
1341.667000,ADAPTIVE,MIXED,run01,THERMAL_LIDAR,0.12611480057239532,0.34618401527404785,0.2086387425661087,0.20916230976581573,0.2086387425661087,0.2086387425661087,327.1243591308594,1832,6914428,39766,9545,165.00581743049588,8,532,0,0
1342.667000,ADAPTIVE,MIXED,run01,THERMAL_LIDAR,0.1313822716474533,0.3514227569103241,0.2099476456642151,0.21230366826057434,0.2099476456642151,0.2099476456642151,312.7082214355469,1834,6922068,39766,9545,165.19805681520927,8,533,0,0
1343.667000,ADAPTIVE,MIXED,run01,THERMAL_LIDAR,0.12411632388830185,0.3462159335613251,0.2099476456642151,0.21073298156261444,0.2099476456642151,0.2099476456642151,387.7265930175781,1837,6933526,39773,9546,165.42618986256394,8,534,0,0
1344.667000,ADAPTIVE,MIXED,run01,THERMAL_LIDAR,0.1307668387889862,0.3505784273147583,0.2086387425661087,0.21073298156261444,0.2086387425661087,0.2086387425661087,395.32086181640625,1840,6944980,39774,9546,165.69293494408,8,534,0,0
1345.667000,ADAPTIVE,MIXED,run01,THERMAL_LIDAR,0.12672628462314606,0.3483206629753113,0.20785340666770935,0.2115183174610138,0.20785340666770935,0.20785340666770935,409.200927734375,1843,6956442,39779,9546,165.91854217798385,8,534,0,0
1346.668000,ADAPTIVE,MIXED,run01,THERMAL_LIDAR,0.12655147910118103,0.3486633598804474,0.21404244005680084,0.21089860796928406,0.21404244005680084,0.21404244005680084,396.4825744628906,1845,6964076,39779,9546,166.12332174107047,8,535,0,0
1347.667000,ADAPTIVE,MIXED,run01,THERMAL_LIDAR,0.1256786435842514,0.34846025705337524,0.2147158980369568,0.21340665221214294,0.2147158980369568,0.2147158980369568,402.0774841308594,1846,6967895,39788,9548,166.33076193986994,8,536,0,0
1348.667000,ADAPTIVE,MIXED,run01,THERMAL_LIDAR,0.12678483128547668,0.34945401549339294,0.21503405272960663,0.21293871104717255,0.21503405272960663,0.21503405272960663,508.0131530761719,1847,6971713,39788,9548,166.54740429302407,8,537,0,0
1349.668000,ADAPTIVE,MIXED,run01,THERMAL_LIDAR,0.12471942603588104,0.3482401669025421,0.21570681035518646,0.21387434005737305,0.21570681035518646,0.21570681035518646,455.0937805175781,1849,6979353,39818,9561,166.76422247674586,8,538,0,0
1350.667000,ADAPTIVE,MIXED,run01,THERMAL_LIDAR,0.12390392273664474,0.3474060893058777,0.21282722055912018,0.21361257135868073,0.21282722055912018,0.21282722055912018,579.8387451171875,1852,6990813,39824,9561,166.98403595488185,8,539,0,0
1351.668000,ADAPTIVE,MIXED,run01,THERMAL_LIDAR,0.12854702770709991,0.34933018684387207,0.2115183174610138,0.21387434005737305,0.2115183174610138,0.2115183174610138,491.7198181152344,1854,6998450,39833,9562,167.21564390117672,8,540,0,0
1352.667000,ADAPTIVE,MIXED,run01,THERMAL_LIDAR,0.12660709023475647,0.3478768765926361,0.21256545186042786,0.21413612365722656,0.21256545186042786,0.21256545186042786,315.15545654296875,1856,7006091,39841,9564,167.44375651173783,8,540,0,0
1353.667000,ADAPTIVE,MIXED,run01,THERMAL_LIDAR,0.1238195151090622,0.3463837504386902,0.2105814516544342,0.21162912249565125,0.2105814516544342,0.2105814516544342,324.4294738769531,1858,7013728,39846,9565,167.6862373294327,8,541,0,0
1354.668000,ADAPTIVE,MIXED,run01,THERMAL_LIDAR,0.12755760550498962,0.34813520312309265,0.20906470715999603,0.21142257750034332,0.20906470715999603,0.20906470715999603,325.390625,1860,7021365,39850,9566,167.91307855154517,8,542,0,0
1355.667000,ADAPTIVE,MIXED,run01,THERMAL_LIDAR,0.12848427891731262,0.3485472500324249,0.21078816056251526,0.21314480900764465,0.21078816056251526,0.21078816056251526,338.643310546875,1863,7032823,39857,9566,168.14502127176627,8,543,0,0
1356.667000,ADAPTIVE,MIXED,run01,THERMAL_LIDAR,0.1255183219909668,0.34611132740974426,0.2166055589914322,0.21948663890361786,0.2166055589914322,0.2166055589914322,386.9800720214844,1866,7044283,39879,9570,168.35628134334178,8,544,0,0
1357.668000,ADAPTIVE,MIXED,run01,THERMAL_LIDAR,0.127665713429451,0.3474108874797821,0.2147158980369568,0.2144540399312973,0.2147158980369568,0.2147158980369568,310.4992370605469,1868,7051920,39884,9573,168.6078092314781,8,545,0,0
1358.668000,ADAPTIVE,MIXED,run01,THERMAL_LIDAR,0.12943749129772186,0.347486674785614,0.21114599704742432,0.2132391482591629,0.21114599704742432,0.21114599704742432,318.3292236328125,1869,7055742,39895,9576,168.84579427800912,8,545,0,0
1359.667000,ADAPTIVE,MIXED,run01,THERMAL_LIDAR,0.12642434239387512,0.34297868609428406,0.21391212940216064,0.21469664573669434,0.21391212940216064,0.21391212940216064,351.7550048828125,1873,7071030,39900,9576,169.1026996661669,8,545,0,0
1360.667000,ADAPTIVE,MIXED,run01,THERMAL_LIDAR,0.131461963057518,0.34464630484580994,0.21344493329524994,0.21449123322963715,0.21344493329524994,0.21344493329524994,275.4415283203125,1875,7078677,39930,9580,169.36105506515872,8,546,0,0
1361.670000,ADAPTIVE,MIXED,run01,THERMAL_LIDAR,0.13088351488113403,0.34557560086250305,0.21475280821323395,0.21475280821323395,0.21475280821323395,0.21475280821323395,328.8117370605469,1878,7090147,39942,9581,169.64988309201345,8,546,0,0
1362.668000,ADAPTIVE,MIXED,run01,THERMAL_LIDAR,0.13448621332645416,0.348305344581604,0.2144351452589035,0.2178347259759903,0.2144351452589035,0.2144351452589035,660.2595825195312,1880,7097796,39951,9583,169.80246856521916,8,547,0,0
1363.670000,ADAPTIVE,MIXED,run01,THERMAL_LIDAR,0.1296137422323227,0.34501782059669495,0.21490195393562317,0.2146405279636383,0.21490195393562317,0.21490195393562317,945.59912109375,1882,7105448,39963,9584,169.95325555767627,8,548,0,0
1364.667000,ADAPTIVE,MIXED,run01,THERMAL_LIDAR,0.12587890028953552,0.3425212502479553,0.21434178948402405,0.2146035134792328,0.21434178948402405,0.21434178948402405,1578.255126953125,1884,7113091,39967,9585,170.23590190300177,8,549,0,0
1365.667000,ADAPTIVE,MIXED,run01,THERMAL_LIDAR,0.12940341234207153,0.3482854962348938,0.2115183174610138,0.21413612365722656,0.2115183174610138,0.2115183174610138,1166.4586181640625,1886,7120735,39981,9586,170.4530167350798,8,549,0,0
1366.667000,ADAPTIVE,MIXED,run01,THERMAL_LIDAR,0.13480497896671295,0.35165780782699585,0.21647058427333832,0.2159477174282074,0.21647058427333832,0.21647058427333832,986.3598022460938,1888,7128381,40006,9588,170.6771554270791,8,550,0,0
1367.668000,ADAPTIVE,MIXED,run01,THERMAL_LIDAR,0.13142713904380798,0.34719306230545044,0.2172549068927765,0.2159477174282074,0.2172549068927765,0.2172549068927765,848.78466796875,1890,7136033,40059,9593,170.8990054558429,8,550,0,0
1368.669000,ADAPTIVE,MIXED,run01,THERMAL_LIDAR,0.13530583679676056,0.3501700460910797,0.21603970229625702,0.2165621668100357,0.21603970229625702,0.21603970229625702,724.4906005859375,1891,7139861,40085,9611,171.0846493913056,8,550,0,0
1369.668000,ADAPTIVE,MIXED,run01,THERMAL_LIDAR,0.1375861018896103,0.35578787326812744,0.21078816056251526,0.21602514386177063,0.21078816056251526,0.21078816056251526,360.24951171875,1894,7151320,40115,9618,171.34289772716434,8,550,0,0
1370.667000,ADAPTIVE,MIXED,run01,THERMAL_LIDAR,0.12746311724185944,0.35215142369270325,0.21041612327098846,0.2117246836423874,0.21041612327098846,0.21041612327098846,335.19110107421875,1896,7158962,40124,9619,171.59531287060912,8,552,0,0
1371.667000,ADAPTIVE,MIXED,run01,THERMAL_LIDAR,0.13773377239704132,0.3557278513908386,0.21239863336086273,0.21161390841007233,0.21239863336086273,0.21239863336086273,323.8260498046875,1899,7170418,40165,9624,171.7445575590578,8,553,0,0
1372.667000,ADAPTIVE,MIXED,run01,THERMAL_LIDAR,0.1302323192358017,0.35428452491760254,0.20947891473770142,0.21288295090198517,0.20947891473770142,0.20947891473770142,283.9961242675781,1902,7181872,40187,9624,171.94350232433595,8,554,0,0
1373.667000,ADAPTIVE,MIXED,run01,THERMAL_LIDAR,0.11179479956626892,0.3340299129486084,0.21105001866817474,0.2144540399312973,0.21105001866817474,0.21105001866817474,325.58270263671875,1905,7193328,40221,9628,172.01298464783105,8,555,0,0
1374.667000,ADAPTIVE,MIXED,run01,THERMAL_LIDAR,0.11106006801128387,0.3283609449863434,0.2092718631029129,0.2126767933368683,0.2092718631029129,0.2092718631029129,302.0002746582031,1909,7208599,40257,9628,172.2531381968671,8,556,0,0
1375.667000,ADAPTIVE,MIXED,run01,THERMAL_LIDAR,0.11108621954917908,0.3299294710159302,0.21230366826057434,0.2133507877588272,0.21230366826057434,0.21230366826057434,308.41912841796875,1912,7220054,40307,9629,172.49735268935967,8,556,0,0
1376.667000,ADAPTIVE,MIXED,run01,THERMAL_LIDAR,0.1108674630522728,0.3367122411727905,0.22079622745513916,0.2158198058605194,0.22079622745513916,0.22079622745513916,342.6262512207031,1915,7231511,40329,9635,172.71632393172803,8,557,0,0
1377.670000,ADAPTIVE,MIXED,run01,THERMAL_LIDAR,0.12077565491199493,0.3523807227611542,0.2193717211484909,0.2146596908569336,0.2193717211484909,0.2193717211484909,410.00048828125,1918,7242967,40351,9643,172.89286320275733,8,558,0,0
1378.668000,ADAPTIVE,MIXED,run01,THERMAL_LIDAR,0.1276472508907318,0.3574920892715454,0.2193717211484909,0.21832460165023804,0.2193717211484909,0.2193717211484909,388.32440185546875,1920,7250603,40357,9643,173.1228983588137,8,559,0,0
1379.669000,ADAPTIVE,MIXED,run01,THERMAL_LIDAR,0.1276237666606903,0.3497231602668762,0.22178581357002258,0.2215239554643631,0.22178581357002258,0.22178581357002258,432.0422668457031,1923,7262061,40390,9646,173.32020619674827,8,560,0,0
1380.667000,ADAPTIVE,MIXED,run01,THERMAL_LIDAR,0.13569572567939758,0.36137357354164124,0.21193093061447144,0.21559393405914307,0.21193093061447144,0.21193093061447144,521.8478393554688,1926,7273521,40398,9647,173.57038303672115,8,560,0,0
1381.667000,ADAPTIVE,MIXED,run01,THERMAL_LIDAR,0.13713274896144867,0.3649951219558716,0.21424829959869385,0.21686747670173645,0.21424829959869385,0.21424829959869385,492.0353698730469,1928,7281159,40401,9647,173.83872105536008,8,561,0,0
1382.668000,ADAPTIVE,MIXED,run01,THERMAL_LIDAR,0.12942539155483246,0.3585303723812103,0.2118355631828308,0.21523958444595337,0.2118355631828308,0.2118355631828308,437.101318359375,1931,7292615,40436,9649,174.06898527984467,8,562,0,0
1383.673000,ADAPTIVE,MIXED,run01,THERMAL_LIDAR,0.13321733474731445,0.36115920543670654,0.21497774124145508,0.21969102323055267,0.21497774124145508,0.21497774124145508,489.1702575683594,1933,7300254,40456,9649,174.25588298793858,8,563,0,0
1384.668000,ADAPTIVE,MIXED,run01,THERMAL_LIDAR,0.1297292709350586,0.3618330657482147,0.2146596908569336,0.2162303626537323,0.2146596908569336,0.2146596908569336,474.1401062011719,1935,7307891,40467,9649,174.52292536311901,8,564,0,0
1385.667000,ADAPTIVE,MIXED,run01,THERMAL_LIDAR,0.12532715499401093,0.3590647280216217,0.21727748215198517,0.2178010493516922,0.21727748215198517,0.21727748215198517,469.7616271972656,1937,7315526,40469,9649,174.78550566656907,8,565,0,0
1386.667000,ADAPTIVE,MIXED,run01,THERMAL_LIDAR,0.1280372142791748,0.3592323958873749,0.21346254646778107,0.21817705035209656,0.21346254646778107,0.21346254646778107,305.51910400390625,1939,7323165,40487,9652,175.0319808594253,8,566,0,0
1387.667000,ADAPTIVE,MIXED,run01,THERMAL_LIDAR,0.12558206915855408,0.3587384819984436,0.21570681035518646,0.21832460165023804,0.21570681035518646,0.21570681035518646,331.4592590332031,1941,7330803,40490,9652,175.26463684822255,8,567,0,0
1388.667000,ADAPTIVE,MIXED,run01,THERMAL_LIDAR,0.12375538051128387,0.3545292913913727,0.21561436355113983,0.21718627214431763,0.21561436355113983,0.21561436355113983,290.6490173339844,1944,7342257,40495,9652,175.58457171670563,8,567,0,0
1389.667000,ADAPTIVE,MIXED,run01,THERMAL_LIDAR,0.12347221374511719,0.35430920124053955,0.21486522257328033,0.21800576150417328,0.21486522257328033,0.21486522257328033,345.4393615722656,1947,7353714,40501,9652,175.84991517099684,8,567,0,0
1390.667000,ADAPTIVE,MIXED,run01,THERMAL_LIDAR,0.12564411759376526,0.3548125922679901,0.21727748215198517,0.21858638525009155,0.21727748215198517,0.21727748215198517,256.7323913574219,1951,7368985,40516,9652,176.03504080944555,8,568,0,0
1391.668000,ADAPTIVE,MIXED,run01,THERMAL_LIDAR,0.1295660138130188,0.35302260518074036,0.2189054787158966,0.21785807609558105,0.2189054787158966,0.2189054787158966,265.57110595703125,1953,7376622,40519,9652,176.25987073839647,8,568,0,0
1392.667000,ADAPTIVE,MIXED,run01,THERMAL_LIDAR,0.13072848320007324,0.35620012879371643,0.21896280348300934,0.2171293944120407,0.21896280348300934,0.21896280348300934,341.1482238769531,1956,7388074,40523,9652,176.49280053736766,8,569,0,0
1393.667000,ADAPTIVE,MIXED,run01,THERMAL_LIDAR,0.13477076590061188,0.36083951592445374,0.21963350474834442,0.21806283295154572,0.21963350474834442,0.21963350474834442,281.5223083496094,1959,7399535,40530,9652,176.71371958705492,8,570,0,0
1394.667000,ADAPTIVE,MIXED,run01,THERMAL_LIDAR,0.12493554502725601,0.36083075404167175,0.21739129722118378,0.2145102173089981,0.21739129722118378,0.21739129722118378,302.8921813964844,1962,7410992,40538,9653,176.95583236463477,8,571,0,0
1395.673000,ADAPTIVE,MIXED,run01,THERMAL_LIDAR,0.14031276106834412,0.3651484549045563,0.22091194987297058,0.21750524640083313,0.22091194987297058,0.22091194987297058,500.6371154785156,1966,7426261,40545,9657,177.12539690097438,8,572,0,0
1396.671000,ADAPTIVE,MIXED,run01,THERMAL_LIDAR,0.1306263953447342,0.3638935387134552,0.2212621122598648,0.217072531580925,0.2212621122598648,0.2212621122598648,522.0053100585938,1968,7433900,40548,9658,177.3601514650818,8,573,0,0
1397.668000,ADAPTIVE,MIXED,run01,THERMAL_LIDAR,0.1295173466205597,0.36445242166519165,0.22001047432422638,0.21817705035209656,0.22001047432422638,0.22001047432422638,589.4795532226562,1970,7441532,40553,9660,177.63202837431535,8,574,0,0
1398.668000,ADAPTIVE,MIXED,run01,THERMAL_LIDAR,0.12393436580896378,0.35844358801841736,0.21727748215198517,0.21858638525009155,0.21727748215198517,0.21727748215198517,695.8261108398438,1972,7449172,40560,9660,177.91862922901387,8,574,0,0
1399.670000,ADAPTIVE,MIXED,run01,THERMAL_LIDAR,0.13651920855045319,0.3676503300666809,0.21733437478542328,0.2189054787158966,0.21733437478542328,0.21733437478542328,711.903076171875,1974,7456810,40560,9660,178.17544130261373,8,574,0,0
1400.667000,ADAPTIVE,MIXED,run01,THERMAL_LIDAR,0.12601466476917267,0.36156848073005676,0.21823421120643616,0.21954414248466492,0.21823421120643616,0.21823421120643616,779.2329711914062,1977,7468266,40564,9662,178.4021966543879,8,575,0,0
1401.669000,ADAPTIVE,MIXED,run01,THERMAL_LIDAR,0.13718409836292267,0.3676115870475769,0.21561436355113983,0.22164003551006317,0.21561436355113983,0.21561436355113983,733.8279418945312,1979,7475901,40576,9662,178.58734201834835,8,576,0,0
1402.667000,ADAPTIVE,MIXED,run01,THERMAL_LIDAR,0.13952936232089996,0.36814606189727783,0.21608172357082367,0.2158198058605194,0.21608172357082367,0.21608172357082367,676.5244140625,1981,7483536,40588,9670,178.82189443990134,8,576,0,0
1403.670000,ADAPTIVE,MIXED,run01,THERMAL_LIDAR,0.1402328461408615,0.3698565661907196,0.21750524640083313,0.21933962404727936,0.21750524640083313,0.21750524640083313,653.3096313476562,1983,7491171,40588,9670,179.05641761122638,8,577,0,0
1404.668000,ADAPTIVE,MIXED,run01,THERMAL_LIDAR,0.13210758566856384,0.3648088574409485,0.21933962404727936,0.21986372768878937,0.21933962404727936,0.21933962404727936,615.25146484375,1986,7502622,40590,9671,179.27814839068412,8,578,0,0
1405.668000,ADAPTIVE,MIXED,run01,THERMAL_LIDAR,0.13473667204380035,0.36805790662765503,0.21765321493148804,0.21896280348300934,0.21765321493148804,0.21765321493148804,536.0177001953125,1987,7506440,40590,9671,179.48631577476831,8,578,0,0
1406.667000,ADAPTIVE,MIXED,run01,THERMAL_LIDAR,0.12910430133342743,0.3652624785900116,0.217482328414917,0.21905259788036346,0.217482328414917,0.217482328414917,490.12091064453125,1990,7517899,40593,9671,179.79185616913475,8,579,0,0
1407.669000,ADAPTIVE,MIXED,run01,THERMAL_LIDAR,0.13632990419864655,0.37067678570747375,0.21870088577270508,0.2192247211933136,0.21870088577270508,0.21870088577270508,324.416748046875,1993,7529355,40596,9671,180.0348754743089,8,579,0,0
1408.667000,ADAPTIVE,MIXED,run01,THERMAL_LIDAR,0.1327248513698578,0.3647964894771576,0.21823421120643616,0.21875818073749542,0.21823421120643616,0.21823421120643616,339.1661071777344,1996,7540809,40596,9671,180.17442517447134,8,580,0,0
1409.668000,ADAPTIVE,MIXED,run01,THERMAL_LIDAR,0.13390092551708221,0.37014690041542053,0.21910995244979858,0.21858638525009155,0.21910995244979858,0.21910995244979858,315.3708190917969,1999,7552267,40596,9671,180.32617424327086,8,581,0,0
1410.667000,ADAPTIVE,MIXED,run01,THERMAL_LIDAR,0.13673940300941467,0.3680625259876251,0.21995286643505096,0.21864362061023712,0.21995286643505096,0.21995286643505096,367.3249206542969,2002,7563723,40603,9671,180.53930273843207,8,582,0,0
1411.667000,ADAPTIVE,MIXED,run01,THERMAL_LIDAR,0.13442182540893555,0.3689231276512146,0.2178010493516922,0.21910995244979858,0.2178010493516922,0.2178010493516922,301.2434387207031,2005,7575178,40603,9674,180.75138900636168,8,583,0,0
1412.667000,ADAPTIVE,MIXED,run01,THERMAL_LIDAR,0.14043891429901123,0.3760709762573242,0.2194291651248932,0.22021470963954926,0.2194291651248932,0.2194291651248932,317.6333312988281,2008,7586633,40609,9674,181.03853215542105,8,584,0,0
1413.669000,ADAPTIVE,MIXED,run01,THERMAL_LIDAR,0.1442195028066635,0.377997487783432,0.22021470963954926,0.21811991930007935,0.22021470963954926,0.22021470963954926,316.4354553222656,2011,7598089,40609,9674,181.28842832084365,8,584,0,0
1414.668000,ADAPTIVE,MIXED,run01,THERMAL_LIDAR,0.14484840631484985,0.37589946389198303,0.21986372768878937,0.21724317967891693,0.21986372768878937,0.21986372768878937,311.0844421386719,2014,7609544,40610,9674,181.63198790369924,8,585,0,0
1415.668000,ADAPTIVE,MIXED,run01,THERMAL_LIDAR,0.13810697197914124,0.3746871054172516,0.22091194987297058,0.21960167586803436,0.22091194987297058,0.22091194987297058,402.8212585449219,2016,7617179,40611,9675,181.8401445408531,8,586,0,0
1416.667000,ADAPTIVE,MIXED,run01,THERMAL_LIDAR,0.13894623517990112,0.37523290514945984,0.22018349170684814,0.22018349170684814,0.22018349170684814,0.22018349170684814,478.8028259277344,2019,7628626,40611,9675,182.08645178024815,8,586,0,0
1417.667000,ADAPTIVE,MIXED,run01,THERMAL_LIDAR,0.14513202011585236,0.37561091780662537,0.22117400169372559,0.2216981202363968,0.22117400169372559,0.22117400169372559,570.1466064453125,2021,7636257,40611,9675,182.38079361694642,8,587,0,0
1418.667000,ADAPTIVE,MIXED,run01,THERMAL_LIDAR,0.13978514075279236,0.3757074773311615,0.22064989805221558,0.22012577950954437,0.22064989805221558,0.22064989805221558,687.873779296875,2023,7643890,40614,9675,182.5740893725055,8,588,0,0
1419.668000,ADAPTIVE,MIXED,run01,THERMAL_LIDAR,0.12339939177036285,0.3649551272392273,0.21954414248466492,0.21954414248466492,0.21954414248466492,0.21954414248466492,635.7374267578125,2024,7647707,40617,9675,182.71761713400002,8,589,0,0
1420.667000,ADAPTIVE,MIXED,run01,THERMAL_LIDAR,0.13244816660881042,0.37130776047706604,0.2168106883764267,0.21628698706626892,0.2168106883764267,0.2168106883764267,591.5452270507812,2026,7655340,40619,9676,183.04002949040765,8,590,0,0
1421.670000,ADAPTIVE,MIXED,run01,THERMAL_LIDAR,0.1412607729434967,0.3760010898113251,0.21960167586803436,0.21933962404727936,0.21960167586803436,0.21960167586803436,564.3450927734375,2029,7666793,40620,9676,183.21417977116832,8,591,0,0
1422.669000,ADAPTIVE,MIXED,run01,THERMAL_LIDAR,0.13503584265708923,0.3728523254394531,0.2189054787158966,0.22021470963954926,0.2189054787158966,0.2189054787158966,595.1959838867188,2031,7674428,40633,9676,183.484207700025,8,592,0,0
1423.670000,ADAPTIVE,MIXED,run01,THERMAL_LIDAR,0.1368805170059204,0.3742089569568634,0.22079622745513916,0.22001047432422638,0.22079622745513916,0.22079622745513916,403.4356994628906,2032,7678246,40633,9683,183.74496780976457,8,592,0,0
1424.667000,ADAPTIVE,MIXED,run01,THERMAL_LIDAR,0.139487162232399,0.3751073181629181,0.2214360535144806,0.22064989805221558,0.2214360535144806,0.2214360535144806,398.3229064941406,2034,7685880,40635,9683,184.03546267972192,8,593,0,0
1425.667000,ADAPTIVE,MIXED,run01,THERMAL_LIDAR,0.1377781331539154,0.3742363750934601,0.22006811201572418,0.2177102416753769,0.22006811201572418,0.22006811201572418,382.6668701171875,2037,7697336,40636,9683,184.26841631338937,8,594,0,0
1426.667000,ADAPTIVE,MIXED,run01,THERMAL_LIDAR,0.13535034656524658,0.373261034488678,0.2193717211484909,0.21753926575183868,0.2193717211484909,0.2193717211484909,352.8189392089844,2039,7704974,40636,9683,184.46808422072664,8,595,0,0
1427.667000,ADAPTIVE,MIXED,run01,THERMAL_LIDAR,0.13882337510585785,0.3749224841594696,0.21951857209205627,0.2192569375038147,0.21951857209205627,0.21951857209205627,292.1672058105469,2040,7708796,40638,9683,184.77806315207508,8,596,0,0
1428.668000,ADAPTIVE,MIXED,run01,THERMAL_LIDAR,0.13774943351745605,0.37418532371520996,0.21998430788516998,0.22024588286876678,0.21998430788516998,0.21998430788516998,321.2541809082031,2043,7720260,40638,9683,185.01987140080954,8,597,0,0
1429.667000,ADAPTIVE,MIXED,run01,THERMAL_LIDAR,0.13352937996387482,0.3721029460430145,0.21867643296718597,0.21919958293437958,0.21867643296718597,0.21867643296718597,308.7080993652344,2045,7727902,40638,9683,185.26734566202754,8,598,0,0
1430.668000,ADAPTIVE,MIXED,run01,THERMAL_LIDAR,0.13628992438316345,0.373673677444458,0.21946115791797638,0.21919958293437958,0.21946115791797638,0.21946115791797638,302.4503479003906,2048,7739367,40645,9684,185.49424640809573,8,598,0,0
1431.668000,ADAPTIVE,MIXED,run01,THERMAL_LIDAR,0.13503822684288025,0.3728316128253937,0.2193717211484909,0.2193717211484909,0.2193717211484909,0.2193717211484909,306.01287841796875,2051,7750831,40661,9686,185.7784846876329,8,598,0,0
1432.667000,ADAPTIVE,MIXED,run01,THERMAL_LIDAR,0.14223794639110565,0.3772827684879303,0.2192569375038147,0.21951857209205627,0.2192569375038147,0.2192569375038147,434.8382263183594,2054,7762299,40662,9686,185.9939953056736,8,599,0,0
1433.667000,ADAPTIVE,MIXED,run01,THERMAL_LIDAR,0.13600262999534607,0.37337392568588257,0.22056515514850616,0.21978022158145905,0.22056515514850616,0.22056515514850616,422.5859375,2055,7766121,40665,9686,186.30475243516565,8,599,0,0
1434.667000,ADAPTIVE,MIXED,run01,THERMAL_LIDAR,0.1344151347875595,0.3724159896373749,0.21902769804000854,0.21928907930850983,0.21902769804000854,0.21902769804000854,441.7628173828125,2057,7773771,40675,9686,186.5027425690874,8,600,0,0
1435.667000,ADAPTIVE,MIXED,run01,THERMAL_LIDAR,0.13286679983139038,0.3714776039123535,0.22013071179389954,0.21934640407562256,0.22013071179389954,0.22013071179389954,623.6235961914062,2059,7781419,40675,9686,186.67566359585007,8,601,0,0
1436.667000,ADAPTIVE,MIXED,run01,THERMAL_LIDAR,0.13687445223331451,0.37370565533638,0.21995820105075836,0.21969696879386902,0.21995820105075836,0.21995820105075836,521.7738037109375,2062,7792901,40685,9686,186.9399287872278,8,601,0,0
1437.668000,ADAPTIVE,MIXED,run01,THERMAL_LIDAR,0.13648828864097595,0.37344005703926086,0.22126436233520508,0.21995820105075836,0.22126436233520508,0.22126436233520508,570.1095581054688,2064,7800557,40685,9686,187.21669169181683,8,602,0,0
1438.667000,ADAPTIVE,MIXED,run01,THERMAL_LIDAR,0.13147510588169098,0.36998459696769714,0.21981181204319,0.21876633167266846,0.21981181204319,0.21981181204319,520.5411376953125,2066,7808209,40693,9686,187.49229080057972,8,603,0,0
1439.670000,ADAPTIVE,MIXED,run01,THERMAL_LIDAR,0.1344318836927414,0.3717356324195862,0.21984334290027618,0.2190600484609604,0.21984334290027618,0.21984334290027618,526.5874633789062,2067,7812039,40694,9686,187.74449072081717,8,603,0,0
1440.667000,ADAPTIVE,MIXED,run01,THERMAL_LIDAR,0.1322350651025772,0.3705989420413971,0.21911726891994476,0.21911726891994476,0.21911726891994476,0.21911726891994476,479.1859130859375,2069,7819696,40694,9686,188.0064868743423,8,603,0,0
1441.669000,ADAPTIVE,MIXED,run01,THERMAL_LIDAR,0.13624611496925354,0.3727761507034302,0.22036553919315338,0.22036553919315338,0.22036553919315338,0.22036553919315338,352.8467102050781,2072,7831182,40696,9686,188.2259783050934,8,604,0,0
1442.667000,ADAPTIVE,MIXED,run01,THERMAL_LIDAR,0.13373857736587524,0.37194931507110596,0.22094541788101196,0.21833376586437225,0.22094541788101196,0.22094541788101196,291.8793640136719,2075,7842668,40698,9686,188.4435844034321,8,604,0,0
1443.667000,ADAPTIVE,MIXED,run01,THERMAL_LIDAR,0.13348327577114105,0.37180477380752563,0.2194930762052536,0.2194930762052536,0.2194930762052536,0.2194930762052536,297.4586486816406,2078,7854152,40700,9687,188.74043868471546,8,604,0,0
1444.670000,ADAPTIVE,MIXED,run01,THERMAL_LIDAR,0.12889710068702698,0.36773502826690674,0.21833376586437225,0.2178114354610443,0.21833376586437225,0.21833376586437225,317.4860534667969,2081,7865640,40702,9687,189.01901094994528,8,605,0,0
1445.667000,ADAPTIVE,MIXED,run01,THERMAL_LIDAR,0.1398855447769165,0.3760848641395569,0.21984334290027618,0.2180156707763672,0.21984334290027618,0.21984334290027618,279.76593017578125,2082,7869470,40702,9687,189.1832144595514,8,606,0,0
1446.668000,ADAPTIVE,MIXED,run01,THERMAL_LIDAR,0.13998816907405853,0.376178503036499,0.21859493851661682,0.21755027770996094,0.21859493851661682,0.21859493851661682,314.2177429199219,2084,7877127,40702,9687,189.41349806794395,8,607,0,0
1447.667000,ADAPTIVE,MIXED,run01,THERMAL_LIDAR,0.14465521275997162,0.3780606985092163,0.2187989503145218,0.2182767689228058,0.2187989503145218,0.2187989503145218,279.0902099609375,2086,7884787,40703,9687,189.64826425292847,8,608,0,0
1448.667000,ADAPTIVE,MIXED,run01,THERMAL_LIDAR,0.14257751405239105,0.3773115873336792,0.2180156707763672,0.2180156707763672,0.2180156707763672,0.2180156707763672,311.4792785644531,2089,7896277,40711,9690,189.88392783265957,8,609,0,0
1449.667000,ADAPTIVE,MIXED,run01,THERMAL_LIDAR,0.13927032053470612,0.3755638301372528,0.21833376586437225,0.2188560962677002,0.21833376586437225,0.21833376586437225,372.3200378417969,2091,7903936,40711,9690,190.10976663352153,8,610,0,0
1450.667000,ADAPTIVE,MIXED,run01,THERMAL_LIDAR,0.13853389024734497,0.3750286102294922,0.21807260811328888,0.21859493851661682,0.21807260811328888,0.21807260811328888,553.501953125,2094,7915427,40713,9691,190.34492665382726,8,611,0,0
1451.667000,ADAPTIVE,MIXED,run01,THERMAL_LIDAR,0.14359955489635468,0.37743064761161804,0.2187989503145218,0.2187989503145218,0.2187989503145218,0.2187989503145218,718.8096923828125,2096,7923087,40714,9691,190.56382531876758,8,612,0,0
1452.667000,ADAPTIVE,MIXED,run01,THERMAL_LIDAR,0.13902921974658966,0.3767875134944916,0.21749347448349,0.2177545726299286,0.21749347448349,0.21749347448349,943.2125854492188,2098,7930747,40725,9695,190.79676704612896,8,612,0,0
1453.668000,ADAPTIVE,MIXED,run01,THERMAL_LIDAR,0.1407242864370346,0.37633854150772095,0.2182197868824005,0.21926389634609222,0.2182197868824005,0.2182197868824005,566.856201171875,2100,7938408,40725,9695,191.0039674320709,8,613,0,0
1454.668000,ADAPTIVE,MIXED,run01,THERMAL_LIDAR,0.14036890864372253,0.37615546584129333,0.215665802359581,0.2164490818977356,0.215665802359581,0.215665802359581,581.3665771484375,2102,7946067,40727,9695,191.21686777035708,8,613,0,0
1455.675000,ADAPTIVE,MIXED,run01,THERMAL_LIDAR,0.14347390830516815,0.376980721950531,0.2182767689228058,0.2182767689228058,0.2182767689228058,0.2182767689228058,608.5220947265625,2105,7957556,40727,9695,191.42094323467973,8,614,0,0
1456.669000,ADAPTIVE,MIXED,run01,THERMAL_LIDAR,0.13992460072040558,0.373447448015213,0.22016191482543945,0.22042308747768402,0.22016191482543945,0.22016191482543945,537.720703125,2107,7965214,40727,9695,191.64545156608384,8,614,0,0
1457.668000,ADAPTIVE,MIXED,run01,THERMAL_LIDAR,0.13631698489189148,0.3679860532283783,0.2178114354610443,0.2196395993232727,0.2178114354610443,0.2178114354610443,454.9204406738281,2110,7976700,40728,9695,191.86260580902876,8,614,0,0
1458.673000,ADAPTIVE,MIXED,run01,THERMAL_LIDAR,0.1461823582649231,0.37280532717704773,0.2178114354610443,0.2178114354610443,0.2178114354610443,0.2178114354610443,345.22918701171875,2112,7984359,40731,9698,192.08377665810997,8,615,0,0
1459.667000,ADAPTIVE,MIXED,run01,THERMAL_LIDAR,0.14372959733009338,0.37231895327568054,0.21833376586437225,0.2206842452287674,0.21833376586437225,0.21833376586437225,425.4118347167969,2115,7995847,40741,9703,192.3495844707252,8,616,0,0
1460.667000,ADAPTIVE,MIXED,run01,THERMAL_LIDAR,0.13804274797439575,0.36622941493988037,0.21917450428009033,0.2183908075094223,0.21917450428009033,0.21917450428009033,328.78802490234375,2119,8011160,40743,9703,192.57923220960348,8,617,0,0
1461.670000,ADAPTIVE,MIXED,run01,THERMAL_LIDAR,0.14350716769695282,0.3656644821166992,0.216187983751297,0.2169712781906128,0.216187983751297,0.216187983751297,305.3216857910156,2122,8022650,40746,9703,192.894670409894,8,617,0,0
1462.667000,ADAPTIVE,MIXED,run01,THERMAL_LIDAR,0.1428288072347641,0.37019386887550354,0.2124771624803543,0.21378229558467865,0.2124771624803543,0.2124771624803543,305.23883056640625,2125,8034145,40748,9704,193.11262190326832,8,618,0,0
1463.667000,ADAPTIVE,MIXED,run01,THERMAL_LIDAR,0.13916616141796112,0.3710833787918091,0.21732324361801147,0.2136707603931427,0.21732324361801147,0.21732324361801147,300.1996154785156,2128,8045644,40749,9704,193.38063677122392,8,619,0,0
1464.669000,ADAPTIVE,MIXED,run01,THERMAL_LIDAR,0.13740094006061554,0.36662739515304565,0.21776504814624786,0.21672309935092926,0.21776504814624786,0.21776504814624786,303.3182373046875,2130,8053317,40751,9704,193.60006091386617,8,619,0,0
1465.667000,ADAPTIVE,MIXED,run01,THERMAL_LIDAR,0.13219089806079865,0.36313825845718384,0.2174479216337204,0.21692708134651184,0.2174479216337204,0.2174479216337204,308.81781005859375,2131,8057157,40751,9704,193.82938046341283,8,620,0,0
1466.667000,ADAPTIVE,MIXED,run01,THERMAL_LIDAR,0.13019828498363495,0.3654176592826843,0.21588541567325592,0.21640625596046448,0.21588541567325592,0.21588541567325592,374.1617126464844,2133,8064837,40752,9704,194.0576899140438,8,621,0,0
1467.667000,ADAPTIVE,MIXED,run01,THERMAL_LIDAR,0.12929698824882507,0.36744290590286255,0.21640625596046448,0.2161458283662796,0.21640625596046448,0.21640625596046448,424.7965393066406,2136,8076357,40753,9704,194.26792080866056,8,622,0,0
1468.668000,ADAPTIVE,MIXED,run01,THERMAL_LIDAR,0.12533342838287354,0.36367255449295044,0.21796874701976776,0.21796874701976776,0.21796874701976776,0.21796874701976776,449.43280029296875,2138,8084037,40753,9704,194.4912538629168,8,623,0,0
1469.667000,ADAPTIVE,MIXED,run01,THERMAL_LIDAR,0.12967036664485931,0.3654688894748688,0.2161458283662796,0.2161458283662796,0.2161458283662796,0.2161458283662796,424.9523620605469,2139,8087877,40754,9704,194.72438540322625,8,623,0,0
1470.668000,ADAPTIVE,MIXED,run01,THERMAL_LIDAR,0.12068244814872742,0.3599449098110199,0.2161458283662796,0.21692708134651184,0.2161458283662796,0.2161458283662796,467.7004089355469,2140,8091717,40754,9704,194.93130801142522,8,624,0,0
1471.667000,ADAPTIVE,MIXED,run01,THERMAL_LIDAR,0.12841328978538513,0.3669743239879608,0.21927084028720856,0.21953125298023224,0.21927084028720856,0.21927084028720856,512.8956298828125,2143,8103237,40759,9704,195.10494523623674,8,625,0,0
1472.667000,ADAPTIVE,MIXED,run01,THERMAL_LIDAR,0.12179354578256607,0.3612317740917206,0.21588541567325592,0.2161458283662796,0.21588541567325592,0.21588541567325592,492.10302734375,2145,8110917,40760,9704,195.3401641948883,8,626,0,0
1473.667000,ADAPTIVE,MIXED,run01,THERMAL_LIDAR,0.11863037198781967,0.35793638229370117,0.21562500298023224,0.2161458283662796,0.21562500298023224,0.21562500298023224,539.42822265625,2148,8122437,40775,9705,195.57717666470134,8,627,0,0
1474.667000,ADAPTIVE,MIXED,run01,THERMAL_LIDAR,0.12414491176605225,0.3609082102775574,0.21510416269302368,0.21588541567325592,0.21510416269302368,0.21510416269302368,415.1498718261719,2150,8130117,40776,9705,195.81405292436176,8,628,0,0
1475.667000,ADAPTIVE,MIXED,run01,THERMAL_LIDAR,0.10915419459342957,0.34944993257522583,0.21510416269302368,0.2161458283662796,0.21510416269302368,0.21510416269302368,396.91387939453125,2153,8141637,40779,9707,196.0165425931046,8,629,0,0
1476.667000,ADAPTIVE,MIXED,run01,THERMAL_LIDAR,0.12501603364944458,0.3590010106563568,0.21510416269302368,0.21718749403953552,0.21510416269302368,0.21510416269302368,275.8168029785156,2156,8153157,40781,9707,196.26366340407805,8,630,0,0
1477.667000,ADAPTIVE,MIXED,run01,THERMAL_LIDAR,0.12313549220561981,0.36122578382492065,0.21510416269302368,0.21666666865348816,0.21510416269302368,0.21510416269302368,309.03997802734375,2158,8160837,40782,9707,196.45139194207795,8,631,0,0
1478.670000,ADAPTIVE,MIXED,run01,THERMAL_LIDAR,0.12371111661195755,0.36168524622917175,0.21380208432674408,0.21510416269302368,0.21380208432674408,0.21380208432674408,284.9217224121094,2161,8172357,40783,9707,196.68127573298838,8,632,0,0
1479.668000,ADAPTIVE,MIXED,run01,THERMAL_LIDAR,0.11472261697053909,0.35326525568962097,0.21380208432674408,0.21562500298023224,0.21380208432674408,0.21380208432674408,309.04931640625,2163,8180037,40783,9707,196.9017826871037,8,633,0,0
1480.677000,ADAPTIVE,MIXED,run01,THERMAL_LIDAR,0.11306213587522507,0.3518218398094177,0.21718749403953552,0.21927084028720856,0.21718749403953552,0.21718749403953552,326.3280334472656,2166,8191557,40783,9707,197.10491443408435,8,634,0,0
1481.667000,ADAPTIVE,MIXED,run01,THERMAL_LIDAR,0.11770965903997421,0.3572675287723541,0.21640625596046448,0.21770833432674408,0.21640625596046448,0.21640625596046448,341.360107421875,2169,8203077,40784,9707,197.33039209117953,8,635,0,0
1482.667000,ADAPTIVE,MIXED,run01,THERMAL_LIDAR,0.1205366998910904,0.35801076889038086,0.21796874701976776,0.21666666865348816,0.21796874701976776,0.21796874701976776,287.5812683105469,2172,8214597,40787,9707,197.4790748239978,8,636,0,0
1483.671000,ADAPTIVE,MIXED,run01,THERMAL_LIDAR,0.11780138313770294,0.35555875301361084,0.2174479216337204,0.21484375,0.2174479216337204,0.2174479216337204,545.0255737304688,2175,8226117,40787,9707,197.71428649220653,8,636,0,0
1484.668000,ADAPTIVE,MIXED,run01,THERMAL_LIDAR,0.12969806790351868,0.3603270947933197,0.21822915971279144,0.21536459028720856,0.21822915971279144,0.21822915971279144,473.31805419921875,2176,8229957,40788,9707,197.95981056286516,8,637,0,0
1485.667000,ADAPTIVE,MIXED,run01,THERMAL_LIDAR,0.13013339042663574,0.3615358769893646,0.2161458283662796,0.21848958730697632,0.2161458283662796,0.2161458283662796,645.163818359375,2178,8237637,40792,9708,198.11755403551484,8,638,0,0
1486.668000,ADAPTIVE,MIXED,run01,THERMAL_LIDAR,0.1255517154932022,0.3523637354373932,0.21250000596046448,0.2135416716337204,0.21250000596046448,0.21250000596046448,807.9896240234375,2180,8245317,40795,9709,198.37846590256837,8,639,0,0
1487.668000,ADAPTIVE,MIXED,run01,THERMAL_LIDAR,0.12983717024326324,0.3632020354270935,0.2122395783662796,0.2161458283662796,0.2122395783662796,0.2122395783662796,715.348876953125,2182,8252997,40795,9709,198.61234154330268,8,640,0,0
1488.667000,ADAPTIVE,MIXED,run01,THERMAL_LIDAR,0.11972351372241974,0.35646238923072815,0.20989583432674408,0.21458333730697632,0.20989583432674408,0.20989583432674408,682.9397583007812,2184,8260677,40795,9709,198.9180412272654,8,641,0,0
1489.672000,ADAPTIVE,MIXED,run01,THERMAL_LIDAR,0.12767452001571655,0.3599178194999695,0.21848958730697632,0.21666666865348816,0.21848958730697632,0.21848958730697632,705.1193237304688,2186,8268357,40797,9709,199.18290805698672,8,641,0,0
1490.667000,ADAPTIVE,MIXED,run01,THERMAL_LIDAR,0.13047179579734802,0.3605552911758423,0.21901041269302368,0.21640625596046448,0.21901041269302368,0.21901041269302368,665.086669921875,2188,8276037,40797,9709,199.3567260168541,8,642,0,0
1491.667000,ADAPTIVE,MIXED,run01,THERMAL_LIDAR,0.13178686797618866,0.35902225971221924,0.21276041865348816,0.21718749403953552,0.21276041865348816,0.21276041865348816,565.4899291992188,2190,8283717,40797,9709,199.61924448594976,9,642,0,0
1492.669000,ADAPTIVE,MIXED,run01,THERMAL_LIDAR,0.13285095989704132,0.35957664251327515,0.20989583432674408,0.21406249701976776,0.20989583432674408,0.20989583432674408,502.5594787597656,2192,8291397,40798,9709,199.75122194140772,10,642,0,0
1493.673000,ADAPTIVE,MIXED,run01,THERMAL_LIDAR,0.13306762278079987,0.359713077545166,0.21666666865348816,0.21718749403953552,0.21666666865348816,0.21666666865348816,445.2656555175781,2194,8299077,40806,9718,199.75898905159153,11,642,0,0
1494.803000,ADAPTIVE,MIXED,run01,THERMAL_LIDAR,0.13300158083438873,0.3596690893173218,0.2174479216337204,0.21692708134651184,0.2174479216337204,0.2174479216337204,299.439453125,2196,8306757,41007,9899,199.7641360846627,11,643,0,0
1495.668000,ADAPTIVE,MIXED,run01,THERMAL_LIDAR,0.12785604596138,0.36170440912246704,0.21822915971279144,0.21692708134651184,0.21822915971279144,0.21822915971279144,353.2344665527344,2199,8318277,41233,10052,199.8421805873,11,644,0,0
1496.667000,ADAPTIVE,MIXED,run01,THERMAL_LIDAR,0.11169638484716415,0.35055723786354065,0.21822915971279144,0.21692708134651184,0.21822915971279144,0.21822915971279144,326.6412353515625,2202,8329797,41233,10052,200.0051581890271,11,645,0,0
1497.667000,ADAPTIVE,MIXED,run01,THERMAL_LIDAR,0.104068823158741,0.34285402297973633,0.21822915971279144,0.21640625596046448,0.21822915971279144,0.21822915971279144,319.8799133300781,2205,8341317,41234,10052,200.22548486905038,11,646,0,0
1498.668000,ADAPTIVE,MIXED,run01,THERMAL_LIDAR,0.09824743121862411,0.33487722277641296,0.21848958730697632,0.21718749403953552,0.21848958730697632,0.21848958730697632,335.6244812011719,2208,8352837,41235,10052,200.44008618848477,11,646,0,0
1499.668000,ADAPTIVE,MIXED,run01,THERMAL_LIDAR,0.11177529394626617,0.3495694696903229,0.20989583432674408,0.21484375,0.20989583432674408,0.20989583432674408,301.5467529296875,2211,8364357,41236,10052,200.6734415287311,11,647,0,0
1500.667000,ADAPTIVE,MIXED,run01,THERMAL_LIDAR,0.1179923489689827,0.35475781559944153,0.21302083134651184,0.21562500298023224,0.21302083134651184,0.21302083134651184,299.27191162109375,2214,8375877,41237,10052,200.90734215953108,11,647,0,0
1501.667000,ADAPTIVE,MIXED,run01,THERMAL_LIDAR,0.10261639952659607,0.33928194642066956,0.21536459028720856,0.2174479216337204,0.21536459028720856,0.21536459028720856,300.60369873046875,2217,8387397,41237,10052,201.07614605862113,11,648,0,0
1502.667000,ADAPTIVE,MIXED,run01,THERMAL_LIDAR,0.12155988067388535,0.3572595417499542,0.21718749403953552,0.2122395783662796,0.21718749403953552,0.21718749403953552,438.41680908203125,2220,8398917,41237,10052,201.3189974096715,11,648,0,0
1503.670000,ADAPTIVE,MIXED,run01,THERMAL_LIDAR,0.1289360076189041,0.36312225461006165,0.20807291567325592,0.2057291716337204,0.20807291567325592,0.20807291567325592,436.19134521484375,2223,8410437,41237,10052,201.54714717290815,11,649,0,0
1504.671000,ADAPTIVE,MIXED,run01,THERMAL_LIDAR,0.13168376684188843,0.3650813698768616,0.21875,0.21328124403953552,0.21875,0.21875,494.77911376953125,2225,8418117,41237,10052,201.78009483001827,11,650,0,0
1505.668000,ADAPTIVE,MIXED,run01,THERMAL_LIDAR,0.13448014855384827,0.36689162254333496,0.21796874701976776,0.21302083134651184,0.21796874701976776,0.21796874701976776,632.9857788085938,2226,8421957,41237,10052,202.04762089675813,11,651,0,0
1506.674000,ADAPTIVE,MIXED,run01,THERMAL_LIDAR,0.13730426132678986,0.369085431098938,0.21822915971279144,0.21406249701976776,0.21822915971279144,0.21822915971279144,629.7001953125,2228,8429637,41239,10054,202.26113965897287,11,652,0,0
1507.667000,ADAPTIVE,MIXED,run01,THERMAL_LIDAR,0.1300365924835205,0.36452633142471313,0.21927084028720856,0.21588541567325592,0.21927084028720856,0.21927084028720856,589.3220825195312,2230,8437317,41239,10054,202.50854455654843,11,653,0,0
1508.669000,ADAPTIVE,MIXED,run01,THERMAL_LIDAR,0.13684509694576263,0.3673242926597595,0.21875,0.2174479216337204,0.21875,0.21875,517.326171875,2232,8444997,41239,10054,202.68260396465226,11,654,0,0
1509.667000,ADAPTIVE,MIXED,run01,THERMAL_LIDAR,0.13691246509552002,0.36836326122283936,0.21901041269302368,0.21718749403953552,0.21901041269302368,0.21901041269302368,611.8946533203125,2235,8456517,41239,10054,202.90438041297162,11,655,0,0
1510.674000,ADAPTIVE,MIXED,run01,THERMAL_LIDAR,0.13196530938148499,0.36494678258895874,0.21901041269302368,0.2161458283662796,0.21901041269302368,0.21901041269302368,502.33758544921875,2237,8464197,41262,10075,203.16551768223923,11,656,0,0
1511.667000,ADAPTIVE,MIXED,run01,THERMAL_LIDAR,0.1256362944841385,0.36026695370674133,0.21927084028720856,0.21901041269302368,0.21927084028720856,0.21927084028720856,473.5946044921875,2239,8471877,41263,10075,203.38459611097954,11,656,0,0
1512.668000,ADAPTIVE,MIXED,run01,THERMAL_LIDAR,0.12885579466819763,0.3624502718448639,0.21958842873573303,0.21776504814624786,0.21958842873573303,0.21958842873573303,386.2966613769531,2242,8483396,41263,10075,203.62272658205168,11,657,0,0
1513.683000,ADAPTIVE,MIXED,run01,THERMAL_LIDAR,0.13502773642539978,0.3651624023914337,0.21970289945602417,0.21808233857154846,0.21970289945602417,0.21970289945602417,363.2025451660156,2245,8494909,41264,10075,203.84092551046962,11,658,0,0
1514.667000,ADAPTIVE,MIXED,run01,THERMAL_LIDAR,0.1259745955467224,0.3587426543235779,0.21929596364498138,0.2187744528055191,0.21929596364498138,0.21929596364498138,375.21856689453125,2247,8502580,41264,10075,204.0485804799596,11,659,0,0
1515.667000,ADAPTIVE,MIXED,run01,THERMAL_LIDAR,0.12721912562847137,0.358664333820343,0.21967127919197083,0.21810592710971832,0.21967127919197083,0.21967127919197083,307.57586669921875,2251,8517918,41271,10075,204.30310450059753,11,660,0,0
1516.667000,ADAPTIVE,MIXED,run01,THERMAL_LIDAR,0.13302721083164215,0.3622943162918091,0.21842379868030548,0.21607515215873718,0.21842379868030548,0.21842379868030548,307.9888000488281,2254,8529416,41272,10076,204.5432034603434,11,661,0,0
1517.667000,ADAPTIVE,MIXED,run01,THERMAL_LIDAR,0.12694844603538513,0.3581137955188751,0.2187989503145218,0.2154047042131424,0.2187989503145218,0.2187989503145218,312.18499755859375,2257,8540909,41272,10076,204.84749452061294,11,662,0,0
1518.668000,ADAPTIVE,MIXED,run01,THERMAL_LIDAR,0.13019157946109772,0.3592627942562103,0.21952493488788605,0.2171756774187088,0.21952493488788605,0.21952493488788605,329.59002685546875,2260,8552401,41273,10076,205.0006959682778,11,663,0,0
1519.667000,ADAPTIVE,MIXED,run01,THERMAL_LIDAR,0.12411365658044815,0.35446596145629883,0.2188560962677002,0.21807260811328888,0.2188560962677002,0.2188560962677002,313.39080810546875,2262,8560059,41276,10076,205.25896537523636,11,664,0,0
1520.668000,ADAPTIVE,MIXED,run01,THERMAL_LIDAR,0.12062682956457138,0.3516941964626312,0.21911726891994476,0.21624444425106049,0.21911726891994476,0.21911726891994476,325.41094970703125,2265,8571547,41276,10076,205.57619828515516,11,665,0,0
1521.668000,ADAPTIVE,MIXED,run01,THERMAL_LIDAR,0.12551382184028625,0.35447925329208374,0.22079958021640778,0.21870917081832886,0.22079958021640778,0.22079958021640778,275.89300537109375,2268,8583031,41276,10076,205.77019421854538,11,665,0,0
1522.672000,ADAPTIVE,MIXED,run01,THERMAL_LIDAR,0.12110751122236252,0.3507966697216034,0.215256005525589,0.2134273797273636,0.215256005525589,0.215256005525589,322.822021484375,2271,8594517,41276,10076,205.94325287502616,11,666,0,0
1523.667000,ADAPTIVE,MIXED,run01,THERMAL_LIDAR,0.12115093320608139,0.35048946738243103,0.21833376586437225,0.2144162952899933,0.21833376586437225,0.21833376586437225,473.5402526855469,2274,8605999,41277,10076,206.22449326500222,11,666,0,0
1524.667000,ADAPTIVE,MIXED,run01,THERMAL_LIDAR,0.12980493903160095,0.35784652829170227,0.21897047758102417,0.21844786405563354,0.21897047758102417,0.21897047758102417,447.2374572753906,2277,8617482,41285,10079,206.38268334342106,11,667,0,0
1525.667000,ADAPTIVE,MIXED,run01,THERMAL_LIDAR,0.12794429063796997,0.35592931509017944,0.21911726891994476,0.2151997983455658,0.21911726891994476,0.21911726891994476,651.2196044921875,2279,8625140,41288,10079,206.6359904482721,11,668,0,0
1526.667000,ADAPTIVE,MIXED,run01,THERMAL_LIDAR,0.12083049863576889,0.34868723154067993,0.21902769804000854,0.21562990546226501,0.21902769804000854,0.21902769804000854,1025.0003662109375,2281,8632794,41288,10079,206.91253166783474,11,669,0,0
1527.670000,ADAPTIVE,MIXED,run01,THERMAL_LIDAR,0.11798322945833206,0.34617599844932556,0.21943573653697968,0.21682339906692505,0.21943573653697968,0.21943573653697968,574.493896484375,2283,8640448,41322,10082,207.19761854685802,11,670,0,0
1528.667000,ADAPTIVE,MIXED,run01,THERMAL_LIDAR,0.1276402324438095,0.35296323895454407,0.2192317694425583,0.21818657219409943,0.2192317694425583,0.2192317694425583,573.1136474609375,2285,8648102,41322,10082,207.37396754645468,11,670,0,0
1529.668000,ADAPTIVE,MIXED,run01,THERMAL_LIDAR,0.127475768327713,0.3536231517791748,0.21955044567584991,0.21719811856746674,0.21955044567584991,0.21955044567584991,524.5933837890625,2288,8659582,41322,10082,207.62641628997784,11,671,0,0
1530.668000,ADAPTIVE,MIXED,run01,THERMAL_LIDAR,0.1308020055294037,0.35616931319236755,0.21897047758102417,0.21635745465755463,0.21897047758102417,0.21897047758102417,570.7484741210938,2290,8667236,41323,10082,207.87568972948986,11,672,0,0
1531.668000,ADAPTIVE,MIXED,run01,THERMAL_LIDAR,0.12504911422729492,0.35314419865608215,0.21934640407562256,0.2159477174282074,0.21934640407562256,0.21934640407562256,440.5090026855469,2292,8674888,41326,10082,208.12743475523357,11,673,0,0
1532.668000,ADAPTIVE,MIXED,run01,THERMAL_LIDAR,0.12437143921852112,0.35205304622650146,0.21844786405563354,0.21714136004447937,0.21844786405563354,0.21844786405563354,442.6967468261719,2295,8686366,41326,10083,208.37230162050125,11,674,0,0
1533.668000,ADAPTIVE,MIXED,run01,THERMAL_LIDAR,0.12035822868347168,0.34864509105682373,0.21946115791797638,0.21763013303279877,0.21946115791797638,0.21946115791797638,450.23297119140625,2297,8694014,41326,10083,208.6252441695688,11,674,0,0
1534.667000,ADAPTIVE,MIXED,run01,THERMAL_LIDAR,0.1238773837685585,0.35069432854652405,0.21835774183273315,0.2170502096414566,0.21835774183273315,0.21835774183273315,326.82135009765625,2299,8701664,41327,10083,208.8462523954848,11,675,0,0
1535.667000,ADAPTIVE,MIXED,run01,THERMAL_LIDAR,0.13206572830677032,0.3560436964035034,0.21928907930850983,0.21719811856746674,0.21928907930850983,0.21928907930850983,346.602783203125,2301,8709314,41329,10083,209.05130832592056,11,676,0,0
1536.668000,ADAPTIVE,MIXED,run01,THERMAL_LIDAR,0.136419415473938,0.3582518398761749,0.21882352232933044,0.21647058427333832,0.21882352232933044,0.21882352232933044,310.3788146972656,2304,8720787,41329,10083,209.33241299048282,11,677,0,0
1537.668000,ADAPTIVE,MIXED,run01,THERMAL_LIDAR,0.13570810854434967,0.35818037390708923,0.21856209635734558,0.21568627655506134,0.21856209635734558,0.21856209635734558,265.57940673828125,2307,8732263,41359,10108,209.63871630238296,11,678,0,0
1538.668000,ADAPTIVE,MIXED,run01,THERMAL_LIDAR,0.13829198479652405,0.36101460456848145,0.21919958293437958,0.21710698306560516,0.21919958293437958,0.21919958293437958,302.3912048339844,2311,8747559,41359,10108,209.9947029303785,11,679,0,0
1539.668000,ADAPTIVE,MIXED,run01,THERMAL_LIDAR,0.132664293050766,0.3579431474208832,0.223907932639122,0.2215537577867508,0.223907932639122,0.223907932639122,332.4167175292969,2314,8759029,41359,10108,210.27751058835742,11,680,0,0
1540.667000,ADAPTIVE,MIXED,run01,THERMAL_LIDAR,0.1312618851661682,0.3566916584968567,0.22411087155342102,0.2238493710756302,0.22411087155342102,0.22411087155342102,315.7055358886719,2316,8766678,41361,10108,210.53677149053505,11,681,0,0
1541.668000,ADAPTIVE,MIXED,run01,THERMAL_LIDAR,0.1241670474410057,0.3502039909362793,0.21919958293437958,0.21893800795078278,0.21919958293437958,0.21919958293437958,257.323974609375,2318,8774327,41361,10108,210.81867389944924,11,682,0,0
1542.669000,ADAPTIVE,MIXED,run01,THERMAL_LIDAR,0.11766595393419266,0.34500545263290405,0.21844786405563354,0.21740266680717468,0.21844786405563354,0.21844786405563354,302.2648620605469,2320,8781979,41361,10108,211.0052839493702,11,682,0,0
1543.667000,ADAPTIVE,MIXED,run01,THERMAL_LIDAR,0.13608600199222565,0.3579481840133667,0.21902769804000854,0.21824359893798828,0.21902769804000854,0.21902769804000854,312.3359680175781,2324,8797284,41361,10108,211.1429982147286,11,683,0,0
1544.667000,ADAPTIVE,MIXED,run01,THERMAL_LIDAR,0.12898561358451843,0.35348939895629883,0.2179252654314041,0.2158348560333252,0.2179252654314041,0.2179252654314041,483.7703552246094,2326,8804937,41361,10108,211.33073304014115,11,683,0,0
1545.668000,ADAPTIVE,MIXED,run01,THERMAL_LIDAR,0.1268530935049057,0.35176023840904236,0.217027947306633,0.21284930408000946,0.217027947306633,0.217027947306633,614.9191284179688,2329,8816421,41365,10108,211.58296698584246,11,683,0,0
1546.669000,ADAPTIVE,MIXED,run01,THERMAL_LIDAR,0.13517002761363983,0.3576073944568634,0.21714136004447937,0.21452835202217102,0.21714136004447937,0.21714136004447937,619.5328369140625,2331,8824077,41366,10108,211.80811656804823,11,683,0,0
1547.667000,ADAPTIVE,MIXED,run01,THERMAL_LIDAR,0.12477336823940277,0.3508737087249756,0.219321146607399,0.2159268856048584,0.219321146607399,0.219321146607399,819.9535522460938,2333,8831735,41367,10109,212.0513763285283,11,684,0,0
1548.668000,ADAPTIVE,MIXED,run01,THERMAL_LIDAR,0.11564213782548904,0.3425252139568329,0.2182197868824005,0.21691463887691498,0.2182197868824005,0.2182197868824005,596.280029296875,2335,8839396,41371,10109,212.3293387557025,12,684,0,0
1549.668000,ADAPTIVE,MIXED,run01,THERMAL_LIDAR,0.12156563997268677,0.3475419580936432,0.2185378521680832,0.2167101800441742,0.2185378521680832,0.2185378521680832,542.791015625,2337,8847057,41374,10112,212.58841184098742,13,684,0,0
1550.670000,ADAPTIVE,MIXED,run01,THERMAL_LIDAR,0.12224996089935303,0.34809279441833496,0.21784502267837524,0.21627967059612274,0.21784502267837524,0.21784502267837524,481.2169494628906,2339,8854721,41380,10112,212.61044547494927,13,685,0,0
1551.688000,ADAPTIVE,MIXED,run01,THERMAL_LIDAR,0.12044082581996918,0.3449941873550415,0.21726655960083008,0.2157016098499298,0.21726655960083008,0.21726655960083008,577.5465698242188,2342,8866221,41381,10112,212.66489496173122,13,685,0,0
1552.668000,ADAPTIVE,MIXED,run01,THERMAL_LIDAR,0.10636427998542786,0.3266470432281494,0.21288807690143585,0.20819202065467834,0.21288807690143585,0.21288807690143585,404.3218688964844,2344,8873888,41383,10113,212.81235793699489,13,686,0,0
1553.667000,ADAPTIVE,MIXED,run01,THERMAL_LIDAR,0.10553073137998581,0.3261454701423645,0.21961398422718048,0.21413667500019073,0.21961398422718048,0.21961398422718048,359.5576171875,2347,8885388,41383,10113,213.04745588102557,13,687,0,0
1554.667000,ADAPTIVE,MIXED,run01,THERMAL_LIDAR,0.10823971778154373,0.33136090636253357,0.21883150935173035,0.21387584507465363,0.21883150935173035,0.21883150935173035,392.58624267578125,2350,8896889,41383,10113,213.29790021012343,13,688,0,0
1555.667000,ADAPTIVE,MIXED,run01,THERMAL_LIDAR,0.11629020422697067,0.3445362150669098,0.2165970802307129,0.21372652053833008,0.2165970802307129,0.2165970802307129,400.49884033203125,2353,8908387,41385,10113,213.59325091467034,13,688,0,0
1556.667000,ADAPTIVE,MIXED,run01,THERMAL_LIDAR,0.11803965270519257,0.34670403599739075,0.2154970020055771,0.21393164992332458,0.2154970020055771,0.2154970020055771,305.6152648925781,2356,8919886,41387,10113,213.87642274646936,13,689,0,0
1557.670000,ADAPTIVE,MIXED,run01,THERMAL_LIDAR,0.11689641326665878,0.3450940251350403,0.19911272823810577,0.20302714407444,0.19911272823810577,0.19911272823810577,273.6080322265625,2360,8935214,41392,10114,214.053036848695,13,689,0,0
1558.667000,ADAPTIVE,MIXED,run01,THERMAL_LIDAR,0.12430080771446228,0.35322731733322144,0.21085594594478607,0.21529227495193481,0.21085594594478607,0.21085594594478607,313.43731689453125,2362,8942878,41392,10114,214.32957002656485,13,690,0,0
1559.668000,ADAPTIVE,MIXED,run01,THERMAL_LIDAR,0.12908992171287537,0.35724467039108276,0.21137787401676178,0.21529227495193481,0.21137787401676178,0.21137787401676178,258.09124755859375,2365,8954372,41393,10115,214.59243710928882,13,691,0,0
1560.667000,ADAPTIVE,MIXED,run01,THERMAL_LIDAR,0.13329477608203888,0.3601546883583069,0.20908379554748535,0.21534846723079681,0.20908379554748535,0.20908379554748535,294.0111999511719,2368,8965865,41393,10115,214.76254284633035,13,692,0,0
1561.667000,ADAPTIVE,MIXED,run01,THERMAL_LIDAR,0.12310512363910675,0.3525320589542389,0.21070496737957,0.2151436060667038,0.21070496737957,0.21070496737957,304.83184814453125,2371,8977356,41394,10115,214.8984917791981,13,693,0,0
1562.670000,ADAPTIVE,MIXED,run01,THERMAL_LIDAR,0.11493922024965286,0.3439583480358124,0.2130548357963562,0.2185378521680832,0.2130548357963562,0.2130548357963562,285.061279296875,2374,8988845,41394,10115,215.0537911760209,13,694,0,0
1563.667000,ADAPTIVE,MIXED,run01,THERMAL_LIDAR,0.10463730990886688,0.3281385600566864,0.21447230875492096,0.2165621668100357,0.21447230875492096,0.21447230875492096,308.3531799316406,2377,9000329,41394,10115,215.13806414305827,13,695,0,0
1564.667000,ADAPTIVE,MIXED,run01,THERMAL_LIDAR,0.11239559203386307,0.3406694233417511,0.21185998618602753,0.21551723778247833,0.21185998618602753,0.21185998618602753,287.33251953125,2380,9011812,41396,10115,215.34377403237187,13,695,0,0
1565.667000,ADAPTIVE,MIXED,run01,THERMAL_LIDAR,0.12028584629297256,0.35036107897758484,0.21029257774353027,0.215256005525589,0.21029257774353027,0.21029257774353027,471.3930358886719,2382,9019469,41396,10115,215.44162193792343,13,695,0,0
1566.667000,ADAPTIVE,MIXED,run01,THERMAL_LIDAR,0.12971708178520203,0.35784661769866943,0.2092476487159729,0.21394984424114227,0.2092476487159729,0.2092476487159729,611.4400024414062,2384,9027124,41396,10115,215.71260927001586,13,696,0,0
1567.668000,ADAPTIVE,MIXED,run01,THERMAL_LIDAR,0.12040991336107254,0.35126200318336487,0.20898641645908356,0.21081504225730896,0.20898641645908356,0.20898641645908356,736.0829467773438,2386,9034780,41396,10115,215.9193752507606,13,697,0,0
1568.667000,ADAPTIVE,MIXED,run01,THERMAL_LIDAR,0.12154281884431839,0.35250231623649597,0.21363280713558197,0.21807260811328888,0.21363280713558197,0.21363280713558197,654.0858764648438,2388,9042436,41397,10115,216.17899705827028,13,698,0,0
1569.668000,ADAPTIVE,MIXED,run01,THERMAL_LIDAR,0.11584453284740448,0.34830495715141296,0.21029257774353027,0.21551723778247833,0.21029257774353027,0.21029257774353027,650.6525268554688,2390,9050093,41399,10116,216.40998248306576,13,698,0,0
1570.667000,ADAPTIVE,MIXED,run01,THERMAL_LIDAR,0.12275762110948563,0.35424792766571045,0.21176470816135406,0.21673202514648438,0.21176470816135406,0.21176470816135406,511.20654296875,2392,9057745,41399,10116,216.61011876224092,13,698,0,0
1571.667000,ADAPTIVE,MIXED,run01,THERMAL_LIDAR,0.12947121262550354,0.3600282669067383,0.21118661761283875,0.21510715782642365,0.21118661761283875,0.21118661761283875,874.9376220703125,2395,9069223,41399,10116,216.89651384607924,13,699,0,0
1572.668000,ADAPTIVE,MIXED,run01,THERMAL_LIDAR,0.12541992962360382,0.35366711020469666,0.21176470816135406,0.21620914340019226,0.21176470816135406,0.21176470816135406,459.8590393066406,2398,9080695,41399,10116,217.16908256802475,13,699,0,0
1573.669000,ADAPTIVE,MIXED,run01,THERMAL_LIDAR,0.13629700243473053,0.36259177327156067,0.21025104820728302,0.2152196615934372,0.21025104820728302,0.21025104820728302,412.76324462890625,2400,9088342,41400,10116,217.49151463592457,13,700,0,0
1574.667000,ADAPTIVE,MIXED,run01,THERMAL_LIDAR,0.12892675399780273,0.36005035042762756,0.21077406406402588,0.2144351452589035,0.21077406406402588,0.21077406406402588,366.7010803222656,2403,9099816,41400,10116,217.6934555517248,13,701,0,0
1575.667000,ADAPTIVE,MIXED,run01,THERMAL_LIDAR,0.12847237288951874,0.36001428961753845,0.21402406692504883,0.216378852725029,0.21402406692504883,0.21402406692504883,458.61309814453125,2404,9103638,41400,10116,217.91862255054943,13,702,0,0
1576.667000,ADAPTIVE,MIXED,run01,THERMAL_LIDAR,0.1327415555715561,0.360329806804657,0.21934640407562256,0.2190849632024765,0.21934640407562256,0.21934640407562256,313.319091796875,2406,9111288,41401,10116,218.18845003431127,13,702,0,0
1577.667000,ADAPTIVE,MIXED,run01,THERMAL_LIDAR,0.13375970721244812,0.3615978956222534,0.21359476447105408,0.2146405279636383,0.21359476447105408,0.21359476447105408,307.3196716308594,2409,9122758,41402,10117,218.39007195392466,13,703,0,0
1578.667000,ADAPTIVE,MIXED,run01,THERMAL_LIDAR,0.12732651829719543,0.3595723509788513,0.21480900049209595,0.216378852725029,0.21480900049209595,0.21480900049209595,336.46240234375,2412,9134229,41402,10117,218.57503526714825,13,704,0,0
1579.677000,ADAPTIVE,MIXED,run01,THERMAL_LIDAR,0.1364346593618393,0.3657410144805908,0.21542483568191528,0.21803921461105347,0.21542483568191528,0.21542483568191528,290.44757080078125,2415,9145703,41404,10119,218.85298157228345,13,705,0,0
1580.667000,ADAPTIVE,MIXED,run01,THERMAL_LIDAR,0.14491283893585205,0.36644381284713745,0.21745948493480682,0.21719811856746674,0.21745948493480682,0.21745948493480682,311.5665588378906,2419,9161004,41404,10119,219.10602427653734,13,706,0,0
1581.667000,ADAPTIVE,MIXED,run01,THERMAL_LIDAR,0.1431877315044403,0.3676774203777313,0.21437908709049225,0.21673202514648438,0.21437908709049225,0.21437908709049225,292.22247314453125,2421,9168654,41404,10119,219.38100114246802,13,706,0,0
1582.667000,ADAPTIVE,MIXED,run01,THERMAL_LIDAR,0.12957540154457092,0.3596137762069702,0.21934640407562256,0.21986928582191467,0.21934640407562256,0.21934640407562256,331.5240173339844,2425,9183952,41404,10119,219.66040778996052,13,707,0,0
1583.667000,ADAPTIVE,MIXED,run01,THERMAL_LIDAR,0.1428448110818863,0.36693522334098816,0.21914225816726685,0.21940375864505768,0.21914225816726685,0.21914225816726685,324.4610900878906,2427,9191601,41404,10119,219.9186212123839,13,708,0,0
1584.688000,ADAPTIVE,MIXED,run01,THERMAL_LIDAR,0.12390635162591934,0.3618544936180115,0.21688006818294525,0.21714136004447937,0.21688006818294525,0.21803921461105347,409.32403564453125,2431,9206903,41405,10119,220.20481809188695,13,709,0,0
1585.670000,ADAPTIVE,MIXED,run01,THERMAL_LIDAR,0.13959628343582153,0.36633971333503723,0.21478965878486633,0.21688006818294525,0.21478965878486633,0.21478965878486633,451.6114807128906,2433,9214555,41405,10119,220.4886190755297,13,709,0,0
1586.673000,ADAPTIVE,MIXED,run01,THERMAL_LIDAR,0.12795625627040863,0.3603980541229248,0.2179822325706482,0.21981181204319,0.2179822325706482,0.2179822325706482,643.7235107421875,2436,9226035,41405,10119,220.7417956785437,13,709,0,0
1587.667000,ADAPTIVE,MIXED,run01,THERMAL_LIDAR,0.11476202309131622,0.34959930181503296,0.21394984424114227,0.21708464622497559,0.21394984424114227,0.21394984424114227,846.640380859375,2438,9233690,41405,10119,220.95872628676054,13,710,0,0
1588.667000,ADAPTIVE,MIXED,run01,THERMAL_LIDAR,0.11217653006315231,0.34673935174942017,0.21844786405563354,0.22053827345371246,0.21844786405563354,0.21844786405563354,618.0328369140625,2440,9241343,41408,10119,221.18694903981103,13,711,0,0
1589.668000,ADAPTIVE,MIXED,run01,THERMAL_LIDAR,0.13049320876598358,0.36077091097831726,0.21275483071804047,0.21536852419376373,0.21562990546226501,0.21562990546226501,627.3314819335938,2443,9252821,41408,10119,221.41978965167593,13,712,0,0
1590.667000,ADAPTIVE,MIXED,run01,THERMAL_LIDAR,0.11016180366277695,0.34463489055633545,0.209041029214859,0.2142670452594757,0.209041029214859,0.209041029214859,625.3529052734375,2445,9260476,41411,10119,221.66043617988325,13,713,0,0
1591.670000,ADAPTIVE,MIXED,run01,THERMAL_LIDAR,0.12986433506011963,0.35846954584121704,0.21322184801101685,0.21478965878486633,0.21322184801101685,0.21322184801101685,575.768310546875,2447,9268128,41411,10119,221.86926760691895,13,713,0,0
1592.667000,ADAPTIVE,MIXED,run01,THERMAL_LIDAR,0.12392956763505936,0.35417109727859497,0.21264368295669556,0.2165621668100357,0.21264368295669556,0.21264368295669556,435.3665771484375,2449,9275783,41411,10119,222.11874373674232,13,714,0,0
1593.668000,ADAPTIVE,MIXED,run01,THERMAL_LIDAR,0.12546801567077637,0.35287830233573914,0.209715336561203,0.21389396488666534,0.209715336561203,0.209715336561203,442.0146179199219,2452,9287268,41411,10119,222.3635158612744,13,715,0,0
1594.667000,ADAPTIVE,MIXED,run01,THERMAL_LIDAR,0.12456244230270386,0.35150906443595886,0.2144162952899933,0.21755027770996094,0.2144162952899933,0.2144162952899933,415.7487487792969,2455,9298755,41411,10119,222.64688474272634,13,716,0,0
1595.667000,ADAPTIVE,MIXED,run01,THERMAL_LIDAR,0.13067162036895752,0.35725438594818115,0.2125881463289261,0.2141551375389099,0.2125881463289261,0.2125881463289261,347.3604736328125,2458,9310242,41411,10119,222.82377274031924,13,717,0,0
1596.668000,ADAPTIVE,MIXED,run01,THERMAL_LIDAR,0.12750409543514252,0.355421781539917,0.21404333412647247,0.21587052941322327,0.21404333412647247,0.21404333412647247,314.3357238769531,2460,9317903,41411,10119,223.0791984194634,13,718,0,0
1597.669000,ADAPTIVE,MIXED,run01,THERMAL_LIDAR,0.13992555439472198,0.35947224497795105,0.21958224475383759,0.219321146607399,0.21958224475383759,0.21958224475383759,301.68133544921875,2463,9329392,41411,10119,223.35005664352732,13,719,0,0
1598.670000,ADAPTIVE,MIXED,run01,THERMAL_LIDAR,0.1258992701768875,0.350411981344223,0.21404333412647247,0.21587052941322327,0.21404333412647247,0.21404333412647247,340.3401184082031,2466,9340884,41411,10119,223.5618362997954,13,720,0,0
1599.668000,ADAPTIVE,MIXED,run01,THERMAL_LIDAR,0.13518962264060974,0.35786789655685425,0.21064996719360352,0.2143043577671051,0.21064996719360352,0.21064996719360352,301.4737548828125,2469,9352378,41412,10119,223.7032057904938,13,721,0,0
1600.667000,ADAPTIVE,MIXED,run01,THERMAL_LIDAR,0.1341763287782669,0.35432198643684387,0.21920667588710785,0.21972860395908356,0.21920667588710785,0.21920667588710785,318.2042236328125,2472,9363876,41412,10119,223.98794058271315,13,722,0,0
1601.668000,ADAPTIVE,MIXED,run01,THERMAL_LIDAR,0.13041727244853973,0.35110750794410706,0.21941038966178894,0.2186277061700821,0.21941038966178894,0.21941038966178894,288.8191223144531,2475,9375376,41412,10119,224.21054990016356,13,723,0,0
1602.667000,ADAPTIVE,MIXED,run01,THERMAL_LIDAR,0.13935598731040955,0.355618417263031,0.21382008492946625,0.21590612828731537,0.21382008492946625,0.21382008492946625,301.82379150390625,2478,9386879,41414,10119,224.40718921098045,13,723,0,0
1603.667000,ADAPTIVE,MIXED,run01,THERMAL_LIDAR,0.13157665729522705,0.350970983505249,0.21689260005950928,0.2158498466014862,0.21689260005950928,0.21689260005950928,314.4995422363281,2481,9398386,41414,10119,224.6696171195848,13,724,0,0
1604.667000,ADAPTIVE,MIXED,run01,THERMAL_LIDAR,0.1260654181241989,0.34591159224510193,0.217300683259964,0.21860343217849731,0.217300683259964,0.217300683259964,318.5965576171875,2484,9409899,41414,10119,224.90487968155296,13,724,0,0
1605.668000,ADAPTIVE,MIXED,run01,THERMAL_LIDAR,0.13822180032730103,0.3528217077255249,0.21718749403953552,0.21692708134651184,0.21718749403953552,0.21718749403953552,467.64044189453125,2487,9421415,41416,10119,225.04410286467026,13,725,0,0
1606.669000,ADAPTIVE,MIXED,run01,THERMAL_LIDAR,0.13294586539268494,0.3508110046386719,0.21822915971279144,0.21666666865348816,0.21822915971279144,0.21822915971279144,476.9873046875,2489,9429095,41416,10119,225.29210515000887,13,725,0,0
1607.667000,ADAPTIVE,MIXED,run01,THERMAL_LIDAR,0.13635551929473877,0.3510867953300476,0.21718749403953552,0.21770833432674408,0.21718749403953552,0.21718749403953552,513.7706298828125,2492,9440615,41419,10119,225.45793178511366,13,725,0,0
1608.667000,ADAPTIVE,MIXED,run01,THERMAL_LIDAR,0.1311744898557663,0.34781283140182495,0.21692708134651184,0.21770833432674408,0.21692708134651184,0.21692708134651184,707.8576049804688,2494,9448295,41419,10119,225.70882816857213,13,726,0,0
1609.669000,ADAPTIVE,MIXED,run01,THERMAL_LIDAR,0.13220922648906708,0.35174328088760376,0.2174479216337204,0.21796874701976776,0.2174479216337204,0.2174479216337204,501.2030334472656,2496,9455975,41419,10119,225.99070571054745,13,726,0,0
1610.682000,ADAPTIVE,MIXED,run01,THERMAL_LIDAR,0.1309204250574112,0.35371285676956177,0.21822915971279144,0.2174479216337204,0.21822915971279144,0.21822915971279144,521.0755615234375,2498,9463655,41424,10119,226.15610188574365,13,727,0,0
1611.667000,ADAPTIVE,MIXED,run01,THERMAL_LIDAR,0.12460051476955414,0.34846943616867065,0.2174479216337204,0.21718749403953552,0.2174479216337204,0.2174479216337204,504.6850280761719,2500,9471335,41424,10119,226.36975225043108,13,728,0,0
1612.667000,ADAPTIVE,MIXED,run01,THERMAL_LIDAR,0.13010846078395844,0.3518277704715729,0.21406249701976776,0.21718749403953552,0.21406249701976776,0.21406249701976776,499.0184631347656,2502,9479015,41424,10119,226.60332161037792,13,729,0,0
1613.669000,ADAPTIVE,MIXED,run01,THERMAL_LIDAR,0.13023324310779572,0.35406461358070374,0.21953125298023224,0.21770833432674408,0.21953125298023224,0.21953125298023224,521.835205078125,2505,9490535,41424,10119,226.82916405831048,13,729,0,0
1614.668000,ADAPTIVE,MIXED,run01,THERMAL_LIDAR,0.13072247803211212,0.3528629541397095,0.21901041269302368,0.21666666865348816,0.21901041269302368,0.21901041269302368,382.9589538574219,2508,9502055,41425,10119,227.0507327735513,13,730,0,0
1615.667000,ADAPTIVE,MIXED,run01,THERMAL_LIDAR,0.12661390006542206,0.35118401050567627,0.21927084028720856,0.21796874701976776,0.21927084028720856,0.21927084028720856,395.50537109375,2510,9509735,41426,10119,227.30110974199485,13,730,0,0
1616.668000,ADAPTIVE,MIXED,run01,THERMAL_LIDAR,0.1283065676689148,0.35124120116233826,0.2174479216337204,0.21536459028720856,0.2174479216337204,0.2174479216337204,389.9240417480469,2513,9521255,41427,10119,227.51868128870575,13,731,0,0
1617.667000,ADAPTIVE,MIXED,run01,THERMAL_LIDAR,0.1240212619304657,0.35448893904685974,0.21953125298023224,0.21666666865348816,0.21953125298023224,0.21953125298023224,350.48614501953125,2514,9525095,41427,10119,227.75922377386888,13,732,0,0
1618.667000,ADAPTIVE,MIXED,run01,THERMAL_LIDAR,0.13117480278015137,0.3662661015987396,0.21953125298023224,0.21666666865348816,0.21953125298023224,0.21953125298023224,350.48614501953125,2514,9525095,41427,10119,228.00816262770962,13,732,0,0
1619.668000,ADAPTIVE,MIXED,run01,THERMAL_LIDAR,0.13344362378120422,0.3637794852256775,0.21848958730697632,0.2161458283662796,0.21848958730697632,0.21848958730697632,334.29705810546875,2516,9532775,41436,10122,228.2201390114538,13,733,0,0
1620.667000,ADAPTIVE,MIXED,run01,THERMAL_LIDAR,0.1329585462808609,0.3576914966106415,0.21718749403953552,0.21458333730697632,0.21718749403953552,0.21718749403953552,309.89404296875,2519,9544295,41455,10132,228.49192993517693,13,733,0,0
1621.670000,ADAPTIVE,MIXED,run01,THERMAL_LIDAR,0.13264207541942596,0.356485515832901,0.22343750298023224,0.21770833432674408,0.22343750298023224,0.22343750298023224,293.333984375,2521,9551975,41465,10138,228.76864604154215,13,734,0,0
1622.667000,ADAPTIVE,MIXED,run01,THERMAL_LIDAR,0.13298764824867249,0.35807082056999207,0.21953125298023224,0.21770833432674408,0.21953125298023224,0.21953125298023224,309.32806396484375,2524,9563495,41470,10140,229.0459919107106,13,735,0,0
1623.667000,ADAPTIVE,MIXED,run01,THERMAL_LIDAR,0.12975595891475677,0.3504733741283417,0.21875,0.21796874701976776,0.21875,0.21875,389.5960693359375,2526,9571175,41491,10153,229.24554080371558,13,736,0,0
1624.667000,ADAPTIVE,MIXED,run01,THERMAL_LIDAR,0.12763318419456482,0.353324294090271,0.21848958730697632,0.21718749403953552,0.21848958730697632,0.21848958730697632,432.06317138671875,2528,9578855,41552,10188,229.48697936045568,13,737,0,0
1625.680000,ADAPTIVE,MIXED,run01,THERMAL_LIDAR,0.12806789577007294,0.3587155044078827,0.21848958730697632,0.2161458283662796,0.21848958730697632,0.21848958730697632,590.5707397460938,2530,9586535,41620,10208,229.72688769681085,13,737,0,0
1626.670000,ADAPTIVE,MIXED,run01,THERMAL_LIDAR,0.1277325600385666,0.35741737484931946,0.21848958730697632,0.21562500298023224,0.21848958730697632,0.21848958730697632,599.32177734375,2532,9594215,41668,10240,229.96736233231618,13,738,0,0
1627.667000,ADAPTIVE,MIXED,run01,THERMAL_LIDAR,0.12720949947834015,0.362875759601593,0.21822915971279144,0.21640625596046448,0.21822915971279144,0.21822915971279144,516.190673828125,2534,9601895,41772,10283,230.15724914289873,13,739,0,0
1628.668000,ADAPTIVE,MIXED,run01,THERMAL_LIDAR,0.12244895845651627,0.3615941107273102,0.2174479216337204,0.21588541567325592,0.2174479216337204,0.2174479216337204,571.9481201171875,2536,9609575,41842,10303,230.39319630320244,13,740,0,0
1629.667000,ADAPTIVE,MIXED,run01,THERMAL_LIDAR,0.13147872686386108,0.36772727966308594,0.21822915971279144,0.21692708134651184,0.21822915971279144,0.21822915971279144,513.8739624023438,2538,9617255,41922,10331,230.5666878035433,13,740,0,0
1630.667000,ADAPTIVE,MIXED,run01,THERMAL_LIDAR,0.12634533643722534,0.3646949231624603,0.21848958730697632,0.21718749403953552,0.21848958730697632,0.21848958730697632,491.3772277832031,2540,9624935,42084,10331,230.83009203203375,13,741,0,0
1631.692000,ADAPTIVE,MIXED,run01,THERMAL_LIDAR,0.12002036720514297,0.3595580756664276,0.22031250596046448,0.21953125298023224,0.22031250596046448,0.22031250596046448,557.5123901367188,2542,9632615,42180,10435,231.07508707017826,13,742,0,0
1632.668000,ADAPTIVE,MIXED,run01,THERMAL_LIDAR,0.13146139681339264,0.3691285252571106,0.21901041269302368,0.21718749403953552,0.21901041269302368,0.21901041269302368,350.3072509765625,2544,9640295,42276,10463,231.24763626982084,13,742,0,0
1633.667000,ADAPTIVE,MIXED,run01,THERMAL_LIDAR,0.12595070898532867,0.36603647470474243,0.21979166567325592,0.21953125298023224,0.21979166567325592,0.21979166567325592,300.35809326171875,2547,9651815,42467,10471,231.44226960204725,13,742,0,0
1634.667000,ADAPTIVE,MIXED,run01,THERMAL_LIDAR,0.127967968583107,0.36310306191444397,0.21901041269302368,0.21848958730697632,0.21901041269302368,0.21901041269302368,316.57098388671875,2550,9663335,42499,10483,231.6306667098338,13,742,0,0
1635.667000,ADAPTIVE,MIXED,run01,THERMAL_LIDAR,0.12841495871543884,0.3642105758190155,0.21901041269302368,0.21796874701976776,0.21901041269302368,0.21901041269302368,305.5761413574219,2553,9674855,42652,10507,231.8424991482469,13,743,0,0
1636.667000,ADAPTIVE,MIXED,run01,THERMAL_LIDAR,0.13382892310619354,0.36351650953292847,0.20859375596046448,0.21145834028720856,0.20859375596046448,0.20859375596046448,316.1856384277344,2555,9682535,42763,10512,232.05284821574884,13,744,0,0
1637.667000,ADAPTIVE,MIXED,run01,THERMAL_LIDAR,0.12966755032539368,0.3553687036037445,0.2174479216337204,0.21927084028720856,0.2174479216337204,0.2174479216337204,338.9106140136719,2559,9697895,42845,10512,232.2803580335248,13,745,0,0
1638.672000,ADAPTIVE,MIXED,run01,THERMAL_LIDAR,0.13062338531017303,0.3535737693309784,0.21822915971279144,0.2174479216337204,0.21822915971279144,0.21822915971279144,332.93719482421875,2562,9709415,42882,10527,232.4567355529564,13,745,0,0
1639.667000,ADAPTIVE,MIXED,run01,THERMAL_LIDAR,0.13837075233459473,0.36244824528694153,0.21640625596046448,0.21718749403953552,0.21640625596046448,0.21640625596046448,335.30474853515625,2564,9717095,42934,10527,232.695746503334,13,745,0,0
1640.680000,ADAPTIVE,MIXED,run01,THERMAL_LIDAR,0.1344374120235443,0.3603283762931824,0.21718749403953552,0.21875,0.21718749403953552,0.21718749403953552,324.54058837890625,2567,9728615,42962,10539,232.93868415692342,13,746,0,0
1641.668000,ADAPTIVE,MIXED,run01,THERMAL_LIDAR,0.13425658643245697,0.3542952537536621,0.21510416269302368,0.21718749403953552,0.21510416269302368,0.21510416269302368,509.55902099609375,2569,9736295,42988,10539,233.17682444766493,13,747,0,0
1642.667000,ADAPTIVE,MIXED,run01,THERMAL_LIDAR,0.1353837102651596,0.35721078515052795,0.21302083134651184,0.21510416269302368,0.21302083134651184,0.21302083134651184,533.4231567382812,2571,9743975,43003,10540,233.43188226554653,13,748,0,0
1643.671000,ADAPTIVE,MIXED,run01,THERMAL_LIDAR,0.13723430037498474,0.3627966642379761,0.21562500298023224,0.2174479216337204,0.21562500298023224,0.21562500298023224,595.0153198242188,2573,9751655,43037,10545,233.6934784275729,13,749,0,0
1644.668000,ADAPTIVE,MIXED,run01,THERMAL_LIDAR,0.1365317851305008,0.3573360741138458,0.21276041865348816,0.21536459028720856,0.21276041865348816,0.21276041865348816,764.0381469726562,2575,9759335,43039,10545,233.94888008707403,13,750,0,0
1645.670000,ADAPTIVE,MIXED,run01,THERMAL_LIDAR,0.14244742691516876,0.36495664715766907,0.21458333730697632,0.2161458283662796,0.21458333730697632,0.21458333730697632,538.1168823242188,2577,9767015,43046,10554,234.21628940138487,13,751,0,0
1646.667000,ADAPTIVE,MIXED,run01,THERMAL_LIDAR,0.12784355878829956,0.35449063777923584,0.21328124403953552,0.21562500298023224,0.21328124403953552,0.21328124403953552,535.0464477539062,2580,9778535,43071,10563,234.39735740244612,13,751,0,0
1647.667000,ADAPTIVE,MIXED,run01,THERMAL_LIDAR,0.12878787517547607,0.35196053981781006,0.2135416716337204,0.21718749403953552,0.2135416716337204,0.2135416716337204,525.9354248046875,2581,9782375,43080,10563,234.56352852550756,13,752,0,0
1648.674000,ADAPTIVE,MIXED,run01,THERMAL_LIDAR,0.14140400290489197,0.34989652037620544,0.21302083134651184,0.21822915971279144,0.21302083134651184,0.21302083134651184,467.0501708984375,2583,9790055,43080,10563,234.70415056670322,13,752,0,0
1649.667000,ADAPTIVE,MIXED,run01,THERMAL_LIDAR,0.1262229084968567,0.3392980992794037,0.21562500298023224,0.21796874701976776,0.21562500298023224,0.21562500298023224,344.364990234375,2586,9801575,43086,10563,234.84177776535233,13,753,0,0
1650.673000,ADAPTIVE,MIXED,run01,THERMAL_LIDAR,0.11441908776760101,0.3249470293521881,0.21458333730697632,0.21666666865348816,0.21458333730697632,0.21458333730697632,507.28466796875,2588,9809255,43087,10567,235.1100188471805,13,753,0,0
1651.667000,ADAPTIVE,MIXED,run01,THERMAL_LIDAR,0.13261184096336365,0.35016536712646484,0.21302083134651184,0.2161458283662796,0.21302083134651184,0.21302083134651184,362.86236572265625,2591,9820775,43097,10567,235.26202596074248,13,753,0,0
1652.667000,ADAPTIVE,MIXED,run01,THERMAL_LIDAR,0.1315629482269287,0.35794565081596375,0.21432290971279144,0.21822915971279144,0.21432290971279144,0.21432290971279144,332.77276611328125,2593,9828455,43104,10574,235.4484535121261,13,754,0,0
1653.667000,ADAPTIVE,MIXED,run01,THERMAL_LIDAR,0.14581793546676636,0.36969104409217834,0.2083333283662796,0.21145834028720856,0.2083333283662796,0.2083333283662796,272.5152893066406,2596,9839975,43649,10902,235.6298317509523,13,754,0,0
1654.667000,ADAPTIVE,MIXED,run01,THERMAL_LIDAR,0.13954530656337738,0.36532700061798096,0.21119791269302368,0.21536459028720856,0.21119791269302368,0.21119791269302368,313.42572021484375,2598,9847655,43649,10906,235.8342682823059,13,755,0,0
1655.669000,ADAPTIVE,MIXED,run01,THERMAL_LIDAR,0.13767880201339722,0.3613246977329254,0.21119791269302368,0.21484375,0.21119791269302368,0.21119791269302368,298.8799743652344,2600,9855335,43651,10906,236.09948162857333,13,756,0,0
1656.670000,ADAPTIVE,MIXED,run01,THERMAL_LIDAR,0.14464856684207916,0.3691433072090149,0.21770833432674408,0.21848958730697632,0.21770833432674408,0.21770833432674408,307.63555908203125,2603,9866855,43651,10907,236.32850484615972,13,756,0,0
1657.670000,ADAPTIVE,MIXED,run01,THERMAL_LIDAR,0.14064155519008636,0.3688999116420746,0.21666666865348816,0.21953125298023224,0.21666666865348816,0.21666666865348816,279.0533142089844,2605,9874535,43653,10907,236.52393354416836,13,757,0,0
1658.667000,ADAPTIVE,MIXED,run01,THERMAL_LIDAR,0.13577963411808014,0.3636312186717987,0.21536459028720856,0.21692708134651184,0.21536459028720856,0.21536459028720856,391.3290710449219,2607,9882215,43653,10907,236.78019438006808,13,757,0,0
1659.672000,ADAPTIVE,MIXED,run01,THERMAL_LIDAR,0.12957456707954407,0.3572063744068146,0.21822915971279144,0.21901041269302368,0.21822915971279144,0.21822915971279144,496.4469299316406,2609,9889895,43653,10907,237.00951865292072,13,758,0,0
1660.668000,ADAPTIVE,MIXED,run01,THERMAL_LIDAR,0.13099059462547302,0.35654497146606445,0.21666666865348816,0.21901041269302368,0.21666666865348816,0.21666666865348816,518.461181640625,2611,9897575,43653,10907,237.22571367548792,13,758,0,0
1661.668000,ADAPTIVE,MIXED,run01,THERMAL_LIDAR,0.12606267631053925,0.3478294014930725,0.21718749403953552,0.21822915971279144,0.21718749403953552,0.21718749403953552,613.4205932617188,2613,9905255,43655,10907,237.5070157734921,13,759,0,0
1662.667000,ADAPTIVE,MIXED,run01,THERMAL_LIDAR,0.13476671278476715,0.35889995098114014,0.21510416269302368,0.21718749403953552,0.21510416269302368,0.21510416269302368,489.8040771484375,2615,9912935,43661,10907,237.73341076779565,13,760,0,0
1663.667000,ADAPTIVE,MIXED,run01,THERMAL_LIDAR,0.13628926873207092,0.3645419776439667,0.21458333730697632,0.21692708134651184,0.21458333730697632,0.21458333730697632,401.0292053222656,2617,9920615,43661,10907,237.915320772437,13,760,0,0
1664.667000,ADAPTIVE,MIXED,run01,THERMAL_LIDAR,0.13711801171302795,0.36974844336509705,0.21197916567325592,0.21536459028720856,0.21197916567325592,0.21197916567325592,410.1617431640625,2619,9928295,43661,10910,238.1331344398413,13,761,0,0
1665.667000,ADAPTIVE,MIXED,run01,THERMAL_LIDAR,0.13274969160556793,0.3664321303367615,0.21276041865348816,0.21666666865348816,0.21276041865348816,0.21276041865348816,448.315185546875,2621,9935975,43736,10929,238.4080265847699,13,761,0,0
1666.667000,ADAPTIVE,MIXED,run01,THERMAL_LIDAR,0.14571163058280945,0.3703750669956207,0.21770833432674408,0.21848958730697632,0.21770833432674408,0.21770833432674408,426.2395935058594,2623,9943655,43736,10929,238.59820192821226,13,761,0,0
1667.667000,ADAPTIVE,MIXED,run01,THERMAL_LIDAR,0.14010292291641235,0.3707810938358307,0.21822915971279144,0.2200520783662796,0.21822915971279144,0.21822915971279144,331.6272277832031,2626,9955175,43739,10930,238.8549790078482,13,762,0,0
1668.668000,ADAPTIVE,MIXED,run01,THERMAL_LIDAR,0.14442753791809082,0.3683696687221527,0.21901041269302368,0.21875,0.21901041269302368,0.21901041269302368,335.3084716796875,2629,9966695,43740,10930,239.07770079058346,13,763,0,0
1669.667000,ADAPTIVE,MIXED,run01,THERMAL_LIDAR,0.1446111649274826,0.36871710419654846,0.21770833432674408,0.21822915971279144,0.21770833432674408,0.21770833432674408,302.1042175292969,2632,9978215,43740,10930,239.2976401682164,13,763,0,0
1670.667000,ADAPTIVE,MIXED,run01,THERMAL_LIDAR,0.14393390715122223,0.36831146478652954,0.21718749403953552,0.21692708134651184,0.21718749403953552,0.21718749403953552,297.5400695800781,2634,9985895,43740,10930,239.53159595772036,13,764,0,0
1671.671000,ADAPTIVE,MIXED,run01,THERMAL_LIDAR,0.13367067277431488,0.3608715236186981,0.21718749403953552,0.21796874701976776,0.21718749403953552,0.21718749403953552,245.75584411621094,2638,10001255,43740,10930,239.77923802207454,13,764,0,0
1672.667000,ADAPTIVE,MIXED,run01,THERMAL_LIDAR,0.1396302580833435,0.36591994762420654,0.21406249701976776,0.21770833432674408,0.21406249701976776,0.21406249701976776,294.1343688964844,2640,10008935,43740,10930,239.98845239680782,13,765,0,0
1673.668000,ADAPTIVE,MIXED,run01,THERMAL_LIDAR,0.13902007043361664,0.3638666272163391,0.21822915971279144,0.21796874701976776,0.21822915971279144,0.21822915971279144,352.72540283203125,2643,10020455,43740,10930,240.2198534372473,13,766,0,0
1674.667000,ADAPTIVE,MIXED,run01,THERMAL_LIDAR,0.14209705591201782,0.3642434775829315,0.21692708134651184,0.21822915971279144,0.21692708134651184,0.21979166567325592,307.92657470703125,2646,10031975,43740,10930,240.47751237808694,13,766,0,0
1675.692000,ADAPTIVE,MIXED,run01,THERMAL_LIDAR,0.1425115019083023,0.36760759353637695,0.21718749403953552,0.21796874701976776,0.21718749403953552,0.21718749403953552,308.7956237792969,2649,10043495,43740,10930,240.7248583712589,13,767,0,0
1676.668000,ADAPTIVE,MIXED,run01,THERMAL_LIDAR,0.13617461919784546,0.3625344932079315,0.21666666865348816,0.21718749403953552,0.21666666865348816,0.21666666865348816,464.6225891113281,2651,10051175,43740,10930,240.98713862967205,13,768,0,0
1677.670000,ADAPTIVE,MIXED,run01,THERMAL_LIDAR,0.14714868366718292,0.3677877187728882,0.21562500298023224,0.21718749403953552,0.21562500298023224,0.21562500298023224,417.8070068359375,2653,10058855,43740,10930,241.20384055492906,13,769,0,0
1678.674000,ADAPTIVE,MIXED,run01,THERMAL_LIDAR,0.1440405547618866,0.3676644563674927,0.21588541567325592,0.2174479216337204,0.21588541567325592,0.21588541567325592,578.045654296875,2656,10070375,43740,10930,241.4450609459562,13,769,0,0
1679.669000,ADAPTIVE,MIXED,run01,THERMAL_LIDAR,0.13749223947525024,0.36389994621276855,0.21953125298023224,0.2200520783662796,0.21953125298023224,0.21953125298023224,709.8132934570312,2658,10078055,43740,10930,241.62042030256964,13,769,0,0
1680.669000,ADAPTIVE,MIXED,run01,THERMAL_LIDAR,0.14177560806274414,0.3623524010181427,0.21718749403953552,0.2174479216337204,0.21718749403953552,0.21718749403953552,573.5574340820312,2660,10085735,43740,10930,241.87942874125181,13,770,0,0
1681.667000,ADAPTIVE,MIXED,run01,THERMAL_LIDAR,0.14144116640090942,0.3648105561733246,0.21796874701976776,0.21770833432674408,0.21796874701976776,0.21796874701976776,570.311279296875,2662,10093415,43740,10930,242.13467144181755,13,771,0,0
1682.667000,ADAPTIVE,MIXED,run01,THERMAL_LIDAR,0.13877639174461365,0.3648306131362915,0.21666666865348816,0.21770833432674408,0.21666666865348816,0.21666666865348816,462.62811279296875,2663,10097255,43740,10930,242.3474091509299,13,772,0,0
1683.667000,ADAPTIVE,MIXED,run01,THERMAL_LIDAR,0.14013294875621796,0.36282798647880554,0.21770833432674408,0.21848958730697632,0.21770833432674408,0.21770833432674408,608.705322265625,2666,10108775,43740,10930,242.580362779945,13,772,0,0
1684.667000,ADAPTIVE,MIXED,run01,THERMAL_LIDAR,0.1400788277387619,0.36207470297813416,0.2161458283662796,0.21718749403953552,0.2161458283662796,0.2161458283662796,432.5367126464844,2668,10116455,43740,10930,242.7834744944023,13,773,0,0
1685.669000,ADAPTIVE,MIXED,run01,THERMAL_LIDAR,0.13684624433517456,0.36421599984169006,0.21666666865348816,0.21770833432674408,0.21666666865348816,0.21666666865348816,413.9924011230469,2670,10124135,43740,10930,243.02216777372806,13,774,0,0
1686.667000,ADAPTIVE,MIXED,run01,THERMAL_LIDAR,0.13975997269153595,0.36052405834198,0.2174479216337204,0.2174479216337204,0.2174479216337204,0.2174479216337204,359.8813781738281,2673,10135655,43740,10930,243.20147864349943,13,775,0,0
1687.668000,ADAPTIVE,MIXED,run01,THERMAL_LIDAR,0.14332744479179382,0.36203205585479736,0.2174479216337204,0.21875,0.2174479216337204,0.2174479216337204,325.81573486328125,2676,10147175,43740,10930,243.49708191459584,13,776,0,0
1688.667000,ADAPTIVE,MIXED,run01,THERMAL_LIDAR,0.13378329575061798,0.35912463068962097,0.21302083134651184,0.21432290971279144,0.21302083134651184,0.21302083134651184,327.16961669921875,2679,10158695,43740,10930,243.74424685044235,13,777,0,0
1689.667000,ADAPTIVE,MIXED,run01,THERMAL_LIDAR,0.13728684186935425,0.3615375757217407,0.2161458283662796,0.21770833432674408,0.2161458283662796,0.2161458283662796,301.41192626953125,2681,10166375,43740,10930,243.9342663457592,13,778,0,0
1690.668000,ADAPTIVE,MIXED,run01,THERMAL_LIDAR,0.13925637304782867,0.3592895269393921,0.21640625596046448,0.21640625596046448,0.21640625596046448,0.21640625596046448,299.4724426269531,2684,10177895,43740,10930,244.1666654133282,13,778,0,0
1691.668000,ADAPTIVE,MIXED,run01,THERMAL_LIDAR,0.13609254360198975,0.3649579882621765,0.21484375,0.21588541567325592,0.21484375,0.21484375,299.9822692871094,2687,10189415,43741,10930,244.43895676815615,13,779,0,0
1692.681000,ADAPTIVE,MIXED,run01,THERMAL_LIDAR,0.13169384002685547,0.35920727252960205,0.21927084028720856,0.2200520783662796,0.21927084028720856,0.21927084028720856,335.4466857910156,2690,10200935,43741,10930,244.70784817919431,13,780,0,0
1693.674000,ADAPTIVE,MIXED,run01,THERMAL_LIDAR,0.1360117793083191,0.3621164858341217,0.21380208432674408,0.21588541567325592,0.21380208432674408,0.21380208432674408,362.0020751953125,2693,10212455,43742,10930,244.9013232791973,13,781,0,0
1694.681000,ADAPTIVE,MIXED,run01,THERMAL_LIDAR,0.13262178003787994,0.36357635259628296,0.21458333730697632,0.2161458283662796,0.21458333730697632,0.21458333730697632,355.24517822265625,2696,10223975,43743,10930,245.17199730716757,13,782,0,0
1695.668000,ADAPTIVE,MIXED,run01,THERMAL_LIDAR,0.13270416855812073,0.36181071400642395,0.21536459028720856,0.21692708134651184,0.21536459028720856,0.21536459028720856,351.22186279296875,2697,10227815,43744,10930,245.41738154979961,13,782,0,0
1696.667000,ADAPTIVE,MIXED,run01,THERMAL_LIDAR,0.13065789639949799,0.3628530204296112,0.21822915971279144,0.21640625596046448,0.21822915971279144,0.21822915971279144,390.6202392578125,2700,10239335,43757,10930,245.69696196976687,13,783,0,0
1697.667000,ADAPTIVE,MIXED,run01,THERMAL_LIDAR,0.13349558413028717,0.358368843793869,0.21484375,0.21692708134651184,0.21484375,0.21484375,374.2451477050781,2703,10250855,43759,10934,245.91113278257882,13,784,0,0
1698.667000,ADAPTIVE,MIXED,run01,THERMAL_LIDAR,0.13293927907943726,0.36125174164772034,0.2135416716337204,0.21406249701976776,0.2135416716337204,0.2135416716337204,387.83831787109375,2705,10258535,43759,10934,246.15484246809987,13,785,0,0
1699.667000,ADAPTIVE,MIXED,run01,THERMAL_LIDAR,0.1384839415550232,0.36800533533096313,0.21536459028720856,0.21640625596046448,0.21536459028720856,0.21536459028720856,387.9844665527344,2708,10270055,43759,10934,246.4079234949448,13,785,0,0
1700.667000,ADAPTIVE,MIXED,run01,THERMAL_LIDAR,0.13303355872631073,0.36235323548316956,0.21875,0.2213541716337204,0.21875,0.21875,398.51922607421875,2709,10273895,43759,10934,246.62018894411335,13,785,0,0
1701.668000,ADAPTIVE,MIXED,run01,THERMAL_LIDAR,0.12687332928180695,0.3606637120246887,0.21510416269302368,0.21640625596046448,0.21510416269302368,0.21510416269302368,410.21844482421875,2711,10281575,43759,10934,246.87658357916203,13,786,0,0
1702.668000,ADAPTIVE,MIXED,run01,THERMAL_LIDAR,0.1375168114900589,0.36282411217689514,0.21718749403953552,0.21822915971279144,0.21718749403953552,0.21718749403953552,366.74969482421875,2713,10289255,43766,10938,247.11115683212486,13,787,0,0
1703.667000,ADAPTIVE,MIXED,run01,THERMAL_LIDAR,0.1285894364118576,0.3556883633136749,0.2161458283662796,0.21562500298023224,0.2161458283662796,0.2161458283662796,292.37469482421875,2717,10304615,43766,10938,247.32685951755047,13,788,0,0
1704.667000,ADAPTIVE,MIXED,run01,THERMAL_LIDAR,0.14086836576461792,0.3619321584701538,0.21848958730697632,0.21770833432674408,0.21848958730697632,0.21848958730697632,263.0657653808594,2720,10316135,43766,10938,247.5896160597731,13,789,0,0
1705.667000,ADAPTIVE,MIXED,run01,THERMAL_LIDAR,0.14212657511234283,0.3628196120262146,0.2148997187614441,0.2154206782579422,0.2148997187614441,0.2148997187614441,287.05535888671875,2723,10327650,43766,10938,247.8509316813857,13,790,0,0
1706.668000,ADAPTIVE,MIXED,run01,THERMAL_LIDAR,0.13217854499816895,0.3625139594078064,0.21318738162517548,0.21501173079013824,0.21318738162517548,0.21318738162517548,308.2430725097656,2726,10339164,43774,10943,248.09179229828155,13,790,0,0
1707.667000,ADAPTIVE,MIXED,run01,THERMAL_LIDAR,0.13457705080509186,0.3662315011024475,0.21796874701976776,0.21640625596046448,0.21796874701976776,0.21796874701976776,318.62042236328125,2728,10346844,43794,10955,248.35200111088278,13,791,0,0
1708.668000,ADAPTIVE,MIXED,run01,THERMAL_LIDAR,0.128909170627594,0.36162540316581726,0.2122395783662796,0.21562500298023224,0.2122395783662796,0.2122395783662796,288.63763427734375,2732,10362202,43794,10955,248.59579224662306,13,792,0,0
1709.667000,ADAPTIVE,MIXED,run01,THERMAL_LIDAR,0.1388937532901764,0.36758607625961304,0.21422986686229706,0.21553297340869904,0.21422986686229706,0.21422986686229706,314.1012878417969,2734,10369878,43794,10955,248.8351023799352,13,792,0,0
1710.667000,ADAPTIVE,MIXED,run01,THERMAL_LIDAR,0.13869203627109528,0.36773720383644104,0.2187744528055191,0.21773141622543335,0.2187744528055191,0.2187744528055191,324.1188659667969,2737,10381385,43794,10955,249.08407510613318,13,793,0,0
1711.667000,ADAPTIVE,MIXED,run01,THERMAL_LIDAR,0.1407741755247116,0.3672010004520416,0.21694914996623993,0.2166883945465088,0.21694914996623993,0.21694914996623993,317.8106689453125,2739,10389055,43796,10956,249.32856407517198,13,794,0,0
1712.669000,ADAPTIVE,MIXED,run01,THERMAL_LIDAR,0.13848906755447388,0.358739972114563,0.2174706608057022,0.21720990538597107,0.2174706608057022,0.2174706608057022,434.8146057128906,2740,10392890,43796,10956,249.63599152620407,13,795,0,0
1713.674000,ADAPTIVE,MIXED,run01,THERMAL_LIDAR,0.13636411726474762,0.3629308044910431,0.2177882045507431,0.21857067942619324,0.2177882045507431,0.2177882045507431,554.390869140625,2742,10400560,43800,10956,249.89181439847317,13,796,0,0
1714.667000,ADAPTIVE,MIXED,run01,THERMAL_LIDAR,0.1369081437587738,0.3651682138442993,0.21700574457645416,0.2201356291770935,0.21700574457645416,0.21700574457645416,736.6577758789062,2745,10412064,43801,10956,250.1316365973968,13,797,0,0
1715.670000,ADAPTIVE,MIXED,run01,THERMAL_LIDAR,0.1363496482372284,0.36368054151535034,0.21283255517482758,0.21622326970100403,0.21283255517482758,0.21283255517482758,634.3263549804688,2746,10415898,43801,10956,250.387703933607,13,798,0,0
1716.667000,ADAPTIVE,MIXED,run01,THERMAL_LIDAR,0.13337282836437225,0.3597288727760315,0.2112676054239273,0.21413667500019073,0.2112676054239273,0.2112676054239273,518.54638671875,2749,10427398,43803,10956,250.68658385174516,13,798,0,0
1717.668000,ADAPTIVE,MIXED,run01,THERMAL_LIDAR,0.13902978599071503,0.36201411485671997,0.21758413314819336,0.21784502267837524,0.21758413314819336,0.21758413314819336,488.2128601074219,2751,10435065,43803,10956,250.89230970359404,13,799,0,0
1718.673000,ADAPTIVE,MIXED,run01,THERMAL_LIDAR,0.1323472410440445,0.35982242226600647,0.22077244520187378,0.22025051712989807,0.22077244520187378,0.22077244520187378,602.4786376953125,2753,10442730,43803,10956,251.12256525884735,13,800,0,0
1719.667000,ADAPTIVE,MIXED,run01,THERMAL_LIDAR,0.12592285871505737,0.35443103313446045,0.21743670105934143,0.2161315530538559,0.21743670105934143,0.21743670105934143,670.5767211914062,2756,10454222,43804,10956,251.3862996321751,13,801,0,0
1720.668000,ADAPTIVE,MIXED,run01,THERMAL_LIDAR,0.1164231225848198,0.3469260632991791,0.21180464327335358,0.21232697367668152,0.21180464327335358,0.21180464327335358,499.1968994140625,2758,10461881,43804,10956,251.61313734437746,13,802,0,0
1721.667000,ADAPTIVE,MIXED,run01,THERMAL_LIDAR,0.1281256228685379,0.35517212748527527,0.21665361523628235,0.21587052941322327,0.21665361523628235,0.21665361523628235,548.1774291992188,2761,10473372,43811,10958,251.7948147608919,13,802,0,0
1722.667000,ADAPTIVE,MIXED,run01,THERMAL_LIDAR,0.1320917159318924,0.3565136790275574,0.2183908075094223,0.21917450428009033,0.2183908075094223,0.2183908075094223,456.2222595214844,2764,10484856,43817,10958,252.01267964323472,13,803,0,0
1723.667000,ADAPTIVE,MIXED,run01,THERMAL_LIDAR,0.12720127403736115,0.352388858795166,0.21919958293437958,0.21972273290157318,0.21919958293437958,0.21919958293437958,340.0494384765625,2768,10500161,43817,10958,252.2724383142151,13,803,0,0
1724.667000,ADAPTIVE,MIXED,run01,THERMAL_LIDAR,0.1280437856912613,0.3514094054698944,0.2207690328359604,0.21946115791797638,0.2207690328359604,0.2207690328359604,353.782958984375,2771,10511633,43817,10958,252.52104636043603,13,804,0,0
1725.669000,ADAPTIVE,MIXED,run01,THERMAL_LIDAR,0.12308287620544434,0.34738150238990784,0.21742543578147888,0.216378852725029,0.21742543578147888,0.21742543578147888,368.7300720214844,2774,10523107,43817,10958,252.73849408501482,13,805,0,0
1726.681000,ADAPTIVE,MIXED,run01,THERMAL_LIDAR,0.12130514532327652,0.3468911945819855,0.2178347259759903,0.21652719378471375,0.2178347259759903,0.2178347259759903,375.1768798828125,2777,10534579,43822,10959,252.99406738057507,13,806,0,0
1727.668000,ADAPTIVE,MIXED,run01,THERMAL_LIDAR,0.12809115648269653,0.3522351086139679,0.21340665221214294,0.2123592495918274,0.21340665221214294,0.21340665221214294,375.8502502441406,2778,10538398,43822,10960,253.19369012697797,13,807,0,0
1728.667000,ADAPTIVE,MIXED,run01,THERMAL_LIDAR,0.12894365191459656,0.35152965784072876,0.2105676233768463,0.21109077334403992,0.2105676233768463,0.2105676233768463,468.765869140625,2780,10546040,43823,10960,253.35611876986073,13,807,0,0
1729.668000,ADAPTIVE,MIXED,run01,THERMAL_LIDAR,0.12446491420269012,0.34864723682403564,0.21434178948402405,0.21381837129592896,0.21434178948402405,0.21434178948402405,419.9347229003906,2782,10553682,43825,10961,253.62703225335494,13,808,0,0
1730.668000,ADAPTIVE,MIXED,run01,THERMAL_LIDAR,0.1317695528268814,0.3538855016231537,0.216378852725029,0.2142857164144516,0.216378852725029,0.216378852725029,507.5306396484375,2785,10565146,43833,10968,253.85590875946542,13,809,0,0
1731.669000,ADAPTIVE,MIXED,run01,THERMAL_LIDAR,0.1313367486000061,0.35188671946525574,0.21372446417808533,0.21241487562656403,0.21372446417808533,0.21372446417808533,465.09027099609375,2787,10572783,43834,10968,254.02855255074374,13,810,0,0
1732.669000,ADAPTIVE,MIXED,run01,THERMAL_LIDAR,0.12770436704158783,0.35063686966896057,0.21722061932086945,0.2146035134792328,0.21722061932086945,0.21722061932086945,455.9490051269531,2790,10584239,43836,10969,254.23333777476083,13,811,0,0
1733.667000,ADAPTIVE,MIXED,run01,THERMAL_LIDAR,0.12397937476634979,0.34850040078163147,0.21492145955562592,0.21439790725708008,0.21492145955562592,0.21492145955562592,459.0,2792,10591877,43836,10969,254.50040875866102,13,811,0,0
1734.667000,ADAPTIVE,MIXED,run01,THERMAL_LIDAR,0.12422887235879898,0.34865373373031616,0.2168106883764267,0.21497774124145508,0.2168106883764267,0.2168106883764267,390.1627502441406,2795,10603333,43838,10969,254.72218803565795,13,812,0,0
1735.668000,ADAPTIVE,MIXED,run01,THERMAL_LIDAR,0.12902849912643433,0.3490067422389984,0.21078816056251526,0.21026447415351868,0.21078816056251526,0.21078816056251526,435.8169860839844,2796,10607152,43838,10969,254.90605201238102,13,813,0,0
1736.670000,ADAPTIVE,MIXED,run01,THERMAL_LIDAR,0.12397287786006927,0.34801429510116577,0.21078816056251526,0.21105001866817474,0.21078816056251526,0.21078816056251526,431.9598693847656,2798,10614788,43839,10970,255.18150172957496,13,814,0,0
1737.667000,ADAPTIVE,MIXED,run01,THERMAL_LIDAR,0.13029490411281586,0.35021209716796875,0.21256545186042786,0.21230366826057434,0.21256545186042786,0.21256545186042786,435.11016845703125,2801,10626243,43843,10971,255.44778194188652,13,815,0,0
1738.668000,ADAPTIVE,MIXED,run01,THERMAL_LIDAR,0.12478349357843399,0.3435276746749878,0.20938155055046082,0.21121592819690704,0.20938155055046082,0.20938155055046082,310.0218505859375,2804,10637695,43850,10971,255.7303647422404,13,816,0,0
1739.669000,ADAPTIVE,MIXED,run01,THERMAL_LIDAR,0.12528479099273682,0.347746342420578,0.2080167680978775,0.21011266112327576,0.2080167680978775,0.2080167680978775,248.93284606933594,2807,10649150,43851,10971,255.9621953102819,13,817,0,0
1740.668000,ADAPTIVE,MIXED,run01,THERMAL_LIDAR,0.12540648877620697,0.346905380487442,0.20790782570838928,0.21052631735801697,0.20790782570838928,0.20790782570838928,316.4615478515625,2810,10660605,43851,10971,256.211676833707,13,818,0,0
1741.667000,ADAPTIVE,MIXED,run01,THERMAL_LIDAR,0.12357224524021149,0.3453052341938019,0.20676100254058838,0.21042977273464203,0.20676100254058838,0.20676100254058838,304.7206726074219,2813,10672054,43852,10971,256.4300459251354,13,819,0,0
1742.667000,ADAPTIVE,MIXED,run01,THERMAL_LIDAR,0.11970692873001099,0.342984139919281,0.20743845403194427,0.21162912249565125,0.20743845403194427,0.20743845403194427,256.2703857421875,2815,10679688,43853,10971,256.67981830932376,13,819,0,0
1743.667000,ADAPTIVE,MIXED,run01,THERMAL_LIDAR,0.1192161962389946,0.3438814878463745,0.20963098108768463,0.210677832365036,0.20963098108768463,0.20963098108768463,313.5882263183594,2817,10687329,43859,10973,256.92088088773556,13,820,0,0
1744.667000,ADAPTIVE,MIXED,run01,THERMAL_LIDAR,0.12483785301446915,0.3467271327972412,0.20592087507247925,0.2103746384382248,0.20592087507247925,0.20592087507247925,322.7721252441406,2820,10698781,43860,10973,257.14151166360466,13,821,0,0
1745.667000,ADAPTIVE,MIXED,run01,THERMAL_LIDAR,0.130421981215477,0.3503912091255188,0.20968586206436157,0.21073298156261444,0.20968586206436157,0.20968586206436157,305.64837646484375,2823,10710237,43864,10973,257.32716830773285,13,822,0,0
1746.668000,ADAPTIVE,MIXED,run01,THERMAL_LIDAR,0.13175630569458008,0.3519006669521332,0.2147158980369568,0.20947891473770142,0.2147158980369568,0.2147158980369568,293.5685119628906,2826,10721692,43879,10974,257.6276200117138,13,823,0,0
1747.673000,ADAPTIVE,MIXED,run01,THERMAL_LIDAR,0.12370862066745758,0.34629902243614197,0.21404244005680084,0.21089860796928406,0.21404244005680084,0.21404244005680084,629.2362060546875,2829,10733147,43886,10978,257.88716133524184,13,823,0,0
1748.672000,ADAPTIVE,MIXED,run01,THERMAL_LIDAR,0.1271795779466629,0.348501056432724,0.21409852802753448,0.21174004673957825,0.21409852802753448,0.21409852802753448,752.3777465820312,2832,10744599,43902,10979,258.1084445930115,13,823,0,0
1749.667000,ADAPTIVE,MIXED,run01,THERMAL_LIDAR,0.11883874237537384,0.3439714014530182,0.21544502675533295,0.2117801010608673,0.21544502675533295,0.21544502675533295,758.1146850585938,2834,10752237,43902,10979,258.3323753807147,13,824,0,0
1750.668000,ADAPTIVE,MIXED,run01,THERMAL_LIDAR,0.12751351296901703,0.3499566614627838,0.21256545186042786,0.21544502675533295,0.21256545186042786,0.21256545186042786,561.7343139648438,2836,10759874,43906,10980,258.5380014943957,13,825,0,0
1751.668000,ADAPTIVE,MIXED,run01,THERMAL_LIDAR,0.12588588893413544,0.3487805426120758,0.21602514386177063,0.21314480900764465,0.21602514386177063,0.21602514386177063,557.5869750976562,2838,10767513,43912,10981,258.77404715760935,13,826,0,0
1752.678000,ADAPTIVE,MIXED,run01,THERMAL_LIDAR,0.12511077523231506,0.3480381965637207,0.21305032074451447,0.21095387637615204,0.21305032074451447,0.21305032074451447,599.1392822265625,2840,10775145,43912,10981,258.99892148878604,13,827,0,0
1753.668000,ADAPTIVE,MIXED,run01,THERMAL_LIDAR,0.12857769429683685,0.3504316508769989,0.2123592495918274,0.2147158980369568,0.2123592495918274,0.2123592495918274,547.857421875,2842,10782780,43913,10981,259.21259296137555,13,828,0,0
1754.667000,ADAPTIVE,MIXED,run01,THERMAL_LIDAR,0.13170519471168518,0.3505192697048187,0.2105814516544342,0.2118910402059555,0.2105814516544342,0.2105814516544342,398.59197998046875,2845,10794235,43919,10981,259.3868519625139,13,829,0,0
1755.667000,ADAPTIVE,MIXED,run01,THERMAL_LIDAR,0.13148754835128784,0.3511798679828644,0.21005761623382568,0.21162912249565125,0.21005761623382568,0.21005761623382568,394.13519287109375,2848,10805692,43925,10983,259.6089732902908,13,830,0,0
1756.684000,ADAPTIVE,MIXED,run01,THERMAL_LIDAR,0.12973934412002563,0.34935882687568665,0.21366849541664124,0.21340665221214294,0.21366849541664124,0.21366849541664124,434.4053649902344,2851,10817149,43926,10983,259.8976750211037,13,831,0,0
1757.669000,ADAPTIVE,MIXED,run01,THERMAL_LIDAR,0.13767580687999725,0.3538488745689392,0.21073298156261444,0.2146596908569336,0.21073298156261444,0.21073298156261444,338.2852478027344,2854,10828605,43942,10991,260.12527051136726,13,832,0,0
1758.667000,ADAPTIVE,MIXED,run01,THERMAL_LIDAR,0.13164038956165314,0.3504047393798828,0.20921707153320312,0.2120974063873291,0.20921707153320312,0.20921707153320312,343.85150146484375,2857,10840065,43945,10991,260.3296798306108,13,833,0,0
1759.667000,ADAPTIVE,MIXED,run01,THERMAL_LIDAR,0.12999282777309418,0.34582284092903137,0.21350078284740448,0.21480900049209595,0.21350078284740448,0.21350078284740448,320.3902893066406,2859,10847705,43946,10991,260.5302153720055,13,834,0,0
1760.669000,ADAPTIVE,MIXED,run01,THERMAL_LIDAR,0.1339935064315796,0.3502691686153412,0.21282722055912018,0.21387434005737305,0.21282722055912018,0.21282722055912018,360.2254943847656,2862,10859163,43950,10991,260.7770840581996,13,835,0,0
1761.668000,ADAPTIVE,MIXED,run01,THERMAL_LIDAR,0.14177030324935913,0.3495858609676361,0.21376243233680725,0.21454735100269318,0.21376243233680725,0.21376243233680725,378.86053466796875,2864,10866808,43971,10991,261.0479266680686,13,835,0,0
1762.667000,ADAPTIVE,MIXED,run01,THERMAL_LIDAR,0.13499057292938232,0.3484286665916443,0.2132391482591629,0.21507064998149872,0.2132391482591629,0.2132391482591629,404.05194091796875,2867,10878270,43972,11004,261.3339027169575,13,835,0,0
1763.668000,ADAPTIVE,MIXED,run01,THERMAL_LIDAR,0.13729456067085266,0.34813380241394043,0.2158912718296051,0.21562990546226501,0.2158912718296051,0.2158912718296051,429.18756103515625,2869,10885918,43972,11004,261.53677332836475,13,836,0,0
1764.672000,ADAPTIVE,MIXED,run01,THERMAL_LIDAR,0.13409556448459625,0.3468438386917114,0.21667538583278656,0.2158912718296051,0.21667538583278656,0.21667538583278656,493.6114196777344,2871,10893569,43972,11004,261.6602806466549,13,837,0,0
1765.710000,ADAPTIVE,MIXED,run01,THERMAL_LIDAR,0.1277603656053543,0.3433670401573181,0.20993463695049286,0.21307189762592316,0.20993463695049286,0.20993463695049286,407.509033203125,2874,10905042,43978,11004,261.9126294312625,13,838,0,0
1766.667000,ADAPTIVE,MIXED,run01,THERMAL_LIDAR,0.13945746421813965,0.35221073031425476,0.21224810183048248,0.2135566622018814,0.21224810183048248,0.21224810183048248,494.0840759277344,2877,10916506,43985,11004,262.0986178528004,13,839,0,0
1767.668000,ADAPTIVE,MIXED,run01,THERMAL_LIDAR,0.13028663396835327,0.3515606224536896,0.2153322845697403,0.21585556864738464,0.2153322845697403,0.2153322845697403,460.6186218261719,2880,10927978,43989,11004,262.37075380040716,13,840,0,0
1768.667000,ADAPTIVE,MIXED,run01,THERMAL_LIDAR,0.12585465610027313,0.3498729467391968,0.2161526381969452,0.21562990546226501,0.2161526381969452,0.2161526381969452,450.5289001464844,2882,10935628,43998,11004,262.5675537234665,13,841,0,0
1769.667000,ADAPTIVE,MIXED,run01,THERMAL_LIDAR,0.12207996100187302,0.34697890281677246,0.2141176462173462,0.21542483568191528,0.2141176462173462,0.2141176462173462,468.3668518066406,2884,10943278,44029,11013,262.84316219744585,13,842,0,0
1770.670000,ADAPTIVE,MIXED,run01,THERMAL_LIDAR,0.13565894961357117,0.35462692379951477,0.21082919836044312,0.21449123322963715,0.21082919836044312,0.21082919836044312,386.9338684082031,2887,10954743,44032,11014,263.03448779085164,13,842,0,0
1771.667000,ADAPTIVE,MIXED,run01,THERMAL_LIDAR,0.12984871864318848,0.35398566722869873,0.210677832365036,0.2140800803899765,0.210677832365036,0.210677832365036,491.04705810546875,2890,10966206,44042,11014,263.275402181331,13,843,0,0
1772.667000,ADAPTIVE,MIXED,run01,THERMAL_LIDAR,0.13322071731090546,0.3560987412929535,0.21174004673957825,0.21174004673957825,0.21174004673957825,0.21174004673957825,357.1378173828125,2894,10981473,44106,11030,263.4809003549885,13,844,0,0
1773.667000,ADAPTIVE,MIXED,run01,THERMAL_LIDAR,0.13677255809307098,0.3571138083934784,0.20942407846450806,0.21204188466072083,0.20942407846450806,0.20942407846450806,389.2364196777344,2896,10989108,44128,11032,263.7453357036797,13,844,0,0
1774.673000,ADAPTIVE,MIXED,run01,THERMAL_LIDAR,0.14050240814685822,0.36110690236091614,0.21409852802753448,0.21357442438602448,0.21409852802753448,0.21409852802753448,366.3516540527344,2900,11004377,44161,11041,263.9875362115007,13,845,0,0
1775.667000,ADAPTIVE,MIXED,run01,THERMAL_LIDAR,0.12263017147779465,0.35049405694007874,0.20900996029376984,0.21215295791625977,0.20900996029376984,0.20900996029376984,401.2224426269531,2903,11015831,44176,11042,264.21413574753745,13,846,0,0
1776.672000,ADAPTIVE,MIXED,run01,THERMAL_LIDAR,0.1410411298274994,0.36181482672691345,0.2099476456642151,0.2130890041589737,0.2099476456642151,0.2099476456642151,302.725341796875,2907,11031109,44267,11064,264.4261709721557,13,846,0,0
1777.667000,ADAPTIVE,MIXED,run01,THERMAL_LIDAR,0.1276218295097351,0.3521696627140045,0.21492145955562592,0.21413612365722656,0.21492145955562592,0.21492145955562592,304.4064025878906,2908,11034929,44366,11087,264.68376885360055,13,847,0,0
1778.697000,ADAPTIVE,MIXED,run01,THERMAL_LIDAR,0.1357930600643158,0.3596383333206177,0.21544502675533295,0.21544502675533295,0.21544502675533295,0.21544502675533295,327.88525390625,2911,11046384,44384,11089,264.84667862893485,13,847,0,0
1779.667000,ADAPTIVE,MIXED,run01,THERMAL_LIDAR,0.1279013752937317,0.347953200340271,0.21089860796928406,0.2129945009946823,0.21089860796928406,0.21089860796928406,344.4378662109375,2913,11054019,44440,11093,265.06132363577433,13,848,0,0
1780.668000,ADAPTIVE,MIXED,run01,THERMAL_LIDAR,0.11853814125061035,0.34356099367141724,0.20890052616596222,0.2133507877588272,0.20890052616596222,0.20890052616596222,458.1246643066406,2916,11065477,44492,11096,265.33057076061715,13,849,0,0
1781.668000,ADAPTIVE,MIXED,run01,THERMAL_LIDAR,0.13517101109027863,0.3592544496059418,0.2115183174610138,0.2133507877588272,0.2115183174610138,0.2115183174610138,642.1131591796875,2919,11076929,44526,11103,265.5536323319619,13,849,0,0
1782.667000,ADAPTIVE,MIXED,run01,THERMAL_LIDAR,0.1401817798614502,0.3594435155391693,0.21928216516971588,0.21744826436042786,0.21928216516971588,0.21928216516971588,583.9406127929688,2921,11084565,44562,11103,265.75295247097597,13,850,0,0
1783.667000,ADAPTIVE,MIXED,run01,THERMAL_LIDAR,0.14115603268146515,0.36258888244628906,0.21561436355113983,0.21482840180397034,0.21561436355113983,0.21561436355113983,660.4934692382812,2922,11088382,44607,11121,266.0193770746739,13,851,0,0
1784.671000,ADAPTIVE,MIXED,run01,THERMAL_LIDAR,0.13564243912696838,0.358916312456131,0.21544502675533295,0.21596857905387878,0.21544502675533295,0.21544502675533295,504.4970397949219,2925,11099844,44711,11147,266.33404504971355,13,852,0,0
1785.679000,ADAPTIVE,MIXED,run01,THERMAL_LIDAR,0.13856545090675354,0.36178097128868103,0.2105814516544342,0.2079622894525528,0.2105814516544342,0.2105814516544342,520.7866821289062,2928,11111301,44773,11160,266.5200825971582,13,852,0,0
1786.676000,ADAPTIVE,MIXED,run01,THERMAL_LIDAR,0.13507649302482605,0.35753101110458374,0.214192196726799,0.21366849541664124,0.214192196726799,0.214192196726799,473.142333984375,2930,11118940,44799,11165,266.7930787291369,13,853,0,0
1787.667000,ADAPTIVE,MIXED,run01,THERMAL_LIDAR,0.133486807346344,0.35736650228500366,0.21523958444595337,0.21523958444595337,0.21523958444595337,0.21523958444595337,455.8736572265625,2932,11126577,44837,11168,267.0417892931624,13,853,0,0
1788.667000,ADAPTIVE,MIXED,run01,THERMAL_LIDAR,0.13191761076450348,0.35317325592041016,0.21393035352230072,0.214192196726799,0.21393035352230072,0.21393035352230072,385.3569030761719,2935,11138033,44885,11178,267.28475317639374,13,854,0,0
1789.668000,ADAPTIVE,MIXED,run01,THERMAL_LIDAR,0.12950070202350616,0.35240820050239563,0.2111606001853943,0.21247053146362305,0.2111606001853943,0.2111606001853943,369.9634094238281,2937,11145666,44890,11182,267.5278141331914,13,855,0,0
1790.667000,ADAPTIVE,MIXED,run01,THERMAL_LIDAR,0.12583769857883453,0.35088422894477844,0.21523958444595337,0.21366849541664124,0.21523958444595337,0.21523958444595337,305.4381408691406,2939,11153303,44894,11183,267.72634686923135,14,855,0,0
1791.667000,ADAPTIVE,MIXED,run01,THERMAL_LIDAR,0.12751717865467072,0.350394606590271,0.21497774124145508,0.21523958444595337,0.21497774124145508,0.21497774124145508,282.8426513671875,2942,11164754,44911,11184,267.8502741032505,15,855,0,0
1792.667000,ADAPTIVE,MIXED,run01,THERMAL_LIDAR,0.1276884227991104,0.3505098223686218,0.2131061553955078,0.21048492193222046,0.2131061553955078,0.2131061553955078,280.6551818847656,2945,11176202,44933,11185,267.8588085552152,15,856,0,0
1793.669000,ADAPTIVE,MIXED,run01,THERMAL_LIDAR,0.12588383257389069,0.3421783149242401,0.20618286728858948,0.20906470715999603,0.20618286728858948,0.20618286728858948,335.9908447265625,2948,11187654,44944,11187,267.9201632990531,15,856,0,0
1794.667000,ADAPTIVE,MIXED,run01,THERMAL_LIDAR,0.13027352094650269,0.34227585792541504,0.20498034358024597,0.20917430520057678,0.20498034358024597,0.20498034358024597,317.2265625,2951,11199103,44951,11187,268.1161282113198,15,857,0,0
1795.667000,ADAPTIVE,MIXED,run01,THERMAL_LIDAR,0.12783701717853546,0.34273561835289,0.20498034358024597,0.208912193775177,0.20498034358024597,0.20498034358024597,302.2098388671875,2954,11210548,44952,11187,268.35676376905775,15,857,0,0
1796.667000,ADAPTIVE,MIXED,run01,THERMAL_LIDAR,0.13435934484004974,0.35361722111701965,0.2038249969482422,0.21011266112327576,0.2038249969482422,0.2038249969482422,406.4559020996094,2957,11221995,44953,11187,268.5450568523603,15,858,0,0
1797.667000,ADAPTIVE,MIXED,run01,THERMAL_LIDAR,0.12801116704940796,0.3525267243385315,0.2113266885280609,0.21552176773548126,0.2113266885280609,0.2113266885280609,505.47052001953125,2959,11229625,44964,11187,268.7456774346801,15,858,0,0
1798.674000,ADAPTIVE,MIXED,run01,THERMAL_LIDAR,0.12840552628040314,0.35298165678977966,0.21945464611053467,0.21840587258338928,0.21945464611053467,0.21945464611053467,506.3265075683594,2961,11237255,44966,11187,268.96646925870493,15,859,0,0
1799.672000,ADAPTIVE,MIXED,run01,THERMAL_LIDAR,0.1188993826508522,0.34520387649536133,0.21875818073749542,0.21902017295360565,0.21875818073749542,0.21875818073749542,644.7206420898438,2963,11244890,45035,11199,269.2604457656035,15,860,0,0
1800.671000,ADAPTIVE,MIXED,run01,THERMAL_LIDAR,0.13168315589427948,0.35556289553642273,0.20816968381404877,0.21131186187267303,0.20816968381404877,0.20816968381404877,494.5807800292969,2965,11252526,45035,11199,269.4316102722716,15,861,0,0
1801.667000,ADAPTIVE,MIXED,run01,THERMAL_LIDAR,0.13366013765335083,0.35420459508895874,0.20854073762893677,0.21194656193256378,0.20854073762893677,0.20854073762893677,448.3438415527344,2967,11260163,45039,11199,269.6286695300615,15,862,0,0
1802.667000,ADAPTIVE,MIXED,run01,THERMAL_LIDAR,0.13119618594646454,0.34963279962539673,0.2058669477701187,0.2092718631029129,0.2058669477701187,0.2058669477701187,451.88470458984375,2968,11263981,45060,11199,269.8982956490073,15,862,0,0
1803.668000,ADAPTIVE,MIXED,run01,THERMAL_LIDAR,0.1328534334897995,0.35422277450561523,0.20733945071697235,0.20760157704353333,0.20733945071697235,0.20733945071697235,491.6868591308594,2969,11267796,45060,11199,270.09707631544427,15,863,0,0
1804.667000,ADAPTIVE,MIXED,run01,THERMAL_LIDAR,0.13007605075836182,0.3549695909023285,0.2145102173089981,0.21241487562656403,0.2145102173089981,0.2145102173089981,374.02886962890625,2972,11279249,45068,11199,270.3501631176926,15,864,0,0
1805.667000,ADAPTIVE,MIXED,run01,THERMAL_LIDAR,0.13460974395275116,0.3556951582431793,0.21477213501930237,0.21162912249565125,0.21477213501930237,0.21477213501930237,351.2599792480469,2974,11286884,45072,11199,270.59009562174487,15,865,0,0
1806.670000,ADAPTIVE,MIXED,run01,THERMAL_LIDAR,0.1252153515815735,0.34263935685157776,0.2152959704399109,0.2132006287574768,0.2152959704399109,0.2152959704399109,327.9766845703125,2976,11294519,45077,11199,270.9525173664184,15,865,0,0
1807.671000,ADAPTIVE,MIXED,run01,THERMAL_LIDAR,0.12331919372081757,0.3399048149585724,0.2070680558681488,0.20942407846450806,0.2070680558681488,0.2070680558681488,337.0289611816406,2980,11309795,45085,11200,271.1211869941879,15,866,0,0
1808.667000,ADAPTIVE,MIXED,run01,THERMAL_LIDAR,0.11951194703578949,0.3406120836734772,0.21262110769748688,0.2120974063873291,0.21262110769748688,0.21262110769748688,302.66009521484375,2983,11321249,45100,11200,271.38944615034654,15,867,0,0
1809.667000,ADAPTIVE,MIXED,run01,THERMAL_LIDAR,0.12347964942455292,0.3445289433002472,0.21555788815021515,0.21110528707504272,0.21555788815021515,0.21555788815021515,284.3538513183594,2987,11336522,45121,11200,271.5264196117408,15,868,0,0
1810.674000,ADAPTIVE,MIXED,run01,THERMAL_LIDAR,0.12352322787046432,0.34920668601989746,0.21503405272960663,0.20979569852352142,0.21503405272960663,0.21503405272960663,351.1797790527344,2990,11347975,45138,11202,271.83578656234636,15,868,0,0
1811.667000,ADAPTIVE,MIXED,run01,THERMAL_LIDAR,0.13053658604621887,0.3553270101547241,0.21361257135868073,0.20916230976581573,0.21361257135868073,0.21361257135868073,383.9483337402344,2993,11359432,45146,11202,272.07278960321105,15,869,0,0
1812.668000,ADAPTIVE,MIXED,run01,THERMAL_LIDAR,0.134225994348526,0.3574800491333008,0.21305032074451447,0.20938155055046082,0.21305032074451447,0.21305032074451447,377.8484802246094,2994,11363248,45148,11206,272.17035738390166,15,870,0,0
1813.667000,ADAPTIVE,MIXED,run01,THERMAL_LIDAR,0.1352408081293106,0.3585657477378845,0.21147798001766205,0.21042977273464203,0.21147798001766205,0.21147798001766205,529.2525024414062,2996,11370883,45151,11206,272.4489585638614,15,871,0,0
1814.667000,ADAPTIVE,MIXED,run01,THERMAL_LIDAR,0.13061195611953735,0.3562123477458954,0.21340665221214294,0.21157370507717133,0.21340665221214294,0.21340665221214294,630.7510986328125,2998,11378520,45154,11206,272.72364606781895,15,872,0,0
1815.667000,ADAPTIVE,MIXED,run01,THERMAL_LIDAR,0.13174627721309662,0.3573954105377197,0.21393035352230072,0.21262110769748688,0.21393035352230072,0.21393035352230072,743.0307006835938,3000,11386155,45160,11206,272.93380052663923,15,872,0,0
1816.667000,ADAPTIVE,MIXED,run01,THERMAL_LIDAR,0.13622497022151947,0.3599230945110321,0.2146596908569336,0.21230366826057434,0.2146596908569336,0.2146596908569336,594.8604125976562,3002,11393793,45176,11206,273.20277428759414,15,873,0,0
1817.670000,ADAPTIVE,MIXED,run01,THERMAL_LIDAR,0.14022964239120483,0.3620777130126953,0.21226415038108826,0.21252620220184326,0.21226415038108826,0.21226415038108826,463.7040710449219,3003,11397609,45178,11207,273.4648086450531,15,873,0,0
1818.668000,ADAPTIVE,MIXED,run01,THERMAL_LIDAR,0.1407976597547531,0.3618033528327942,0.21241487562656403,0.21162912249565125,0.21241487562656403,0.21241487562656403,462.8629455566406,3006,11409063,45184,11208,273.75966346553156,15,874,0,0
1819.672000,ADAPTIVE,MIXED,run01,THERMAL_LIDAR,0.1401776820421219,0.36142992973327637,0.21247053146362305,0.21194656193256378,0.21247053146362305,0.21247053146362305,416.10455322265625,3009,11420515,45187,11208,274.01955826799514,15,874,0,0
1820.688000,ADAPTIVE,MIXED,run01,THERMAL_LIDAR,0.12339674681425095,0.34978336095809937,0.21168456971645355,0.21142257750034332,0.21168456971645355,0.21168456971645355,300.10040283203125,3012,11431967,45192,11208,274.3253581969795,15,875,0,0
1821.682000,ADAPTIVE,MIXED,run01,THERMAL_LIDAR,0.14067748188972473,0.35926011204719543,0.21252620220184326,0.21200209856033325,0.21252620220184326,0.21252620220184326,326.5150451660156,3015,11443418,45200,11209,274.6199960164158,15,875,0,0
1822.680000,ADAPTIVE,MIXED,run01,THERMAL_LIDAR,0.13375496864318848,0.3545833230018616,0.2145664095878601,0.21168456971645355,0.2145664095878601,0.2145664095878601,319.53759765625,3017,11451053,45205,11210,274.87787537842115,15,876,0,0
1823.667000,ADAPTIVE,MIXED,run01,THERMAL_LIDAR,0.12246695160865784,0.3481309711933136,0.21314480900764465,0.2120974063873291,0.21314480900764465,0.21314480900764465,296.541015625,3020,11462507,45238,11223,275.0899429750587,15,877,0,0
1824.667000,ADAPTIVE,MIXED,run01,THERMAL_LIDAR,0.1263115257024765,0.35039037466049194,0.21247053146362305,0.21142257750034332,0.21247053146362305,0.21247053146362305,285.274169921875,3023,11473959,45255,11223,275.30251216203106,15,877,0,0
1825.673000,ADAPTIVE,MIXED,run01,THERMAL_LIDAR,0.13502615690231323,0.3510797321796417,0.21278825402259827,0.21331237256526947,0.21278825402259827,0.21278825402259827,333.7517395019531,3025,11481594,45272,11234,275.5056938799205,15,878,0,0
1826.667000,ADAPTIVE,MIXED,run01,THERMAL_LIDAR,0.13604134321212769,0.35328999161720276,0.21293871104717255,0.21241487562656403,0.21293871104717255,0.21293871104717255,310.04046630859375,3028,11493049,45297,11244,275.7627860586794,15,879,0,0
1827.667000,ADAPTIVE,MIXED,run01,THERMAL_LIDAR,0.1385578066110611,0.3542625606060028,0.2123592495918274,0.2120974063873291,0.2123592495918274,0.2123592495918274,357.12701416015625,3031,11504503,45346,11255,276.03102950468116,15,879,0,0
1828.690000,ADAPTIVE,MIXED,run01,THERMAL_LIDAR,0.13783155381679535,0.35229820013046265,0.21157370507717133,0.21340665221214294,0.21157370507717133,0.21157370507717133,322.9964904785156,3034,11515955,45371,11261,276.32254429249974,15,880,0,0
1829.677000,ADAPTIVE,MIXED,run01,THERMAL_LIDAR,0.13880619406700134,0.3570753335952759,0.21278825402259827,0.21305032074451447,0.21278825402259827,0.21278825402259827,426.12451171875,3037,11527401,45408,11268,276.54641066032735,15,880,0,0
1830.667000,ADAPTIVE,MIXED,run01,THERMAL_LIDAR,0.14216861128807068,0.3601958751678467,0.21314480900764465,0.214192196726799,0.21314480900764465,0.21314480900764465,521.0194091796875,3039,11535035,45424,11272,276.82357304165134,15,881,0,0
1831.670000,ADAPTIVE,MIXED,run01,THERMAL_LIDAR,0.14549246430397034,0.3610278069972992,0.21121592819690704,0.21147798001766205,0.21121592819690704,0.21121592819690704,696.7765502929688,3042,11546486,45467,11280,277.1109798638719,15,882,0,0
1832.675000,ADAPTIVE,MIXED,run01,THERMAL_LIDAR,0.13813847303390503,0.3598180115222931,0.21162912249565125,0.2139863818883896,0.21162912249565125,0.21162912249565125,503.3801574707031,3044,11554123,45500,11289,277.33753507940634,15,883,0,0
1833.667000,ADAPTIVE,MIXED,run01,THERMAL_LIDAR,0.13132116198539734,0.35590890049934387,0.2131061553955078,0.21284404397010803,0.2131061553955078,0.2131061553955078,644.7745971679688,3046,11561756,45541,11289,277.5625361947025,15,884,0,0
1834.669000,ADAPTIVE,MIXED,run01,THERMAL_LIDAR,0.1375458538532257,0.35846492648124695,0.21215295791625977,0.21372446417808533,0.21215295791625977,0.21215295791625977,512.4138793945312,3049,11573207,45581,11318,277.7932095111935,15,885,0,0
1835.667000,ADAPTIVE,MIXED,run01,THERMAL_LIDAR,0.13398002088069916,0.3576672375202179,0.21179553866386414,0.21363040804862976,0.21179553866386414,0.21179553866386414,476.7887878417969,3052,11584653,45590,11324,278.0455086378876,15,886,0,0
1836.668000,ADAPTIVE,MIXED,run01,THERMAL_LIDAR,0.13296100497245789,0.3572312891483307,0.2120974063873291,0.21366849541664124,0.2120974063873291,0.2120974063873291,393.4605407714844,3054,11592290,45649,11345,278.30980730455116,15,886,0,0
1837.682000,ADAPTIVE,MIXED,run01,THERMAL_LIDAR,0.14385986328125,0.36149299144744873,0.21106450259685516,0.2134242206811905,0.21106450259685516,0.21106450259685516,483.1340637207031,3057,11603735,45723,11365,278.50370639201617,15,887,0,0
1838.667000,ADAPTIVE,MIXED,run01,THERMAL_LIDAR,0.13626280426979065,0.3583002984523773,0.21346254646778107,0.2139863818883896,0.21346254646778107,0.21346254646778107,377.7738342285156,3060,11615187,45758,11390,278.77228757853055,15,887,0,0
1839.667000,ADAPTIVE,MIXED,run01,THERMAL_LIDAR,0.12857145071029663,0.35266733169555664,0.21158888936042786,0.21394860744476318,0.21158888936042786,0.21158888936042786,285.6683349609375,3062,11622819,45796,11403,279.0269275571086,15,888,0,0
1840.667000,ADAPTIVE,MIXED,run01,THERMAL_LIDAR,0.13869573175907135,0.35910314321517944,0.21105001866817474,0.21393035352230072,0.21105001866817474,0.21105001866817474,321.6624755859375,3064,11630455,45826,11425,279.22562732015496,15,889,0,0
1841.675000,ADAPTIVE,MIXED,run01,THERMAL_LIDAR,0.13601000607013702,0.3563891053199768,0.21383647620677948,0.21305032074451447,0.21383647620677948,0.21383647620677948,304.29632568359375,3067,11641905,45859,11441,279.46359982591565,15,889,0,0
1842.668000,ADAPTIVE,MIXED,run01,THERMAL_LIDAR,0.12245727330446243,0.35042956471443176,0.21011266112327576,0.21194656193256378,0.21011266112327576,0.21011266112327576,286.42041015625,3071,11657172,45883,11441,279.7271658899108,15,890,0,0
1843.667000,ADAPTIVE,MIXED,run01,THERMAL_LIDAR,0.11668416112661362,0.3471069633960724,0.21110528707504272,0.2132006287574768,0.21110528707504272,0.21110528707504272,330.1352844238281,3073,11664807,45953,11471,280.0442632606101,15,891,0,0
1844.668000,ADAPTIVE,MIXED,run01,THERMAL_LIDAR,0.12483501434326172,0.3533993661403656,0.217072531580925,0.21864362061023712,0.217072531580925,0.217072531580925,388.5804443359375,3075,11672445,45975,11480,280.26210447698213,15,891,0,0
1845.668000,ADAPTIVE,MIXED,run01,THERMAL_LIDAR,0.13579167425632477,0.35668492317199707,0.21136720478534698,0.21162912249565125,0.21136720478534698,0.21136720478534698,545.066162109375,3078,11683898,46078,11480,280.42047237341643,15,892,0,0
1846.667000,ADAPTIVE,MIXED,run01,THERMAL_LIDAR,0.1282976269721985,0.3554818630218506,0.21168456971645355,0.21168456971645355,0.21168456971645355,0.21168456971645355,449.4725341796875,3081,11695351,46185,11494,280.681250860275,15,892,0,0
1847.668000,ADAPTIVE,MIXED,run01,THERMAL_LIDAR,0.11874828487634659,0.34991657733917236,0.21121592819690704,0.21331237256526947,0.21121592819690704,0.21121592819690704,404.6063537597656,3084,11706798,46230,11543,280.8641741281866,15,892,0,0
1848.667000,ADAPTIVE,MIXED,run01,THERMAL_LIDAR,0.11383327841758728,0.3424178957939148,0.20979569852352142,0.21162912249565125,0.20979569852352142,0.20979569852352142,417.6349792480469,3086,11714432,46252,11552,281.0970952264713,15,893,0,0
1849.669000,ADAPTIVE,MIXED,run01,THERMAL_LIDAR,0.12202732264995575,0.35124239325523376,0.20975354313850403,0.2123754620552063,0.20975354313850403,0.20975354313850403,480.8507080078125,3089,11725875,46282,11554,281.28144838667725,15,894,0,0
1850.675000,ADAPTIVE,MIXED,run01,THERMAL_LIDAR,0.12728314101696014,0.3555726408958435,0.2126767933368683,0.21136720478534698,0.2126767933368683,0.2126767933368683,450.1143493652344,3092,11737326,46297,11575,281.4854087993184,15,894,0,0
1851.668000,ADAPTIVE,MIXED,run01,THERMAL_LIDAR,0.12923365831375122,0.3553089201450348,0.2191673219203949,0.21576328575611115,0.2191673219203949,0.2191673219203949,452.7215576171875,3094,11744959,46313,11575,281.7180479700208,15,895,0,0
1852.685000,ADAPTIVE,MIXED,run01,THERMAL_LIDAR,0.11051338165998459,0.34317782521247864,0.21409852802753448,0.21147798001766205,0.21409852802753448,0.21409852802753448,384.73187255859375,3096,11752591,46328,11582,282.02609029889044,15,896,0,0
1853.697000,ADAPTIVE,MIXED,run01,THERMAL_LIDAR,0.12482690066099167,0.3536675274372101,0.21467889845371246,0.2133682817220688,0.21467889845371246,0.21467889845371246,473.6376953125,3099,11764043,46432,11615,282.26104396252987,15,897,0,0
1854.667000,ADAPTIVE,MIXED,run01,THERMAL_LIDAR,0.11931473016738892,0.3470848500728607,0.2118910402059555,0.21241487562656403,0.2118910402059555,0.2118910402059555,307.14990234375,3101,11771675,46446,11630,282.4400639717097,15,897,0,0
1855.668000,ADAPTIVE,MIXED,run01,THERMAL_LIDAR,0.1193796917796135,0.34760230779647827,0.21215295791625977,0.21215295791625977,0.21215295791625977,0.21215295791625977,344.0832214355469,3104,11783123,46505,11633,282.67126359520387,15,898,0,0
1856.667000,ADAPTIVE,MIXED,run01,THERMAL_LIDAR,0.12255639582872391,0.3506016433238983,0.21406085789203644,0.2124868780374527,0.21406085789203644,0.21406085789203644,303.9192199707031,3106,11790750,46535,11640,282.92573705692604,15,899,0,0
1857.667000,ADAPTIVE,MIXED,run01,THERMAL_LIDAR,0.11875955015420914,0.34718239307403564,0.2168327271938324,0.212899848818779,0.2168327271938324,0.2168327271938324,313.5445556640625,3109,11802190,46565,11645,283.1247054218047,15,900,0,0
1858.671000,ADAPTIVE,MIXED,run01,THERMAL_LIDAR,0.11289891600608826,0.34204787015914917,0.21715185046195984,0.21426698565483093,0.21715185046195984,0.21715185046195984,372.81982421875,3112,11813638,46580,11658,283.37644675389083,15,900,0,0
1859.667000,ADAPTIVE,MIXED,run01,THERMAL_LIDAR,0.1112186536192894,0.342861145734787,0.21561436355113983,0.21482840180397034,0.21561436355113983,0.21561436355113983,292.38055419921875,3115,11825088,46637,11691,283.6315081139876,15,901,0,0
1860.667000,ADAPTIVE,MIXED,run01,THERMAL_LIDAR,0.12474913150072098,0.35269203782081604,0.21415464580059052,0.21179553866386414,0.21415464580059052,0.21415464580059052,294.93316650390625,3118,11836525,46674,11703,283.88219517222745,15,902,0,0
1861.667000,ADAPTIVE,MIXED,run01,THERMAL_LIDAR,0.12786069512367249,0.3552495241165161,0.2150537669658661,0.2079727202653885,0.2150537669658661,0.2150537669658661,320.94354248046875,3120,11844155,46700,11710,284.05478128715237,15,903,0,0
1862.673000,ADAPTIVE,MIXED,run01,THERMAL_LIDAR,0.123964324593544,0.35292479395866394,0.21325647830963135,0.21247053146362305,0.21325647830963135,0.21325647830963135,282.474609375,3122,11851789,46731,11722,284.33850101742007,15,904,0,0
1863.669000,ADAPTIVE,MIXED,run01,THERMAL_LIDAR,0.12126651406288147,0.35058948397636414,0.21363040804862976,0.2131061553955078,0.21363040804862976,0.21363040804862976,489.8107604980469,3124,11859420,46758,11730,284.6321829792072,15,905,0,0
1864.676000,ADAPTIVE,MIXED,run01,THERMAL_LIDAR,0.14107495546340942,0.3625526428222656,0.21142257750034332,0.21194656193256378,0.21142257750034332,0.21142257750034332,674.9085693359375,3125,11863237,46776,11737,284.8439400575121,15,906,0,0
1865.669000,ADAPTIVE,MIXED,run01,THERMAL_LIDAR,0.12869277596473694,0.35453668236732483,0.21231979131698608,0.2144167721271515,0.21231979131698608,0.21231979131698608,554.8848876953125,3127,11870868,46808,11737,285.09303963979437,15,907,0,0
1866.667000,ADAPTIVE,MIXED,run01,THERMAL_LIDAR,0.12122058868408203,0.3484792709350586,0.2129167765378952,0.21396692097187042,0.2129167765378952,0.2129167765378952,773.3576049804688,3129,11878490,46851,11753,285.33033241869265,15,908,0,0
1867.667000,ADAPTIVE,MIXED,run01,THERMAL_LIDAR,0.1271284818649292,0.35230517387390137,0.21278825402259827,0.2146226465702057,0.21278825402259827,0.21278825402259827,554.2219848632812,3131,11886121,46887,11766,285.56954241598646,15,909,0,0
1868.670000,ADAPTIVE,MIXED,run01,THERMAL_LIDAR,0.13226951658725739,0.3559894561767578,0.20713162422180176,0.20870476961135864,0.20713162422180176,0.20713162422180176,491.3673095703125,3133,11893749,46933,11769,285.8081080506659,15,910,0,0
1869.682000,ADAPTIVE,MIXED,run01,THERMAL_LIDAR,0.12273973971605301,0.35161787271499634,0.21179553866386414,0.21389253437519073,0.21179553866386414,0.21179553866386414,562.2811889648438,3135,11901379,46958,11780,286.01026427297774,15,910,0,0
1870.667000,ADAPTIVE,MIXED,run01,THERMAL_LIDAR,0.12617139518260956,0.3542062044143677,0.21074704825878143,0.21231979131698608,0.21074704825878143,0.21074704825878143,472.5679931640625,3137,11909009,46992,11793,286.2719193758048,15,911,0,0
1871.684000,ADAPTIVE,MIXED,run01,THERMAL_LIDAR,0.12970560789108276,0.3545152246952057,0.21153342723846436,0.21389253437519073,0.21153342723846436,0.21153342723846436,424.3341064453125,3139,11916639,47053,11803,286.46563649872405,15,912,0,0
1872.667000,ADAPTIVE,MIXED,run01,THERMAL_LIDAR,0.12281898409128189,0.35265591740608215,0.21252620220184326,0.21645702421665192,0.21252620220184326,0.21252620220184326,433.0444641113281,3142,11928084,47072,11814,286.7070975089345,15,913,0,0
1873.690000,ADAPTIVE,MIXED,run01,THERMAL_LIDAR,0.12412645667791367,0.352589875459671,0.21211326122283936,0.21316203474998474,0.21211326122283936,0.21211326122283936,362.6177062988281,3144,11935720,47127,11829,286.9417096392011,15,914,0,0
1874.667000,ADAPTIVE,MIXED,run01,THERMAL_LIDAR,0.1315418928861618,0.3541814982891083,0.21127130091190338,0.2133682817220688,0.21127130091190338,0.21127130091190338,278.84637451171875,3146,11943353,47170,11842,287.1079814206901,15,915,0,0
1875.667000,ADAPTIVE,MIXED,run01,THERMAL_LIDAR,0.12720850110054016,0.35209572315216064,0.2143605798482895,0.21305032074451447,0.2143605798482895,0.2143605798482895,291.08111572265625,3147,11947169,47211,11842,287.3647758980364,15,915,0,0
1876.671000,ADAPTIVE,MIXED,run01,THERMAL_LIDAR,0.12586982548236847,0.35389018058776855,0.21297749876976013,0.21297749876976013,0.21297749876976013,0.21297749876976013,326.67236328125,3149,11954812,47245,11863,287.6409034742171,15,916,0,0
1877.674000,ADAPTIVE,MIXED,run01,THERMAL_LIDAR,0.12442759424448013,0.3530687093734741,0.210677832365036,0.21250981092453003,0.210677832365036,0.210677832365036,344.6600341796875,3151,11962454,47258,11870,287.9071083759099,15,917,0,0
1878.667000,ADAPTIVE,MIXED,run01,THERMAL_LIDAR,0.12475700676441193,0.35285231471061707,0.210677832365036,0.21381837129592896,0.210677832365036,0.210677832365036,316.3992614746094,3152,11966275,47284,11875,288.1510062367159,15,918,0,0
1879.668000,ADAPTIVE,MIXED,run01,THERMAL_LIDAR,0.13553877174854279,0.3611912131309509,0.2092718631029129,0.21346254646778107,0.2092718631029129,0.2092718631029129,279.1873779296875,3153,11970093,47297,11881,288.3579983580825,15,919,0,0
1880.667000,ADAPTIVE,MIXED,run01,THERMAL_LIDAR,0.11757960170507431,0.3502570390701294,0.21434178948402405,0.21538864076137543,0.21434178948402405,0.21434178948402405,462.79302978515625,3156,11981553,47334,11888,288.64697346214194,15,920,0,0
1881.667000,ADAPTIVE,MIXED,run01,THERMAL_LIDAR,0.12344817072153091,0.3554430305957794,0.2133507877588272,0.21492145955562592,0.2133507877588272,0.2133507877588272,547.1095581054688,3158,11989196,47409,11906,288.79392493170565,15,921,0,0
1882.667000,ADAPTIVE,MIXED,run01,THERMAL_LIDAR,0.1343001127243042,0.3597677946090698,0.2133507877588272,0.21361257135868073,0.2133507877588272,0.2133507877588272,544.7618408203125,3161,12000661,47478,11906,288.9620869206069,15,922,0,0
1883.667000,ADAPTIVE,MIXED,run01,THERMAL_LIDAR,0.1323622316122055,0.35515621304512024,0.21608172357082367,0.21424829959869385,0.21608172357082367,0.21608172357082367,695.2614135742188,3163,12008300,47495,11927,289.19711059232185,15,923,0,0
1884.668000,ADAPTIVE,MIXED,run01,THERMAL_LIDAR,0.13028450310230255,0.3460307717323303,0.21512693166732788,0.21434178948402405,0.21512693166732788,0.21512693166732788,1102.5531005859375,3165,12015946,47554,11950,289.38909483855946,15,924,0,0
1885.668000,ADAPTIVE,MIXED,run01,THERMAL_LIDAR,0.12882430851459503,0.3473883271217346,0.21417364478111267,0.21548117697238922,0.21417364478111267,0.21417364478111267,587.237060546875,3167,12023593,47639,11966,289.64164495843517,15,924,0,0
1886.671000,ADAPTIVE,MIXED,run01,THERMAL_LIDAR,0.13131241500377655,0.3541676700115204,0.21071895956993103,0.21359476447105408,0.21071895956993103,0.21071895956993103,513.5630493164062,3169,12031242,47690,11975,289.8808565645676,15,925,0,0
1887.667000,ADAPTIVE,MIXED,run01,THERMAL_LIDAR,0.12987323105335236,0.3493870496749878,0.2052287608385086,0.20888888835906982,0.2052287608385086,0.2052287608385086,553.8566284179688,3171,12038888,47737,11975,290.16221881934047,15,925,0,0
1888.670000,ADAPTIVE,MIXED,run01,THERMAL_LIDAR,0.13958172500133514,0.3605691194534302,0.21109077334403992,0.21501438319683075,0.21109077334403992,0.21109077334403992,345.6621398925781,3174,12050361,47777,11993,290.40949551543156,15,926,0,0
1889.667000,ADAPTIVE,MIXED,run01,THERMAL_LIDAR,0.1311028152704239,0.35434630513191223,0.20879121124744415,0.21245421469211578,0.20879121124744415,0.20879121124744415,308.1640625,3177,12061829,47886,11993,290.64807074639094,15,927,0,0
1890.667000,ADAPTIVE,MIXED,run01,THERMAL_LIDAR,0.12731169164180756,0.3453160524368286,0.20950888097286224,0.21368861198425293,0.20950888097286224,0.20950888097286224,318.97808837890625,3179,12069481,47923,12012,290.7842867612233,15,928,0,0
1891.667000,ADAPTIVE,MIXED,run01,THERMAL_LIDAR,0.13110902905464172,0.35110974311828613,0.21193093061447144,0.21402406692504883,0.21193093061447144,0.21193093061447144,300.56768798828125,3182,12080950,48005,12022,291.00141191711253,15,929,0,0
1892.683000,ADAPTIVE,MIXED,run01,THERMAL_LIDAR,0.12423603981733322,0.35442695021629333,0.21062271296977997,0.21376243233680725,0.21062271296977997,0.21062271296977997,322.3450012207031,3184,12088596,48080,12060,291.31401953286417,15,929,0,0
1893.698000,ADAPTIVE,MIXED,run01,THERMAL_LIDAR,0.12189362943172455,0.35407334566116333,0.2078431397676468,0.2128104567527771,0.2078431397676468,0.2078431397676468,326.96343994140625,3187,12100073,48131,12072,291.54756557358616,15,930,0,0
1894.667000,ADAPTIVE,MIXED,run01,THERMAL_LIDAR,0.12163936346769333,0.3545614182949066,0.2100444734096527,0.21187548339366913,0.2100444734096527,0.2100444734096527,307.8795471191406,3190,12111548,48188,12095,291.6947722987665,15,931,0,0
1895.672000,ADAPTIVE,MIXED,run01,THERMAL_LIDAR,0.11868415772914886,0.34806498885154724,0.21275483071804047,0.21484579145908356,0.21275483071804047,0.21275483071804047,322.2460021972656,3193,12123023,48268,12120,291.9286858337842,15,931,0,0
1896.668000,ADAPTIVE,MIXED,run01,THERMAL_LIDAR,0.12007053196430206,0.3485015332698822,0.2122320979833603,0.21432305872440338,0.2122320979833603,0.2122320979833603,481.9803161621094,3196,12134505,48327,12125,292.23829637461233,15,932,0,0
1897.667000,ADAPTIVE,MIXED,run01,THERMAL_LIDAR,0.13356086611747742,0.3611108958721161,0.21264368295669556,0.21447230875492096,0.21264368295669556,0.21264368295669556,491.86334228515625,3198,12142158,48402,12125,292.39543792218683,15,933,0,0
1898.668000,ADAPTIVE,MIXED,run01,THERMAL_LIDAR,0.13273502886295319,0.36108270287513733,0.2097701132297516,0.2129049152135849,0.2097701132297516,0.2097701132297516,673.3240356445312,3200,12149811,48433,12133,292.6501037708474,15,934,0,0
1899.670000,ADAPTIVE,MIXED,run01,THERMAL_LIDAR,0.12714363634586334,0.35752037167549133,0.21176470816135406,0.2146405279636383,0.21176470816135406,0.21176470816135406,583.7525634765625,3201,12153636,48449,12147,292.8802493701859,15,935,0,0
1900.683000,ADAPTIVE,MIXED,run01,THERMAL_LIDAR,0.1179564818739891,0.35270926356315613,0.21029257774353027,0.2147335410118103,0.21029257774353027,0.21029257774353027,654.3609008789062,3203,12161293,48502,12156,293.07433990646143,15,936,0,0
1901.670000,ADAPTIVE,MIXED,run01,THERMAL_LIDAR,0.1259477734565735,0.3565710484981537,0.21865203976631165,0.21708464622497559,0.21865203976631165,0.21865203976631165,603.7579345703125,3205,12168950,48527,12162,293.32028590073486,15,937,0,0
1902.670000,ADAPTIVE,MIXED,run01,THERMAL_LIDAR,0.12670841813087463,0.35789433121681213,0.2177208513021469,0.21641400456428528,0.2177208513021469,0.2177208513021469,686.9974975585938,3207,12176604,48671,12196,293.5064178203281,15,937,0,0
1903.670000,ADAPTIVE,MIXED,run01,THERMAL_LIDAR,0.12125211209058762,0.3534733057022095,0.20846395194530487,0.2134273797273636,0.20846395194530487,0.20846395194530487,530.119873046875,3210,12188093,48806,12232,293.75946948227886,15,938,0,0
1904.671000,ADAPTIVE,MIXED,run01,THERMAL_LIDAR,0.12248236685991287,0.3536014258861542,0.21482641994953156,0.21482641994953156,0.21482641994953156,0.21482641994953156,543.976318359375,3212,12195754,48855,12245,293.9966397430168,15,939,0,0
1905.678000,ADAPTIVE,MIXED,run01,THERMAL_LIDAR,0.12599031627178192,0.3562256991863251,0.2158348560333252,0.21505095064640045,0.2158348560333252,0.2158348560333252,470.5147705078125,3215,12207241,48961,12274,294.2326263372941,15,939,0,0
1906.671000,ADAPTIVE,MIXED,run01,THERMAL_LIDAR,0.1193222925066948,0.34934619069099426,0.2183908075094223,0.2165621668100357,0.2183908075094223,0.2183908075094223,389.7148132324219,3218,12218724,49108,12274,294.494212518574,15,940,0,0
1907.667000,ADAPTIVE,MIXED,run01,THERMAL_LIDAR,0.10914099216461182,0.33968302607536316,0.21816283464431763,0.21685804426670074,0.21816283464431763,0.21816283464431763,339.85516357421875,3222,12234048,49167,12334,294.76854975518773,15,941,0,0
1908.667000,ADAPTIVE,MIXED,run01,THERMAL_LIDAR,0.12177359312772751,0.3510110676288605,0.21714136004447937,0.21635745465755463,0.21714136004447937,0.21714136004447937,325.93096923828125,3224,12241702,49290,12334,295.1218509281254,15,942,0,0
1909.667000,ADAPTIVE,MIXED,run01,THERMAL_LIDAR,0.13010801374912262,0.3589775562286377,0.21743670105934143,0.21769772469997406,0.21743670105934143,0.21743670105934143,339.5389709472656,3226,12249361,49333,12373,295.31616320119514,15,942,0,0
1910.667000,ADAPTIVE,MIXED,run01,THERMAL_LIDAR,0.12633635103702545,0.35557886958122253,0.217027947306633,0.21676677465438843,0.217027947306633,0.217027947306633,323.52838134765625,3229,12260850,49431,12385,295.58061968306697,15,943,0,0
1911.667000,ADAPTIVE,MIXED,run01,THERMAL_LIDAR,0.12892121076583862,0.3576292097568512,0.21848081052303314,0.21743670105934143,0.21848081052303314,0.21848081052303314,320.3885498046875,3232,12272345,49501,12416,295.79996429480883,15,944,0,0
1912.668000,ADAPTIVE,MIXED,run01,THERMAL_LIDAR,0.1274515837430954,0.3536666929721832,0.21728910505771637,0.21546095609664917,0.21728910505771637,0.21728910505771637,586.7532348632812,3234,12280005,49556,12416,296.0499327116589,15,945,0,0
1913.670000,ADAPTIVE,MIXED,run01,THERMAL_LIDAR,0.12830235064029694,0.3568909466266632,0.2190600484609604,0.2167101800441742,0.2190600484609604,0.2190600484609604,640.4120483398438,3236,12287663,49600,12424,296.28978024037013,15,945,0,0
1914.670000,ADAPTIVE,MIXED,run01,THERMAL_LIDAR,0.12506775557994843,0.35301098227500916,0.22025051712989807,0.21816283464431763,0.22025051712989807,0.22025051712989807,825.7222290039062,3238,12295328,49652,12424,296.48496339920473,15,946,0,0
1915.667000,ADAPTIVE,MIXED,run01,THERMAL_LIDAR,0.12640376389026642,0.35541385412216187,0.21874184906482697,0.21769772469997406,0.21874184906482697,0.21874184906482697,744.386474609375,3240,12302991,49706,12428,296.7936989586369,15,947,0,0
1916.667000,ADAPTIVE,MIXED,run01,THERMAL_LIDAR,0.12596699595451355,0.3542619049549103,0.21941038966178894,0.21784502267837524,0.21941038966178894,0.21941038966178894,749.8792724609375,3242,12310655,49755,12437,297.0507729851467,15,948,0,0
1917.668000,ADAPTIVE,MIXED,run01,THERMAL_LIDAR,0.1278660148382187,0.35421422123908997,0.21857067942619324,0.21726655960083008,0.21857067942619324,0.21857067942619324,727.1141967773438,3244,12318319,49866,12472,297.33293124509515,15,949,0,0
1918.669000,ADAPTIVE,MIXED,run01,THERMAL_LIDAR,0.12544171512126923,0.3598153591156006,0.21981747448444366,0.21624444425106049,0.21728910505771637,0.21728910505771637,668.4286499023438,3247,12329817,49925,12472,297.61325063156795,15,949,0,0
1919.667000,ADAPTIVE,MIXED,run01,THERMAL_LIDAR,0.12848450243473053,0.35537078976631165,0.2167101800441742,0.216187983751297,0.2167101800441742,0.2167101800441742,415.29071044921875,3249,12337478,50022,12477,297.8744539304577,15,950,0,0
1920.680000,ADAPTIVE,MIXED,run01,THERMAL_LIDAR,0.12923122942447662,0.3555230498313904,0.2180156707763672,0.2169712781906128,0.2180156707763672,0.2180156707763672,423.1817321777344,3251,12345141,50056,12509,298.10457268239554,15,951,0,0
1921.671000,ADAPTIVE,MIXED,run01,THERMAL_LIDAR,0.1286511868238449,0.35457947850227356,0.22062663733959198,0.21984334290027618,0.22062663733959198,0.22062663733959198,308.99761962890625,3254,12356638,50154,12519,298.344623655901,15,952,0,0
1922.667000,ADAPTIVE,MIXED,run01,THERMAL_LIDAR,0.13169248402118683,0.356887549161911,0.21899528801441193,0.21847200393676758,0.21899528801441193,0.21899528801441193,308.1860656738281,3257,12368110,50310,12519,298.57915196364326,15,952,0,0
1923.689000,ADAPTIVE,MIXED,run01,THERMAL_LIDAR,0.13122111558914185,0.35657328367233276,0.2189054787158966,0.2194291651248932,0.2189054787158966,0.2189054787158966,305.2586669921875,3260,12379574,50389,12572,298.8282697753341,15,953,0,0
1924.667000,ADAPTIVE,MIXED,run01,THERMAL_LIDAR,0.13609986007213593,0.3593064546585083,0.21596857905387878,0.21858638525009155,0.21596857905387878,0.21596857905387878,371.6986083984375,3263,12391035,50523,12572,299.0765023678243,15,954,0,0
1925.670000,ADAPTIVE,MIXED,run01,THERMAL_LIDAR,0.12754175066947937,0.35410428047180176,0.22009944915771484,0.22140800952911377,0.22009944915771484,0.22009944915771484,359.5267333984375,3266,12402493,50633,12597,299.32662834935263,15,954,0,0
1926.667000,ADAPTIVE,MIXED,run01,THERMAL_LIDAR,0.1306760460138321,0.3564419746398926,0.2194291651248932,0.2194291651248932,0.2194291651248932,0.2194291651248932,341.7610168457031,3269,12413952,50687,12597,299.5914698491893,15,955,0,0
1927.668000,ADAPTIVE,MIXED,run01,THERMAL_LIDAR,0.1239488497376442,0.3534713387489319,0.21826747059822083,0.21800576150417328,0.21826747059822083,0.21826747059822083,316.995361328125,3272,12425414,50811,12599,299.8738255143651,15,955,0,0
1928.667000,ADAPTIVE,MIXED,run01,THERMAL_LIDAR,0.12430112063884735,0.3536500632762909,0.21733437478542328,0.21733437478542328,0.21733437478542328,0.21733437478542328,530.0602416992188,3273,12429233,50851,12619,300.16045813003427,15,956,0,0
1929.668000,ADAPTIVE,MIXED,run01,THERMAL_LIDAR,0.13234709203243256,0.3584444224834442,0.21867643296718597,0.21841485798358917,0.21867643296718597,0.21867643296718597,699.2316284179688,3275,12436877,50912,12632,300.3296395937155,15,956,0,0
1930.667000,ADAPTIVE,MIXED,run01,THERMAL_LIDAR,0.13319669663906097,0.35797858238220215,0.21774405241012573,0.21879088878631592,0.21774405241012573,0.21774405241012573,902.8627319335938,3277,12444520,50983,12650,300.56752405696363,15,957,0,0
1931.676000,ADAPTIVE,MIXED,run01,THERMAL_LIDAR,0.12586051225662231,0.3548043370246887,0.22082678973674774,0.22004185616970062,0.22082678973674774,0.22082678973674774,688.0987548828125,3279,12452162,51005,12686,300.807488456716,15,958,0,0
1932.667000,ADAPTIVE,MIXED,run01,THERMAL_LIDAR,0.10857938230037689,0.34198856353759766,0.2203921526670456,0.21934640407562256,0.2203921526670456,0.2203921526670456,696.2868041992188,3281,12459808,51118,12686,301.22085958843553,15,959,0,0
1933.667000,ADAPTIVE,MIXED,run01,THERMAL_LIDAR,0.1203358843922615,0.3507583737373352,0.21981181204319,0.22033455967903137,0.21981181204319,0.21981181204319,613.2777099609375,3283,12467455,51177,12711,301.6832648423032,15,959,0,0
1934.668000,ADAPTIVE,MIXED,run01,THERMAL_LIDAR,0.13742345571517944,0.36093759536743164,0.21978022158145905,0.21873365342617035,0.21978022158145905,0.21978022158145905,578.4910888671875,3285,12475102,51221,12733,301.85367587619066,15,960,0,0
1935.667000,ADAPTIVE,MIXED,run01,THERMAL_LIDAR,0.14123834669589996,0.3627597987651825,0.2203921526670456,0.21934640407562256,0.2203921526670456,0.2203921526670456,485.5780944824219,3288,12486570,51276,12755,302.0450566684381,15,960,0,0
1936.668000,ADAPTIVE,MIXED,run01,THERMAL_LIDAR,0.137324720621109,0.36072835326194763,0.22027698159217834,0.22027698159217834,0.22027698159217834,0.22027698159217834,433.8300476074219,3289,12490397,51375,12775,302.33196184466334,15,961,0,0
1937.667000,ADAPTIVE,MIXED,run01,THERMAL_LIDAR,0.13857311010360718,0.3609994947910309,0.21902769804000854,0.22033455967903137,0.21902769804000854,0.21902769804000854,419.0342712402344,3292,12501873,51479,12793,302.5755606320283,15,962,0,0
1938.667000,ADAPTIVE,MIXED,run01,THERMAL_LIDAR,0.1381993591785431,0.36137327551841736,0.2192569375038147,0.21847200393676758,0.2192569375038147,0.2192569375038147,332.2225341796875,3294,12509519,51539,12813,302.83364786149247,15,963,0,0
1939.667000,ADAPTIVE,MIXED,run01,THERMAL_LIDAR,0.12290486693382263,0.3511691689491272,0.21873365342617035,0.2182103544473648,0.21873365342617035,0.21873365342617035,340.6572570800781,3297,12520989,51643,12831,303.04640393536147,15,964,0,0
1940.667000,ADAPTIVE,MIXED,run01,THERMAL_LIDAR,0.13089261949062347,0.35749801993370056,0.218619242310524,0.21835774183273315,0.218619242310524,0.218619242310524,327.8544921875,3299,12528639,51694,12857,303.2704607374173,15,965,0,0
1941.667000,ADAPTIVE,MIXED,run01,THERMAL_LIDAR,0.13238577544689178,0.3580227792263031,0.218619242310524,0.21731171011924744,0.218619242310524,0.218619242310524,320.8979797363281,3302,12540115,51766,12863,303.4764870145524,15,966,0,0
1942.668000,ADAPTIVE,MIXED,run01,THERMAL_LIDAR,0.12723542749881744,0.35416507720947266,0.2209150344133377,0.21542483568191528,0.2209150344133377,0.2209150344133377,349.827880859375,3304,12547765,51787,12878,303.736103249517,15,967,0,0
1943.667000,ADAPTIVE,MIXED,run01,THERMAL_LIDAR,0.12668804824352264,0.3541184067726135,0.218913272023201,0.21865203976631165,0.218913272023201,0.218913272023201,328.8147888183594,3307,12559245,51849,12891,303.9892241559341,15,968,0,0
1944.683000,ADAPTIVE,MIXED,run01,THERMAL_LIDAR,0.11993541568517685,0.34941232204437256,0.21960784494876862,0.21803921461105347,0.21960784494876862,0.21960784494876862,432.7564697265625,3310,12570726,51873,12905,304.2216920640741,15,969,0,0
1945.667000,ADAPTIVE,MIXED,run01,THERMAL_LIDAR,0.131291463971138,0.3547486662864685,0.22065359354019165,0.21960784494876862,0.22065359354019165,0.22065359354019165,399.5427551269531,3312,12578377,51950,12914,304.47167776828337,15,970,0,0
1946.668000,ADAPTIVE,MIXED,run01,THERMAL_LIDAR,0.12806497514247894,0.3541068434715271,0.22048066556453705,0.21812957525253296,0.22048066556453705,0.22048066556453705,474.00830078125,3315,12589856,52006,12914,304.6780240422805,15,971,0,0
1947.667000,ADAPTIVE,MIXED,run01,THERMAL_LIDAR,0.12420404702425003,0.34929394721984863,0.22059592604637146,0.21876633167266846,0.22059592604637146,0.22059592604637146,537.4542236328125,3317,12597508,52084,12922,304.94553658098954,15,972,0,0
1948.669000,ADAPTIVE,MIXED,run01,THERMAL_LIDAR,0.11205215752124786,0.34067875146865845,0.2190849632024765,0.21803921461105347,0.2190849632024765,0.2190849632024765,514.831298828125,3318,12601333,52091,12935,305.21892112125346,15,973,0,0
1949.667000,ADAPTIVE,MIXED,run01,THERMAL_LIDAR,0.12468530237674713,0.3484492897987366,0.21943573653697968,0.21708464622497559,0.21943573653697968,0.21943573653697968,536.4515380859375,3321,12612812,52122,12935,305.557551752482,15,974,0,0
1950.668000,ADAPTIVE,MIXED,run01,THERMAL_LIDAR,0.13041043281555176,0.351640909910202,0.22059592604637146,0.21745948493480682,0.22059592604637146,0.22059592604637146,510.5804443359375,3323,12620463,52237,12942,305.70948331655336,15,975,0,0
1951.670000,ADAPTIVE,MIXED,run01,THERMAL_LIDAR,0.1260170340538025,0.35107576847076416,0.218913272023201,0.2183908075094223,0.218913272023201,0.218913272023201,569.8515014648438,3325,12628118,52281,12955,305.94076373729797,15,976,0,0
1952.667000,ADAPTIVE,MIXED,run01,THERMAL_LIDAR,0.13227729499340057,0.3549109995365143,0.22065359354019165,0.21803921461105347,0.22065359354019165,0.22065359354019165,498.63458251953125,3328,12639594,52321,12978,306.1934768604745,15,977,0,0
1953.670000,ADAPTIVE,MIXED,run01,THERMAL_LIDAR,0.12694944441318512,0.35305657982826233,0.22065359354019165,0.21803921461105347,0.22065359354019165,0.22065359354019165,498.63458251953125,3328,12639594,52379,12987,306.4416220920547,15,977,0,0
1954.667000,ADAPTIVE,MIXED,run01,THERMAL_LIDAR,0.11654312163591385,0.3441660404205322,0.218913272023201,0.21708464622497559,0.218913272023201,0.218913272023201,310.4631652832031,3331,12651077,52481,12987,306.6940887964664,15,978,0,0
1955.667000,ADAPTIVE,MIXED,run01,THERMAL_LIDAR,0.13107332587242126,0.35352301597595215,0.21870917081832886,0.21688006818294525,0.21870917081832886,0.21870917081832886,334.317626953125,3333,12658729,52502,12996,306.9237346403327,15,978,0,0
1956.668000,ADAPTIVE,MIXED,run01,THERMAL_LIDAR,0.13325533270835876,0.3564331531524658,0.21897047758102417,0.21661876142024994,0.21897047758102417,0.21897047758102417,378.7396545410156,3335,12666383,52650,13009,307.1319824275526,15,979,0,0
1957.674000,ADAPTIVE,MIXED,run01,THERMAL_LIDAR,0.13009707629680634,0.3519979417324066,0.218619242310524,0.21678870916366577,0.218619242310524,0.218619242310524,336.476318359375,3338,12677862,52686,13020,307.4136066261521,15,980,0,0
1958.667000,ADAPTIVE,MIXED,run01,THERMAL_LIDAR,0.1332511454820633,0.3556438088417053,0.21882352232933044,0.21986928582191467,0.21882352232933044,0.21882352232933044,344.724365234375,3340,12685512,52753,13031,307.6946394659587,15,980,0,0
1959.670000,ADAPTIVE,MIXED,run01,THERMAL_LIDAR,0.13495394587516785,0.3555435538291931,0.218619242310524,0.2170502096414566,0.218619242310524,0.218619242310524,303.0740051269531,3342,12693160,52839,13057,307.9465472094217,15,981,0,0
1960.667000,ADAPTIVE,MIXED,run01,THERMAL_LIDAR,0.12224337458610535,0.3444366455078125,0.21734587848186493,0.2165621668100357,0.21734587848186493,0.21734587848186493,364.8223876953125,3345,12704641,52892,13066,308.1818444911075,15,982,0,0
1961.667000,ADAPTIVE,MIXED,run01,THERMAL_LIDAR,0.12123452872037888,0.34605205059051514,0.21568627655506134,0.21568627655506134,0.21568627655506134,0.21568627655506134,398.18280029296875,3348,12716123,52977,13066,308.37356862767916,15,983,0,0
1962.670000,ADAPTIVE,MIXED,run01,THERMAL_LIDAR,0.1293032318353653,0.35458555817604065,0.2183908075094223,0.21682339906692505,0.2183908075094223,0.2183908075094223,530.1539306640625,3350,12723780,53029,13084,308.6376451136027,15,983,0,0
1963.668000,ADAPTIVE,MIXED,run01,THERMAL_LIDAR,0.1171276867389679,0.345183789730072,0.21859493851661682,0.21650561690330505,0.21859493851661682,0.21859493851661682,806.9443969726562,3352,12731438,53062,13095,308.8787556877304,15,984,0,0
1964.667000,ADAPTIVE,MIXED,run01,THERMAL_LIDAR,0.11062487214803696,0.33582091331481934,0.2192317694425583,0.21557354927062988,0.2192317694425583,0.2192317694425583,988.613525390625,3354,12739092,53115,13101,309.2119369738904,15,985,0,0
1965.667000,ADAPTIVE,MIXED,run01,THERMAL_LIDAR,0.11701932549476624,0.33751165866851807,0.2188560962677002,0.21728910505771637,0.2188560962677002,0.2188560962677002,926.2785034179688,3355,12742921,53163,13113,309.4549435653229,15,986,0,0
1966.669000,ADAPTIVE,MIXED,run01,THERMAL_LIDAR,0.12513598799705505,0.3498797118663788,0.2179252654314041,0.21661876142024994,0.2179252654314041,0.2179252654314041,793.420166015625,3357,12750575,53213,13124,309.646543981324,15,986,0,0
1967.667000,ADAPTIVE,MIXED,run01,THERMAL_LIDAR,0.12575308978557587,0.34933868050575256,0.21937842667102814,0.2144162952899933,0.21937842667102814,0.21937842667102814,1313.44580078125,3359,12758232,53312,13127,309.9100749885844,15,987,0,0
1968.669000,ADAPTIVE,MIXED,run01,THERMAL_LIDAR,0.11449390649795532,0.3351709246635437,0.2196395993232727,0.21363280713558197,0.2196395993232727,0.2196395993232727,724.9450073242188,3362,12769717,53614,13139,310.0949851293429,15,988,0,0
1969.668000,ADAPTIVE,MIXED,run01,THERMAL_LIDAR,0.11261843144893646,0.33508509397506714,0.21897047758102417,0.2142670452594757,0.21897047758102417,0.21897047758102417,695.9169921875,3364,12777371,53668,13176,310.32604089539063,15,988,0,0
1970.668000,ADAPTIVE,MIXED,run01,THERMAL_LIDAR,0.1316506266593933,0.35504060983657837,0.21311047673225403,0.2107599824666977,0.21311047673225403,0.21311047673225403,533.1143188476562,3367,12788858,53788,13190,310.4785224783105,15,989,0,0
1971.670000,ADAPTIVE,MIXED,run01,THERMAL_LIDAR,0.12489914149045944,0.3516925573348999,0.2194930762052536,0.21348313987255096,0.2194930762052536,0.2194930762052536,408.6849365234375,3368,12792685,53809,13212,310.6963339278801,15,990,0,0
1972.667000,ADAPTIVE,MIXED,run01,THERMAL_LIDAR,0.12948937714099884,0.3555205166339874,0.21833376586437225,0.21102115511894226,0.21833376586437225,0.21833376586437225,412.8168029785156,3371,12804173,53984,13219,310.9791353709467,15,991,0,0
1973.668000,ADAPTIVE,MIXED,run01,THERMAL_LIDAR,0.13523633778095245,0.3591606020927429,0.2179822325706482,0.21850496530532837,0.2179822325706482,0.2179822325706482,427.1788635253906,3373,12811827,54034,13236,311.2143833354082,15,991,0,0
1974.667000,ADAPTIVE,MIXED,run01,THERMAL_LIDAR,0.13357573747634888,0.3584471046924591,0.22167101502418518,0.2182767689228058,0.22167101502418518,0.22167101502418518,327.64288330078125,3375,12819486,54090,13239,311.4525768525235,15,992,0,0
1975.667000,ADAPTIVE,MIXED,run01,THERMAL_LIDAR,0.12974761426448822,0.3565000593662262,0.2179252654314041,0.21452835202217102,0.2179252654314041,0.2179252654314041,333.46435546875,3378,12830972,54177,13250,311.66753710068593,15,992,0,0
1976.667000,ADAPTIVE,MIXED,run01,THERMAL_LIDAR,0.14006876945495605,0.3613720238208771,0.2183908075094223,0.21682339906692505,0.2183908075094223,0.2183908075094223,424.7208557128906,3381,12842459,54294,13269,311.8700382924694,15,993,0,0
1977.667000,ADAPTIVE,MIXED,run01,THERMAL_LIDAR,0.14457105100154877,0.3634421229362488,0.2180156707763672,0.2190600484609604,0.2180156707763672,0.2180156707763672,345.647216796875,3383,12850119,54385,13288,312.0983749940831,15,994,0,0
1978.667000,ADAPTIVE,MIXED,run01,THERMAL_LIDAR,0.13969852030277252,0.3625216484069824,0.2180156707763672,0.2172323763370514,0.2180156707763672,0.2180156707763672,350.6258544921875,3385,12857779,54450,13305,312.35475317285625,15,995,0,0
1979.667000,ADAPTIVE,MIXED,run01,THERMAL_LIDAR,0.1272144913673401,0.35453522205352783,0.21795876324176788,0.2190028727054596,0.21795876324176788,0.21795876324176788,597.9497680664062,3387,12865438,54510,13317,312.6497570004157,15,996,0,0
1980.669000,ADAPTIVE,MIXED,run01,THERMAL_LIDAR,0.13547588884830475,0.3609195053577423,0.2185378521680832,0.2185378521680832,0.2185378521680832,0.2185378521680832,895.2279663085938,3389,12873098,54544,13331,312.84557850943816,15,997,0,0
1981.668000,ADAPTIVE,MIXED,run01,THERMAL_LIDAR,0.13413973152637482,0.36037102341651917,0.219321146607399,0.21958224475383759,0.219321146607399,0.219321146607399,1568.4317626953125,3390,12876928,54600,13341,313.0853415256752,15,998,0,0
1982.668000,ADAPTIVE,MIXED,run01,THERMAL_LIDAR,0.13616497814655304,0.36148756742477417,0.21760711073875427,0.2183908075094223,0.21760711073875427,0.21760711073875427,1331.152099609375,3392,12884584,54659,13356,313.3472422263889,15,999,0,0
1983.670000,ADAPTIVE,MIXED,run01,THERMAL_LIDAR,0.12583017349243164,0.35430803894996643,0.218913272023201,0.21786834299564362,0.218913272023201,0.218913272023201,1180.545654296875,3394,12892241,54699,13363,313.6078451336699,15,1000,0,0
1984.667000,ADAPTIVE,MIXED,run01,THERMAL_LIDAR,0.1284506618976593,0.3509611487388611,0.21818657219409943,0.21714136004447937,0.21818657219409943,0.21818657219409943,865.1232299804688,3395,12896068,54768,13376,313.86299455532196,15,1000,0,0
1985.667000,ADAPTIVE,MIXED,run01,THERMAL_LIDAR,0.13691528141498566,0.3614843189716339,0.2177545726299286,0.2177545726299286,0.2177545726299286,0.2177545726299286,810.7839965820312,3397,12903727,54832,13395,314.0377681917665,15,1001,0,0
1986.673000,ADAPTIVE,MIXED,run01,THERMAL_LIDAR,0.134504497051239,0.35993772745132446,0.21493862569332123,0.21676677465438843,0.21493862569332123,0.21493862569332123,619.0231323242188,3400,12915216,54899,13445,314.30120195012495,15,1002,0,0
1987.667000,ADAPTIVE,MIXED,run01,THERMAL_LIDAR,0.13548387587070465,0.3560691773891449,0.21769772469997406,0.21743670105934143,0.21769772469997406,0.21769772469997406,395.3351135253906,3401,12919047,54962,13445,314.5448326653625,15,1002,0,0
1988.667000,ADAPTIVE,MIXED,run01,THERMAL_LIDAR,0.12991060316562653,0.35314661264419556,0.2172323763370514,0.2177545726299286,0.2172323763370514,0.2172323763370514,382.6484680175781,3403,12926708,54991,13467,314.81825127742667,15,1003,0,0
1989.669000,ADAPTIVE,MIXED,run01,THERMAL_LIDAR,0.13708971440792084,0.36180418729782104,0.2180156707763672,0.22062663733959198,0.2180156707763672,0.2180156707763672,377.9942626953125,3406,12938198,55107,13475,314.987657503924,15,1003,0,0
1990.667000,ADAPTIVE,MIXED,run01,THERMAL_LIDAR,0.13250987231731415,0.36017289757728577,0.21978595852851868,0.21769772469997406,0.21978595852851868,0.21978595852851868,382.55718994140625,3409,12949690,55194,13503,315.25940406585977,15,1004,0,0
1991.668000,ADAPTIVE,MIXED,run01,THERMAL_LIDAR,0.1418900042772293,0.3657156825065613,0.22161315381526947,0.21665361523628235,0.22161315381526947,0.22161315381526947,399.14794921875,3411,12957352,55260,13528,315.5107246272136,15,1005,0,0
1992.668000,ADAPTIVE,MIXED,run01,THERMAL_LIDAR,0.14229460060596466,0.3659537136554718,0.21874184906482697,0.2171756774187088,0.21874184906482697,0.21874184906482697,430.5992736816406,3414,12968841,55314,13553,315.7744368265235,15,1005,0,0
1993.668000,ADAPTIVE,MIXED,run01,THERMAL_LIDAR,0.12519291043281555,0.3624291718006134,0.21749347448349,0.21749347448349,0.21749347448349,0.21749347448349,466.9615478515625,3417,12980332,55386,13567,316.0707934698656,15,1006,0,0
1994.667000,ADAPTIVE,MIXED,run01,THERMAL_LIDAR,0.13600201904773712,0.35839033126831055,0.21874184906482697,0.21769772469997406,0.21874184906482697,0.21874184906482697,448.6214904785156,3419,12987995,55457,13579,316.33866207877776,15,1007,0,0
1995.667000,ADAPTIVE,MIXED,run01,THERMAL_LIDAR,0.13620233535766602,0.36209604144096375,0.21743670105934143,0.21743670105934143,0.21743670105934143,0.21743670105934143,701.136962890625,3421,12995658,55588,13592,316.5635620968178,15,1007,0,0
1996.667000,ADAPTIVE,MIXED,run01,THERMAL_LIDAR,0.1469765305519104,0.36290743947029114,0.21769772469997406,0.21848081052303314,0.21769772469997406,0.21769772469997406,850.3491821289062,3422,12999489,55707,13637,316.8214568621863,15,1008,0,0
1997.671000,ADAPTIVE,MIXED,run01,THERMAL_LIDAR,0.12393056601285934,0.3425326347351074,0.21786834299564362,0.21786834299564362,0.21786834299564362,0.21786834299564362,1517.6368408203125,3424,13007146,55768,13662,317.08201984701725,15,1009,0,0
1998.667000,ADAPTIVE,MIXED,run01,THERMAL_LIDAR,0.1326281875371933,0.3541632890701294,0.2183908075094223,0.21786834299564362,0.2183908075094223,0.2183908075094223,1439.7469482421875,3426,13014805,55784,13670,317.2658451525215,15,1010,0,0
1999.667000,ADAPTIVE,MIXED,run01,THERMAL_LIDAR,0.1413652002811432,0.3617669343948364,0.2183908075094223,0.2183908075094223,0.2183908075094223,0.2183908075094223,1362.075927734375,3427,13018633,55830,13681,317.4577550391396,15,1011,0,0
2000.667000,ADAPTIVE,MIXED,run01,THERMAL_LIDAR,0.14169785380363464,0.3626553416252136,0.2188560962677002,0.2178114354610443,0.2188560962677002,0.2188560962677002,852.4863891601562,3429,13026293,55918,13683,317.73551340811207,15,1012,0,0
2001.668000,ADAPTIVE,MIXED,run01,THERMAL_LIDAR,0.14237035810947418,0.3599085509777069,0.2194676399230957,0.21503131091594696,0.2194676399230957,0.2194676399230957,609.3411254882812,3431,13033955,55965,13686,318.0024799882011,15,1012,0,0
2002.668000,ADAPTIVE,MIXED,run01,THERMAL_LIDAR,0.13491985201835632,0.35879096388816833,0.2185378521680832,0.21749347448349,0.2185378521680832,0.2185378521680832,503.8777770996094,3433,13041616,56029,13711,318.1937360075054,15,1012,0,0
2003.667000,ADAPTIVE,MIXED,run01,THERMAL_LIDAR,0.14236369729042053,0.3617309629917145,0.21743670105934143,0.21743670105934143,0.21743670105934143,0.21743670105934143,521.0693969726562,3435,13049277,56074,13730,318.41002819619064,15,1013,0,0
2004.667000,ADAPTIVE,MIXED,run01,THERMAL_LIDAR,0.14291711151599884,0.3619674742221832,0.2190600484609604,0.2187989503145218,0.2190600484609604,0.2190600484609604,360.1169738769531,3438,13060768,56187,13745,318.6450891106868,15,1013,0,0
2005.667000,ADAPTIVE,MIXED,run01,THERMAL_LIDAR,0.13746848702430725,0.3612208068370819,0.21868476271629333,0.21790188550949097,0.21868476271629333,0.21868476271629333,404.9878845214844,3440,13068432,56260,13772,318.8617765458829,15,1014,0,0
2006.667000,ADAPTIVE,MIXED,run01,THERMAL_LIDAR,0.13833989202976227,0.36100155115127563,0.2177545726299286,0.2180156707763672,0.2177545726299286,0.2177545726299286,358.91455078125,3443,13079925,56289,13793,319.1398860484196,15,1015,0,0
2007.667000,ADAPTIVE,MIXED,run01,THERMAL_LIDAR,0.14289839565753937,0.36240461468696594,0.21874184906482697,0.2182197868824005,0.21874184906482697,0.21874184906482697,381.1986389160156,3446,13091417,56326,13805,319.3631422756715,15,1016,0,0
2008.667000,ADAPTIVE,MIXED,run01,THERMAL_LIDAR,0.1408146768808365,0.3613514304161072,0.2180156707763672,0.2190600484609604,0.2180156707763672,0.2180156707763672,407.44573974609375,3448,13099079,56389,13824,319.5948266647691,15,1017,0,0
2009.668000,ADAPTIVE,MIXED,run01,THERMAL_LIDAR,0.14280399680137634,0.3620609939098358,0.2196395993232727,0.2188560962677002,0.2196395993232727,0.2196395993232727,357.71807861328125,3451,13110568,56444,13846,319.81679201743475,15,1018,0,0
2010.672000,ADAPTIVE,MIXED,run01,THERMAL_LIDAR,0.128361314535141,0.35000741481781006,0.21824359893798828,0.21902769804000854,0.21824359893798828,0.21824359893798828,391.3553161621094,3453,13118226,56520,13858,320.01020107503405,15,1019,0,0
2011.667000,ADAPTIVE,MIXED,run01,THERMAL_LIDAR,0.12853461503982544,0.3506043553352356,0.22181436419487,0.22181436419487,0.22181436419487,0.22181436419487,522.7853393554688,3456,13129684,56605,13875,320.18860391291065,15,1020,0,0
2012.667000,ADAPTIVE,MIXED,run01,THERMAL_LIDAR,0.13083843886852264,0.35229915380477905,0.21977445483207703,0.2195121943950653,0.21977445483207703,0.21977445483207703,686.3629150390625,3458,13137310,56789,13891,320.445747987103,15,1021,0,0
2013.668000,ADAPTIVE,MIXED,run01,THERMAL_LIDAR,0.1255163550376892,0.34955155849456787,0.2206190973520279,0.21983210742473602,0.2206190973520279,0.2206190973520279,1525.0604248046875,3460,13144934,56851,13925,320.69201548474814,15,1022,0,0
2014.667000,ADAPTIVE,MIXED,run01,THERMAL_LIDAR,0.12867875397205353,0.35151442885398865,0.2200944423675537,0.21930745244026184,0.2200944423675537,0.2200944423675537,1727.8177490234375,3461,13148746,56987,13952,320.9222846891212,15,1023,0,0
2015.667000,ADAPTIVE,MIXED,run01,THERMAL_LIDAR,0.1313842535018921,0.3530099093914032,0.2207077294588089,0.22201834619045258,0.2207077294588089,0.2207077294588089,1440.7916259765625,3463,13156373,57141,13975,321.1507097870626,15,1023,0,0
2016.667000,ADAPTIVE,MIXED,run01,THERMAL_LIDAR,0.12848110496997833,0.35140934586524963,0.21458551287651062,0.21668416261672974,0.21458551287651062,0.21458551287651062,939.1165771484375,3465,13163998,57357,13998,321.3994693317245,15,1024,0,0
2017.668000,ADAPTIVE,MIXED,run01,THERMAL_LIDAR,0.12716342508792877,0.35065409541130066,0.21907757222652435,0.21933962404727936,0.21907757222652435,0.21907757222652435,871.740234375,3467,13171628,57603,14018,321.6314887853311,15,1025,0,0
2018.669000,ADAPTIVE,MIXED,run01,THERMAL_LIDAR,0.13919714093208313,0.3575589656829834,0.22012577950954437,0.21960167586803436,0.22012577950954437,0.22012577950954437,721.387939453125,3469,13179260,57740,14066,321.90250985616495,15,1026,0,0
2019.667000,ADAPTIVE,MIXED,run01,THERMAL_LIDAR,0.13067686557769775,0.35567665100097656,0.21811991930007935,0.21969102323055267,0.21811991930007935,0.21811991930007935,380.505859375,3471,13186896,58070,14152,322.1022834086742,15,1026,0,0
2020.667000,ADAPTIVE,MIXED,run01,THERMAL_LIDAR,0.12383155524730682,0.35127246379852295,0.21826747059822083,0.21905259788036346,0.21826747059822083,0.21826747059822083,434.9013366699219,3474,13198357,58245,14227,322.35523700338814,15,1027,0,0
2021.667000,ADAPTIVE,MIXED,run01,THERMAL_LIDAR,0.13590167462825775,0.3566974699497223,0.2169589102268219,0.2164354920387268,0.2169589102268219,0.2169589102268219,414.21246337890625,3476,13205998,58536,14294,322.61347454414175,15,1028,0,0
2022.667000,ADAPTIVE,MIXED,run01,THERMAL_LIDAR,0.13368195295333862,0.353761225938797,0.21495816111564636,0.2152196615934372,0.21495816111564636,0.21495816111564636,379.1219482421875,3479,13217467,58685,14362,322.8438097807413,15,1029,0,0
2023.670000,ADAPTIVE,MIXED,run01,THERMAL_LIDAR,0.13369539380073547,0.35412830114364624,0.21516339480876923,0.2141176462173462,0.21516339480876923,0.21516339480876923,381.8575744628906,3481,13225118,58828,14431,323.11613066995216,15,1030,0,0
2024.667000,ADAPTIVE,MIXED,run01,THERMAL_LIDAR,0.13656063377857208,0.3564334511756897,0.21447230875492096,0.21499477326869965,0.21447230875492096,0.21447230875492096,415.1477355957031,3484,13236601,58968,14455,323.37373214347883,15,1031,0,0
2025.669000,ADAPTIVE,MIXED,run01,THERMAL_LIDAR,0.13559693098068237,0.3541374206542969,0.21368861198425293,0.21551723778247833,0.21368861198425293,0.21368861198425293,600.9904174804688,3486,13244258,59061,14508,323.6583310904486,15,1032,0,0
2026.669000,ADAPTIVE,MIXED,run01,THERMAL_LIDAR,0.13748541474342346,0.3537429869174957,0.21284930408000946,0.21546095609664917,0.21284930408000946,0.21284930408000946,569.0428466796875,3489,13255747,59221,14553,323.93374220856464,15,1033,0,0
2027.668000,ADAPTIVE,MIXED,run01,THERMAL_LIDAR,0.13990138471126556,0.3580797612667084,0.2130548357963562,0.214360311627388,0.2130548357963562,0.2130548357963562,519.8816528320312,3491,13263407,59299,14585,324.1914340604856,15,1034,0,0
2028.667000,ADAPTIVE,MIXED,run01,THERMAL_LIDAR,0.1359158754348755,0.35589197278022766,0.2133159339427948,0.2148825079202652,0.2133159339427948,0.2133159339427948,649.6787109375,3494,13274898,59417,14608,324.45410683123464,15,1034,0,0
2029.671000,ADAPTIVE,MIXED,run01,THERMAL_LIDAR,0.12812170386314392,0.3535349667072296,0.2138381153345108,0.2138381153345108,0.2138381153345108,0.2138381153345108,544.0614624023438,3496,13282558,59518,14648,324.6681811285891,15,1035,0,0
2030.667000,ADAPTIVE,MIXED,run01,THERMAL_LIDAR,0.14378474652767181,0.3598140776157379,0.2138381153345108,0.2159268856048584,0.2138381153345108,0.2138381153345108,551.8804931640625,3498,13290219,59617,14667,324.8619184925092,15,1036,0,0
2031.669000,ADAPTIVE,MIXED,run01,THERMAL_LIDAR,0.13847240805625916,0.35879093408584595,0.21299920976161957,0.21404333412647247,0.21299920976161957,0.21299920976161957,473.44195556640625,3501,13301711,59658,14690,325.1226283645646,15,1037,0,0
2032.668000,ADAPTIVE,MIXED,run01,THERMAL_LIDAR,0.1438532918691635,0.3678153455257416,0.2132602483034134,0.21482641994953156,0.2132602483034134,0.2132602483034134,446.3546447753906,3503,13309373,59714,14697,325.3682921554124,15,1037,0,0
2033.668000,ADAPTIVE,MIXED,run01,THERMAL_LIDAR,0.1408010721206665,0.36341923475265503,0.21352127194404602,0.2143043577671051,0.21352127194404602,0.21352127194404602,476.5984191894531,3505,13317035,59795,14713,325.5660568578067,15,1038,0,0
2034.668000,ADAPTIVE,MIXED,run01,THERMAL_LIDAR,0.14105774462223053,0.3592100143432617,0.2124771624803543,0.2143043577671051,0.2124771624803543,0.2124771624803543,517.9834594726562,3507,13324697,59818,14731,325.8120471506331,15,1039,0,0
2035.667000,ADAPTIVE,MIXED,run01,THERMAL_LIDAR,0.14939646422863007,0.3702561855316162,0.2142484337091446,0.21372652053833008,0.2142484337091446,0.2142484337091446,469.1950988769531,3510,13336192,59854,14739,326.07189275423707,15,1039,0,0
2036.668000,ADAPTIVE,MIXED,run01,THERMAL_LIDAR,0.13838772475719452,0.3640137314796448,0.21320459246635437,0.21450939774513245,0.21320459246635437,0.21320459246635437,504.7115478515625,3512,13343855,59942,14745,326.2950732204291,15,1040,0,0
2037.667000,ADAPTIVE,MIXED,run01,THERMAL_LIDAR,0.13926507532596588,0.3558509647846222,0.21236629784107208,0.21393164992332458,0.21236629784107208,0.21236629784107208,450.8677978515625,3514,13351519,59993,14752,326.5369454718247,15,1040,0,0
2038.667000,ADAPTIVE,MIXED,run01,THERMAL_LIDAR,0.13223162293434143,0.3589059114456177,0.21216075122356415,0.21555323898792267,0.21216075122356415,0.21216075122356415,562.2630615234375,3517,13363015,60079,14759,326.82480529255054,15,1041,0,0
2039.667000,ADAPTIVE,MIXED,run01,THERMAL_LIDAR,0.1349433809518814,0.3627822697162628,0.21398746967315674,0.21372652053833008,0.21398746967315674,0.21398746967315674,524.3654174804688,3518,13366847,60118,14778,327.0160415339799,15,1042,0,0
2040.670000,ADAPTIVE,MIXED,run01,THERMAL_LIDAR,0.14311887323856354,0.35903510451316833,0.21137787401676178,0.21450939774513245,0.21137787401676178,0.21137787401676178,585.6207885742188,3520,13374511,60160,14802,327.22642872465474,15,1042,0,0
2041.667000,ADAPTIVE,MIXED,run01,THERMAL_LIDAR,0.13388021290302277,0.358905166387558,0.21216075122356415,0.21398746967315674,0.21216075122356415,0.21216075122356415,627.2352294921875,3522,13382174,60136,14804,327.5194082618474,15,1043,0,0
2042.667000,ADAPTIVE,MIXED,run01,THERMAL_LIDAR,0.13646598160266876,0.3641221225261688,0.2140992134809494,0.2140992134809494,0.2140992134809494,0.2140992134809494,651.8187255859375,3524,13389836,60260,14826,327.7398490080101,15,1044,0,0
2043.667000,ADAPTIVE,MIXED,run01,THERMAL_LIDAR,0.15080995857715607,0.3653450906276703,0.21560950577259064,0.21534846723079681,0.21560950577259064,0.21560950577259064,625.32861328125,3525,13393667,60278,14834,327.91417756673076,15,1044,0,0
2044.667000,ADAPTIVE,MIXED,run01,THERMAL_LIDAR,0.14459869265556335,0.36815395951271057,0.21216075122356415,0.21534846723079681,0.2096058428287506,0.2096058428287506,519.5371704101562,3528,13405162,60310,14847,328.2020865717312,15,1045,0,0
2045.667000,ADAPTIVE,MIXED,run01,THERMAL_LIDAR,0.14574922621250153,0.3685130178928375,0.21195510029792786,0.2143043577671051,0.21195510029792786,0.21195510029792786,572.3743286132812,3530,13412824,60407,14850,328.448894936072,15,1045,0,0
2046.667000,ADAPTIVE,MIXED,run01,THERMAL_LIDAR,0.1438879668712616,0.36516880989074707,0.2144162952899933,0.2151997983455658,0.2144162952899933,0.2144162952899933,541.4635009765625,3532,13420483,60438,14866,328.71508998288454,15,1045,0,0
2047.668000,ADAPTIVE,MIXED,run01,THERMAL_LIDAR,0.13686774671077728,0.36489376425743103,0.21284930408000946,0.2141551375389099,0.21284930408000946,0.21284930408000946,629.7993774414062,3533,13424312,60472,14878,328.9567309839061,15,1046,0,0
2048.670000,ADAPTIVE,MIXED,run01,THERMAL_LIDAR,0.15093594789505005,0.3696817457675934,0.21264368295669556,0.21603970229625702,0.21264368295669556,0.21264368295669556,603.5718383789062,3535,13431968,60526,14883,329.1343359155015,15,1047,0,0
2049.667000,ADAPTIVE,MIXED,run01,THERMAL_LIDAR,0.1492539644241333,0.3699391484260559,0.21572211384773254,0.2178114354610443,0.21572211384773254,0.21572211384773254,548.4049682617188,3537,13439626,60588,14899,329.41835640197814,15,1048,0,0
2050.669000,ADAPTIVE,MIXED,run01,THERMAL_LIDAR,0.14644192159175873,0.3706636130809784,0.2106088250875473,0.21139273047447205,0.2106088250875473,0.2106088250875473,509.8057861328125,3539,13447281,60588,14915,329.67610915944664,15,1049,0,0
2051.668000,ADAPTIVE,MIXED,run01,THERMAL_LIDAR,0.1411052644252777,0.3681965172290802,0.2133716344833374,0.217027947306633,0.2133716344833374,0.2133716344833374,578.4039306640625,3541,13454937,60679,14921,329.9427690556281,15,1050,0,0
2052.667000,ADAPTIVE,MIXED,run01,THERMAL_LIDAR,0.1435771882534027,0.3703520894050598,0.21264368295669556,0.21447230875492096,0.21264368295669556,0.21264368295669556,525.9021606445312,3543,13462592,60727,14928,330.1778179754849,15,1051,0,0
2053.668000,ADAPTIVE,MIXED,run01,THERMAL_LIDAR,0.13609863817691803,0.3661919832229614,0.21185998618602753,0.2134273797273636,0.21185998618602753,0.21185998618602753,490.2465515136719,3545,13470248,60783,14940,330.437347842831,15,1052,0,0
2054.667000,ADAPTIVE,MIXED,run01,THERMAL_LIDAR,0.1269960105419159,0.35946494340896606,0.21394984424114227,0.21603970229625702,0.21394984424114227,0.21394984424114227,549.2288818359375,3547,13477904,60837,14952,330.69988027080416,15,1053,0,0
2055.669000,ADAPTIVE,MIXED,run01,THERMAL_LIDAR,0.14464867115020752,0.370909720659256,0.21708464622497559,0.2147335410118103,0.21708464622497559,0.21708464622497559,613.2122802734375,3549,13485561,60922,14962,330.850618799965,15,1054,0,0
2056.668000,ADAPTIVE,MIXED,run01,THERMAL_LIDAR,0.13103465735912323,0.3620433211326599,0.2147335410118103,0.2147335410118103,0.2147335410118103,0.2147335410118103,586.1786499023438,3552,13497044,61011,14971,331.08887187000903,15,1054,0,0
2057.668000,ADAPTIVE,MIXED,run01,THERMAL_LIDAR,0.11208436638116837,0.34579336643218994,0.21682339906692505,0.21603970229625702,0.21682339906692505,0.21682339906692505,647.6665649414062,3553,13500872,61101,14994,331.3526727103218,15,1055,0,0
2058.667000,ADAPTIVE,MIXED,run01,THERMAL_LIDAR,0.13491389155387878,0.3642945885658264,0.21394984424114227,0.21394984424114227,0.21394984424114227,0.21394984424114227,482.978271484375,3556,13512356,61215,15010,331.4884088391782,15,1056,0,0
2059.667000,ADAPTIVE,MIXED,run01,THERMAL_LIDAR,0.12465887516736984,0.3562285304069519,0.21676677465438843,0.21493862569332123,0.21676677465438843,0.21676677465438843,591.5548706054688,3557,13516185,61313,15035,331.67964898277324,15,1057,0,0
2060.667000,ADAPTIVE,MIXED,run01,THERMAL_LIDAR,0.12374723702669144,0.3555775284767151,0.21833376586437225,0.217027947306633,0.21833376586437225,0.21833376586437225,502.9754333496094,3559,13523843,61479,15057,331.85243494769105,15,1057,0,0
2061.667000,ADAPTIVE,MIXED,run01,THERMAL_LIDAR,0.12192951142787933,0.35263895988464355,0.22053827345371246,0.21688006818294525,0.22053827345371246,0.22053827345371246,642.7810668945312,3561,13531498,61617,15126,332.0682638346893,15,1058,0,0
2062.668000,ADAPTIVE,MIXED,run01,THERMAL_LIDAR,0.13513058423995972,0.3618791103363037,0.21676677465438843,0.2159832864999771,0.21676677465438843,0.21676677465438843,542.65771484375,3563,13539155,61695,15175,332.3035130091101,15,1059,0,0
2063.667000,ADAPTIVE,MIXED,run01,THERMAL_LIDAR,0.12691158056259155,0.3554586172103882,0.21943573653697968,0.2183908075094223,0.21943573653697968,0.21943573653697968,610.0921020507812,3566,13550639,61780,15202,332.4966913677657,15,1060,0,0
2064.672000,ADAPTIVE,MIXED,run01,THERMAL_LIDAR,0.12631067633628845,0.3540955185890198,0.21943573653697968,0.21786834299564362,0.21943573653697968,0.21943573653697968,541.5571899414062,3568,13558296,61856,15227,332.7872343711597,15,1061,0,0
2065.667000,ADAPTIVE,MIXED,run01,THERMAL_LIDAR,0.1221965029835701,0.3506626784801483,0.21650561690330505,0.21624444425106049,0.21650561690330505,0.21650561690330505,506.5833435058594,3570,13565954,61970,15249,332.96376319914737,15,1062,0,0
2066.668000,ADAPTIVE,MIXED,run01,THERMAL_LIDAR,0.10073155164718628,0.33054351806640625,0.2144162952899933,0.2144162952899933,0.2144162952899933,0.2144162952899933,583.5999755859375,3572,13573612,62007,15270,333.16660637157133,15,1062,0,0
2067.667000,ADAPTIVE,MIXED,run01,THERMAL_LIDAR,0.09213599562644958,0.32209476828575134,0.2183908075094223,0.21551723778247833,0.2183908075094223,0.2183908075094223,539.1394653320312,3574,13581269,62132,15290,333.3442618987421,15,1063,0,0
2068.670000,ADAPTIVE,MIXED,run01,THERMAL_LIDAR,0.08577963709831238,0.3133256435394287,0.21624444425106049,0.2144162952899933,0.21624444425106049,0.21624444425106049,539.3934326171875,3576,13588926,62253,15311,333.6084335791741,15,1064,0,0
2069.667000,ADAPTIVE,MIXED,run01,THERMAL_LIDAR,0.08381625264883041,0.3114418685436249,0.21969696879386902,0.21812957525253296,0.21969696879386902,0.21969696879386902,528.2888793945312,3579,13600412,62329,15352,333.95212599264516,15,1065,0,0
2070.667000,ADAPTIVE,MIXED,run01,THERMAL_LIDAR,0.09652752429246902,0.3290078639984131,0.22152559459209442,0.21734587848186493,0.22152559459209442,0.22152559459209442,577.8233642578125,3581,13608068,62389,15378,334.2272318173622,15,1065,0,0
2071.667000,ADAPTIVE,MIXED,run01,THERMAL_LIDAR,0.10689380764961243,0.342477411031723,0.21807260811328888,0.21572211384773254,0.21807260811328888,0.21807260811328888,473.2735595703125,3583,13615725,62459,15390,334.4476775769631,15,1066,0,0
2072.668000,ADAPTIVE,MIXED,run01,THERMAL_LIDAR,0.12430151551961899,0.3582709729671478,0.21728910505771637,0.21676677465438843,0.21728910505771637,0.21728910505771637,547.3076171875,3584,13619554,62487,15398,334.62812849201566,15,1067,0,0
2073.668000,ADAPTIVE,MIXED,run01,THERMAL_LIDAR,0.12497792392969131,0.3568263053894043,0.2125881463289261,0.2125881463289261,0.2125881463289261,0.2125881463289261,488.54400634765625,3587,13631041,62642,15400,334.8684224176453,15,1068,0,0
2074.667000,ADAPTIVE,MIXED,run01,THERMAL_LIDAR,0.1329091340303421,0.36272692680358887,0.21493862569332123,0.2206842452287674,0.21493862569332123,0.21493862569332123,478.57366943359375,3589,13638698,62737,15449,335.0893571340126,15,1069,0,0
2075.668000,ADAPTIVE,MIXED,run01,THERMAL_LIDAR,0.12781836092472076,0.3600143492221832,0.2129049152135849,0.21630093455314636,0.2129049152135849,0.2129049152135849,587.9959106445312,3591,13646354,62778,15471,335.3036278578598,15,1069,0,0
2076.668000,ADAPTIVE,MIXED,run01,THERMAL_LIDAR,0.12842318415641785,0.360731840133667,0.21452835202217102,0.2179252654314041,0.21452835202217102,0.21452835202217102,670.8760986328125,3593,13654009,62835,15475,335.5176556653991,15,1069,0,0
2077.671000,ADAPTIVE,MIXED,run01,THERMAL_LIDAR,0.1271989643573761,0.35911327600479126,0.217027947306633,0.21624444425106049,0.217027947306633,0.217027947306633,501.2490234375,3595,13661667,62868,15481,335.7380264850822,15,1070,0,0
2078.668000,ADAPTIVE,MIXED,run01,THERMAL_LIDAR,0.13288377225399017,0.3631586730480194,0.21635745465755463,0.21844786405563354,0.21635745465755463,0.21635745465755463,572.2852172851562,3598,13673150,62921,15491,335.96879280342614,15,1071,0,0
2079.667000,ADAPTIVE,MIXED,run01,THERMAL_LIDAR,0.13415515422821045,0.36191216111183167,0.21577847003936768,0.21786834299564362,0.21577847003936768,0.21577847003936768,517.5320434570312,3600,13680806,62944,15497,336.18222385969057,15,1072,0,0
2080.676000,ADAPTIVE,MIXED,run01,THERMAL_LIDAR,0.1290300041437149,0.3540281355381012,0.22053827345371246,0.22367389500141144,0.22053827345371246,0.22053827345371246,520.510498046875,3602,13688462,62972,15500,336.3934200403458,15,1072,0,0
2081.668000,ADAPTIVE,MIXED,run01,THERMAL_LIDAR,0.12401247769594193,0.3549722731113434,0.21531225740909576,0.21714136004447937,0.21531225740909576,0.21531225740909576,479.496826171875,3604,13696117,62988,15503,336.5731813684309,15,1073,0,0
2082.668000,ADAPTIVE,MIXED,run01,THERMAL_LIDAR,0.13112637400627136,0.36219802498817444,0.21348313987255096,0.21505095064640045,0.21348313987255096,0.21348313987255096,581.724365234375,3606,13703772,63011,15505,336.73242953213986,15,1074,0,0
2083.667000,ADAPTIVE,MIXED,run01,THERMAL_LIDAR,0.1356133073568344,0.363799512386322,0.21943573653697968,0.21630093455314636,0.21943573653697968,0.21943573653697968,588.0310668945312,3609,13715256,63036,15510,336.99261464965645,15,1075,0,0
2084.669000,ADAPTIVE,MIXED,run01,THERMAL_LIDAR,0.12696152925491333,0.35845130681991577,0.218913272023201,0.21734587848186493,0.218913272023201,0.218913272023201,566.3427734375,3611,13722912,63048,15511,337.22666975445725,15,1076,0,0
2085.667000,ADAPTIVE,MIXED,run01,THERMAL_LIDAR,0.12722261250019073,0.3590613305568695,0.21557354927062988,0.21635745465755463,0.21557354927062988,0.21557354927062988,541.1427001953125,3613,13730567,63078,15516,337.41832959179544,15,1076,0,0
2086.667000,ADAPTIVE,MIXED,run01,THERMAL_LIDAR,0.13437654078006744,0.36372900009155273,0.2158348560333252,0.21714136004447937,0.2158348560333252,0.2158348560333252,525.7156372070312,3615,13738222,63102,15518,337.6768281366415,15,1076,0,0
2087.667000,ADAPTIVE,MIXED,run01,THERMAL_LIDAR,0.13511784374713898,0.36389631032943726,0.21688006818294525,0.21661876142024994,0.21688006818294525,0.21688006818294525,556.040771484375,3617,13745876,63120,15522,337.89730241203904,15,1077,0,0
2088.670000,ADAPTIVE,MIXED,run01,THERMAL_LIDAR,0.13328291475772858,0.3621746003627777,0.2158348560333252,0.21661876142024994,0.2158348560333252,0.2158348560333252,499.7755432128906,3619,13753530,63135,15522,338.09054929608135,15,1078,0,0
2089.667000,ADAPTIVE,MIXED,run01,THERMAL_LIDAR,0.13772907853126526,0.3654254674911499,0.21458442509174347,0.21745948493480682,0.21458442509174347,0.21458442509174347,549.6226196289062,3621,13761182,63142,15523,338.30573404153,15,1079,0,0
2090.668000,ADAPTIVE,MIXED,run01,THERMAL_LIDAR,0.13245849311351776,0.36272597312927246,0.22001567482948303,0.21844786405563354,0.22001567482948303,0.22001567482948303,528.8922729492188,3623,13768837,63148,15525,338.47256885627263,15,1080,0,0
2091.667000,ADAPTIVE,MIXED,run01,THERMAL_LIDAR,0.11919363588094711,0.3518732190132141,0.21452835202217102,0.21688006818294525,0.21452835202217102,0.21452835202217102,445.8212890625,3626,13780318,63153,15525,338.7060933769707,15,1081,0,0
2092.667000,ADAPTIVE,MIXED,run01,THERMAL_LIDAR,0.12260814756155014,0.35556697845458984,0.21374444663524628,0.2160961627960205,0.21374444663524628,0.21374444663524628,480.8965759277344,3628,13787971,63166,15526,338.9971736399438,15,1082,0,0
2093.667000,ADAPTIVE,MIXED,run01,THERMAL_LIDAR,0.13531231880187988,0.36282017827033997,0.2178114354610443,0.21493862569332123,0.2178114354610443,0.2178114354610443,442.9708557128906,3630,13795626,63173,15526,339.1235899995995,15,1083,0,0
2094.669000,ADAPTIVE,MIXED,run01,THERMAL_LIDAR,0.12924723327159882,0.35705503821372986,0.2140616774559021,0.21745948493480682,0.2140616774559021,0.2140616774559021,509.4219970703125,3632,13803280,63179,15526,339.34794588239714,15,1084,0,0
2095.669000,ADAPTIVE,MIXED,run01,THERMAL_LIDAR,0.13417933881282806,0.3636225759983063,0.21301621198654175,0.21641400456428528,0.21301621198654175,0.21484579145908356,488.8655090332031,3635,13814758,63189,15526,339.5151367246117,15,1085,0,0
2096.667000,ADAPTIVE,MIXED,run01,THERMAL_LIDAR,0.12998172640800476,0.3607678711414337,0.21902769804000854,0.21876633167266846,0.21902769804000854,0.21902769804000854,504.11328125,3637,13822411,63201,15526,339.7784031730699,15,1086,0,0
2097.667000,ADAPTIVE,MIXED,run01,THERMAL_LIDAR,0.13855582475662231,0.36410847306251526,0.21943573653697968,0.21734587848186493,0.21943573653697968,0.21943573653697968,453.8908386230469,3639,13830065,63213,15527,339.96968395056064,15,1086,0,0
2098.677000,ADAPTIVE,MIXED,run01,THERMAL_LIDAR,0.1326630860567093,0.3612123429775238,0.21943573653697968,0.21865203976631165,0.21943573653697968,0.21943573653697968,485.84576416015625,3642,13841549,63374,15527,340.1966485061578,15,1087,0,0
2099.667000,ADAPTIVE,MIXED,run01,THERMAL_LIDAR,0.13475367426872253,0.3635093867778778,0.21995820105075836,0.21943573653697968,0.21995820105075836,0.21995820105075836,479.94512939453125,3644,13849205,63388,15550,340.382052580132,15,1088,0,0
2100.668000,ADAPTIVE,MIXED,run01,THERMAL_LIDAR,0.13814765214920044,0.36646100878715515,0.21812957525253296,0.21786834299564362,0.21812957525253296,0.21812957525253296,476.825927734375,3647,13860689,63399,15553,340.64653212060944,15,1089,0,0
2101.667000,ADAPTIVE,MIXED,run01,THERMAL_LIDAR,0.1342346966266632,0.3640414774417877,0.21952493488788605,0.2161315530538559,0.21952493488788605,0.21952493488788605,525.43212890625,3649,13868352,63407,15553,340.92130881940375,15,1090,0,0
2102.668000,ADAPTIVE,MIXED,run01,THERMAL_LIDAR,0.13265293836593628,0.3618289530277252,0.2186277061700821,0.2186277061700821,0.2186277061700821,0.2186277061700821,519.7625732421875,3652,13879850,63431,15554,341.1324840394716,15,1090,0,0
2103.667000,ADAPTIVE,MIXED,run01,THERMAL_LIDAR,0.13214586675167084,0.36102426052093506,0.21790188550949097,0.21842379868030548,0.21790188550949097,0.21790188550949097,557.6416015625,3654,13887515,63442,15559,341.3931922498173,15,1091,0,0
2104.669000,ADAPTIVE,MIXED,run01,THERMAL_LIDAR,0.1189718022942543,0.3517461121082306,0.21868476271629333,0.2165970802307129,0.21868476271629333,0.21868476271629333,464.3236999511719,3657,13899011,63453,15561,341.63086905341765,15,1091,0,0
2105.668000,ADAPTIVE,MIXED,run01,THERMAL_LIDAR,0.12791036069393158,0.3561449944972992,0.21868476271629333,0.21920667588710785,0.21868476271629333,0.21868476271629333,578.9539794921875,3659,13906675,63456,15565,341.8377191678451,15,1092,0,0
2106.669000,ADAPTIVE,MIXED,run01,THERMAL_LIDAR,0.12919022142887115,0.3587627112865448,0.22030802071094513,0.21952493488788605,0.22030802071094513,0.22030802071094513,357.7725830078125,3663,13922003,63459,15565,342.0489706330625,15,1093,0,0
2107.669000,ADAPTIVE,MIXED,run01,THERMAL_LIDAR,0.12970763444900513,0.35841867327690125,0.2189457267522812,0.21972860395908356,0.2189457267522812,0.2189457267522812,724.388916015625,3666,13933497,63494,15566,342.3203384256868,15,1094,0,0
2108.668000,ADAPTIVE,MIXED,run01,THERMAL_LIDAR,0.11483689397573471,0.34763839840888977,0.2190028727054596,0.2190028727054596,0.2190028727054596,0.2190028727054596,535.6600341796875,3669,13944988,63500,15566,342.5760565013442,15,1095,0,0
2109.669000,ADAPTIVE,MIXED,run01,THERMAL_LIDAR,0.12096239626407623,0.3531748950481415,0.2200469821691513,0.2200469821691513,0.2200469821691513,0.2200469821691513,603.5567016601562,3671,13952650,63506,15566,342.77852981257223,15,1096,0,0
2110.667000,ADAPTIVE,MIXED,run01,THERMAL_LIDAR,0.1153736338019371,0.3483678102493286,0.21952493488788605,0.21926389634609222,0.21952493488788605,0.21952493488788605,564.545654296875,3673,13960313,63669,15567,342.9799994362847,15,1097,0,0
2111.670000,ADAPTIVE,MIXED,run01,THERMAL_LIDAR,0.11965107172727585,0.3505791127681732,0.22245430946350098,0.22114881873130798,0.22245430946350098,0.22245430946350098,673.220703125,3675,13967974,63727,15620,343.23435185977104,15,1097,0,0
2112.667000,ADAPTIVE,MIXED,run01,THERMAL_LIDAR,0.11555306613445282,0.3494718372821808,0.21958224475383759,0.2187989503145218,0.21958224475383759,0.21958224475383759,488.32666015625,3678,13979466,63764,15624,343.5357591281812,15,1098,0,0
2113.667000,ADAPTIVE,MIXED,run01,THERMAL_LIDAR,0.11470870673656464,0.3497440218925476,0.22036553919315338,0.21984334290027618,0.22036553919315338,0.22036553919315338,551.5606689453125,3679,13983296,63768,15630,343.8248207556923,15,1099,0,0
2114.667000,ADAPTIVE,MIXED,run01,THERMAL_LIDAR,0.11453235894441605,0.3501700162887573,0.21911726891994476,0.21833376586437225,0.21911726891994476,0.21911726891994476,513.2299194335938,3682,13994785,63774,15631,344.1177716527458,15,1099,0,0
2115.667000,ADAPTIVE,MIXED,run01,THERMAL_LIDAR,0.11520619690418243,0.35069188475608826,0.2187989503145218,0.219321146607399,0.2187989503145218,0.2187989503145218,519.8662109375,3684,14002445,63774,15632,344.40329001262774,15,1100,0,0
2116.669000,ADAPTIVE,MIXED,run01,THERMAL_LIDAR,0.11746842414140701,0.35224685072898865,0.2185378521680832,0.2187989503145218,0.2185378521680832,0.2185378521680832,484.9052429199219,3685,14006275,63781,15633,344.6378682785955,15,1101,0,0
2117.668000,ADAPTIVE,MIXED,run01,THERMAL_LIDAR,0.11701083183288574,0.35250627994537354,0.21984334290027618,0.21958224475383759,0.21984334290027618,0.21984334290027618,507.42669677734375,3688,14017764,63802,15633,344.90361189410703,15,1102,0,0
2118.667000,ADAPTIVE,MIXED,run01,THERMAL_LIDAR,0.11314649134874344,0.3499654233455658,0.22120657563209534,0.2206842452287674,0.22120657563209534,0.22120657563209534,526.6676635742188,3690,14025421,63807,15635,345.18761580629854,15,1103,0,0
2119.668000,ADAPTIVE,MIXED,run01,THERMAL_LIDAR,0.12059807032346725,0.35516881942749023,0.2200731784105301,0.2179822325706482,0.2200731784105301,0.2200731784105301,504.23992919921875,3693,14036903,63808,15635,345.4321724266253,15,1104,0,0
2120.670000,ADAPTIVE,MIXED,run01,THERMAL_LIDAR,0.12031283229589462,0.3549582064151764,0.21998430788516998,0.21893800795078278,0.21998430788516998,0.21998430788516998,503.68585205078125,3695,14044551,63832,15636,345.6924231517515,15,1105,0,0
2121.675000,ADAPTIVE,MIXED,run01,THERMAL_LIDAR,0.11991342902183533,0.3572740852832794,0.22041885554790497,0.21963350474834442,0.22041885554790497,0.22041885554790497,520.09228515625,3697,14052193,63834,15642,345.93537857961377,15,1106,0,0
2122.667000,ADAPTIVE,MIXED,run01,THERMAL_LIDAR,0.11787452548742294,0.3534996509552002,0.21986372768878937,0.21881552040576935,0.21986372768878937,0.21986372768878937,466.1667175292969,3699,14059827,63833,15642,346.16511274779265,15,1106,0,0
2123.669000,ADAPTIVE,MIXED,run01,THERMAL_LIDAR,0.12209340184926987,0.3561554551124573,0.22064989805221558,0.21933962404727936,0.22064989805221558,0.22064989805221558,505.3360595703125,3701,14067460,63836,15642,346.4012434962078,15,1107,0,0
2124.667000,ADAPTIVE,MIXED,run01,THERMAL_LIDAR,0.12392992526292801,0.357343852519989,0.22079622745513916,0.21896280348300934,0.22079622745513916,0.22079622745513916,484.828857421875,3703,14075094,63858,15642,346.601375463792,15,1107,0,0
2125.667000,ADAPTIVE,MIXED,run01,THERMAL_LIDAR,0.12180473655462265,0.35590633749961853,0.22038784623146057,0.21986372768878937,0.22038784623146057,0.22038784623146057,441.90020751953125,3705,14082727,63876,15645,346.8311336096124,15,1107,0,0
2126.668000,ADAPTIVE,MIXED,run01,THERMAL_LIDAR,0.12383151054382324,0.35715311765670776,0.2214360535144806,0.21802935004234314,0.2214360535144806,0.2214360535144806,475.6741943359375,3707,14090357,63878,15645,347.0611624122925,15,1108,0,0
2127.667000,ADAPTIVE,MIXED,run01,THERMAL_LIDAR,0.11994612216949463,0.35434097051620483,0.22102779150009155,0.21893025934696198,0.22102779150009155,0.22102779150009155,537.81591796875,3709,14097983,63903,15645,347.3235455523087,15,1109,0,0
2128.667000,ADAPTIVE,MIXED,run01,THERMAL_LIDAR,0.1283225119113922,0.35451266169548035,0.22056123614311218,0.21898767352104187,0.22056123614311218,0.22056123614311218,511.6424865722656,3710,14101796,63930,15645,347.56093762079325,15,1110,0,0
2129.667000,ADAPTIVE,MIXED,run01,THERMAL_LIDAR,0.1204022467136383,0.3541170656681061,0.22120177745819092,0.21910259127616882,0.22120177745819092,0.22120177745819092,562.7278442382812,3713,14113232,63949,15647,347.8056192835151,15,1111,0,0
2130.667000,ADAPTIVE,MIXED,run01,THERMAL_LIDAR,0.11953260004520416,0.35307225584983826,0.2203567624092102,0.21878279745578766,0.2203567624092102,0.2203567624092102,471.6341247558594,3715,14120854,63952,15648,348.0352998313805,15,1112,0,0
2131.667000,ADAPTIVE,MIXED,run01,THERMAL_LIDAR,0.12237698584794998,0.3552418649196625,0.22088143229484558,0.21904511749744415,0.22088143229484558,0.22088143229484558,502.90185546875,3717,14128477,63973,15649,348.28230575037014,15,1113,0,0
2132.667000,ADAPTIVE,MIXED,run01,THERMAL_LIDAR,0.12813495099544525,0.36027762293815613,0.2198897898197174,0.21805299818515778,0.2198897898197174,0.2198897898197174,571.679931640625,3719,14136096,63992,15652,348.54393363108437,15,1114,0,0
2133.672000,ADAPTIVE,MIXED,run01,THERMAL_LIDAR,0.1317172795534134,0.3651672601699829,0.2198897898197174,0.21805299818515778,0.2198897898197174,0.2198897898197174,554.0609130859375,3720,14139907,64015,15657,348.80309288030924,15,1115,0,0
2134.667000,ADAPTIVE,MIXED,run01,THERMAL_LIDAR,0.12705296277999878,0.36714503169059753,0.22006303071975708,0.21848739683628082,0.22006303071975708,0.22006303071975708,490.3770751953125,3722,14147524,64036,15662,349.0663586540134,15,1115,0,0
2135.667000,ADAPTIVE,MIXED,run01,THERMAL_LIDAR,0.12469702214002609,0.3653113842010498,0.2192499339580536,0.21872541308403015,0.2192499339580536,0.2192499339580536,517.9095458984375,3723,14151337,64052,15664,349.307306575976,15,1116,0,0
2136.667000,ADAPTIVE,MIXED,run01,THERMAL_LIDAR,0.13312242925167084,0.36872750520706177,0.22091194987297058,0.21802935004234314,0.22091194987297058,0.22091194987297058,477.9872131347656,3725,14158965,64085,15666,349.47443368893363,15,1116,0,0
2137.668000,ADAPTIVE,MIXED,run01,THERMAL_LIDAR,0.13191714882850647,0.3708302974700928,0.21847200393676758,0.2153322845697403,0.21847200393676758,0.21847200393676758,513.1661987304688,3728,14170429,64099,15668,349.7594160261586,15,1116,0,0
2138.669000,ADAPTIVE,MIXED,run01,THERMAL_LIDAR,0.12998002767562866,0.3701987564563751,0.2185378521680832,0.2122715413570404,0.2185378521680832,0.2185378521680832,503.2357177734375,3730,14178086,64137,15672,350.0089987591641,15,1117,0,0
2139.667000,ADAPTIVE,MIXED,run01,THERMAL_LIDAR,0.13035167753696442,0.3696151673793793,0.21587052941322327,0.21378229558467865,0.21587052941322327,0.21587052941322327,439.69189453125,3732,14185748,64149,15674,350.2805064032928,15,1117,0,0
2140.668000,ADAPTIVE,MIXED,run01,THERMAL_LIDAR,0.12531781196594238,0.36624962091445923,0.2152361124753952,0.21732324361801147,0.2152361124753952,0.2152361124753952,456.88519287109375,3734,14193415,64163,15676,350.5745671523898,15,1118,0,0
2141.667000,ADAPTIVE,MIXED,run01,THERMAL_LIDAR,0.1282663345336914,0.3698219358921051,0.2183668166399002,0.2168014645576477,0.2183668166399002,0.2183668166399002,514.13720703125,3736,14201081,64176,15678,350.84198617758295,15,1119,0,0
2142.671000,ADAPTIVE,MIXED,run01,THERMAL_LIDAR,0.13390643894672394,0.3725285530090332,0.2168014645576477,0.2168014645576477,0.2168014645576477,0.2168014645576477,486.8509826660156,3738,14208748,64191,15681,351.0720697385262,15,1120,0,0
2143.669000,ADAPTIVE,MIXED,run01,THERMAL_LIDAR,0.12481866031885147,0.36655884981155396,0.2183668166399002,0.21627967059612274,0.2183668166399002,0.2183668166399002,502.83172607421875,3740,14216415,64224,15681,351.3232514767111,15,1121,0,0
2144.671000,ADAPTIVE,MIXED,run01,THERMAL_LIDAR,0.13240374624729156,0.37227654457092285,0.2154407948255539,0.2157016098499298,0.2154407948255539,0.2154407948255539,488.80865478515625,3742,14224082,64234,15687,351.57542417830666,15,1121,0,0
2145.669000,ADAPTIVE,MIXED,run01,THERMAL_LIDAR,0.12813623249530792,0.3694329857826233,0.2199321687221527,0.21810592710971832,0.2199321687221527,0.2199321687221527,485.93145751953125,3744,14231748,64266,15691,351.8353057686208,15,1122,0,0
2146.669000,ADAPTIVE,MIXED,run01,THERMAL_LIDAR,0.1377379596233368,0.3753492534160614,0.21732324361801147,0.21732324361801147,0.21732324361801147,0.21732324361801147,578.2442626953125,3747,14243246,64274,15695,352.0034178650095,15,1123,0,0
2147.669000,ADAPTIVE,MIXED,run01,THERMAL_LIDAR,0.13294900953769684,0.3721390664577484,0.2177882045507431,0.21857067942619324,0.2177882045507431,0.2177882045507431,468.10040283203125,3748,14247080,64280,15697,352.2858677239099,15,1124,0,0
2148.668000,ADAPTIVE,MIXED,run01,THERMAL_LIDAR,0.12852248549461365,0.37008824944496155,0.2180490344762802,0.21726655960083008,0.2180490344762802,0.2180490344762802,427.4671936035156,3750,14254747,64336,15699,352.54500076336643,15,1125,0,0
2149.667000,ADAPTIVE,MIXED,run01,THERMAL_LIDAR,0.13309650123119354,0.3726370334625244,0.2175273895263672,0.21674491465091705,0.2175273895263672,0.2175273895263672,491.5058898925781,3752,14262415,64365,15700,352.79124633594984,15,1125,0,0
2150.667000,ADAPTIVE,MIXED,run01,THERMAL_LIDAR,0.12380734831094742,0.36655959486961365,0.21810592710971832,0.2168014645576477,0.21810592710971832,0.21810592710971832,620.3893432617188,3755,14273914,64379,15705,353.0871099135138,15,1126,0,0
2151.667000,ADAPTIVE,MIXED,run01,THERMAL_LIDAR,0.13192103803157806,0.3727758526802063,0.2170623540878296,0.2170623540878296,0.2170623540878296,0.2170623540878296,494.8988342285156,3757,14281581,64421,15709,353.3198243744292,15,1127,0,0
2152.667000,ADAPTIVE,MIXED,run01,THERMAL_LIDAR,0.13640142977237701,0.37548619508743286,0.21816283464431763,0.21685804426670074,0.21816283464431763,0.21816283464431763,463.0183410644531,3760,14293079,64452,15711,353.54286665423916,15,1127,0,0
2153.667000,ADAPTIVE,MIXED,run01,THERMAL_LIDAR,0.11890524625778198,0.36291560530662537,0.2180490344762802,0.21830986440181732,0.2180490344762802,0.2180490344762802,557.0331420898438,3762,14300747,64498,15717,353.8494259173069,15,1128,0,0
2154.667000,ADAPTIVE,MIXED,run01,THERMAL_LIDAR,0.1311320960521698,0.37210533022880554,0.21868476271629333,0.2176409214735031,0.21868476271629333,0.21868476271629333,527.2691650390625,3763,14304579,64506,15722,354.18893436625876,15,1129,0,0
2155.668000,ADAPTIVE,MIXED,run01,THERMAL_LIDAR,0.13387763500213623,0.3736548125743866,0.2183668166399002,0.21758413314819336,0.2183668166399002,0.2183668166399002,569.2412719726562,3766,14316079,64532,15726,354.40821171867645,15,1130,0,0
2156.668000,ADAPTIVE,MIXED,run01,THERMAL_LIDAR,0.13295933604240417,0.3729545474052429,0.2175273895263672,0.2177882045507431,0.2175273895263672,0.2175273895263672,452.97906494140625,3767,14319913,64553,15731,354.63074933476076,15,1131,0,0
2157.667000,ADAPTIVE,MIXED,run01,THERMAL_LIDAR,0.12835723161697388,0.3686102330684662,0.2165970802307129,0.21737995743751526,0.2165970802307129,0.2165970802307129,462.04156494140625,3769,14327578,64657,15731,354.89261635732146,15,1132,0,0
2158.667000,ADAPTIVE,MIXED,run01,THERMAL_LIDAR,0.12896117568016052,0.36420512199401855,0.21784502267837524,0.21758413314819336,0.21784502267837524,0.21784502267837524,499.6638488769531,3771,14335245,64682,15754,355.1368370396566,15,1132,0,0
2159.669000,ADAPTIVE,MIXED,run01,THERMAL_LIDAR,0.13481560349464417,0.3734336495399475,0.21857067942619324,0.2201356291770935,0.21857067942619324,0.21857067942619324,550.57763671875,3774,14346745,64690,15757,355.3125338901879,15,1133,0,0
2160.668000,ADAPTIVE,MIXED,run01,THERMAL_LIDAR,0.13302361965179443,0.372006893157959,0.2186277061700821,0.2199321687221527,0.2186277061700821,0.2186277061700821,494.1207580566406,3776,14354410,64720,15757,355.57207456068767,15,1134,0,0
2161.669000,ADAPTIVE,MIXED,run01,THERMAL_LIDAR,0.1278063803911209,0.36420583724975586,0.2201930582523346,0.22045394778251648,0.2201930582523346,0.2201930582523346,457.03082275390625,3778,14362077,64726,15759,355.75610487221826,15,1134,0,0
2162.667000,ADAPTIVE,MIXED,run01,THERMAL_LIDAR,0.13027995824813843,0.36879974603652954,0.22065727412700653,0.2180490344762802,0.22065727412700653,0.22065727412700653,448.76361083984375,3781,14373577,64749,15760,356.01019043836965,15,1135,0,0
2163.667000,ADAPTIVE,MIXED,run01,THERMAL_LIDAR,0.13093599677085876,0.36983373761177063,0.21883150935173035,0.2198747992515564,0.21883150935173035,0.21883150935173035,443.94268798828125,3783,14381246,64775,15763,356.22251866050647,15,1136,0,0
2164.667000,ADAPTIVE,MIXED,run01,THERMAL_LIDAR,0.12931132316589355,0.36760416626930237,0.21830986440181732,0.21726655960083008,0.21830986440181732,0.21830986440181732,560.5911254882812,3785,14388914,64783,15766,356.47905180718567,15,1137,0,0
2165.670000,ADAPTIVE,MIXED,run01,THERMAL_LIDAR,0.1251099705696106,0.3639753460884094,0.2175273895263672,0.21465831995010376,0.2175273895263672,0.2175273895263672,509.973388671875,3787,14396582,64804,15768,356.7305699807516,15,1138,0,0
2166.668000,ADAPTIVE,MIXED,run01,THERMAL_LIDAR,0.1319887638092041,0.3691726326942444,0.2174706608057022,0.21825292706489563,0.2174706608057022,0.2174706608057022,444.058837890625,3789,14404252,64818,15770,356.94083168533575,15,1138,0,0
2167.668000,ADAPTIVE,MIXED,run01,THERMAL_LIDAR,0.12706507742404938,0.364789754152298,0.21897810697555542,0.21976016461849213,0.21897810697555542,0.21897810697555542,560.2449951171875,3792,14415758,64846,15773,357.1783277303737,15,1139,0,0
2168.667000,ADAPTIVE,MIXED,run01,THERMAL_LIDAR,0.127285897731781,0.36412501335144043,0.2181391716003418,0.2183997929096222,0.2181391716003418,0.2181391716003418,485.8819580078125,3794,14423431,64864,15773,357.44540536380845,15,1140,0,0
2169.667000,ADAPTIVE,MIXED,run01,THERMAL_LIDAR,0.11804083734750748,0.35631200671195984,0.21782177686691284,0.21677957475185394,0.21782177686691284,0.21782177686691284,460.2130126953125,3796,14431106,64889,15780,357.71210576186314,15,1141,0,0
2170.667000,ADAPTIVE,MIXED,run01,THERMAL_LIDAR,0.12666913866996765,0.3624269664287567,0.21718749403953552,0.21848958730697632,0.21718749403953552,0.21718749403953552,511.3816833496094,3798,14438785,64894,15783,357.9590877706858,15,1142,0,0
2171.667000,ADAPTIVE,MIXED,run01,THERMAL_LIDAR,0.1249513104557991,0.36043891310691833,0.21588541567325592,0.21692708134651184,0.21588541567325592,0.21588541567325592,473.6140441894531,3800,14446465,64906,15783,358.1922812832509,15,1143,0,0
2172.667000,ADAPTIVE,MIXED,run01,THERMAL_LIDAR,0.11789345741271973,0.35386431217193604,0.21875,0.21770833432674408,0.21875,0.21875,434.42169189453125,3802,14454145,64951,15783,358.41070131919446,15,1144,0,0
2173.669000,ADAPTIVE,MIXED,run01,THERMAL_LIDAR,0.11532342433929443,0.35065901279449463,0.21718749403953552,0.22187499701976776,0.21718749403953552,0.21718749403953552,498.95050048828125,3805,14465665,65010,15785,358.6499019733912,15,1145,0,0
2174.667000,ADAPTIVE,MIXED,run01,THERMAL_LIDAR,0.1266487091779709,0.3588603436946869,0.21666666865348816,0.21640625596046448,0.21666666865348816,0.21666666865348816,460.6359558105469,3807,14473345,65016,15789,358.8887485178328,15,1146,0,0
2175.669000,ADAPTIVE,MIXED,run01,THERMAL_LIDAR,0.11533782631158829,0.3489680290222168,0.21666666865348816,0.21822915971279144,0.21666666865348816,0.21666666865348816,501.279541015625,3809,14481025,65018,15791,359.1123273890751,15,1147,0,0
2176.667000,ADAPTIVE,MIXED,run01,THERMAL_LIDAR,0.11935340613126755,0.35146456956863403,0.2161458283662796,0.21796874701976776,0.2161458283662796,0.2161458283662796,436.5503845214844,3811,14488705,65025,15791,359.36149719541845,15,1148,0,0
2177.668000,ADAPTIVE,MIXED,run01,THERMAL_LIDAR,0.11901164054870605,0.35050761699676514,0.2161458283662796,0.21822915971279144,0.2161458283662796,0.2161458283662796,504.1792907714844,3813,14496385,65037,15793,359.58868636545265,15,1149,0,0
2178.667000,ADAPTIVE,MIXED,run01,THERMAL_LIDAR,0.12645366787910461,0.3553236722946167,0.2161458283662796,0.21718749403953552,0.2161458283662796,0.2161458283662796,497.5001220703125,3816,14507905,65047,15796,359.932486765364,15,1150,0,0
2179.668000,ADAPTIVE,MIXED,run01,THERMAL_LIDAR,0.12659043073654175,0.35600441694259644,0.21588541567325592,0.21588541567325592,0.21588541567325592,0.21588541567325592,468.1998596191406,3818,14515585,65050,15796,360.13545228558877,15,1150,0,0
2180.667000,ADAPTIVE,MIXED,run01,THERMAL_LIDAR,0.11196805536746979,0.3444449007511139,0.2161458283662796,0.21718749403953552,0.2161458283662796,0.2161458283662796,499.72918701171875,3820,14523265,65047,15796,360.30935223180705,15,1151,0,0
2181.667000,ADAPTIVE,MIXED,run01,THERMAL_LIDAR,0.11453162133693695,0.34547480940818787,0.21770833432674408,0.2174479216337204,0.21770833432674408,0.21770833432674408,474.8036193847656,3822,14530945,65140,15796,360.5243955002183,15,1152,0,0
2182.667000,ADAPTIVE,MIXED,run01,THERMAL_LIDAR,0.11600472778081894,0.34627145528793335,0.2174479216337204,0.21640625596046448,0.2174479216337204,0.2174479216337204,481.3460998535156,3825,14542465,65146,15806,360.7819706020692,15,1152,0,0
2183.670000,ADAPTIVE,MIXED,run01,THERMAL_LIDAR,0.11718010902404785,0.34584930539131165,0.21640625596046448,0.21588541567325592,0.21640625596046448,0.21640625596046448,449.6851806640625,3826,14546305,65147,15821,360.9730201143057,15,1153,0,0
2184.667000,ADAPTIVE,MIXED,run01,THERMAL_LIDAR,0.11550787836313248,0.3432374596595764,0.21692708134651184,0.21536459028720856,0.21692708134651184,0.21692708134651184,548.6876220703125,3829,14557825,65157,15821,361.19861732090754,15,1153,0,0
2185.668000,ADAPTIVE,MIXED,run01,THERMAL_LIDAR,0.11841858923435211,0.34482651948928833,0.2161458283662796,0.2174479216337204,0.2161458283662796,0.2161458283662796,468.1084899902344,3831,14565505,65164,15821,361.4592458293773,15,1154,0,0
2186.668000,ADAPTIVE,MIXED,run01,THERMAL_LIDAR,0.11763689666986465,0.3422189950942993,0.21588541567325592,0.21718749403953552,0.21588541567325592,0.21588541567325592,446.9742431640625,3834,14577025,65173,15821,361.7080582855652,15,1155,0,0
2187.668000,ADAPTIVE,MIXED,run01,THERMAL_LIDAR,0.1132243201136589,0.3376100957393646,0.21666666865348816,0.21770833432674408,0.21666666865348816,0.21666666865348816,460.0041809082031,3836,14584705,65179,15822,361.9448282026964,15,1155,0,0
2188.669000,ADAPTIVE,MIXED,run01,THERMAL_LIDAR,0.11175276339054108,0.33469873666763306,0.21380208432674408,0.21510416269302368,0.21380208432674408,0.21380208432674408,489.4421691894531,3838,14592385,65210,15822,362.20930922766667,15,1156,0,0
2189.668000,ADAPTIVE,MIXED,run01,THERMAL_LIDAR,0.1246638223528862,0.34478262066841125,0.21406249701976776,0.21588541567325592,0.21406249701976776,0.21406249701976776,508.1298522949219,3840,14600065,65211,15837,362.4668848188918,15,1157,0,0
2190.668000,ADAPTIVE,MIXED,run01,THERMAL_LIDAR,0.12341102957725525,0.3445180058479309,0.21119791269302368,0.21458333730697632,0.21119791269302368,0.21119791269302368,478.3651123046875,3843,14611585,65218,15837,362.7417907546952,15,1157,0,0
2191.667000,ADAPTIVE,MIXED,run01,THERMAL_LIDAR,0.11112432926893234,0.3354857563972473,0.2135416716337204,0.2161458283662796,0.2135416716337204,0.2135416716337204,488.2523193359375,3845,14619265,65227,15837,362.93414512714816,15,1158,0,0
2192.667000,ADAPTIVE,MIXED,run01,THERMAL_LIDAR,0.12377684563398361,0.3456009030342102,0.20677083730697632,0.21588541567325592,0.20677083730697632,0.20677083730697632,430.55999755859375,3847,14626945,65232,15837,363.0366489393148,15,1159,0,0
2193.667000,ADAPTIVE,MIXED,run01,THERMAL_LIDAR,0.11485445499420166,0.33852648735046387,0.21640625596046448,0.2200520783662796,0.21640625596046448,0.21640625596046448,517.6383666992188,3850,14638465,65254,15837,363.2879142698256,15,1160,0,0
2194.668000,ADAPTIVE,MIXED,run01,THERMAL_LIDAR,0.1128372922539711,0.32590460777282715,0.21067708730697632,0.21328124403953552,0.21067708730697632,0.21067708730697632,483.34710693359375,3852,14646145,65260,15837,363.47860738559694,15,1161,0,0
2195.668000,ADAPTIVE,MIXED,run01,THERMAL_LIDAR,0.1023009866476059,0.32751649618148804,0.21458333730697632,0.21588541567325592,0.21458333730697632,0.21458333730697632,591.494140625,3854,14653825,65264,15837,363.7111102242119,15,1162,0,0
2196.669000,ADAPTIVE,MIXED,run01,THERMAL_LIDAR,0.12636473774909973,0.34804993867874146,0.21250000596046448,0.21640625596046448,0.21250000596046448,0.21250000596046448,450.19403076171875,3857,14665345,65286,15837,363.89014739325665,15,1163,0,0
2197.667000,ADAPTIVE,MIXED,run01,THERMAL_LIDAR,0.13410502672195435,0.3515551686286926,0.2109375,0.21302083134651184,0.2109375,0.2109375,506.833740234375,3858,14669185,65292,15838,364.2295670513951,15,1163,0,0
2198.667000,ADAPTIVE,MIXED,run01,THERMAL_LIDAR,0.12735548615455627,0.348316490650177,0.21250000596046448,0.2161458283662796,0.21250000596046448,0.21250000596046448,479.9621887207031,3861,14680705,65311,15839,364.42048084512595,15,1164,0,0
2199.669000,ADAPTIVE,MIXED,run01,THERMAL_LIDAR,0.12778431177139282,0.34779098629951477,0.21276041865348816,0.21562500298023224,0.21276041865348816,0.21276041865348816,495.55560302734375,3863,14688385,65313,15840,364.6484618895291,15,1165,0,0
2200.667000,ADAPTIVE,MIXED,run01,THERMAL_LIDAR,0.1439831554889679,0.3555727005004883,0.21406249701976776,0.2161458283662796,0.21406249701976776,0.21406249701976776,435.5681457519531,3865,14696065,65315,15840,364.8695134382492,15,1166,0,0
2201.667000,ADAPTIVE,MIXED,run01,THERMAL_LIDAR,0.1411152333021164,0.3544096350669861,0.22083333134651184,0.21901041269302368,0.22083333134651184,0.22083333134651184,511.7587585449219,3867,14703745,65323,15840,365.1320833325374,15,1167,0,0
2202.667000,ADAPTIVE,MIXED,run01,THERMAL_LIDAR,0.13479922711849213,0.3512124717235565,0.22213540971279144,0.22187499701976776,0.22213540971279144,0.22213540971279144,487.0400085449219,3870,14715265,65334,15840,365.39421679201905,15,1168,0,0
2203.667000,ADAPTIVE,MIXED,run01,THERMAL_LIDAR,0.1351303905248642,0.35179999470710754,0.21848958730697632,0.21692708134651184,0.21848958730697632,0.21848958730697632,522.257568359375,3871,14719105,65352,15843,365.5702718566789,15,1168,0,0
2204.668000,ADAPTIVE,MIXED,run01,THERMAL_LIDAR,0.13554838299751282,0.3516230583190918,0.21796874701976776,0.21718749403953552,0.21796874701976776,0.21796874701976776,483.9810485839844,3873,14726785,65370,15850,365.83058477092,15,1169,0,0
2205.667000,ADAPTIVE,MIXED,run01,THERMAL_LIDAR,0.14120268821716309,0.354776531457901,0.2200520783662796,0.21848958730697632,0.2200520783662796,0.2200520783662796,504.5599365234375,3875,14734465,65377,15850,366.0705569678307,15,1170,0,0
2206.667000,ADAPTIVE,MIXED,run01,THERMAL_LIDAR,0.13311180472373962,0.35137224197387695,0.21901041269302368,0.21796874701976776,0.21901041269302368,0.21901041269302368,468.7635498046875,3878,14745985,65395,15851,366.32292139424595,15,1171,0,0
2207.670000,ADAPTIVE,MIXED,run01,THERMAL_LIDAR,0.12538595497608185,0.3470779061317444,0.21875,0.21770833432674408,0.21875,0.21875,507.3518371582031,3880,14753665,65411,15852,366.53508344235775,15,1172,0,0
2208.668000,ADAPTIVE,MIXED,run01,THERMAL_LIDAR,0.12415207922458649,0.34510743618011475,0.21848958730697632,0.21822915971279144,0.21848958730697632,0.21848958730697632,465.54803466796875,3881,14757505,65425,15857,366.77951180327807,15,1173,0,0
2209.667000,ADAPTIVE,MIXED,run01,THERMAL_LIDAR,0.12768389284610748,0.34730255603790283,0.21770833432674408,0.21718749403953552,0.21770833432674408,0.21770833432674408,465.8085021972656,3884,14769025,65449,15859,367.02505552059665,15,1173,0,0
2210.667000,ADAPTIVE,MIXED,run01,THERMAL_LIDAR,0.11298445612192154,0.33689653873443604,0.21484375,0.2174479216337204,0.21484375,0.21484375,518.6133422851562,3886,14776705,65456,15860,367.2287141542921,15,1174,0,0
2211.667000,ADAPTIVE,MIXED,run01,THERMAL_LIDAR,0.11106007546186447,0.3336524963378906,0.21380208432674408,0.21640625596046448,0.21380208432674408,0.21380208432674408,470.9604797363281,3888,14784385,65487,15864,367.3987184104246,15,1175,0,0
2212.667000,ADAPTIVE,MIXED,run01,THERMAL_LIDAR,0.12037026882171631,0.3402542173862457,0.21770833432674408,0.22031250596046448,0.21770833432674408,0.21770833432674408,544.2811889648438,3890,14792065,65506,15867,367.67574787722515,15,1176,0,0
2213.668000,ADAPTIVE,MIXED,run01,THERMAL_LIDAR,0.11568298190832138,0.3368090093135834,0.21484375,0.21640625596046448,0.21484375,0.21484375,467.7078552246094,3893,14803585,65523,15875,367.91603355968005,15,1177,0,0
2214.667000,ADAPTIVE,MIXED,run01,THERMAL_LIDAR,0.10586588829755783,0.32829487323760986,0.2135416716337204,0.2174479216337204,0.2135416716337204,0.2135416716337204,497.6725769042969,3895,14811265,65546,15878,368.16533022649736,15,1177,0,0
2215.667000,ADAPTIVE,MIXED,run01,THERMAL_LIDAR,0.12445363402366638,0.34261202812194824,0.21380208432674408,0.2161458283662796,0.21380208432674408,0.21380208432674408,464.0676574707031,3897,14818945,65558,15880,368.3855515881687,15,1178,0,0
2216.668000,ADAPTIVE,MIXED,run01,THERMAL_LIDAR,0.12217091768980026,0.3410797417163849,0.2122395783662796,0.21484375,0.2122395783662796,0.2122395783662796,466.29095458984375,3900,14830465,65578,15884,368.6818763820161,15,1178,0,0
2217.669000,ADAPTIVE,MIXED,run01,THERMAL_LIDAR,0.10746034234762192,0.3305947780609131,0.21197916567325592,0.2161458283662796,0.21197916567325592,0.21197916567325592,485.7513122558594,3901,14834305,65589,15888,368.8870186741281,15,1179,0,0
2218.669000,ADAPTIVE,MIXED,run01,THERMAL_LIDAR,0.09490353614091873,0.31679102778434753,0.21302083134651184,0.2161458283662796,0.21302083134651184,0.21302083134651184,515.8452758789062,3904,14845825,65603,15891,369.02740976943113,15,1180,0,0
2219.667000,ADAPTIVE,MIXED,run01,THERMAL_LIDAR,0.10015740990638733,0.3220757842063904,0.21380208432674408,0.21536459028720856,0.21380208432674408,0.21380208432674408,563.3571166992188,3906,14853505,65618,15896,369.25863564690394,15,1180,0,0
2220.668000,ADAPTIVE,MIXED,run01,THERMAL_LIDAR,0.10245838761329651,0.32426923513412476,0.21380208432674408,0.21640625596046448,0.21380208432674408,0.21380208432674408,423.36859130859375,3907,14857345,65618,15898,369.467858347912,16,1181,0,0
2221.667000,ADAPTIVE,MIXED,run01,THERMAL_LIDAR,0.08753599971532822,0.30816376209259033,0.21015624701976776,0.21406249701976776,0.21015624701976776,0.21015624701976776,467.8099060058594,3910,14868865,65650,15903,369.55033562799565,16,1181,0,0
2222.667000,ADAPTIVE,MIXED,run01,THERMAL_LIDAR,0.08116642385721207,0.29741811752319336,0.2109375,0.21536459028720856,0.2109375,0.2109375,515.5962524414062,3912,14876545,65665,15907,369.6325980257239,16,1181,0,0
2223.667000,ADAPTIVE,MIXED,run01,THERMAL_LIDAR,0.07793675363063812,0.29314038157463074,0.21171875298023224,0.21640625596046448,0.21171875298023224,0.21171875298023224,448.7045593261719,3914,14884225,65687,15910,369.85690278839184,16,1182,0,0
2224.669000,ADAPTIVE,MIXED,run01,THERMAL_LIDAR,0.08837628364562988,0.31104978919029236,0.20989583432674408,0.21458333730697632,0.20989583432674408,0.20989583432674408,415.9726867675781,3916,14891905,65668,15917,370.0538320725352,16,1183,0,0
2225.667000,ADAPTIVE,MIXED,run01,THERMAL_LIDAR,0.10168499499559402,0.33039554953575134,0.20989583432674408,0.21380208432674408,0.20989583432674408,0.20989583432674408,459.18487548828125,3918,14899585,65702,15931,370.2449060023877,16,1184,0,0
2226.670000,ADAPTIVE,MIXED,run01,THERMAL_LIDAR,0.12024296820163727,0.34717491269111633,0.21328124403953552,0.21328124403953552,0.21328124403953552,0.21328124403953552,476.0081481933594,3921,14911105,65708,15931,370.4756917842794,16,1184,0,0
2227.667000,ADAPTIVE,MIXED,run01,THERMAL_LIDAR,0.12103576958179474,0.34784936904907227,0.21484375,0.21328124403953552,0.21484375,0.21484375,456.10821533203125,3922,14914945,65717,15936,370.7059303100842,16,1184,0,0
2228.668000,ADAPTIVE,MIXED,run01,THERMAL_LIDAR,0.12225325405597687,0.34751036763191223,0.21901041269302368,0.21588541567325592,0.21901041269302368,0.21901041269302368,416.52392578125,3924,14922625,65726,15936,371.054393466712,16,1185,0,0
2229.668000,ADAPTIVE,MIXED,run01,THERMAL_LIDAR,0.13182158768177032,0.35424166917800903,0.21901041269302368,0.21510416269302368,0.21901041269302368,0.21901041269302368,430.56512451171875,3926,14930305,65727,15937,371.3529547069796,16,1185,0,0
2230.670000,ADAPTIVE,MIXED,run01,THERMAL_LIDAR,0.13378702104091644,0.35587766766548157,0.21770833432674408,0.21953125298023224,0.21770833432674408,0.21770833432674408,462.3724365234375,3928,14937985,65737,15941,371.52873049911375,16,1186,0,0
2231.667000,ADAPTIVE,MIXED,run01,THERMAL_LIDAR,0.13568958640098572,0.3564300239086151,0.21640625596046448,0.21718749403953552,0.21640625596046448,0.21640625596046448,465.05572509765625,3930,14945665,65765,15942,371.796951778342,16,1186,0,0
2232.667000,ADAPTIVE,MIXED,run01,THERMAL_LIDAR,0.1305418759584427,0.3565669059753418,0.2161458283662796,0.21718749403953552,0.2161458283662796,0.2161458283662796,431.1023254394531,3933,14957185,65774,15948,372.0320855351776,16,1186,0,0
2233.669000,ADAPTIVE,MIXED,run01,THERMAL_LIDAR,0.1253836750984192,0.3546452224254608,0.21276041865348816,0.21796874701976776,0.21276041865348816,0.21276041865348816,488.45745849609375,3934,14961025,65792,15962,372.3656874368269,16,1187,0,0
2234.667000,ADAPTIVE,MIXED,run01,THERMAL_LIDAR,0.12450183928012848,0.3538343906402588,0.2161458283662796,0.21718749403953552,0.2161458283662796,0.2161458283662796,440.1417236328125,3936,14968705,65799,15966,372.5432403654649,16,1187,0,0
2235.667000,ADAPTIVE,MIXED,run01,THERMAL_LIDAR,0.13718201220035553,0.3592185080051422,0.21588541567325592,0.21796874701976776,0.21588541567325592,0.21588541567325592,486.2319030761719,3939,14980225,65801,15967,372.7253366652451,16,1188,0,0
2236.667000,ADAPTIVE,MIXED,run01,THERMAL_LIDAR,0.13620756566524506,0.35917529463768005,0.21640625596046448,0.2174479216337204,0.21640625596046448,0.21640625596046448,532.874267578125,3941,14987905,65807,15967,372.9771506609009,16,1189,0,0
2237.668000,ADAPTIVE,MIXED,run01,THERMAL_LIDAR,0.12249206751585007,0.35186395049095154,0.21692708134651184,0.21770833432674408,0.21692708134651184,0.21692708134651184,491.9288635253906,3944,14999425,65824,15967,373.2560257935953,16,1190,0,0
2238.667000,ADAPTIVE,MIXED,run01,THERMAL_LIDAR,0.12583421170711517,0.3575422167778015,0.21588541567325592,0.21718749403953552,0.21588541567325592,0.21588541567325592,503.0790100097656,3945,15003265,65826,15968,373.39084900640677,16,1190,0,0
2239.667000,ADAPTIVE,MIXED,run01,THERMAL_LIDAR,0.11865580081939697,0.35241779685020447,0.21666666865348816,0.21692708134651184,0.21666666865348816,0.21666666865348816,518.3921508789062,3948,15014785,65828,15968,373.6122843206907,16,1191,0,0
2240.667000,ADAPTIVE,MIXED,run01,THERMAL_LIDAR,0.12863796949386597,0.36035144329071045,0.21510416269302368,0.21718749403953552,0.21510416269302368,0.21510416269302368,546.5726318359375,3950,15022465,65831,15968,373.89502349739934,16,1192,0,0
2241.667000,ADAPTIVE,MIXED,run01,THERMAL_LIDAR,0.12469818443059921,0.35864412784576416,0.2174479216337204,0.22057291865348816,0.2174479216337204,0.2174479216337204,520.1500854492188,3953,15033985,65835,15968,374.16456735452306,16,1193,0,0
2242.669000,ADAPTIVE,MIXED,run01,THERMAL_LIDAR,0.11767972260713577,0.35080283880233765,0.21901041269302368,0.2161458283662796,0.21901041269302368,0.21901041269302368,437.5605773925781,3954,15037825,65836,15969,374.43182125151463,16,1193,0,0
2243.667000,ADAPTIVE,MIXED,run01,THERMAL_LIDAR,0.12496539950370789,0.35774433612823486,0.21796874701976776,0.21718749403953552,0.21796874701976776,0.21796874701976776,499.63226318359375,3957,15049345,65837,15969,374.62632556689437,16,1194,0,0
2244.667000,ADAPTIVE,MIXED,run01,THERMAL_LIDAR,0.13409028947353363,0.36493295431137085,0.21979166567325592,0.21822915971279144,0.21979166567325592,0.21979166567325592,442.6186828613281,3960,15060865,65838,15969,374.84192461062383,16,1195,0,0
2245.668000,ADAPTIVE,MIXED,run01,THERMAL_LIDAR,0.12042524665594101,0.35560110211372375,0.21875,0.21796874701976776,0.21875,0.21875,497.15325927734375,3962,15068545,65842,15969,375.1396052655137,16,1196,0,0
2246.668000,ADAPTIVE,MIXED,run01,THERMAL_LIDAR,0.12348221987485886,0.35707801580429077,0.21875,0.21562500298023224,0.21875,0.21875,458.4383544921875,3964,15076225,65843,15969,375.36574788076285,16,1197,0,0
2247.668000,ADAPTIVE,MIXED,run01,THERMAL_LIDAR,0.12584805488586426,0.361659973859787,0.22031250596046448,0.21875,0.22031250596046448,0.22031250596046448,431.3954162597656,3966,15083905,65845,15969,375.60412430943205,16,1198,0,0
2248.672000,ADAPTIVE,MIXED,run01,THERMAL_LIDAR,0.11961822211742401,0.3535599410533905,0.21822915971279144,0.21718749403953552,0.21822915971279144,0.21822915971279144,516.8796997070312,3968,15091585,65846,15969,375.8669481774255,16,1199,0,0
2249.667000,ADAPTIVE,MIXED,run01,THERMAL_LIDAR,0.13108107447624207,0.3629838228225708,0.21901041269302368,0.21718749403953552,0.21901041269302368,0.21901041269302368,443.6752014160156,3970,15099265,65847,15969,376.0413432050116,16,1200,0,0
2250.667000,ADAPTIVE,MIXED,run01,THERMAL_LIDAR,0.13409262895584106,0.366990327835083,0.21927084028720856,0.21875,0.21927084028720856,0.21927084028720856,569.7822875976562,3972,15106945,65847,15969,376.2731131062574,16,1201,0,0
2251.667000,ADAPTIVE,MIXED,run01,THERMAL_LIDAR,0.13043199479579926,0.3628188967704773,0.21979166567325592,0.21796874701976776,0.21979166567325592,0.21979166567325592,467.9845886230469,3974,15114625,65851,15969,376.522338649053,16,1202,0,0
2252.667000,ADAPTIVE,MIXED,run01,THERMAL_LIDAR,0.1214357540011406,0.3548005521297455,0.21718749403953552,0.21588541567325592,0.21718749403953552,0.21718749403953552,569.9176635742188,3976,15122305,65849,15969,376.7986171289117,16,1203,0,0
2253.667000,ADAPTIVE,MIXED,run01,THERMAL_LIDAR,0.11609219759702682,0.35052335262298584,0.21901041269302368,0.21953125298023224,0.21901041269302368,0.21901041269302368,453.9245300292969,3978,15129985,65852,15970,377.06289007759176,16,1204,0,0
2254.670000,ADAPTIVE,MIXED,run01,THERMAL_LIDAR,0.11267969757318497,0.34606823325157166,0.21901041269302368,0.2174479216337204,0.21901041269302368,0.21901041269302368,551.7596435546875,3980,15137665,65853,15970,377.2971611296014,16,1205,0,0
2255.667000,ADAPTIVE,MIXED,run01,THERMAL_LIDAR,0.12224108725786209,0.3551522195339203,0.21822915971279144,0.21718749403953552,0.21822915971279144,0.21822915971279144,495.89215087890625,3982,15145345,65853,15970,377.5092100566108,16,1205,0,0
2256.667000,ADAPTIVE,MIXED,run01,THERMAL_LIDAR,0.1221776232123375,0.3558531701564789,0.2174479216337204,0.21588541567325592,0.2174479216337204,0.2174479216337204,543.6552734375,3985,15156865,65856,15970,377.7464284220091,16,1206,0,0
2257.668000,ADAPTIVE,MIXED,run01,THERMAL_LIDAR,0.11663449555635452,0.35203659534454346,0.21822915971279144,0.21692708134651184,0.21822915971279144,0.21822915971279144,553.1940307617188,3987,15164545,65856,15971,377.90119026398713,16,1207,0,0
2258.674000,ADAPTIVE,MIXED,run01,THERMAL_LIDAR,0.12935125827789307,0.3602941930294037,0.21979166567325592,0.2161458283662796,0.21979166567325592,0.21979166567325592,824.6583862304688,3988,15168385,65857,15971,378.16031735593305,16,1208,0,0
2259.847000,ADAPTIVE,MIXED,run01,THERMAL_LIDAR,0.12688736617565155,0.3608580529689789,0.21875,0.21458333730697632,0.21875,0.21875,746.6929931640625,3990,15176065,65857,15972,378.4116627957765,16,1209,0,0
2260.667000,ADAPTIVE,MIXED,run01,THERMAL_LIDAR,0.12683075666427612,0.3587731420993805,0.21848958730697632,0.21770833432674408,0.21848958730697632,0.21848958730697632,695.1489868164062,3992,15183745,65857,15972,378.6068784094817,16,1210,0,0
2261.668000,ADAPTIVE,MIXED,run01,THERMAL_LIDAR,0.11471237242221832,0.3470955491065979,0.21848958730697632,0.2174479216337204,0.21848958730697632,0.21848958730697632,652.697509765625,3995,15195265,65859,15972,378.9640086087869,16,1211,0,0
2262.668000,ADAPTIVE,MIXED,run01,THERMAL_LIDAR,0.12159755825996399,0.3496376574039459,0.21770833432674408,0.21796874701976776,0.21770833432674408,0.21770833432674408,538.4148559570312,3998,15206785,65861,15973,379.20068505506583,16,1212,0,0
2263.668000,ADAPTIVE,MIXED,run01,THERMAL_LIDAR,0.11957192420959473,0.3499007821083069,0.21848958730697632,0.21770833432674408,0.21848958730697632,0.21848958730697632,603.8179931640625,4000,15214465,65862,15974,379.3672232377663,16,1212,0,0
2264.667000,ADAPTIVE,MIXED,run01,THERMAL_LIDAR,0.12707658112049103,0.35837522149086,0.21822915971279144,0.21822915971279144,0.21822915971279144,0.21822915971279144,499.8690490722656,4002,15222145,65864,15974,379.64292295847184,16,1213,0,0
2265.667000,ADAPTIVE,MIXED,run01,THERMAL_LIDAR,0.12032178044319153,0.35285302996635437,0.21848958730697632,0.21640625596046448,0.21848958730697632,0.21848958730697632,544.5673217773438,4003,15225985,65866,15975,379.82043809714713,16,1214,0,0
2266.668000,ADAPTIVE,MIXED,run01,THERMAL_LIDAR,0.12364353239536285,0.35461917519569397,0.21901041269302368,0.2161458283662796,0.21901041269302368,0.21901041269302368,572.1539916992188,4006,15237505,65868,15975,380.0552152234096,16,1215,0,0
2267.667000,ADAPTIVE,MIXED,run01,THERMAL_LIDAR,0.12354031950235367,0.35538995265960693,0.21979166567325592,0.21875,0.21979166567325592,0.21979166567325592,618.100341796875,4008,15245185,65872,15975,380.27429212651896,16,1216,0,0
2268.668000,ADAPTIVE,MIXED,run01,THERMAL_LIDAR,0.11745339632034302,0.34812572598457336,0.21822915971279144,0.2174479216337204,0.21822915971279144,0.21822915971279144,518.34814453125,4011,15256705,65880,15975,380.5196257226963,16,1217,0,0
2269.670000,ADAPTIVE,MIXED,run01,THERMAL_LIDAR,0.11971598118543625,0.34857213497161865,0.21822915971279144,0.2174479216337204,0.21822915971279144,0.21822915971279144,432.9112243652344,4013,15264385,65880,15975,380.7539506366569,16,1217,0,0
2270.668000,ADAPTIVE,MIXED,run01,THERMAL_LIDAR,0.12532353401184082,0.35569921135902405,0.21848958730697632,0.21848958730697632,0.21848958730697632,0.21848958730697632,501.32122802734375,4016,15275905,65885,15976,380.977557264261,16,1218,0,0
2271.671000,ADAPTIVE,MIXED,run01,THERMAL_LIDAR,0.124367356300354,0.35753554105758667,0.2200520783662796,0.21822915971279144,0.2200520783662796,0.2200520783662796,530.1053466796875,4019,15287425,65889,15976,381.1337211123303,16,1218,0,0
2272.667000,ADAPTIVE,MIXED,run01,THERMAL_LIDAR,0.12647835910320282,0.3600494861602783,0.21822915971279144,0.21588541567325592,0.21822915971279144,0.21822915971279144,457.4275207519531,4021,15295105,65904,15978,381.33480597307334,16,1218,0,0
2273.667000,ADAPTIVE,MIXED,run01,THERMAL_LIDAR,0.12525871396064758,0.35914406180381775,0.21796874701976776,0.21901041269302368,0.21796874701976776,0.21796874701976776,468.19061279296875,4024,15306625,65911,15978,381.523155446837,16,1219,0,0
2274.667000,ADAPTIVE,MIXED,run01,THERMAL_LIDAR,0.12738026678562164,0.3591367304325104,0.21875,0.21822915971279144,0.21875,0.21875,512.9625854492188,4027,15318145,65920,15978,381.76361693269075,16,1219,0,0
2275.667000,ADAPTIVE,MIXED,run01,THERMAL_LIDAR,0.12001800537109375,0.3523799777030945,0.21875,0.21953125298023224,0.21875,0.21875,477.2361145019531,4029,15325825,65926,15981,381.96235091155853,16,1220,0,0
2276.667000,ADAPTIVE,MIXED,run01,THERMAL_LIDAR,0.11231338232755661,0.34304654598236084,0.21848958730697632,0.21822915971279144,0.21848958730697632,0.21848958730697632,523.0067749023438,4032,15337345,65930,15982,382.1829180635573,16,1221,0,0
2277.667000,ADAPTIVE,MIXED,run01,THERMAL_LIDAR,0.11560960114002228,0.34776511788368225,0.21822915971279144,0.21875,0.21822915971279144,0.21822915971279144,512.3515625,4033,15341185,65943,15982,382.4182316052395,16,1222,0,0
2278.668000,ADAPTIVE,MIXED,run01,THERMAL_LIDAR,0.12643729150295258,0.3563441336154938,0.21848958730697632,0.21875,0.21848958730697632,0.21848958730697632,451.7127380371094,4035,15348865,65947,15984,382.58022935802194,16,1222,0,0
2279.667000,ADAPTIVE,MIXED,run01,THERMAL_LIDAR,0.13198892772197723,0.362117201089859,0.21718749403953552,0.2200520783662796,0.21718749403953552,0.21718749403953552,452.62738037109375,4038,15360385,65955,15984,382.7150773991507,16,1223,0,0
2280.668000,ADAPTIVE,MIXED,run01,THERMAL_LIDAR,0.12518149614334106,0.35736581683158875,0.21848958730697632,0.21770833432674408,0.21848958730697632,0.21848958730697632,458.81695556640625,4041,15371905,65978,15984,382.93536390378006,16,1224,0,0
2281.667000,ADAPTIVE,MIXED,run01,THERMAL_LIDAR,0.12158580869436264,0.35304924845695496,0.21822915971279144,0.21901041269302368,0.21822915971279144,0.21822915971279144,467.033935546875,4043,15379585,65988,15991,383.1841483078133,16,1224,0,0
2282.668000,ADAPTIVE,MIXED,run01,THERMAL_LIDAR,0.13234297931194305,0.3613573908805847,0.21848958730697632,0.21875,0.21848958730697632,0.21848958730697632,489.74566650390625,4046,15391105,65990,15991,383.4054012774833,16,1225,0,0
2283.669000,ADAPTIVE,MIXED,run01,THERMAL_LIDAR,0.12310732156038284,0.35536497831344604,0.21979166567325592,0.21953125298023224,0.21979166567325592,0.21979166567325592,441.1948547363281,4048,15398785,65994,15991,383.62953435035814,16,1225,0,0
2284.667000,ADAPTIVE,MIXED,run01,THERMAL_LIDAR,0.13540682196617126,0.36089152097702026,0.21953125298023224,0.21953125298023224,0.21953125298023224,0.21953125298023224,515.75830078125,4050,15406465,66053,15991,383.87122462851556,16,1226,0,0
2285.669000,ADAPTIVE,MIXED,run01,THERMAL_LIDAR,0.1316731572151184,0.36188194155693054,0.21822915971279144,0.21927084028720856,0.21822915971279144,0.21822915971279144,533.1597290039062,4053,15417985,66072,16000,384.09278097628106,16,1226,0,0
2286.668000,ADAPTIVE,MIXED,run01,THERMAL_LIDAR,0.1275690793991089,0.35912999510765076,0.22057291865348816,0.22083333134651184,0.22057291865348816,0.22057291865348816,551.6121826171875,4056,15429505,66078,16001,384.22729557954443,16,1226,0,0
2287.667000,ADAPTIVE,MIXED,run01,THERMAL_LIDAR,0.12358386814594269,0.35450249910354614,0.21432290971279144,0.21875,0.21432290971279144,0.21432290971279144,595.9254760742188,4059,15441025,66082,16010,384.4688880186536,16,1227,0,0
2288.669000,ADAPTIVE,MIXED,run01,THERMAL_LIDAR,0.11389048397541046,0.3443659842014313,0.21640625596046448,0.21692708134651184,0.21640625596046448,0.21640625596046448,464.0361022949219,4061,15448705,66087,16010,384.6903188303365,16,1228,0,0
2289.667000,ADAPTIVE,MIXED,run01,THERMAL_LIDAR,0.10410967469215393,0.33086732029914856,0.21848958730697632,0.21901041269302368,0.21848958730697632,0.21848958730697632,512.3720092773438,4064,15460225,66089,16010,384.9217142668001,16,1229,0,0
2290.667000,ADAPTIVE,MIXED,run01,THERMAL_LIDAR,0.11074989289045334,0.340155690908432,0.21875,0.21848958730697632,0.21875,0.21875,489.5303955078125,4065,15464065,66091,16010,385.13544306261605,16,1230,0,0
2291.668000,ADAPTIVE,MIXED,run01,THERMAL_LIDAR,0.11592060327529907,0.3445662260055542,0.21822915971279144,0.2200520783662796,0.21822915971279144,0.21822915971279144,573.15771484375,4068,15475585,66098,16010,385.3309646502488,16,1230,0,0
2292.667000,ADAPTIVE,MIXED,run01,THERMAL_LIDAR,0.11260490119457245,0.3419075012207031,0.21848958730697632,0.21458333730697632,0.21848958730697632,0.21848958730697632,523.228271484375,4071,15487105,66114,16010,385.544989282069,16,1231,0,0
2293.667000,ADAPTIVE,MIXED,run01,THERMAL_LIDAR,0.12034869194030762,0.34932541847229004,0.21927084028720856,0.21536459028720856,0.21927084028720856,0.21927084028720856,468.44329833984375,4073,15494785,66129,16010,385.780724683119,16,1231,0,0
2294.667000,ADAPTIVE,MIXED,run01,THERMAL_LIDAR,0.11879242211580276,0.3491226136684418,0.21822915971279144,0.2174479216337204,0.21822915971279144,0.21822915971279144,524.0587158203125,4076,15506305,66138,16011,386.0169762297698,16,1231,0,0
2295.667000,ADAPTIVE,MIXED,run01,THERMAL_LIDAR,0.11891815066337585,0.34759679436683655,0.21875,0.21822915971279144,0.21875,0.21875,500.7256164550781,4077,15510145,66146,16011,386.2572916009158,16,1232,0,0
2296.669000,ADAPTIVE,MIXED,run01,THERMAL_LIDAR,0.12069952487945557,0.35059964656829834,0.21822915971279144,0.21901041269302368,0.21822915971279144,0.21822915971279144,580.147705078125,4080,15521665,66149,16011,386.4807335580174,16,1232,0,0
2297.668000,ADAPTIVE,MIXED,run01,THERMAL_LIDAR,0.11818016320466995,0.3496171832084656,0.21822915971279144,0.21901041269302368,0.21822915971279144,0.21822915971279144,517.8927001953125,4082,15529344,66150,16011,386.7259159251216,16,1233,0,0
2298.670000,ADAPTIVE,MIXED,run01,THERMAL_LIDAR,0.11063899844884872,0.33919036388397217,0.21875,0.21822915971279144,0.21875,0.21875,507.1330871582031,4084,15537024,66161,16011,386.9740619137629,16,1234,0,0
2299.667000,ADAPTIVE,MIXED,run01,THERMAL_LIDAR,0.10802626609802246,0.33623620867729187,0.21880698204040527,0.21984891593456268,0.21880698204040527,0.21880698204040527,496.633544921875,4087,15548542,66166,16011,387.25390718397637,16,1234,0,0
2300.670000,ADAPTIVE,MIXED,run01,THERMAL_LIDAR,0.11658947169780731,0.3457799553871155,0.217300683259964,0.21808233857154846,0.217300683259964,0.217300683259964,555.0244140625,4089,15556220,66171,16014,387.4477213568276,16,1235,0,0
2301.668000,ADAPTIVE,MIXED,run01,THERMAL_LIDAR,0.12543673813343048,0.3530960977077484,0.21796874701976776,0.21953125298023224,0.21796874701976776,0.21796874701976776,519.865478515625,4091,15563900,66175,16014,387.6809708902641,16,1235,0,0
2302.668000,ADAPTIVE,MIXED,run01,THERMAL_LIDAR,0.12346726655960083,0.3515121638774872,0.21822915971279144,0.21562500298023224,0.21822915971279144,0.21822915971279144,533.61767578125,4093,15571580,66181,16014,387.914485183293,16,1236,0,0
2303.667000,ADAPTIVE,MIXED,run01,THERMAL_LIDAR,0.12502551078796387,0.35108157992362976,0.21875,0.2174479216337204,0.21875,0.21875,469.7020263671875,4095,15579260,66183,16014,388.13111197448256,16,1236,0,0
2304.667000,ADAPTIVE,MIXED,run01,THERMAL_LIDAR,0.12291257083415985,0.35173818469047546,0.21822915971279144,0.21822915971279144,0.21822915971279144,0.21822915971279144,436.3107604980469,4098,15590780,66185,16014,388.35183605524657,16,1236,0,0
2305.668000,ADAPTIVE,MIXED,run01,THERMAL_LIDAR,0.119798943400383,0.3484902083873749,0.21796874701976776,0.21640625596046448,0.21796874701976776,0.21796874701976776,628.1611328125,4100,15598460,66184,16014,388.5962950857045,16,1237,0,0
2306.668000,ADAPTIVE,MIXED,run01,THERMAL_LIDAR,0.12208065390586853,0.3480950891971588,0.21932795643806458,0.21724407374858856,0.21932795643806458,0.21932795643806458,458.1145324707031,4102,15606139,66240,16014,388.8207760896707,16,1238,0,0
2307.667000,ADAPTIVE,MIXED,run01,THERMAL_LIDAR,0.12241795659065247,0.35306310653686523,0.22063037753105164,0.21958842873573303,0.22063037753105164,0.22063037753105164,517.8799438476562,4105,15617658,66247,16027,389.0090372889936,16,1239,0,0
2308.668000,ADAPTIVE,MIXED,run01,THERMAL_LIDAR,0.12875284254550934,0.357002317905426,0.21822915971279144,0.21875,0.21822915971279144,0.21822915971279144,445.451416015625,4107,15625336,66255,16028,389.25713255672224,16,1239,0,0
2309.668000,ADAPTIVE,MIXED,run01,THERMAL_LIDAR,0.12798799574375153,0.35532432794570923,0.21776504814624786,0.2138577699661255,0.21776504814624786,0.21776504814624786,503.42169189453125,4110,15636854,66257,16028,389.4981353296878,16,1240,0,0
2310.668000,ADAPTIVE,MIXED,run01,THERMAL_LIDAR,0.11955566704273224,0.35125863552093506,0.21718749403953552,0.21875,0.21718749403953552,0.21718749403953552,488.943115234375,4112,15644534,66257,16028,389.71092915100735,16,1240,0,0
2311.669000,ADAPTIVE,MIXED,run01,THERMAL_LIDAR,0.12720489501953125,0.3562914729118347,0.21724407374858856,0.21828600764274597,0.21724407374858856,0.21724407374858856,476.3283386230469,4114,15652213,66257,16028,389.88237113022825,16,1241,0,0
2312.667000,ADAPTIVE,MIXED,run01,THERMAL_LIDAR,0.12349418550729752,0.350395143032074,0.2174706608057022,0.21903520822525024,0.2174706608057022,0.2174706608057022,464.5662536621094,4117,15663718,66264,16028,390.1518174384729,16,1242,0,0
2313.667000,ADAPTIVE,MIXED,run01,THERMAL_LIDAR,0.1228417456150055,0.3489709794521332,0.21654057502746582,0.21601878106594086,0.21654057502746582,0.21654057502746582,545.3819580078125,4118,15667551,66271,16028,390.3939637010483,16,1243,0,0
2314.667000,ADAPTIVE,MIXED,run01,THERMAL_LIDAR,0.11901326477527618,0.3491353392601013,0.21807260811328888,0.2188560962677002,0.21807260811328888,0.21807260811328888,537.1221923828125,4121,15679045,66272,16029,390.59212783147353,16,1243,0,0
2315.667000,ADAPTIVE,MIXED,run01,THERMAL_LIDAR,0.12050236016511917,0.3487236499786377,0.2178114354610443,0.2196395993232727,0.2178114354610443,0.2178114354610443,504.8575439453125,4122,15682874,66273,16029,390.81130520448056,16,1244,0,0
2316.670000,ADAPTIVE,MIXED,run01,THERMAL_LIDAR,0.1232350692152977,0.3496377468109131,0.216187983751297,0.2135770171880722,0.216187983751297,0.216187983751297,408.58209228515625,4124,15690534,66273,16029,391.08888833297243,16,1245,0,0
2317.669000,ADAPTIVE,MIXED,run01,THERMAL_LIDAR,0.11608264595270157,0.34461939334869385,0.21676677465438843,0.2141551375389099,0.21676677465438843,0.21676677465438843,530.0010375976562,4126,15698190,66273,16029,391.32718167327005,16,1245,0,0
2318.668000,ADAPTIVE,MIXED,run01,THERMAL_LIDAR,0.11509910225868225,0.34611284732818604,0.21493862569332123,0.21493862569332123,0.21493862569332123,0.21493862569332123,495.77911376953125,4129,15709674,66273,16029,391.54311512155004,16,1246,0,0
2319.667000,ADAPTIVE,MIXED,run01,THERMAL_LIDAR,0.11307604610919952,0.34255093336105347,0.2158912718296051,0.213800311088562,0.2158912718296051,0.2158912718296051,481.7611389160156,4131,15717328,66274,16029,391.77641016036546,16,1247,0,0
2320.671000,ADAPTIVE,MIXED,run01,THERMAL_LIDAR,0.11449392884969711,0.345505028963089,0.21673202514648438,0.2133333384990692,0.21673202514648438,0.21673202514648438,528.004638671875,4134,15728809,66275,16029,392.0100213410138,16,1248,0,0
2321.668000,ADAPTIVE,MIXED,run01,THERMAL_LIDAR,0.1130761057138443,0.34693047404289246,0.21452835202217102,0.2158348560333252,0.21452835202217102,0.21452835202217102,473.4340515136719,4137,15740289,66276,16029,392.2161253995247,16,1249,0,0
2322.668000,ADAPTIVE,MIXED,run01,THERMAL_LIDAR,0.11447302252054214,0.348596453666687,0.21510715782642365,0.21301621198654175,0.21510715782642365,0.21510715782642365,453.5352783203125,4139,15747942,66277,16029,392.452723909536,16,1250,0,0
2323.667000,ADAPTIVE,MIXED,run01,THERMAL_LIDAR,0.12736168503761292,0.36237919330596924,0.21542483568191528,0.21307189762592316,0.21542483568191528,0.21542483568191528,407.7245178222656,4141,15755591,66277,16029,392.6828221459759,16,1251,0,0
2324.667000,ADAPTIVE,MIXED,run01,THERMAL_LIDAR,0.12420927733182907,0.35881343483924866,0.21652719378471375,0.21678870916366577,0.21652719378471375,0.21652719378471375,452.3670654296875,4144,15767066,66278,16029,392.9258721130769,16,1252,0,0
2325.670000,ADAPTIVE,MIXED,run01,THERMAL_LIDAR,0.13501882553100586,0.3702102303504944,0.21876633167266846,0.21562990546226501,0.21876633167266846,0.21876633167266846,500.4165954589844,4147,15778540,66280,16029,393.12221883949394,16,1253,0,0
2326.668000,ADAPTIVE,MIXED,run01,THERMAL_LIDAR,0.13913294672966003,0.37345096468925476,0.21469664573669434,0.21155858039855957,0.21469664573669434,0.21469664573669434,461.3807678222656,4148,15782364,66280,16030,393.34454882858165,16,1253,0,0
2327.668000,ADAPTIVE,MIXED,run01,THERMAL_LIDAR,0.14008073508739471,0.37361183762550354,0.2146035134792328,0.2140800803899765,0.2146035134792328,0.2146035134792328,446.3017578125,4150,15790009,66280,16030,393.561988386659,16,1254,0,0
2328.670000,ADAPTIVE,MIXED,run01,THERMAL_LIDAR,0.13488377630710602,0.3700059950351715,0.21606068313121796,0.2100444734096527,0.21606068313121796,0.21606068313121796,438.11248779296875,4153,15801477,66286,16030,393.7784046716494,16,1255,0,0
2329.667000,ADAPTIVE,MIXED,run01,THERMAL_LIDAR,0.13455204665660858,0.36945781111717224,0.21449123322963715,0.21475280821323395,0.21449123322963715,0.21449123322963715,463.6228332519531,4156,15812947,66293,16032,394.0023575454086,16,1256,0,0
2330.668000,ADAPTIVE,MIXED,run01,THERMAL_LIDAR,0.13209527730941772,0.36694973707199097,0.2158348560333252,0.2158348560333252,0.2158348560333252,0.2158348560333252,447.10675048828125,4159,15824424,66294,16033,394.2045229865007,16,1256,0,0
2331.667000,ADAPTIVE,MIXED,run01,THERMAL_LIDAR,0.13459482789039612,0.36126893758773804,0.21572211384773254,0.21650561690330505,0.21572211384773254,0.21572211384773254,492.3412170410156,4162,15835917,66295,16033,394.417959222652,16,1257,0,0
2332.667000,ADAPTIVE,MIXED,run01,THERMAL_LIDAR,0.13091792166233063,0.3660026788711548,0.21689260005950928,0.21767465770244598,0.21689260005950928,0.21689260005950928,482.1048889160156,4164,15843585,66297,16034,394.62913489062225,16,1258,0,0
2333.667000,ADAPTIVE,MIXED,run01,THERMAL_LIDAR,0.13276764750480652,0.36664634943008423,0.22091810405254364,0.22091810405254364,0.22091810405254364,0.22091810405254364,435.1438293457031,4167,15855084,66298,16034,394.8460242458185,16,1259,0,0
2334.667000,ADAPTIVE,MIXED,run01,THERMAL_LIDAR,0.13182559609413147,0.36575958132743835,0.2177545726299286,0.2187989503145218,0.2177545726299286,0.2177545726299286,466.5443420410156,4170,15866579,66301,16034,395.0853023336862,16,1259,0,0
2335.668000,ADAPTIVE,MIXED,run01,THERMAL_LIDAR,0.11984331905841827,0.35709190368652344,0.21749347448349,0.219321146607399,0.21749347448349,0.21749347448349,477.99664306640625,4173,15878078,66302,16034,395.2987715343361,16,1260,0,0
2336.667000,ADAPTIVE,MIXED,run01,THERMAL_LIDAR,0.1310066282749176,0.362151563167572,0.21935315430164337,0.21726655960083008,0.21935315430164337,0.21935315430164337,464.9602966308594,4175,15885746,66303,16034,395.5373382343737,16,1260,0,0
2337.667000,ADAPTIVE,MIXED,run01,THERMAL_LIDAR,0.12624363601207733,0.3581302762031555,0.21607515215873718,0.2176409214735031,0.21607515215873718,0.21607515215873718,472.10369873046875,4177,15893410,66304,16034,395.7662041531068,16,1261,0,0
2338.667000,ADAPTIVE,MIXED,run01,THERMAL_LIDAR,0.13224487006664276,0.3587673008441925,0.2172323763370514,0.2180156707763672,0.2172323763370514,0.2172323763370514,453.5648193359375,4179,15901071,66309,16034,396.00592626352403,16,1262,0,0
2339.668000,ADAPTIVE,MIXED,run01,THERMAL_LIDAR,0.12683622539043427,0.35501760244369507,0.21650561690330505,0.21728910505771637,0.21650561690330505,0.21650561690330505,454.7680969238281,4182,15912564,66310,16035,396.2728042167207,16,1263,0,0
2340.667000,ADAPTIVE,MIXED,run01,THERMAL_LIDAR,0.12921534478664398,0.36029595136642456,0.21572211384773254,0.21755027770996094,0.21572211384773254,0.21572211384773254,429.87689208984375,4184,15920225,66314,16035,396.42885900558474,16,1264,0,0
2341.669000,ADAPTIVE,MIXED,run01,THERMAL_LIDAR,0.1254199892282486,0.3545593321323395,0.21758413314819336,0.2154970020055771,0.21758413314819336,0.21758413314819336,499.1374816894531,4187,15931718,66316,16035,396.66175339657286,16,1264,0,0
2342.667000,ADAPTIVE,MIXED,run01,THERMAL_LIDAR,0.1265450268983841,0.3511865437030792,0.21728910505771637,0.21624444425106049,0.21728910505771637,0.21728910505771637,496.38287353515625,4190,15943206,66316,16035,396.90822048105036,16,1265,0,0
2343.669000,ADAPTIVE,MIXED,run01,THERMAL_LIDAR,0.12987633049488068,0.3542737662792206,0.21685804426670074,0.21607515215873718,0.21685804426670074,0.21685804426670074,507.33544921875,4193,15954696,66318,16035,397.16255162514574,16,1265,0,0
2344.668000,ADAPTIVE,MIXED,run01,THERMAL_LIDAR,0.1267590969800949,0.35242223739624023,0.21766397356987,0.2160961627960205,0.21766397356987,0.21766397356987,433.3276062011719,4195,15962356,66319,16036,397.4569685467399,16,1266,0,0
2345.667000,ADAPTIVE,MIXED,run01,THERMAL_LIDAR,0.12988875806331635,0.3600797653198242,0.2178114354610443,0.2144162952899933,0.2178114354610443,0.2178114354610443,442.1890869140625,4199,15977671,66321,16036,397.60835742026273,16,1267,0,0
2346.667000,ADAPTIVE,MIXED,run01,THERMAL_LIDAR,0.1271256059408188,0.36009564995765686,0.2188560962677002,0.21467746794223785,0.2188560962677002,0.2188560962677002,424.9671325683594,4201,15985327,66321,16036,397.8481183707565,16,1268,0,0
2347.667000,ADAPTIVE,MIXED,run01,THERMAL_LIDAR,0.12876296043395996,0.3611713647842407,0.22445780038833618,0.2213221788406372,0.22445780038833618,0.22445780038833618,464.4411315917969,4203,15992983,66321,16036,398.0924122698237,16,1268,0,0
2348.668000,ADAPTIVE,MIXED,run01,THERMAL_LIDAR,0.1259523332118988,0.3594149351119995,0.21493862569332123,0.21572211384773254,0.21493862569332123,0.21493862569332123,413.7745361328125,4206,16004467,66325,16036,398.3182906692525,16,1268,0,0
2349.667000,ADAPTIVE,MIXED,run01,THERMAL_LIDAR,0.12863977253437042,0.3593814969062805,0.21745948493480682,0.2179822325706482,0.21745948493480682,0.21745948493480682,531.0606689453125,4209,16015951,66325,16037,398.59744635722086,16,1269,0,0
2350.667000,ADAPTIVE,MIXED,run01,THERMAL_LIDAR,0.12267551571130753,0.35244277119636536,0.2178114354610443,0.21676677465438843,0.2178114354610443,0.2178114354610443,490.04248046875,4211,16023608,66326,16037,398.91139034545205,16,1269,0,0
2351.668000,ADAPTIVE,MIXED,run01,THERMAL_LIDAR,0.12856771051883698,0.3553236722946167,0.21755027770996094,0.21676677465438843,0.21755027770996094,0.21755027770996094,460.7996826171875,4214,16035091,66333,16037,399.1429012831085,16,1270,0,0
2352.669000,ADAPTIVE,MIXED,run01,THERMAL_LIDAR,0.128631591796875,0.3620973825454712,0.21812957525253296,0.21734587848186493,0.21812957525253296,0.21812957525253296,395.69891357421875,4216,16042745,66337,16037,399.3166590690193,16,1270,0,0
2353.667000,ADAPTIVE,MIXED,run01,THERMAL_LIDAR,0.13158468902111053,0.36323392391204834,0.21682339906692505,0.21603970229625702,0.21682339906692505,0.21682339906692505,461.0985412597656,4219,16054224,66338,16037,399.59517250348847,16,1270,0,0
2354.667000,ADAPTIVE,MIXED,run01,THERMAL_LIDAR,0.11980214715003967,0.3566926419734955,0.21830065548419952,0.21516339480876923,0.21830065548419952,0.21830065548419952,510.0661315917969,4221,16061873,66338,16037,399.85174735831316,16,1271,0,0
2355.667000,ADAPTIVE,MIXED,run01,THERMAL_LIDAR,0.1313433051109314,0.36544227600097656,0.2219027727842331,0.22059592604637146,0.2219027727842331,0.2219027727842331,448.21124267578125,4223,16069523,66339,16037,400.06222239454877,16,1272,0,0
2356.668000,ADAPTIVE,MIXED,run01,THERMAL_LIDAR,0.13608355820178986,0.3651472330093384,0.2172549068927765,0.21620914340019226,0.2172549068927765,0.2172549068927765,437.0556945800781,4226,16081000,66343,16037,400.3062733663361,16,1273,0,0
2357.669000,ADAPTIVE,MIXED,run01,THERMAL_LIDAR,0.12599410116672516,0.35788512229919434,0.2177208513021469,0.21641400456428528,0.2177208513021469,0.2177208513021469,393.2928466796875,4228,16088653,66346,16038,400.61419348844873,16,1274,0,0
2358.668000,ADAPTIVE,MIXED,run01,THERMAL_LIDAR,0.12792813777923584,0.3617955148220062,0.2165621668100357,0.21630093455314636,0.2165621668100357,0.2165621668100357,456.9082946777344,4231,16100131,66359,16039,400.73164075371693,16,1275,0,0
2359.668000,ADAPTIVE,MIXED,run01,THERMAL_LIDAR,0.13084864616394043,0.36563795804977417,0.2160041779279709,0.2170502096414566,0.2160041779279709,0.2160041779279709,572.2103881835938,4234,16111608,66363,16043,400.9323363728458,16,1276,0,0
2360.667000,ADAPTIVE,MIXED,run01,THERMAL_LIDAR,0.12088572233915329,0.3579283654689789,0.21719811856746674,0.21667538583278656,0.21719811856746674,0.21719811856746674,478.2384948730469,4236,16119257,66364,16043,401.2065011752835,16,1277,0,0
2361.667000,ADAPTIVE,MIXED,run01,THERMAL_LIDAR,0.12492617219686508,0.3570481538772583,0.21620914340019226,0.21568627655506134,0.21620914340019226,0.21620914340019226,424.9019775390625,4239,16130734,66366,16043,401.4827714223274,16,1278,0,0
2362.667000,ADAPTIVE,MIXED,run01,THERMAL_LIDAR,0.12068711966276169,0.35460159182548523,0.21763013303279877,0.21710698306560516,0.21763013303279877,0.21763013303279877,436.1195068359375,4242,16142210,66367,16043,401.741783072712,16,1279,0,0
2363.668000,ADAPTIVE,MIXED,run01,THERMAL_LIDAR,0.13041819632053375,0.365340918302536,0.21585556864738464,0.21611721813678741,0.21585556864738464,0.21585556864738464,417.2196960449219,4245,16153679,66368,16043,401.90528749358197,16,1280,0,0
2364.667000,ADAPTIVE,MIXED,run01,THERMAL_LIDAR,0.12867210805416107,0.36024829745292664,0.216378852725029,0.2142857164144516,0.216378852725029,0.216378852725029,414.1468811035156,4247,16161322,66371,16043,402.18399551420737,16,1281,0,0
2365.669000,ADAPTIVE,MIXED,run01,THERMAL_LIDAR,0.12153492122888565,0.3540356159210205,0.21856209635734558,0.2159477174282074,0.21856209635734558,0.21856209635734558,508.6798400878906,4250,16172793,66380,16043,402.44975237442355,16,1282,0,0
2366.667000,ADAPTIVE,MIXED,run01,THERMAL_LIDAR,0.12695664167404175,0.3627167344093323,0.21611721813678741,0.2171637862920761,0.21611721813678741,0.21611721813678741,408.3656311035156,4253,16184259,66381,16044,402.59183129492936,16,1283,0,0
2367.668000,ADAPTIVE,MIXED,run01,THERMAL_LIDAR,0.1311141401529312,0.36571037769317627,0.217482328414917,0.2164354920387268,0.217482328414917,0.217482328414917,429.8788757324219,4255,16191903,66382,16044,402.78633631908946,16,1284,0,0
2368.667000,ADAPTIVE,MIXED,run01,THERMAL_LIDAR,0.13111013174057007,0.36357977986335754,0.21806283295154572,0.21361257135868073,0.21806283295154572,0.21806283295154572,488.35931396484375,4258,16203368,66385,16044,403.05765938885594,16,1285,0,0
2369.667000,ADAPTIVE,MIXED,run01,THERMAL_LIDAR,0.12533926963806152,0.35622844099998474,0.21684540808200836,0.21763013303279877,0.21684540808200836,0.21684540808200836,478.5921325683594,4261,16214835,66385,16044,403.34756114369526,16,1286,0,0
2370.667000,ADAPTIVE,MIXED,run01,THERMAL_LIDAR,0.1327565312385559,0.3653545081615448,0.21617378294467926,0.21826747059822083,0.21617378294467926,0.21617378294467926,455.0584716796875,4264,16226298,66385,16044,403.5141711045265,16,1286,0,0
2371.667000,ADAPTIVE,MIXED,run01,THERMAL_LIDAR,0.13511121273040771,0.3688162565231323,0.21829140186309814,0.2159329205751419,0.21829140186309814,0.21829140186309814,416.01129150390625,4266,16233932,66388,16044,403.72890760359496,16,1287,0,0
2372.667000,ADAPTIVE,MIXED,run01,THERMAL_LIDAR,0.1319689303636551,0.3654308617115021,0.2179151326417923,0.2158198058605194,0.2179151326417923,0.2179151326417923,465.8642578125,4269,16245389,66388,16046,403.98431740221696,16,1288,0,0
2373.669000,ADAPTIVE,MIXED,run01,THERMAL_LIDAR,0.14126630127429962,0.36985278129577637,0.21671907603740692,0.2159329205751419,0.21671907603740692,0.21671907603740692,463.1592712402344,4272,16256846,66391,16046,404.2489289265181,16,1289,0,0
2374.672000,ADAPTIVE,MIXED,run01,THERMAL_LIDAR,0.1290307343006134,0.3607340455055237,0.2161383330821991,0.2169242799282074,0.2161383330821991,0.21686747670173645,401.6802978515625,4275,16268301,66392,16048,404.51185234518465,16,1290,0,0
2375.668000,ADAPTIVE,MIXED,run01,THERMAL_LIDAR,0.13628168404102325,0.3704133927822113,0.2161383330821991,0.2161383330821991,0.2161383330821991,0.2161383330821991,341.32708740234375,4276,16272118,66394,16048,404.7705139238684,16,1291,0,0
2376.667000,ADAPTIVE,MIXED,run01,THERMAL_LIDAR,0.13697922229766846,0.37045133113861084,0.21671907603740692,0.2151467502117157,0.21671907603740692,0.21671907603740692,405.1590576171875,4279,16283572,66400,16048,405.0572705622164,16,1292,0,0
2377.667000,ADAPTIVE,MIXED,run01,THERMAL_LIDAR,0.13592995703220367,0.37001049518585205,0.21666230261325836,0.21587634086608887,0.21666230261325836,0.21666230261325836,428.1109619140625,4282,16295022,66400,16050,405.3291486653725,16,1293,0,0
2378.667000,ADAPTIVE,MIXED,run01,THERMAL_LIDAR,0.13843609392642975,0.36920949816703796,0.21896280348300934,0.21686747670173645,0.21896280348300934,0.21896280348300934,367.5120849609375,4284,16302657,66405,16050,405.5442613051797,16,1294,0,0
2379.667000,ADAPTIVE,MIXED,run01,THERMAL_LIDAR,0.13539080321788788,0.3689819276332855,0.21776729822158813,0.21671907603740692,0.21776729822158813,0.21776729822158813,340.3601379394531,4286,16310292,66405,16050,405.79276584953425,16,1295,0,0
2380.669000,ADAPTIVE,MIXED,run01,THERMAL_LIDAR,0.1276625394821167,0.36321860551834106,0.21834862232208252,0.21677587926387787,0.21834862232208252,0.21834862232208252,478.65728759765625,4289,16321738,66405,16051,406.05272476802213,16,1295,0,0
2381.667000,ADAPTIVE,MIXED,run01,THERMAL_LIDAR,0.13483312726020813,0.36581411957740784,0.21724317967891693,0.2161949723958969,0.21724317967891693,0.21724317967891693,431.4544982910156,4292,16333183,66405,16051,406.222085970113,16,1296,0,0
2382.667000,ADAPTIVE,MIXED,run01,THERMAL_LIDAR,0.13170582056045532,0.36827990412712097,0.2191673219203949,0.21576328575611115,0.2191673219203949,0.2191673219203949,431.2325134277344,4294,16340818,66405,16051,406.43073212841944,16,1296,0,0
2383.667000,ADAPTIVE,MIXED,run01,THERMAL_LIDAR,0.12959806621074677,0.36332887411117554,0.21881552040576935,0.21671907603740692,0.21881552040576935,0.21881552040576935,410.072998046875,4297,16352263,66405,16051,406.66558029553016,16,1296,0,0
2384.667000,ADAPTIVE,MIXED,run01,THERMAL_LIDAR,0.14398781955242157,0.3747308850288391,0.21744826436042786,0.21351847052574158,0.21744826436042786,0.21744826436042786,360.2084045410156,4298,16356080,66405,16051,406.82871014626795,16,1297,0,0
2385.667000,ADAPTIVE,MIXED,run01,THERMAL_LIDAR,0.13670819997787476,0.3726014792919159,0.21881552040576935,0.21671907603740692,0.21881552040576935,0.21881552040576935,393.01751708984375,4301,16367524,66407,16051,407.0399518705881,16,1298,0,0
2386.669000,ADAPTIVE,MIXED,run01,THERMAL_LIDAR,0.13479211926460266,0.3648347854614258,0.21933962404727936,0.21671907603740692,0.21933962404727936,0.21933962404727936,431.66497802734375,4303,16375153,66409,16051,407.2963196803624,16,1299,0,0
2387.669000,ADAPTIVE,MIXED,run01,THERMAL_LIDAR,0.1349252462387085,0.3685997724533081,0.21557828783988953,0.2124311625957489,0.21557828783988953,0.21557828783988953,429.1744079589844,4306,16386596,66409,16051,407.53951370411716,16,1300,0,0
2388.668000,ADAPTIVE,MIXED,run01,THERMAL_LIDAR,0.13056541979312897,0.3686394691467285,0.21829140186309814,0.21776729822158813,0.21829140186309814,0.21829140186309814,434.484130859375,4307,16390412,66409,16051,407.77641647550087,16,1301,0,0
2389.667000,ADAPTIVE,MIXED,run01,THERMAL_LIDAR,0.12692703306674957,0.36019495129585266,0.21945464611053467,0.2168327271938324,0.21945464611053467,0.21945464611053467,395.5567321777344,4309,16398041,66410,16051,408.0340999973006,16,1302,0,0
2390.670000,ADAPTIVE,MIXED,run01,THERMAL_LIDAR,0.13680188357830048,0.3682948350906372,0.21974855661392212,0.21686747670173645,0.21974855661392212,0.22041885554790497,455.95074462890625,4312,16409498,66412,16051,408.20833779966455,16,1303,0,0
2391.667000,ADAPTIVE,MIXED,run01,THERMAL_LIDAR,0.12727446854114532,0.36872756481170654,0.2191673219203949,0.21785807609558105,0.2191673219203949,0.2191673219203949,397.567626953125,4314,16417135,66415,16051,408.46025139611686,16,1304,0,0
2392.667000,ADAPTIVE,MIXED,run01,THERMAL_LIDAR,0.1263066679239273,0.35814571380615234,0.21989528834819794,0.21753926575183868,0.21989528834819794,0.21989528834819794,361.8482971191406,4317,16428592,66419,16051,408.72447256998976,16,1305,0,0
2393.667000,ADAPTIVE,MIXED,run01,THERMAL_LIDAR,0.1275949329137802,0.3591725528240204,0.22088459134101868,0.21617378294467926,0.22088459134101868,0.22088459134101868,315.1210632324219,4320,16440050,66425,16051,408.94271487812483,16,1306,0,0
2394.667000,ADAPTIVE,MIXED,run01,THERMAL_LIDAR,0.13457903265953064,0.3722650110721588,0.2191673219203949,0.21811991930007935,0.2191673219203949,0.2191673219203949,423.1077575683594,4323,16451502,66429,16051,409.1197485050658,16,1307,0,0
2395.671000,ADAPTIVE,MIXED,run01,THERMAL_LIDAR,0.1260126680135727,0.36733558773994446,0.22059208154678345,0.21797223389148712,0.22059208154678345,0.22059208154678345,471.5174560546875,4326,16462955,66431,16051,409.3331406784743,16,1307,0,0
2396.667000,ADAPTIVE,MIXED,run01,THERMAL_LIDAR,0.12186789512634277,0.35590606927871704,0.21669720113277435,0.21486522257328033,0.21669720113277435,0.21669720113277435,369.637939453125,4328,16470596,66435,16051,409.58601434775596,16,1308,0,0
2397.670000,ADAPTIVE,MIXED,run01,THERMAL_LIDAR,0.1318722665309906,0.37145665287971497,0.21899528801441193,0.21480900049209595,0.21899528801441193,0.21899528801441193,412.05438232421875,4331,16482060,66512,16052,409.76729205885795,16,1308,0,0
2398.667000,ADAPTIVE,MIXED,run01,THERMAL_LIDAR,0.1307724565267563,0.3696485459804535,0.21974855661392212,0.21974855661392212,0.21974855661392212,0.21974855661392212,408.7577209472656,4332,16485878,66512,16119,409.9143469008876,16,1309,0,0
2399.667000,ADAPTIVE,MIXED,run01,THERMAL_LIDAR,0.12233974784612656,0.36229419708251953,0.21800576150417328,0.21617378294467926,0.21800576150417328,0.21800576150417328,394.1172180175781,4335,16497340,66518,16119,410.20676155497375,16,1310,0,0
2400.670000,ADAPTIVE,MIXED,run01,THERMAL_LIDAR,0.13086554408073425,0.3640553951263428,0.21245421469211578,0.21611721813678741,0.21245421469211578,0.21245421469211578,339.86175537109375,4336,16501162,66520,16119,410.449449424563,16,1311,0,0
2401.671000,ADAPTIVE,MIXED,run01,THERMAL_LIDAR,0.1228531002998352,0.3536278009414673,0.2206806242465973,0.2193717211484909,0.2206806242465973,0.2206806242465973,410.40399169921875,4339,16512623,66522,16119,410.63708596799063,16,1312,0,0
2402.667000,ADAPTIVE,MIXED,run01,THERMAL_LIDAR,0.11072858422994614,0.34159061312675476,0.22004185616970062,0.21978022158145905,0.22004185616970062,0.22004185616970062,434.51043701171875,4341,16520265,66529,16119,410.86762165693335,16,1313,0,0
2403.669000,ADAPTIVE,MIXED,run01,THERMAL_LIDAR,0.11351694911718369,0.34393104910850525,0.2182103544473648,0.21585556864738464,0.2182103544473648,0.2182103544473648,479.6357116699219,4344,16531731,66536,16119,411.1476876636429,16,1314,0,0
2404.667000,ADAPTIVE,MIXED,run01,THERMAL_LIDAR,0.11789566278457642,0.34530702233314514,0.2171637862920761,0.2182103544473648,0.2171637862920761,0.2171637862920761,409.7952575683594,4346,16539374,66545,16119,411.3798325260756,16,1315,0,0
2405.668000,ADAPTIVE,MIXED,run01,THERMAL_LIDAR,0.11589829623699188,0.34520551562309265,0.21617378294467926,0.21591205894947052,0.21617378294467926,0.21617378294467926,384.8771667480469,4348,16547017,66546,16121,411.61824867970057,16,1316,0,0
2406.668000,ADAPTIVE,MIXED,run01,THERMAL_LIDAR,0.1265089362859726,0.35068467259407043,0.2203611582517624,0.2164354920387268,0.2203611582517624,0.2203611582517624,412.5557556152344,4350,16554658,66554,16121,411.718430184363,16,1317,0,0
2407.670000,ADAPTIVE,MIXED,run01,THERMAL_LIDAR,0.11875879019498825,0.349693238735199,0.21884816884994507,0.2193717211484909,0.21884816884994507,0.21884816884994507,541.0628662109375,4352,16562298,66556,16121,411.9294594934335,16,1317,0,0
2408.667000,ADAPTIVE,MIXED,run01,THERMAL_LIDAR,0.12851162254810333,0.3554985225200653,0.21718627214431763,0.21744826436042786,0.21718627214431763,0.21718627214431763,580.6661987304688,4354,16569933,66564,16122,412.0503472817471,16,1318,0,0
2409.667000,ADAPTIVE,MIXED,run01,THERMAL_LIDAR,0.13482911884784698,0.3608062267303467,0.21765321493148804,0.2179151326417923,0.21765321493148804,0.21765321493148804,391.715576171875,4356,16577569,66565,16122,412.2713042284415,16,1319,0,0
2410.667000,ADAPTIVE,MIXED,run01,THERMAL_LIDAR,0.13221296668052673,0.3609153926372528,0.21864362061023712,0.2194291651248932,0.21864362061023712,0.21864362061023712,467.0069580078125,4359,16589027,66567,16122,412.5448028953718,16,1320,0,0
2411.668000,ADAPTIVE,MIXED,run01,THERMAL_LIDAR,0.12520474195480347,0.3567640483379364,0.21701571345329285,0.2162303626537323,0.21701571345329285,0.21701571345329285,431.54254150390625,4362,16600483,66571,16122,412.77581459842867,16,1320,0,0
2412.667000,ADAPTIVE,MIXED,run01,THERMAL_LIDAR,0.13178272545337677,0.3591543734073639,0.21733437478542328,0.21602514386177063,0.21733437478542328,0.21733437478542328,377.61456298828125,4364,16608122,66573,16125,412.9976532854537,16,1321,0,0
2413.667000,ADAPTIVE,MIXED,run01,THERMAL_LIDAR,0.1373969316482544,0.3660038113594055,0.21765321493148804,0.2166055589914322,0.21765321493148804,0.21765321493148804,518.7472534179688,4367,16619577,66577,16125,413.26078675849095,16,1322,0,0
2414.667000,ADAPTIVE,MIXED,run01,THERMAL_LIDAR,0.13962793350219727,0.3622908890247345,0.21587634086608887,0.21640031039714813,0.21602514386177063,0.21587634086608887,416.19476318359375,4370,16631033,66581,16127,413.5326760185274,16,1323,0,0
2415.672000,ADAPTIVE,MIXED,run01,THERMAL_LIDAR,0.13223148882389069,0.36213287711143494,0.21523958444595337,0.21733437478542328,0.21523958444595337,0.21523958444595337,439.91729736328125,4372,16638671,66584,16127,413.7900275854367,16,1324,0,0
2416.668000,ADAPTIVE,MIXED,run01,THERMAL_LIDAR,0.13988402485847473,0.36592575907707214,0.2158198058605194,0.2179151326417923,0.2158198058605194,0.2158198058605194,411.19964599609375,4375,16650124,66588,16128,413.9854992011539,16,1325,0,0
2417.667000,ADAPTIVE,MIXED,run01,THERMAL_LIDAR,0.13333295285701752,0.3603209853172302,0.2159329205751419,0.2151467502117157,0.2159329205751419,0.2159329205751419,470.9473571777344,4377,16657755,66588,16129,414.2423072135072,16,1326,0,0
2418.672000,ADAPTIVE,MIXED,run01,THERMAL_LIDAR,0.1295597404241562,0.3561052680015564,0.2165488302707672,0.21550144255161285,0.2165488302707672,0.2165488302707672,453.91229248046875,4380,16669206,66593,16129,414.4688791224014,16,1327,0,0
2419.667000,ADAPTIVE,MIXED,run01,THERMAL_LIDAR,0.1195116937160492,0.3413964807987213,0.21482840180397034,0.21509037911891937,0.21482840180397034,0.21482840180397034,431.1611328125,4383,16680658,66601,16132,414.64498127602013,16,1327,0,0
2420.667000,ADAPTIVE,MIXED,run01,THERMAL_LIDAR,0.12108980864286423,0.3425719439983368,0.2161383330821991,0.21640031039714813,0.2161383330821991,0.2161383330821991,429.1148986816406,4385,16688291,66603,16134,414.90378572297095,16,1328,0,0
2421.672000,ADAPTIVE,MIXED,run01,THERMAL_LIDAR,0.12660980224609375,0.3516632318496704,0.21576328575611115,0.21576328575611115,0.21576328575611115,0.21576328575611115,357.685791015625,4387,16695925,66606,16134,415.1611808816221,16,1329,0,0
2422.670000,ADAPTIVE,MIXED,run01,THERMAL_LIDAR,0.12953193485736847,0.35589364171028137,0.21645702421665192,0.21829140186309814,0.21645702421665192,0.21645702421665192,340.2746887207031,4389,16703561,66637,16134,415.39529167622123,16,1330,0,0
2423.667000,ADAPTIVE,MIXED,run01,THERMAL_LIDAR,0.11841017752885818,0.3370884656906128,0.21162912249565125,0.2145102173089981,0.21162912249565125,0.21162912249565125,386.802978515625,4391,16711199,66646,16142,415.59986603623435,16,1331,0,0
2424.669000,ADAPTIVE,MIXED,run01,THERMAL_LIDAR,0.11989296227693558,0.3454037606716156,0.21503405272960663,0.21817705035209656,0.21503405272960663,0.21503405272960663,425.90606689453125,4394,16722654,66661,16145,415.8519185835091,16,1332,0,0
2425.670000,ADAPTIVE,MIXED,run01,THERMAL_LIDAR,0.1222960501909256,0.35616829991340637,0.21550144255161285,0.21733437478542328,0.21550144255161285,0.21550144255161285,414.2844543457031,4397,16734112,66670,16147,416.09150922115555,16,1333,0,0
2426.668000,ADAPTIVE,MIXED,run01,THERMAL_LIDAR,0.12865164875984192,0.35276180505752563,0.21073298156261444,0.21361257135868073,0.21073298156261444,0.21073298156261444,385.6972351074219,4399,16741747,66695,16149,416.29418970441026,16,1334,0,0
2427.667000,ADAPTIVE,MIXED,run01,THERMAL_LIDAR,0.12789589166641235,0.3563966751098633,0.21194656193256378,0.2161383330821991,0.21194656193256378,0.21194656193256378,389.67657470703125,4402,16753201,66714,16157,416.50278310815264,16,1334,0,0
2428.668000,ADAPTIVE,MIXED,run01,THERMAL_LIDAR,0.1258600801229477,0.35813379287719727,0.21671907603740692,0.21409852802753448,0.21671907603740692,0.21671907603740692,336.2159423828125,4404,16760833,66749,16163,416.766269764291,16,1335,0,0
2429.667000,ADAPTIVE,MIXED,run01,THERMAL_LIDAR,0.12251421809196472,0.35440921783447266,0.2118355631828308,0.21576328575611115,0.2118355631828308,0.2118355631828308,389.9907531738281,4407,16772290,66749,16175,417.0144458382015,16,1336,0,0
2430.667000,ADAPTIVE,MIXED,run01,THERMAL_LIDAR,0.1225343868136406,0.35941851139068604,0.2153523713350296,0.21875818073749542,0.2153523713350296,0.2153523713350296,415.88616943359375,4409,16779922,66749,16175,417.27177836025913,16,1337,0,0
2431.667000,ADAPTIVE,MIXED,run01,THERMAL_LIDAR,0.12105946987867355,0.35891279578208923,0.21346254646778107,0.2145102173089981,0.21346254646778107,0.21346254646778107,454.5715026855469,4412,16791376,66751,16175,417.52097958671897,16,1338,0,0
2432.669000,ADAPTIVE,MIXED,run01,THERMAL_LIDAR,0.11658047884702682,0.3558000326156616,0.2126767933368683,0.2166055589914322,0.2126767933368683,0.2126767933368683,385.8426513671875,4415,16802831,66751,16175,417.76003295004125,16,1338,0,0
2433.667000,ADAPTIVE,MIXED,run01,THERMAL_LIDAR,0.11852822452783585,0.3582328259944916,0.2137804627418518,0.2161383330821991,0.2137804627418518,0.2137804627418518,431.63909912109375,4418,16814286,66752,16175,418.00077206315655,16,1339,0,0
2434.667000,ADAPTIVE,MIXED,run01,THERMAL_LIDAR,0.1154375821352005,0.35523897409439087,0.21561436355113983,0.2161383330821991,0.21561436355113983,0.21561436355113983,373.2515869140625,4420,16821923,66752,16175,418.23649913761204,16,1339,0,0
2435.667000,ADAPTIVE,MIXED,run01,THERMAL_LIDAR,0.10873298346996307,0.34883245825767517,0.21314480900764465,0.2168106883764267,0.21314480900764465,0.21314480900764465,420.49530029296875,4423,16833378,66762,16175,418.5092654668112,16,1340,0,0
2436.667000,ADAPTIVE,MIXED,run01,THERMAL_LIDAR,0.11660441011190414,0.35584917664527893,0.21273250877857208,0.2169242799282074,0.21273250877857208,0.21273250877857208,353.36956787109375,4425,16841012,66762,16175,418.7868726956528,16,1341,0,0
2437.667000,ADAPTIVE,MIXED,run01,THERMAL_LIDAR,0.11974890530109406,0.3575458228588104,0.21811991930007935,0.21864362061023712,0.21811991930007935,0.21811991930007935,379.0805358886719,4428,16852465,66762,16175,418.9329807593427,16,1342,0,0
2438.667000,ADAPTIVE,MIXED,run01,THERMAL_LIDAR,0.1231573075056076,0.36003783345222473,0.21855345368385315,0.21881552040576935,0.21855345368385315,0.21855345368385315,424.887451171875,4431,16863914,66764,16175,419.1857633770592,16,1343,0,0
2439.667000,ADAPTIVE,MIXED,run01,THERMAL_LIDAR,0.11250731348991394,0.3505546450614929,0.21928216516971588,0.22006811201572418,0.21928216516971588,0.21928216516971588,414.059326171875,4434,16875364,66766,16175,419.3977635105325,16,1343,0,0
2440.667000,ADAPTIVE,MIXED,run01,THERMAL_LIDAR,0.11125954985618591,0.34919947385787964,0.21843896806240082,0.21948663890361786,0.21843896806240082,0.21843896806240082,373.10235595703125,4436,16883001,66768,16175,419.53574648997363,16,1344,0,0
2441.667000,ADAPTIVE,MIXED,run01,THERMAL_LIDAR,0.1115589514374733,0.35007980465888977,0.21733437478542328,0.21838177740573883,0.21733437478542328,0.21733437478542328,367.60626220703125,4439,16894457,66768,16175,419.7933154924529,16,1344,0,0
2442.670000,ADAPTIVE,MIXED,run01,THERMAL_LIDAR,0.11290933936834335,0.35032767057418823,0.21220853924751282,0.21247053146362305,0.21220853924751282,0.21220853924751282,385.4816589355469,4441,16902091,66775,16175,419.95733171798673,16,1345,0,0
2443.668000,ADAPTIVE,MIXED,run01,THERMAL_LIDAR,0.11135254055261612,0.3492330312728882,0.21739129722118378,0.21843896806240082,0.21739129722118378,0.21739129722118378,426.2108459472656,4444,16913545,66777,16175,420.1407062533506,16,1346,0,0
2444.668000,ADAPTIVE,MIXED,run01,THERMAL_LIDAR,0.11612910032272339,0.35286739468574524,0.22015707194805145,0.22015707194805145,0.22015707194805145,0.22015707194805145,443.60595703125,4446,16921184,66782,16175,420.36043542561646,16,1347,0,0
2445.667000,ADAPTIVE,MIXED,run01,THERMAL_LIDAR,0.11320673674345016,0.3490809500217438,0.2184962034225464,0.21640031039714813,0.2184962034225464,0.2184962034225464,332.5126953125,4448,16928817,66800,16175,420.56287443614104,16,1348,0,0
2446.667000,ADAPTIVE,MIXED,run01,THERMAL_LIDAR,0.12027411162853241,0.3566588759422302,0.2191673219203949,0.21864362061023712,0.2191673219203949,0.2191673219203949,391.2887878417969,4451,16940267,66804,16175,420.7638721132139,16,1348,0,0
2447.668000,ADAPTIVE,MIXED,run01,THERMAL_LIDAR,0.12807530164718628,0.36033254861831665,0.21645702421665192,0.21829140186309814,0.21645702421665192,0.21645702421665192,401.8553466796875,4453,16947900,66808,16175,420.89968792821765,16,1349,0,0
2448.667000,ADAPTIVE,MIXED,run01,THERMAL_LIDAR,0.117760069668293,0.35254037380218506,0.21744826436042786,0.21823421120643616,0.21744826436042786,0.21744826436042786,405.7053527832031,4456,16959353,66813,16175,421.14101503179876,16,1350,0,0
2449.668000,ADAPTIVE,MIXED,run01,THERMAL_LIDAR,0.12695299088954926,0.35925859212875366,0.21640031039714813,0.21902017295360565,0.21640031039714813,0.21640031039714813,354.2519226074219,4458,16966988,66815,16175,421.37883699671414,16,1351,0,0
2450.667000,ADAPTIVE,MIXED,run01,THERMAL_LIDAR,0.11920791864395142,0.3561308681964874,0.21765321493148804,0.2166055589914322,0.21765321493148804,0.21765321493148804,414.9754333496094,4461,16978444,66815,16175,421.67627833384495,16,1351,0,0
2451.667000,ADAPTIVE,MIXED,run01,THERMAL_LIDAR,0.11947662383317947,0.3512019217014313,0.21969102323055267,0.21523958444595337,0.21969102323055267,0.21969102323055267,384.6953430175781,4463,16986082,66822,16175,421.85353779581214,16,1352,0,0
2452.667000,ADAPTIVE,MIXED,run01,THERMAL_LIDAR,0.1112833246588707,0.34260550141334534,0.2153523713350296,0.21823421120643616,0.2153523713350296,0.2153523713350296,413.4141540527344,4465,16993716,66826,16175,422.0903199701931,16,1353,0,0
2453.667000,ADAPTIVE,MIXED,run01,THERMAL_LIDAR,0.12073538452386856,0.353834867477417,0.21640031039714813,0.21744826436042786,0.21640031039714813,0.21640031039714813,401.4313659667969,4468,17005171,66873,16175,422.3130454777572,16,1354,0,0
2454.667000,ADAPTIVE,MIXED,run01,THERMAL_LIDAR,0.1224898025393486,0.3540593683719635,0.21602514386177063,0.21733437478542328,0.21602514386177063,0.21602514386177063,379.64208984375,4471,17016624,66880,16176,422.51272487931425,16,1355,0,0
2455.670000,ADAPTIVE,MIXED,run01,THERMAL_LIDAR,0.12212932854890823,0.3548922538757324,0.21430443227291107,0.21666230261325836,0.21430443227291107,0.21430443227291107,406.1920471191406,4474,17028077,66880,16183,422.7474114085173,16,1355,0,0
2456.668000,ADAPTIVE,MIXED,run01,THERMAL_LIDAR,0.12785843014717102,0.3510349690914154,0.2144540399312973,0.2168106883764267,0.2144540399312973,0.2144540399312973,396.42169189453125,4477,17039531,66886,16183,422.9089673376817,16,1356,0,0
2457.667000,ADAPTIVE,MIXED,run01,THERMAL_LIDAR,0.12554103136062622,0.3442080616950989,0.22044560313224792,0.21992136538028717,0.22044560313224792,0.22044560313224792,370.69879150390625,4480,17050979,66887,16183,423.14955088201714,16,1357,0,0
2458.667000,ADAPTIVE,MIXED,run01,THERMAL_LIDAR,0.1103525385260582,0.33538979291915894,0.22117400169372559,0.21750524640083313,0.22117400169372559,0.22117400169372559,503.54510498046875,4482,17058611,66894,16183,423.4482042711292,16,1358,0,0
2459.667000,ADAPTIVE,MIXED,run01,THERMAL_LIDAR,0.12167723476886749,0.35630783438682556,0.2168327271938324,0.21473518013954163,0.2168327271938324,0.2168327271938324,402.8334655761719,4485,17070059,66894,16185,423.64806137720745,16,1359,0,0
2460.667000,ADAPTIVE,MIXED,run01,THERMAL_LIDAR,0.12196096032857895,0.35351553559303284,0.21744826436042786,0.21482840180397034,0.21744826436042786,0.21744826436042786,383.5826721191406,4488,17081510,66895,16186,423.86434205952355,16,1360,0,0
2461.667000,ADAPTIVE,MIXED,run01,THERMAL_LIDAR,0.1192575991153717,0.3521966338157654,0.22498691082000732,0.22210581600666046,0.22498691082000732,0.22498691082000732,383.3515625,4491,17092961,66922,16186,424.127626114242,16,1361,0,0
2462.668000,ADAPTIVE,MIXED,run01,THERMAL_LIDAR,0.11531355232000351,0.34877341985702515,0.21829140186309814,0.2148846983909607,0.21829140186309814,0.21829140186309814,380.2340087890625,4492,17096777,66923,16186,424.3920661138082,16,1362,0,0
2463.667000,ADAPTIVE,MIXED,run01,THERMAL_LIDAR,0.11432647705078125,0.3470612168312073,0.21357442438602448,0.21724317967891693,0.21357442438602448,0.21357442438602448,382.4557800292969,4495,17108226,66926,16189,424.64485983472395,16,1363,0,0
2464.668000,ADAPTIVE,MIXED,run01,THERMAL_LIDAR,0.11342541873455048,0.346029669046402,0.21954414248466492,0.21875818073749542,0.21954414248466492,0.21954414248466492,393.2396240234375,4497,17115860,66926,16189,424.8987842793884,16,1364,0,0
2465.669000,ADAPTIVE,MIXED,run01,THERMAL_LIDAR,0.1292451024055481,0.35665059089660645,0.22096985578536987,0.2207077294588089,0.22096985578536987,0.22096985578536987,521.8313598632812,4500,17127308,66931,16189,425.11855096474795,16,1364,0,0
2466.670000,ADAPTIVE,MIXED,run01,THERMAL_LIDAR,0.11631100624799728,0.34729254245758057,0.22085407376289368,0.22006811201572418,0.22085407376289368,0.22085407376289368,415.883544921875,4503,17138760,66943,16192,425.30598556211055,16,1364,0,0
2467.669000,ADAPTIVE,MIXED,run01,THERMAL_LIDAR,0.12382613867521286,0.3539544939994812,0.21761929988861084,0.21604613959789276,0.21761929988861084,0.21761929988861084,396.7505187988281,4506,17150211,66991,16198,425.5283640325476,16,1365,0,0
2468.670000,ADAPTIVE,MIXED,run01,THERMAL_LIDAR,0.1157584860920906,0.3437415361404419,0.21896280348300934,0.21739129722118378,0.21896280348300934,0.21896280348300934,423.0515441894531,4508,17157844,67009,16210,425.7866465500296,17,1365,0,0
2469.667000,ADAPTIVE,MIXED,run01,THERMAL_LIDAR,0.10849164426326752,0.3366265296936035,0.21881552040576935,0.21802935004234314,0.21881552040576935,0.21881552040576935,366.97833251953125,4510,17165476,67023,16213,425.9281185334727,18,1365,0,0
2470.668000,ADAPTIVE,MIXED,run01,THERMAL_LIDAR,0.10844449698925018,0.3365938663482666,0.21992136538028717,0.21992136538028717,0.21992136538028717,0.21992136538028717,465.0406494140625,4513,17176922,67031,16214,425.93654332042524,19,1365,0,0
2471.668000,ADAPTIVE,MIXED,run01,THERMAL_LIDAR,0.10848508030176163,0.33662736415863037,0.21992136538028717,0.22044560313224792,0.21992136538028717,0.21992136538028717,399.92193603515625,4516,17188363,67045,16216,425.9396601447761,20,1365,0,0
2472.667000,ADAPTIVE,MIXED,run01,THERMAL_LIDAR,0.1084863692522049,0.3366272449493408,0.2175622582435608,0.2196592390537262,0.2175622582435608,0.2175622582435608,450.43060302734375,4518,17195991,67066,16216,425.94197064593357,20,1366,0,0
2473.668000,ADAPTIVE,MIXED,run01,THERMAL_LIDAR,0.11603362113237381,0.3467276394367218,0.2175622582435608,0.2196592390537262,0.2175622582435608,0.2175622582435608,376.3692626953125,4520,17203616,67071,16222,426.00065508449103,20,1366,0,0
2474.667000,ADAPTIVE,MIXED,run01,THERMAL_LIDAR,0.12305038422346115,0.3547877371311188,0.21730013191699982,0.2196592390537262,0.21730013191699982,0.21730013191699982,383.9198913574219,4522,17211246,67074,16222,426.2016298275922,20,1367,0,0
2475.667000,ADAPTIVE,MIXED,run01,THERMAL_LIDAR,0.12575101852416992,0.3545144498348236,0.2175622582435608,0.2196592390537262,0.2175622582435608,0.2175622582435608,407.8438720703125,4523,17215061,67074,16223,426.4537412872585,20,1368,0,0
2476.667000,ADAPTIVE,MIXED,run01,THERMAL_LIDAR,0.1311781257390976,0.36034026741981506,0.21986372768878937,0.21907757222652435,0.21986372768878937,0.21986372768878937,413.92547607421875,4526,17226506,67082,16223,426.75525389615547,20,1368,0,0
2477.667000,ADAPTIVE,MIXED,run01,THERMAL_LIDAR,0.11978519707918167,0.3515833616256714,0.2184962034225464,0.2161383330821991,0.2184962034225464,0.2184962034225464,410.1191711425781,4527,17230323,67082,16224,426.99901700729725,20,1369,0,0
2478.668000,ADAPTIVE,MIXED,run01,THERMAL_LIDAR,0.12852782011032104,0.35894501209259033,0.21875818073749542,0.21744826436042786,0.21875818073749542,0.21875818073749542,423.7315673828125,4529,17237958,67104,16224,427.12974125123594,20,1370,0,0
2479.667000,ADAPTIVE,MIXED,run01,THERMAL_LIDAR,0.12674029171466827,0.3569234013557434,0.2207077294588089,0.2186107486486435,0.2207077294588089,0.2207077294588089,379.29632568359375,4532,17249412,67121,16225,427.3397517494304,20,1371,0,0
2480.667000,ADAPTIVE,MIXED,run01,THERMAL_LIDAR,0.11011900752782822,0.343164324760437,0.2212621122598648,0.2189054787158966,0.2212621122598648,0.2212621122598648,395.1776428222656,4534,17257050,67139,16226,427.58804073639453,20,1372,0,0
2481.667000,ADAPTIVE,MIXED,run01,THERMAL_LIDAR,0.1188732162117958,0.3473505973815918,0.22073841094970703,0.2194291651248932,0.22073841094970703,0.22073841094970703,432.0733947753906,4537,17268504,67159,16226,427.8105229920916,20,1372,0,0
2482.667000,ADAPTIVE,MIXED,run01,THERMAL_LIDAR,0.11787892878055573,0.34569698572158813,0.214192196726799,0.2120974063873291,0.214192196726799,0.214192196726799,377.550048828125,4540,17279958,67168,16228,427.9890492971715,20,1373,0,0
2483.667000,ADAPTIVE,MIXED,run01,THERMAL_LIDAR,0.13100142776966095,0.3597981631755829,0.21598951518535614,0.21572738885879517,0.21598951518535614,0.21598951518535614,368.35968017578125,4543,17291407,67189,16229,428.2502421559399,20,1374,0,0
2484.667000,ADAPTIVE,MIXED,run01,THERMAL_LIDAR,0.12034200131893158,0.35245659947395325,0.2147158980369568,0.21523958444595337,0.2147158980369568,0.2147158980369568,379.00958251953125,4546,17302863,67202,16233,428.45838742606134,20,1375,0,0
2485.667000,ADAPTIVE,MIXED,run01,THERMAL_LIDAR,0.11429885774850845,0.34439849853515625,0.21284404397010803,0.2144167721271515,0.21284404397010803,0.21284404397010803,389.0179748535156,4549,17314313,67223,16236,428.7572344484584,20,1376,0,0
2486.667000,ADAPTIVE,MIXED,run01,THERMAL_LIDAR,0.11780010163784027,0.35006916522979736,0.2118355631828308,0.21262110769748688,0.2118355631828308,0.2118355631828308,369.1966552734375,4551,17321947,67422,16237,428.86633599138685,20,1377,0,0
2487.667000,ADAPTIVE,MIXED,run01,THERMAL_LIDAR,0.12401508539915085,0.35584601759910583,0.225045844912529,0.21744826436042786,0.225045844912529,0.225045844912529,410.3054504394531,4553,17329579,67433,16274,429.1266906648478,20,1377,0,0
2488.668000,ADAPTIVE,MIXED,run01,THERMAL_LIDAR,0.12620307505130768,0.3564949333667755,0.22242598235607147,0.22137804329395294,0.22242598235607147,0.22242598235607147,421.6575622558594,4555,17337210,67469,16276,429.4426830958341,20,1377,0,0
2489.668000,ADAPTIVE,MIXED,run01,THERMAL_LIDAR,0.1251908242702484,0.35630813241004944,0.2203301042318344,0.21744826436042786,0.2203301042318344,0.2203301042318344,389.5662841796875,4557,17344846,67474,16279,429.63970158379914,20,1378,0,0
2490.667000,ADAPTIVE,MIXED,run01,THERMAL_LIDAR,0.11683046817779541,0.350929856300354,0.21992136538028717,0.21808649599552155,0.21992136538028717,0.21992136538028717,763.561279296875,4559,17352476,67474,16279,429.92735291691616,20,1378,0,0
2491.672000,ADAPTIVE,MIXED,run01,THERMAL_LIDAR,0.12550248205661774,0.3574052155017853,0.21503405272960663,0.22236773371696472,0.21503405272960663,0.21503405272960663,363.5107727050781,4562,17363927,67498,16279,430.0988820754134,20,1379,0,0
2492.668000,ADAPTIVE,MIXED,run01,THERMAL_LIDAR,0.12933769822120667,0.3595971465110779,0.2189054787158966,0.21733437478542328,0.2189054787158966,0.2189054787158966,420.60455322265625,4565,17375385,67504,16282,430.301866936405,20,1380,0,0
2493.667000,ADAPTIVE,MIXED,run01,THERMAL_LIDAR,0.13144533336162567,0.36180931329727173,0.21989528834819794,0.21832460165023804,0.21989528834819794,0.21989528834819794,390.32928466796875,4567,17383025,67508,16282,430.5635602257912,20,1380,0,0
2494.667000,ADAPTIVE,MIXED,run01,THERMAL_LIDAR,0.12791970372200012,0.3594827651977539,0.22038784623146057,0.21960167586803436,0.22038784623146057,0.22038784623146057,350.3364562988281,4569,17390661,67514,16282,430.8353971651998,20,1381,0,0
2495.667000,ADAPTIVE,MIXED,run01,THERMAL_LIDAR,0.13581019639968872,0.3646332621574402,0.2179151326417923,0.2171293944120407,0.2179151326417923,0.2179151326417923,421.12823486328125,4572,17402115,67515,16283,431.08735938024824,20,1382,0,0
2496.667000,ADAPTIVE,MIXED,run01,THERMAL_LIDAR,0.12449320405721664,0.3580247759819031,0.2158198058605194,0.2166055589914322,0.2158198058605194,0.2158198058605194,408.06939697265625,4574,17409753,67518,16283,431.32152563693336,20,1383,0,0
2497.669000,ADAPTIVE,MIXED,run01,THERMAL_LIDAR,0.12568756937980652,0.3575524091720581,0.21858638525009155,0.21727748215198517,0.21858638525009155,0.21858638525009155,394.99371337890625,4576,17417391,67529,16283,431.5560749588895,20,1384,0,0
2498.670000,ADAPTIVE,MIXED,run01,THERMAL_LIDAR,0.12771321833133698,0.3582994341850281,0.21832460165023804,0.21753926575183868,0.21832460165023804,0.21832460165023804,399.2398681640625,4578,17425031,67529,16285,431.7936235125161,20,1384,0,0
2499.669000,ADAPTIVE,MIXED,run01,THERMAL_LIDAR,0.1278751939535141,0.3605094850063324,0.21634364128112793,0.21843896806240082,0.21634364128112793,0.21634364128112793,444.1969299316406,4581,17436488,67531,16285,432.0228520176059,20,1385,0,0
2500.667000,ADAPTIVE,MIXED,run01,THERMAL_LIDAR,0.12904222309589386,0.3587369918823242,0.2161383330821991,0.21744826436042786,0.2161383330821991,0.2161383330821991,460.6399841308594,4584,17447943,67533,16285,432.2087453517051,20,1386,0,0
2501.672000,ADAPTIVE,MIXED,run01,THERMAL_LIDAR,0.1297258734703064,0.36010006070137024,0.21576328575611115,0.21811991930007935,0.21576328575611115,0.21576328575611115,370.8808288574219,4587,17459399,67535,16285,432.4713462587785,20,1387,0,0
2502.669000,ADAPTIVE,MIXED,run01,THERMAL_LIDAR,0.13125626742839813,0.36173614859580994,0.2162303626537323,0.2178010493516922,0.2162303626537323,0.2162303626537323,399.02239990234375,4589,17467036,67539,16285,432.72840666281246,20,1388,0,0
2503.668000,ADAPTIVE,MIXED,run01,THERMAL_LIDAR,0.13240648806095123,0.36205241084098816,0.21492145955562592,0.21858638525009155,0.21492145955562592,0.21492145955562592,366.01654052734375,4592,17478496,67542,16287,432.9918486682853,20,1388,0,0
2504.667000,ADAPTIVE,MIXED,run01,THERMAL_LIDAR,0.1371009796857834,0.36496904492378235,0.2162303626537323,0.21858638525009155,0.2162303626537323,0.2162303626537323,374.9764404296875,4593,17482316,67544,16287,433.23271085543826,20,1389,0,0
2505.669000,ADAPTIVE,MIXED,run01,THERMAL_LIDAR,0.13408105075359344,0.36188921332359314,0.21675392985343933,0.21832460165023804,0.21675392985343933,0.21675392985343933,420.44537353515625,4595,17489956,67545,16287,433.4813583199309,20,1390,0,0
2506.667000,ADAPTIVE,MIXED,run01,THERMAL_LIDAR,0.13590691983699799,0.36593320965766907,0.21602514386177063,0.21838177740573883,0.21602514386177063,0.21602514386177063,372.1111145019531,4596,17493775,67549,16287,433.7037464843442,20,1391,0,0
2507.670000,ADAPTIVE,MIXED,run01,THERMAL_LIDAR,0.1386411488056183,0.3682349622249603,0.21675392985343933,0.21806283295154572,0.21675392985343933,0.21675392985343933,387.467529296875,4599,17505234,67549,16287,433.9446636420284,20,1392,0,0
2508.667000,ADAPTIVE,MIXED,run01,THERMAL_LIDAR,0.1328412890434265,0.36156418919563293,0.21576328575611115,0.21811991930007935,0.21576328575611115,0.21576328575611115,401.6733703613281,4601,17512873,67550,16287,434.2255560074494,20,1392,0,0
2509.669000,ADAPTIVE,MIXED,run01,THERMAL_LIDAR,0.13752837479114532,0.3664321005344391,0.2169589102268219,0.21905259788036346,0.2169589102268219,0.2169589102268219,390.1485290527344,4604,17524331,67562,16287,434.4394712938146,20,1393,0,0
2510.667000,ADAPTIVE,MIXED,run01,THERMAL_LIDAR,0.13786406815052032,0.3695407509803772,0.21727748215198517,0.2193717211484909,0.21727748215198517,0.21727748215198517,392.4109191894531,4607,17535788,67563,16293,434.6794630974905,20,1394,0,0
2511.670000,ADAPTIVE,MIXED,run01,THERMAL_LIDAR,0.13780848681926727,0.3668951988220215,0.21884816884994507,0.22015707194805145,0.21884816884994507,0.21884816884994507,438.0347595214844,4610,17547246,67565,16293,434.9663680220918,20,1395,0,0
2512.669000,ADAPTIVE,MIXED,run01,THERMAL_LIDAR,0.12829992175102234,0.35594677925109863,0.2177102416753769,0.21875818073749542,0.2177102416753769,0.2177102416753769,414.7560119628906,4613,17558698,67572,16293,435.237818433862,20,1395,0,0
2513.668000,ADAPTIVE,MIXED,run01,THERMAL_LIDAR,0.13590869307518005,0.36814993619918823,0.21602514386177063,0.2189054787158966,0.21602514386177063,0.21602514386177063,384.5612487792969,4615,17566337,67573,16293,435.4532795921439,20,1396,0,0
2514.667000,ADAPTIVE,MIXED,run01,THERMAL_LIDAR,0.13167692720890045,0.3641022741794586,0.21753926575183868,0.21963350474834442,0.21753926575183868,0.21753926575183868,416.9215087890625,4617,17573976,67574,16293,435.72062610525325,20,1397,0,0
2515.668000,ADAPTIVE,MIXED,run01,THERMAL_LIDAR,0.12763310968875885,0.3594474792480469,0.2166055589914322,0.21817705035209656,0.2166055589914322,0.2166055589914322,396.42181396484375,4619,17581612,67590,16293,435.9824018297607,20,1397,0,0
2516.667000,ADAPTIVE,MIXED,run01,THERMAL_LIDAR,0.1279120147228241,0.3616359531879425,0.2193717211484909,0.22198952734470367,0.2193717211484909,0.2193717211484909,407.7330322265625,4622,17593075,67593,16293,436.2260047149126,20,1398,0,0
2517.667000,ADAPTIVE,MIXED,run01,THERMAL_LIDAR,0.12434833496809006,0.35748982429504395,0.21858638525009155,0.21989528834819794,0.21858638525009155,0.21858638525009155,413.4150390625,4624,17600711,67595,16294,436.4625029677352,20,1398,0,0
2518.667000,ADAPTIVE,MIXED,run01,THERMAL_LIDAR,0.1280006468296051,0.35880807042121887,0.21774405241012573,0.21852917969226837,0.21774405241012573,0.21774405241012573,367.8043518066406,4626,17608354,67596,16294,436.62967261740846,20,1398,0,0
2519.668000,ADAPTIVE,MIXED,run01,THERMAL_LIDAR,0.12563388049602509,0.35725024342536926,0.21693675220012665,0.21824359893798828,0.21693675220012665,0.21693675220012665,404.55908203125,4629,17619827,67597,16294,436.8804204492665,20,1399,0,0
2520.667000,ADAPTIVE,MIXED,run01,THERMAL_LIDAR,0.13112694025039673,0.3629208505153656,0.2190849632024765,0.2209150344133377,0.2190849632024765,0.2190849632024765,384.5058288574219,4631,17627478,67598,16294,437.1083855966564,20,1399,0,0
2521.667000,ADAPTIVE,MIXED,run01,THERMAL_LIDAR,0.12564285099506378,0.36310428380966187,0.215665802359581,0.2169712781906128,0.215665802359581,0.215665802359581,399.8216247558594,4634,17638961,67598,16294,437.3343643951431,20,1399,0,0
2522.667000,ADAPTIVE,MIXED,run01,THERMAL_LIDAR,0.12589730322360992,0.3562498986721039,0.215256005525589,0.2183908075094223,0.215256005525589,0.215256005525589,423.0364990234375,4636,17646619,67598,16294,437.548478880986,20,1400,0,0
2523.669000,ADAPTIVE,MIXED,run01,THERMAL_LIDAR,0.12028269469738007,0.35140612721443176,0.2165621668100357,0.21812957525253296,0.2165621668100357,0.2165621668100357,414.7272644042969,4639,17658106,67608,16294,437.7730809159657,20,1400,0,0
2524.667000,ADAPTIVE,MIXED,run01,THERMAL_LIDAR,0.1227857694029808,0.3533460199832916,0.21691463887691498,0.2182197868824005,0.21691463887691498,0.21691463887691498,367.5954895019531,4641,17665767,67609,16294,437.98398110025005,20,1401,0,0
2525.668000,ADAPTIVE,MIXED,run01,THERMAL_LIDAR,0.12770093977451324,0.3567163050174713,0.2164490818977356,0.2182767689228058,0.2164490818977356,0.2164490818977356,405.0365295410156,4643,17673426,67610,16297,438.17439663846767,20,1402,0,0
2526.668000,ADAPTIVE,MIXED,run01,THERMAL_LIDAR,0.12630446255207062,0.3538244962692261,0.21639259159564972,0.2182197868824005,0.21639259159564972,0.21639259159564972,345.0364685058594,4645,17681088,67611,16297,438.40119791525484,20,1403,0,0
2527.668000,ADAPTIVE,MIXED,run01,THERMAL_LIDAR,0.1256425678730011,0.35334622859954834,0.21581420302391052,0.21685804426670074,0.21581420302391052,0.21581420302391052,785.4729614257812,4648,17692584,67612,16297,438.61230409194246,20,1404,0,0
2528.667000,ADAPTIVE,MIXED,run01,THERMAL_LIDAR,0.11734949797391891,0.3470726013183594,0.21445342898368835,0.21732324361801147,0.21445342898368835,0.21445342898368835,1879.1654052734375,4651,17704083,67616,16297,438.83228083098805,20,1405,0,0
                                                                                                                                                                                                                                                                                                                                       