sim_time_s,configuration,condition,run_id,mode,brightness,rgb_quality,thermal_quality,rgb_valid_fraction,thermal_valid_fraction,selected_valid_fraction,selector_processing_ms,active_cloud_messages,active_points,voxel_count,visible_voxel_count,distance_m,planner_failures,plans_succeeded,goals_reached,mode_switches,elapsed_s,robot_x,robot_y,distance_to_start,mission_phase
6525.746000,LIDAR_ONLY,MIXED,run02,UNKNOWN,0.13100413978099823,0.3584173321723938,nan,nan,nan,nan,nan,0,0,0,0,0.0033526171907279005,0,0,0,0,1.162,0.00241544540040195,-0.0010804558405652642,0.0005056651654378502,EXPLORING
6526.746000,LIDAR_ONLY,MIXED,run02,LIDAR_ONLY,0.13100703060626984,0.35841888189315796,0.24427038431167603,0.243980273604393,0.24427038431167603,0.0,0.9699169993400574,2,6894,1849,0,0.00769404847224073,0,1,0,0,2.162,0.00129514851141721,-0.0013304628664627671,0.0008076487301085015,EXPLORING
6527.749000,LIDAR_ONLY,MIXED,run02,LIDAR_ONLY,0.12981881201267242,0.3583410680294037,0.24427038431167603,0.243980273604393,0.24427038431167603,0.0,1.226101040840149,6,20682,1989,698,0.0756985888947761,0,3,0,0,3.165,0.052974965423345566,-0.03537499159574509,0.06159238241662183,EXPLORING
6528.746000,LIDAR_ONLY,MIXED,run02,LIDAR_ONLY,0.12379275262355804,0.35239893198013306,0.24427038431167603,0.24427038431167603,0.24427038431167603,0.0,1.347154974937439,9,31023,2030,754,0.4938095479197574,0,5,0,0,4.162,0.291301965713501,-0.3232278823852539,0.4331707242904094,EXPLORING
6529.747000,LIDAR_ONLY,MIXED,run02,LIDAR_ONLY,0.12563492357730865,0.353290319442749,0.24183380603790283,0.24183380603790283,0.24183380603790283,0.0,3.314948081970215,12,41407,2773,774,0.8850695516614041,0,7,0,0,5.163,0.5599387884140015,-0.5515011548995972,0.7839268933072716,EXPLORING
6530.747000,LIDAR_ONLY,MIXED,run02,LIDAR_ONLY,0.12411698698997498,0.352957546710968,0.24233576655387878,0.2440875917673111,0.24233576655387878,0.0,0.8154820203781128,16,55251,4702,943,1.2342993566970262,0,9,0,0,6.163,0.6903602480888367,-0.6923362612724304,0.97571943859943,EXPLORING
6531.746000,LIDAR_ONLY,MIXED,run02,LIDAR_ONLY,0.11478762328624725,0.34385666251182556,0.247835174202919,0.24813377857208252,0.247835174202919,0.0,0.9516019821166992,19,65466,5396,1374,1.524884607107939,0,10,0,0,7.162,0.8379215002059937,-0.8955134153366089,1.2244298215658913,EXPLORING
6532.746000,LIDAR_ONLY,MIXED,run02,LIDAR_ONLY,0.1227637454867363,0.3509235680103302,0.23960739374160767,0.24191686511039734,0.23960739374160767,0.0,1.7035529613494873,22,75764,5991,1527,1.7062749462425308,0,12,0,0,8.162,0.9493599534034729,-1.0047297477722168,1.3803304865405412,EXPLORING
6533.747000,LIDAR_ONLY,MIXED,run02,LIDAR_ONLY,0.13139906525611877,0.35742446780204773,0.23235459625720978,0.23574252426624298,0.23235459625720978,0.0,0.946520984172821,26,89792,6850,1656,2.0169058413479246,0,14,0,0,9.163,1.2350596189498901,-1.0545819997787476,1.6219916431284342,EXPLORING
6534.746000,LIDAR_ONLY,MIXED,run02,LIDAR_ONLY,0.12448325008153915,0.3495403230190277,0.24108459055423737,0.24285292625427246,0.24108459055423737,0.0,0.989732027053833,28,96566,7042,1844,2.390010141974665,0,15,0,0,10.162,1.574108600616455,-1.1192772388458252,1.9293785742965461,EXPLORING
6535.746000,LIDAR_ONLY,MIXED,run02,LIDAR_ONLY,0.11614438146352768,0.3400912284851074,0.23669147491455078,0.23926731944084167,0.23669147491455078,0.0,0.7167710065841675,32,110496,7398,1883,2.860909211751645,0,17,0,0,11.162,1.9041484594345093,-1.3734915256500244,2.345725878179204,EXPLORING
6536.746000,LIDAR_ONLY,MIXED,run02,LIDAR_ONLY,0.1270119547843933,0.35138094425201416,0.2407727837562561,0.24163782596588135,0.2407727837562561,0.0,1.2304669618606567,34,117441,7507,1936,3.250130904603792,0,19,0,0,12.162,2.1756746768951416,-1.5565274953842163,2.6730371316901795,EXPLORING
6537.747000,LIDAR_ONLY,MIXED,run02,LIDAR_ONLY,0.11308684945106506,0.33840513229370117,0.23800000548362732,0.23885715007781982,0.23800000548362732,0.0,0.6540529727935791,37,127920,7626,1972,3.5826924859849534,0,20,0,0,13.163,2.481448173522949,-1.625750184059143,2.9644765582974104,EXPLORING
6538.746000,LIDAR_ONLY,MIXED,run02,LIDAR_ONLY,0.11664240807294846,0.3410443663597107,0.23502697050571442,0.23616236448287964,0.23502697050571442,0.0,0.8519330024719238,40,138330,7866,2002,4.051793040589281,0,21,0,0,14.162,2.8079686164855957,-1.8909294605255127,3.383199167025138,EXPLORING
6539.746000,LIDAR_ONLY,MIXED,run02,LIDAR_ONLY,0.11545392125844955,0.3399892747402191,0.23856858909130096,0.23629650473594666,0.23856858909130096,0.0,0.8623319864273071,43,148847,8103,2051,4.352941758973141,0,22,0,0,15.162,3.0418245792388916,-1.9880989789962769,3.6317881455854084,EXPLORING
6540.747000,LIDAR_ONLY,MIXED,run02,LIDAR_ONLY,0.11814513802528381,0.34218502044677734,0.22919584810733795,0.23115718364715576,0.22919584810733795,0.0,0.980292022228241,50,173821,8399,2116,4.732028362769628,0,23,0,0,16.163,3.315474271774292,-2.162644624710083,3.95634660335818,EXPLORING
6541.746000,LIDAR_ONLY,MIXED,run02,LIDAR_ONLY,0.11449425667524338,0.3392584025859833,0.22792494297027588,0.22930464148521423,0.22792494297027588,0.0,1.1537280082702637,53,184604,8594,2178,5.126789427398894,0,25,0,0,17.162,3.611931085586548,-2.3207054138183594,4.291102697572131,EXPLORING
6542.746000,LIDAR_ONLY,MIXED,run02,LIDAR_ONLY,0.12952065467834473,0.3517780005931854,0.2281620353460312,0.23064205050468445,0.2281620353460312,0.0,1.1390550136566162,56,195484,8757,2205,5.462993884025248,0,27,0,0,18.162,3.8692514896392822,-2.480494737625122,4.5939655560468635,EXPLORING
6543.749000,LIDAR_ONLY,MIXED,run02,LIDAR_ONLY,0.12455173581838608,0.3493357002735138,0.2271977961063385,0.22967033088207245,0.2271977961063385,0.0,1.5745099782943726,58,202699,8865,2220,5.927757642943687,0,28,0,0,19.165,4.2451395988464355,-2.4326443672180176,4.890617447444727,EXPLORING
6544.748000,LIDAR_ONLY,MIXED,run02,LIDAR_ONLY,0.11644048243761063,0.34151217341423035,0.22782368957996368,0.23002754151821136,0.22782368957996368,0.0,1.776595950126648,60,209979,8921,2231,6.3567430417789454,0,30,0,0,20.164,4.621920108795166,-2.4572696685791016,5.232396446153549,EXPLORING
6545.746000,LIDAR_ONLY,MIXED,run02,LIDAR_ONLY,0.11724217981100082,0.33898410201072693,0.22867266833782196,0.2299479842185974,0.22867266833782196,0.0,1.40305495262146,63,220901,9070,2238,6.646985356354464,0,32,0,0,21.162,4.8617353439331055,-2.5916855335235596,5.5072484564195845,EXPLORING
6546.746000,LIDAR_ONLY,MIXED,run02,LIDAR_ONLY,0.1253492832183838,0.3463454246520996,0.2297002673149109,0.2297002673149109,0.2297002673149109,0.0,1.0773710012435913,65,228209,9245,2256,7.0893221621455655,0,33,0,0,22.162,5.204494953155518,-2.7877655029296875,5.901966087433481,EXPLORING
6547.746000,LIDAR_ONLY,MIXED,run02,LIDAR_ONLY,0.11945073306560516,0.34114357829093933,0.22834645211696625,0.22861798107624054,0.22834645211696625,0.0,1.1664299964904785,68,239199,9424,2290,7.431982412806837,0,35,0,0,23.162,5.505543231964111,-2.8400659561157227,6.192778976048858,EXPLORING
6548.746000,LIDAR_ONLY,MIXED,run02,LIDAR_ONLY,0.11983409523963928,0.34028831124305725,0.22418959438800812,0.2277308702468872,0.22418959438800812,0.0,1.045451045036316,70,246531,9502,2331,7.798707357064021,0,37,0,0,24.162,5.787725925445557,-3.015929937362671,6.524241399388164,EXPLORING
6549.746000,LIDAR_ONLY,MIXED,run02,LIDAR_ONLY,0.13102096319198608,0.3451215326786041,0.22817887365818024,0.2276400923728943,0.22817887365818024,0.0,1.2666549682617188,73,257622,9711,2353,8.18587326391509,0,38,0,0,25.162,6.057621479034424,-3.2239179611206055,6.8599656672643885,EXPLORING
6550.747000,LIDAR_ONLY,MIXED,run02,LIDAR_ONLY,0.1235649362206459,0.3413645625114441,0.22671735286712646,0.22861798107624054,0.22671735286712646,0.0,0.9620630145072937,75,265011,10180,2410,8.557184486922296,0,40,0,0,26.163,6.313917636871338,-3.41923451423645,7.178167080681563,EXPLORING
6551.749000,LIDAR_ONLY,MIXED,run02,LIDAR_ONLY,0.13191884756088257,0.34454938769340515,0.22599945962429047,0.22708730399608612,0.22599945962429047,0.0,0.9957290291786194,78,276062,10298,2503,8.944260274762728,0,42,0,0,27.165,6.615306377410889,-3.5812673568725586,7.520349443693719,EXPLORING
6552.747000,LIDAR_ONLY,MIXED,run02,LIDAR_ONLY,0.12791557610034943,0.3407749533653259,0.22603294253349304,0.22630299627780914,0.22603294253349304,0.0,1.2541439533233643,80,283477,10408,2528,9.316155076490908,0,44,0,0,28.163,6.8714141845703125,-3.8116068840026855,7.855646339907835,EXPLORING
6553.746000,LIDAR_ONLY,MIXED,run02,LIDAR_ONLY,0.12511110305786133,0.3400127589702606,0.2267708033323288,0.22919471561908722,0.2267708033323288,0.0,1.0257819890975952,83,294619,10574,2559,9.622319938776368,0,46,0,0,29.162,7.099153518676758,-3.990354537963867,8.141634240601562,EXPLORING
6554.746000,LIDAR_ONLY,MIXED,run02,LIDAR_ONLY,0.11230678856372833,0.3306582272052765,0.22710129618644714,0.22683189809322357,0.22710129618644714,0.0,2.1908280849456787,85,302032,10745,2618,9.971010852283927,0,48,0,0,30.162,7.332032203674316,-4.130520820617676,8.41332526369306,EXPLORING
6555.749000,LIDAR_ONLY,MIXED,run02,LIDAR_ONLY,0.11266069859266281,0.3290761113166809,0.22504004836082458,0.22530698776245117,0.22504004836082458,0.0,1.324342966079712,87,309495,10778,2633,10.345716232933562,0,50,0,0,31.165,7.508013725280762,-4.413743019104004,8.707144249045404,EXPLORING
6556.746000,LIDAR_ONLY,MIXED,run02,LIDAR_ONLY,0.11566140502691269,0.33311083912849426,0.22610096633434296,0.22851772606372833,0.22610096633434296,0.0,1.2072590589523315,89,316946,10915,2649,10.735726051846308,0,51,0,0,32.162,7.7532782554626465,-4.600421905517578,9.013261624265075,EXPLORING
6557.746000,LIDAR_ONLY,MIXED,run02,LIDAR_ONLY,0.11241210997104645,0.3294665217399597,0.2210610955953598,0.2237406224012375,0.2210610955953598,0.0,1.12910795211792,96,343079,11336,2671,10.981249457758386,0,53,0,0,33.162,7.84366512298584,-4.574615001678467,9.078081057566564,EXPLORING
6558.746000,LIDAR_ONLY,MIXED,run02,LIDAR_ONLY,0.11051242798566818,0.3265182673931122,0.2250598520040512,0.22346368432044983,0.2250598520040512,0.0,1.835325002670288,99,354323,11551,2751,11.226889834260408,0,55,0,0,34.162,7.871777057647705,-4.748432159423828,9.190943432164191,EXPLORING
6559.746000,LIDAR_ONLY,MIXED,run02,LIDAR_ONLY,0.09747520089149475,0.3162347376346588,0.22556591033935547,0.22423435747623444,0.22556591033935547,0.0,0.8496459722518921,102,365566,12012,2799,11.675949204711486,0,57,0,0,35.162,7.874603748321533,-5.1180243492126465,9.389561457396404,EXPLORING
6560.746000,LIDAR_ONLY,MIXED,run02,LIDAR_ONLY,0.11215686798095703,0.3294256925582886,0.22035256028175354,0.22275641560554504,0.22035256028175354,0.0,1.1467230319976807,105,376814,12160,2896,12.020318875579344,0,59,0,0,36.162,8.069000244140625,-5.321694374084473,9.663766798947274,EXPLORING
6561.746000,LIDAR_ONLY,MIXED,run02,LIDAR_ONLY,0.10991159081459045,0.32735446095466614,0.21620900928974152,0.21860836446285248,0.21620900928974152,0.0,0.7586989998817444,108,388054,12213,2939,12.291509453564935,0,60,0,0,37.162,8.204581260681152,-5.4102630615234375,9.82571160668881,EXPLORING
6562.746000,LIDAR_ONLY,MIXED,run02,LIDAR_ONLY,0.10461071133613586,0.32127970457077026,0.2169284075498581,0.22038860619068146,0.2169284075498581,0.0,1.0119760036468506,110,395561,12322,2944,12.461656276104614,0,60,0,0,38.162,8.151387214660645,-5.333948135375977,9.739351381403948,EXPLORING
6563.746000,LIDAR_ONLY,MIXED,run02,LIDAR_ONLY,0.1019570380449295,0.31514644622802734,0.2240190953016281,0.22348886728286743,0.2240190953016281,0.0,7.844796180725098,113,406841,12465,2978,12.724022734535282,0,61,0,0,39.162,8.076845169067383,-5.550431251525879,9.798034509255471,EXPLORING
6564.750000,LIDAR_ONLY,MIXED,run02,LIDAR_ONLY,0.10890186578035355,0.32347407937049866,0.22363877296447754,0.22390438616275787,0.22363877296447754,0.0,1.2084800004959106,115,414364,12581,2993,13.102234455116342,0,62,0,0,40.166,8.052356719970703,-5.84596586227417,9.948573467712128,EXPLORING
6565.749000,LIDAR_ONLY,MIXED,run02,LIDAR_ONLY,0.11591950803995132,0.33028924465179443,0.2185588926076889,0.21935655176639557,0.2185588926076889,0.0,1.5287590026855469,117,421888,12611,3020,13.526353854431964,0,63,0,0,41.165,8.239947319030762,-6.157604694366455,10.284449475961942,EXPLORING
6566.746000,LIDAR_ONLY,MIXED,run02,LIDAR_ONLY,0.12196098268032074,0.33532145619392395,0.21407702565193176,0.21965470910072327,0.21407702565193176,0.0,1.7337050437927246,120,433169,12645,3028,13.816686703003048,0,64,0,0,42.162,8.448394775390625,-6.320162773132324,10.548734880685537,EXPLORING
6567.748000,LIDAR_ONLY,MIXED,run02,LIDAR_ONLY,0.10829615592956543,0.3272668123245239,0.21173672378063202,0.21860957145690918,0.21173672378063202,0.0,0.6359869837760925,122,440719,12667,3036,14.198897245616482,0,66,0,0,43.164,8.605426788330078,-6.625135898590088,10.85820556380425,EXPLORING
6568.747000,LIDAR_ONLY,MIXED,run02,LIDAR_ONLY,0.10816514492034912,0.32595208287239075,0.2194606065750122,0.21998941898345947,0.2194606065750122,0.0,1.205636978149414,125,452058,12723,3041,14.541138907841841,0,66,0,0,44.163,8.656326293945312,-6.954191207885742,11.101658542702278,EXPLORING
6569.747000,LIDAR_ONLY,MIXED,run02,LIDAR_ONLY,0.11844146996736526,0.3370502293109894,0.22345483303070068,0.22266243398189545,0.22345483303070068,0.0,1.970384955406189,128,463414,12799,3049,14.988799182201644,0,67,0,0,45.163,8.740276336669922,-7.310557842254639,11.39253271955601,EXPLORING
6570.746000,LIDAR_ONLY,MIXED,run02,LIDAR_ONLY,0.13083167374134064,0.34619590640068054,0.21586716175079346,0.21850289404392242,0.21586716175079346,0.0,1.7307759523391724,130,470996,12885,3068,15.284586988936708,0,69,0,0,46.162,8.960381507873535,-7.438934326171875,11.643805730961041,EXPLORING
6571.748000,LIDAR_ONLY,MIXED,run02,LIDAR_ONLY,0.12033696472644806,0.33886003494262695,0.20932069420814514,0.21195365488529205,0.20932069420814514,0.0,1.7361719608306885,132,478589,12954,3091,15.543429368694925,0,70,0,0,47.164,9.061670303344727,-7.639922618865967,11.850467182619468,EXPLORING
6572.751000,LIDAR_ONLY,MIXED,run02,LIDAR_ONLY,0.11551175266504288,0.3352625370025635,0.2173570990562439,0.21919244527816772,0.2173570990562439,0.0,2.1463000774383545,135,490012,13034,3109,15.990571790204038,0,72,0,0,48.167,9.073827743530273,-8.01710033416748,12.10614851728163,EXPLORING
6573.746000,LIDAR_ONLY,MIXED,run02,LIDAR_ONLY,0.11255140602588654,0.3327844738960266,0.21741411089897156,0.21767637133598328,0.21741411089897156,0.0,0.686257004737854,137,497637,13111,3121,16.435722104468997,0,74,0,0,49.162,9.11493968963623,-8.387596130371094,12.384816308547386,EXPLORING
6574.747000,LIDAR_ONLY,MIXED,run02,LIDAR_ONLY,0.10666050016880035,0.3275035619735718,0.21960784494876862,0.22274509072303772,0.21960784494876862,0.0,1.3996789455413818,141,512925,13281,3138,16.87821279815293,0,75,0,0,50.163,9.118762016296387,-8.776958465576172,12.654481846445018,EXPLORING
6575.746000,LIDAR_ONLY,MIXED,run02,LIDAR_ONLY,0.10947378724813461,0.3310859799385071,0.2140992134809494,0.2169712781906128,0.2140992134809494,0.0,3.2431108951568604,144,524408,13495,3177,17.24899408575914,0,77,0,0,51.162,9.165106773376465,-9.091144561767578,12.907224929118671,EXPLORING
6576.746000,LIDAR_ONLY,MIXED,run02,LIDAR_ONLY,0.11268895119428635,0.331833153963089,0.21469515562057495,0.217300683259964,0.21469515562057495,0.0,0.6892300248146057,147,535917,13562,3226,17.548543456836928,0,78,0,0,52.162,9.235262870788574,-9.333412170410156,13.128226534560866,EXPLORING
6577.746000,LIDAR_ONLY,MIXED,run02,LIDAR_ONLY,0.1115550622344017,0.33043763041496277,0.21250000596046448,0.21588541567325592,0.21250000596046448,0.0,1.142712950706482,149,543595,13655,3231,17.890129222569232,0,80,0,0,53.162,9.234598159790039,-9.65680980682373,13.359599144511213,EXPLORING
6578.746000,LIDAR_ONLY,MIXED,run02,LIDAR_ONLY,0.109010249376297,0.33077818155288696,0.21328124403953552,0.21640625596046448,0.21328124403953552,0.0,1.1778630018234253,152,555115,13796,3238,18.3420445318996,0,81,0,0,54.162,9.33016300201416,-10.007250785827637,13.680026990671758,EXPLORING
6579.747000,LIDAR_ONLY,MIXED,run02,LIDAR_ONLY,0.12670469284057617,0.3418869078159332,0.21432290971279144,0.22057291865348816,0.21432290971279144,0.0,0.5779190063476562,156,570475,13857,3250,18.754409313368775,0,82,0,0,55.163,9.355266571044922,-10.218151092529297,13.851977793127642,EXPLORING
6580.746000,LIDAR_ONLY,MIXED,run02,LIDAR_ONLY,0.12014435976743698,0.33632567524909973,0.21119791269302368,0.21640625596046448,0.21119791269302368,0.0,0.7692869901657104,158,578155,13948,3266,18.933583105148884,0,83,0,0,56.162,9.3661527633667,-10.280638694763184,13.905461623666485,EXPLORING
6581.746000,LIDAR_ONLY,MIXED,run02,LIDAR_ONLY,0.11874177306890488,0.3344329595565796,0.21588541567325592,0.21666666865348816,0.21588541567325592,0.0,0.9083970189094543,160,585835,14037,3296,19.28813366729767,0,84,0,0,57.162,9.40728759765625,-10.604738235473633,14.174001663733307,EXPLORING
6582.746000,LIDAR_ONLY,MIXED,run02,LIDAR_ONLY,0.11551348119974136,0.334189236164093,0.22031250596046448,0.21848958730697632,0.22031250596046448,0.0,0.8089920282363892,163,597355,14163,3311,19.740266202231687,0,85,0,0,58.162,9.437577247619629,-10.98867416381836,14.483191283970362,EXPLORING
6583.746000,LIDAR_ONLY,MIXED,run02,LIDAR_ONLY,0.12144500762224197,0.33802640438079834,0.21692708134651184,0.21953125298023224,0.21692708134651184,0.0,1.6702909469604492,164,601195,14356,3355,20.088373243265643,0,86,0,0,59.162,9.495997428894043,-11.30348014831543,14.760957335391819,EXPLORING
6584.755000,LIDAR_ONLY,MIXED,run02,LIDAR_ONLY,0.11065056920051575,0.3302273750305176,0.21588541567325592,0.21718749403953552,0.21588541567325592,0.0,0.8073539733886719,166,608875,14431,3394,20.457241692229445,0,88,0,0,60.171,9.531584739685059,-11.629493713378906,15.034585383773837,EXPLORING
6585.746000,LIDAR_ONLY,MIXED,run02,LIDAR_ONLY,0.11397814750671387,0.33252671360969543,0.21406249701976776,0.21666666865348816,0.21406249701976776,0.0,1.5448499917984009,168,616555,14470,3418,20.87124442620383,0,90,0,0,61.162,9.506012916564941,-11.999446868896484,15.306632255475991,EXPLORING
6586.746000,LIDAR_ONLY,MIXED,run02,LIDAR_ONLY,0.12212785333395004,0.33863136172294617,0.21536459028720856,0.21640625596046448,0.21536459028720856,0.0,2.1358790397644043,169,620395,14495,3438,21.21641920716218,0,92,0,0,62.162,9.577290534973145,-12.293527603149414,15.581928958531716,EXPLORING
6587.747000,LIDAR_ONLY,MIXED,run02,LIDAR_ONLY,0.10656435787677765,0.32818305492401123,0.21510416269302368,0.2161458283662796,0.21510416269302368,0.0,1.4256099462509155,172,631915,14547,3450,21.58837469936039,0,94,0,0,63.163,9.57468032836914,-12.636055946350098,15.851972256502489,EXPLORING
6588.748000,LIDAR_ONLY,MIXED,run02,LIDAR_ONLY,0.12241718173027039,0.33927714824676514,0.21250000596046448,0.21562500298023224,0.21250000596046448,0.0,1.5151139497756958,174,639595,14704,3469,21.952343908644085,0,95,0,0,64.164,9.547289848327637,-12.988826751708984,16.1183271527406,EXPLORING
6589.746000,LIDAR_ONLY,MIXED,run02,LIDAR_ONLY,0.12287528812885284,0.34024012088775635,0.21822915971279144,0.21901041269302368,0.21822915971279144,0.0,1.084921956062317,177,651115,14765,3483,22.33806587735794,0,95,0,0,65.162,9.546996116638184,-13.332381248474121,16.39625067299216,EXPLORING
6590.746000,LIDAR_ONLY,MIXED,run02,LIDAR_ONLY,0.11897730827331543,0.3385511636734009,0.21250000596046448,0.21510416269302368,0.21250000596046448,0.0,16.814132690429688,180,662635,14863,3492,22.6338278056152,0,96,0,0,66.162,9.545409202575684,-13.598127365112305,16.612132957782453,EXPLORING
6591.747000,LIDAR_ONLY,MIXED,run02,LIDAR_ONLY,0.12824316322803497,0.344286173582077,0.21562500298023224,0.2161458283662796,0.21562500298023224,0.0,1.4218480587005615,183,674155,14920,3526,23.08712827741274,0,97,0,0,67.163,9.543989181518555,-14.034000396728516,16.96994999312577,EXPLORING
6592.746000,LIDAR_ONLY,MIXED,run02,LIDAR_ONLY,0.12969139218330383,0.34536832571029663,0.21484375,0.21510416269302368,0.21484375,0.0,4.435996055603027,186,685675,14967,3537,23.419589982832694,0,99,0,0,68.162,9.57719612121582,-14.340558052062988,17.242735721222385,EXPLORING
6593.746000,LIDAR_ONLY,MIXED,run02,LIDAR_ONLY,0.1219802126288414,0.3418954610824585,0.21380208432674408,0.2161458283662796,0.21380208432674408,0.0,1.3142509460449219,189,697195,15068,3540,23.825099791209908,0,99,0,0,69.162,9.530815124511719,-14.704055786132812,17.520927167098936,EXPLORING
6594.747000,LIDAR_ONLY,MIXED,run02,LIDAR_ONLY,0.13539357483386993,0.3491973578929901,0.21666666865348816,0.21588541567325592,0.21666666865348816,0.0,0.7050989866256714,192,708715,15097,3551,24.2564103383104,0,101,0,0,70.163,9.514019012451172,-15.089837074279785,17.83693730664932,EXPLORING
6595.746000,LIDAR_ONLY,MIXED,run02,LIDAR_ONLY,0.12874867022037506,0.34447813034057617,0.2161458283662796,0.21432290971279144,0.2161458283662796,0.0,1.055830955505371,194,716395,15118,3552,24.499291661143925,0,103,0,0,71.162,9.581107139587402,-15.293071746826172,18.04471208208497,EXPLORING
6596.746000,LIDAR_ONLY,MIXED,run02,LIDAR_ONLY,0.10541515052318573,0.33341318368911743,0.21562500298023224,0.21328124403953552,0.21562500298023224,0.0,2.2174320220947266,197,727915,15216,3554,24.8101919054754,0,103,0,0,72.162,9.47403621673584,-15.538439750671387,18.197154781942434,EXPLORING
6597.746000,LIDAR_ONLY,MIXED,run02,LIDAR_ONLY,0.10539183020591736,0.3324199914932251,0.21666666865348816,0.2122395783662796,0.21666666865348816,0.0,0.9293320178985596,199,735595,15256,3567,25.089823440053756,0,104,0,0,73.162,9.296316146850586,-15.747488975524902,18.284999476743252,EXPLORING
6598.746000,LIDAR_ONLY,MIXED,run02,LIDAR_ONLY,0.10204677283763885,0.3290405571460724,0.21718749403953552,0.21510416269302368,0.21718749403953552,0.0,2.423276901245117,201,743275,15295,3571,25.490703098816855,0,105,0,0,74.162,9.124360084533691,-16.053829193115234,18.463905957185652,EXPLORING
6599.746000,LIDAR_ONLY,MIXED,run02,LIDAR_ONLY,0.10552503168582916,0.3315376341342926,0.2161458283662796,0.21458333730697632,0.2161458283662796,0.0,0.9866679906845093,204,754795,15318,3577,25.87557677135686,0,106,0,0,75.162,8.92581844329834,-16.3306827545166,18.60908851471522,EXPLORING
6600.746000,LIDAR_ONLY,MIXED,run02,LIDAR_ONLY,0.11059852689504623,0.33470383286476135,0.21276041865348816,0.21588541567325592,0.21276041865348816,0.0,0.8779659867286682,206,762475,15332,3584,26.245945082062608,0,106,0,0,76.162,8.830388069152832,-16.66647720336914,18.859579741246232,EXPLORING
6601.750000,LIDAR_ONLY,MIXED,run02,LIDAR_ONLY,0.07962575554847717,0.2987320125102997,0.21119791269302368,0.21458333730697632,0.21119791269302368,0.0,1.588107943534851,209,773995,15378,3586,26.479023552070398,0,108,0,0,77.166,8.781622886657715,-16.747989654541016,18.908956598211134,EXPLORING
6602.748000,LIDAR_ONLY,MIXED,run02,LIDAR_ONLY,0.10019170492887497,0.32566240429878235,0.20677083730697632,0.21041665971279144,0.20677083730697632,0.0,0.7366459965705872,211,781675,15433,3589,26.600589847056224,0,109,0,0,78.164,8.796034812927246,-16.722309112548828,18.892919845083664,EXPLORING
6603.746000,LIDAR_ONLY,MIXED,run02,LIDAR_ONLY,0.11399457603693008,0.33701464533805847,0.21302083134651184,0.21484375,0.21302083134651184,0.0,1.286210060119629,213,789355,15499,3595,26.880036799207613,0,111,0,0,79.162,8.794341087341309,-16.782264709472656,18.945218825471425,EXPLORING
6604.746000,LIDAR_ONLY,MIXED,run02,LIDAR_ONLY,0.1300659030675888,0.34861332178115845,0.2083333283662796,0.21328124403953552,0.2083333283662796,0.0,2.9034500122070312,215,797035,15523,3600,27.195822566270696,0,112,0,0,80.162,8.804491996765137,-17.082414627075195,19.216240027518236,EXPLORING
6605.747000,LIDAR_ONLY,MIXED,run02,LIDAR_ONLY,0.11450591683387756,0.3411356210708618,0.21197916567325592,0.21302083134651184,0.21197916567325592,0.0,0.8771600127220154,218,808555,15555,3602,27.56446859321686,0,114,0,0,81.163,8.77198314666748,-17.413339614868164,19.496347093706262,EXPLORING
6606.747000,LIDAR_ONLY,MIXED,run02,LIDAR_ONLY,0.11173123866319656,0.33877652883529663,0.21484375,0.21432290971279144,0.21484375,0.0,0.932263970375061,223,827755,15684,3609,28.05577204540403,0,116,0,0,82.163,8.609951972961426,-17.83102798461914,19.79929813505393,EXPLORING
6607.746000,LIDAR_ONLY,MIXED,run02,LIDAR_ONLY,0.11255987733602524,0.3392576575279236,0.21276041865348816,0.21484375,0.21276041865348816,0.0,1.2770169973373413,226,839275,15793,3651,28.342256032268143,0,117,0,0,83.162,8.529813766479492,-18.09868621826172,20.006383723778566,EXPLORING
6608.746000,LIDAR_ONLY,MIXED,run02,LIDAR_ONLY,0.12690480053424835,0.35032254457473755,0.21250000596046448,0.21458333730697632,0.21250000596046448,0.0,1.0546599626541138,229,850795,15970,3709,28.760425542988926,0,119,0,0,84.162,8.405807495117188,-18.445514678955078,20.268934827837768,EXPLORING
6609.746000,LIDAR_ONLY,MIXED,run02,LIDAR_ONLY,0.11282207816839218,0.3424980044364929,0.21250000596046448,0.21484375,0.21250000596046448,0.0,1.9153310060501099,231,858475,16049,3770,29.13533897133332,0,121,0,0,85.162,8.419072151184082,-18.744646072387695,20.546947925719408,EXPLORING
6610.750000,LIDAR_ONLY,MIXED,run02,LIDAR_ONLY,0.12002408504486084,0.3453954756259918,0.21328124403953552,0.21432290971279144,0.21328124403953552,0.0,0.8609700202941895,234,869995,16401,3792,29.348323997448073,0,123,0,0,86.166,8.478116989135742,-18.745830535888672,20.57228557594723,EXPLORING
6611.746000,LIDAR_ONLY,MIXED,run02,LIDAR_ONLY,0.12014544010162354,0.3473224341869354,0.21692708134651184,0.21640625596046448,0.21692708134651184,0.0,0.8384249806404114,236,877675,16675,3892,29.639851542660267,0,124,0,0,87.162,8.592594146728516,-18.928356170654297,20.7857855390708,EXPLORING
6612.749000,LIDAR_ONLY,MIXED,run02,LIDAR_ONLY,0.12604795396327972,0.34820517897605896,0.21901041269302368,0.21901041269302368,0.21901041269302368,0.0,1.3300830125808716,238,885355,16992,3959,29.94992065830621,0,126,0,0,88.165,8.81151008605957,-19.05323028564453,20.990492130776197,EXPLORING
6613.746000,LIDAR_ONLY,MIXED,run02,LIDAR_ONLY,0.13709263503551483,0.35546261072158813,0.2200208604335785,0.21949948370456696,0.2200208604335785,0.0,6.265429973602295,241,896865,17362,4070,30.268780000306815,0,128,0,0,89.162,8.957857131958008,-19.152250289916992,21.14198705425622,EXPLORING
6614.749000,LIDAR_ONLY,MIXED,run02,LIDAR_ONLY,0.13607656955718994,0.3540920913219452,0.21314896643161774,0.21419253945350647,0.21314896643161774,0.0,1.7162350416183472,242,900698,17483,4165,30.606155850077666,0,130,0,0,90.165,9.181303977966309,-19.372711181640625,21.436621593458117,EXPLORING
6615.748000,LIDAR_ONLY,MIXED,run02,LIDAR_ONLY,0.13716234266757965,0.35808005928993225,0.21299920976161957,0.2124771624803543,0.21299920976161957,0.0,1.1221120357513428,245,912190,17751,4198,31.006066495346506,0,131,0,0,91.164,9.499905586242676,-19.5302734375,21.71655429656034,EXPLORING
6616.746000,LIDAR_ONLY,MIXED,run02,LIDAR_ONLY,0.13473723828792572,0.35678914189338684,0.21688006818294525,0.21740266680717468,0.21688006818294525,0.0,2.1778810024261475,247,919846,17948,4251,31.380034845753805,0,133,0,0,92.162,9.840059280395508,-19.628013610839844,21.954797378918016,EXPLORING
6617.750000,LIDAR_ONLY,MIXED,run02,LIDAR_ONLY,0.14497612416744232,0.36187273263931274,0.21327757835388184,0.21562990546226501,0.21327757835388184,0.0,1.7322189807891846,249,927497,18143,4296,31.801324231554407,0,133,0,0,93.166,10.166197776794434,-19.77872657775879,22.236805242797885,EXPLORING
6618.752000,LIDAR_ONLY,MIXED,run02,LIDAR_ONLY,0.13205364346504211,0.35522937774658203,0.21475280821323395,0.2215537577867508,0.21475280821323395,0.0,8.449922561645508,251,935147,18306,4324,32.32568811139558,0,135,0,0,94.168,10.308857917785645,-19.79514503479004,22.316936098728817,EXPLORING
6619.748000,LIDAR_ONLY,MIXED,run02,LIDAR_ONLY,0.11797420680522919,0.344583123922348,0.2083769589662552,0.2099476456642151,0.2083769589662552,0.0,1.368878960609436,253,942785,18506,4357,32.76719073982482,0,135,0,0,95.164,10.677631378173828,-19.784208297729492,22.48000453359578,EXPLORING
6620.746000,LIDAR_ONLY,MIXED,run02,LIDAR_ONLY,0.13213767111301422,0.3585043251514435,0.21226415038108826,0.21252620220184326,0.21226415038108826,0.0,4.981853008270264,255,950419,18796,4389,33.09517624088947,0,137,0,0,96.162,10.915779113769531,-19.926532745361328,22.71879521412795,EXPLORING
6621.749000,LIDAR_ONLY,MIXED,run02,LIDAR_ONLY,0.1265779286623001,0.35227522253990173,0.21262110769748688,0.22021470963954926,0.21262110769748688,0.0,6.135055065155029,257,958055,19121,4453,33.33171136325284,0,139,0,0,97.165,11.046401023864746,-19.949941635131836,22.80230931435002,EXPLORING
6622.747000,LIDAR_ONLY,MIXED,run02,LIDAR_ONLY,0.12032259255647659,0.3468826413154602,0.21252620220184326,0.21278825402259827,0.21252620220184326,0.0,1.658323049545288,262,977142,19736,4559,33.59938327843937,0,139,0,0,98.163,11.204656600952148,-19.902185440063477,22.837752550476264,EXPLORING
6623.749000,LIDAR_ONLY,MIXED,run02,LIDAR_ONLY,0.1261557787656784,0.35180598497390747,0.21110528707504272,0.21424829959869385,0.21110528707504272,0.0,0.9752629995346069,265,988599,19939,4682,33.88975620934775,0,141,0,0,99.165,11.442461967468262,-19.970247268676758,23.01437137516334,EXPLORING
6624.746000,LIDAR_ONLY,MIXED,run02,LIDAR_ONLY,0.13466446101665497,0.3548676371574402,0.21372446417808533,0.2126767933368683,0.21372446417808533,0.0,0.9377080202102661,267,996233,20252,4743,34.2346383121801,0,143,0,0,100.162,11.762927055358887,-19.948984146118164,23.15702446328541,EXPLORING
6625.746000,LIDAR_ONLY,MIXED,run02,LIDAR_ONLY,0.1228298470377922,0.3458779454231262,0.21366849541664124,0.2118355631828308,0.21366849541664124,0.0,0.672327995300293,270,1007688,20535,4789,34.62896455708824,0,144,0,0,101.162,12.060933113098145,-19.855083465576172,23.229481358617655,EXPLORING
6626.748000,LIDAR_ONLY,MIXED,run02,LIDAR_ONLY,0.1318381279706955,0.3526230454444885,0.2145102173089981,0.2139863818883896,0.2145102173089981,0.0,0.7222830057144165,273,1019140,20827,4853,34.95592266719101,0,146,0,0,102.164,12.366686820983887,-19.858793258666992,23.392814425709215,EXPLORING
6627.748000,LIDAR_ONLY,MIXED,run02,LIDAR_ONLY,0.1246202364563942,0.3479630649089813,0.21409852802753448,0.21409852802753448,0.21409852802753448,0.0,0.7380480170249939,275,1026773,21081,4916,35.369872539414615,0,147,0,0,103.164,12.708145141601562,-19.927072525024414,23.632623038350253,EXPLORING
6628.747000,LIDAR_ONLY,MIXED,run02,LIDAR_ONLY,0.11985568702220917,0.3446621596813202,0.21314480900764465,0.21026447415351868,0.21314480900764465,0.0,2.679755926132202,277,1034409,21312,4971,35.68477406216184,0,148,0,0,104.163,12.98177433013916,-19.901103973388672,23.75910515098279,EXPLORING
6629.746000,LIDAR_ONLY,MIXED,run02,LIDAR_ONLY,0.12117315828800201,0.34813040494918823,0.2145102173089981,0.2145102173089981,0.2145102173089981,0.0,2.1525800228118896,279,1042044,21558,5005,36.08633162049503,0,150,0,0,105.162,13.320582389831543,-19.868144989013672,23.918497133871483,EXPLORING
6630.746000,LIDAR_ONLY,MIXED,run02,LIDAR_ONLY,0.13463862240314484,0.35641464591026306,0.21288295090198517,0.2144540399312973,0.21288295090198517,0.0,4.263916969299316,283,1057310,22021,5054,36.53709978063174,0,151,0,0,106.162,13.527323722839355,-20.053049087524414,24.187301204295764,EXPLORING
6631.747000,LIDAR_ONLY,MIXED,run02,LIDAR_ONLY,0.127403125166893,0.3524925112724304,0.21247053146362305,0.21194656193256378,0.21247053146362305,0.0,0.7283939719200134,286,1068756,22274,5187,36.84556748197779,0,154,0,0,107.163,13.816417694091797,-20.061279296875,24.356917989613358,EXPLORING
6632.746000,LIDAR_ONLY,MIXED,run02,LIDAR_ONLY,0.12384480983018875,0.35055777430534363,0.20539690554141998,0.2080167680978775,0.20539690554141998,0.0,1.8464109897613525,289,1080205,22774,5233,37.27581393126335,0,154,0,0,108.162,14.163826942443848,-19.972715377807617,24.48332649423466,EXPLORING
6633.746000,LIDAR_ONLY,MIXED,run02,LIDAR_ONLY,0.11631526798009872,0.3460724353790283,0.21179553866386414,0.2131061553955078,0.21179553866386414,0.0,1.3311949968338013,292,1091653,23053,5403,37.716465987905046,0,157,0,0,109.162,14.549711227416992,-19.92045783996582,24.666317941126383,EXPLORING
6634.747000,LIDAR_ONLY,MIXED,run02,LIDAR_ONLY,0.126597061753273,0.34782615303993225,0.2108575850725174,0.21190664172172546,0.2108575850725174,0.0,0.9025539755821228,293,1095466,23128,5479,38.09723780750913,0,157,0,0,110.163,14.518439292907715,-20.00396156311035,24.715421069983694,EXPLORING
6635.746000,LIDAR_ONLY,MIXED,run02,LIDAR_ONLY,0.13427811861038208,0.3489733338356018,0.2105814516544342,0.21215295791625977,0.2105814516544342,0.0,3.439284086227417,296,1106918,23465,5497,38.41037718137315,0,159,0,0,111.162,14.450141906738281,-20.002079010009766,24.673842776440637,EXPLORING
6636.746000,LIDAR_ONLY,MIXED,run02,LIDAR_ONLY,0.12862004339694977,0.3549439609050751,0.21001572906970978,0.21027792990207672,0.21001572906970978,0.0,1.226457953453064,299,1118364,23865,5624,38.63032717527244,0,159,0,0,112.162,14.438615798950195,-19.952781677246094,24.627139602248793,EXPLORING
6637.747000,LIDAR_ONLY,MIXED,run02,LIDAR_ONLY,0.12390163540840149,0.3516409695148468,0.21042977273464203,0.21278825402259827,0.21042977273464203,0.0,1.2009730339050293,301,1125995,23968,5716,39.03269069723788,0,162,0,0,113.163,14.262657165527344,-20.2055721282959,24.730500737111026,EXPLORING
6638.746000,LIDAR_ONLY,MIXED,run02,LIDAR_ONLY,0.13630306720733643,0.35898557305336,0.21572738885879517,0.21887287497520447,0.21572738885879517,0.0,1.3516370058059692,305,1141260,24124,5736,39.392486671287166,0,163,0,0,114.162,14.165602684020996,-20.471935272216797,24.893241717544857,EXPLORING
6639.748000,LIDAR_ONLY,MIXED,run02,LIDAR_ONLY,0.13272462785243988,0.3573577404022217,0.21730013191699982,0.2175622582435608,0.21730013191699982,0.0,4.71156120300293,307,1148891,24250,5765,39.825895501229695,0,164,0,0,115.164,14.129958152770996,-20.87289810180664,25.20400933389813,EXPLORING
6640.749000,LIDAR_ONLY,MIXED,run02,LIDAR_ONLY,0.13263636827468872,0.3475017249584198,0.21776729822158813,0.2159329205751419,0.21776729822158813,0.0,0.7704129815101624,309,1156522,24335,5788,40.221543806275236,0,165,0,0,116.165,14.121191024780273,-21.199935913085938,25.470635633712714,EXPLORING
6641.748000,LIDAR_ONLY,MIXED,run02,LIDAR_ONLY,0.13781611621379852,0.35833796858787537,0.21954414248466492,0.2184962034225464,0.21954414248466492,0.0,1.3522729873657227,310,1160339,24393,5805,40.481068981422204,0,167,0,0,117.164,14.15563678741455,-21.409929275512695,25.66465636324956,EXPLORING
6642.746000,LIDAR_ONLY,MIXED,run02,LIDAR_ONLY,0.11849867552518845,0.3497655689716339,0.21855345368385315,0.21881552040576935,0.21855345368385315,0.0,0.8088560104370117,312,1167970,24468,5821,40.73815119880121,0,169,0,0,118.162,14.103259086608887,-21.335453033447266,25.573644030568644,EXPLORING
6643.751000,LIDAR_ONLY,MIXED,run02,LIDAR_ONLY,0.12066826224327087,0.35381031036376953,0.2192247211933136,0.21634364128112793,0.2192247211933136,0.0,1.2175569534301758,315,1179423,24581,5837,41.00064159933178,0,171,0,0,119.167,13.984553337097168,-21.499210357666016,25.64550164326214,EXPLORING
6644.746000,LIDAR_ONLY,MIXED,run02,LIDAR_ONLY,0.1290050894021988,0.35868072509765625,0.22047656774520874,0.21759623289108276,0.22047656774520874,0.0,0.8802480101585388,317,1187062,24709,5858,41.363565302731054,0,171,0,0,120.162,13.808699607849121,-21.80349349975586,25.80660090991745,EXPLORING
6645.748000,LIDAR_ONLY,MIXED,run02,LIDAR_ONLY,0.11866042762994766,0.3561554551124573,0.21806283295154572,0.2162303626537323,0.21806283295154572,0.0,1.0519859790802002,320,1198519,24823,5878,41.76611137072126,0,173,0,0,121.164,13.541360855102539,-22.054527282714844,25.87816406049182,EXPLORING
6646.746000,LIDAR_ONLY,MIXED,run02,LIDAR_ONLY,0.1230362206697464,0.3556256592273712,0.21753926575183868,0.2178010493516922,0.21753926575183868,0.0,1.2149089574813843,323,1209978,24892,5895,42.071550060981316,0,175,0,0,122.162,13.378103256225586,-22.09073257446289,25.82408635782386,EXPLORING
6647.746000,LIDAR_ONLY,MIXED,run02,LIDAR_ONLY,0.11882584542036057,0.34800341725349426,0.21574267745018005,0.22097280621528625,0.21574267745018005,0.0,2.5867888927459717,326,1221444,24954,5908,42.24524520476325,0,176,0,0,123.162,13.435757637023926,-22.06083869934082,25.828459834477087,EXPLORING
6648.748000,LIDAR_ONLY,MIXED,run02,LIDAR_ONLY,0.11865828186273575,0.3442947566509247,0.2140616774559021,0.21641400456428528,0.2140616774559021,0.0,1.8754440546035767,329,1232918,25018,5925,42.49094885553123,0,177,0,0,124.164,13.444056510925293,-21.946382522583008,25.73510593325234,EXPLORING
6649.747000,LIDAR_ONLY,MIXED,run02,LIDAR_ONLY,0.11269164085388184,0.33972543478012085,0.21815328299999237,0.21815328299999237,0.21815328299999237,0.0,0.7236520051956177,332,1244388,25073,5950,42.88410936049379,0,178,0,0,125.163,13.413148880004883,-21.593494415283203,25.41852893437177,EXPLORING
6650.748000,LIDAR_ONLY,MIXED,run02,LIDAR_ONLY,0.12730471789836884,0.359225869178772,0.21830065548419952,0.21620914340019226,0.21830065548419952,0.0,0.7392839789390564,335,1255863,25110,5957,43.175282460668555,0,178,0,0,126.164,13.244043350219727,-21.476408004760742,25.22997620387353,EXPLORING
6651.746000,LIDAR_ONLY,MIXED,run02,LIDAR_ONLY,0.11365554481744766,0.3460460901260376,0.21620914340019226,0.2172549068927765,0.21620914340019226,0.0,1.0902220010757446,337,1263511,25136,5959,43.50579700675651,0,180,0,0,127.162,13.062333106994629,-21.313692092895508,24.996198200269408,EXPLORING
6652.747000,LIDAR_ONLY,MIXED,run02,LIDAR_ONLY,0.12653221189975739,0.34746280312538147,0.2193717211484909,0.21832460165023804,0.2193717211484909,0.0,1.5363669395446777,340,1274974,25191,5959,43.795371779906404,0,181,0,0,128.163,12.991846084594727,-21.088911056518555,24.767777608955605,EXPLORING
6653.746000,LIDAR_ONLY,MIXED,run02,LIDAR_ONLY,0.12442734837532043,0.3490569293498993,0.21896280348300934,0.22027239203453064,0.21896280348300934,0.0,4.480103015899658,342,1282612,25248,5974,44.22610110522969,0,181,0,0,129.162,12.795467376708984,-20.76417350769043,24.388292113583148,EXPLORING
6654.747000,LIDAR_ONLY,MIXED,run02,LIDAR_ONLY,0.12562522292137146,0.353011816740036,0.21963350474834442,0.21884816884994507,0.21963350474834442,0.0,2.6257359981536865,345,1294070,25350,5987,44.638909422009256,0,183,0,0,130.163,12.495957374572754,-20.568933486938477,24.065439779193728,EXPLORING
6655.746000,LIDAR_ONLY,MIXED,run02,LIDAR_ONLY,0.1158633679151535,0.34633293747901917,0.21625164151191711,0.21834862232208252,0.21625164151191711,0.0,4.123118877410889,348,1305519,25464,5999,44.957434459486905,0,185,0,0,131.162,12.227705001831055,-20.481685638427734,23.852312963159903,EXPLORING
6656.748000,LIDAR_ONLY,MIXED,run02,LIDAR_ONLY,0.11179236322641373,0.3425722122192383,0.2152959704399109,0.21765321493148804,0.2152959704399109,0.0,2.2106709480285645,351,1316973,25560,6016,45.368515838884825,0,186,0,0,132.164,12.109906196594238,-20.603824615478516,23.897369803219576,EXPLORING
6657.746000,LIDAR_ONLY,MIXED,run02,LIDAR_ONLY,0.11702598631381989,0.34049418568611145,0.21497774124145508,0.21759623289108276,0.21497774124145508,0.0,2.4008429050445557,353,1324609,25612,6036,45.64835857653163,0,188,0,0,133.162,12.034395217895508,-20.62883758544922,23.88080248149446,EXPLORING
6658.748000,LIDAR_ONLY,MIXED,run02,LIDAR_ONLY,0.12123040854930878,0.3385971188545227,0.21523958444595337,0.21811991930007935,0.21523958444595337,0.0,1.7301340103149414,355,1332246,25673,6042,45.773392455863636,0,189,0,0,134.164,12.082862854003906,-20.659822463989258,23.93200188710201,EXPLORING
6659.746000,LIDAR_ONLY,MIXED,run02,LIDAR_ONLY,0.12008309364318848,0.348469614982605,0.21424829959869385,0.21372446417808533,0.21424829959869385,0.0,1.1507519483566284,357,1339881,25780,6054,46.14819121287009,0,192,0,0,135.162,11.809814453125,-20.483991622924805,23.64283991445448,EXPLORING
6660.746000,LIDAR_ONLY,MIXED,run02,LIDAR_ONLY,0.12476154416799545,0.3579333424568176,0.21509037911891937,0.21744826436042786,0.21509037911891937,0.0,1.3872770071029663,360,1351335,25900,6078,46.45259416206227,0,192,0,0,136.162,11.553973197937012,-20.5074405670166,23.5365380817908,EXPLORING
6661.746000,LIDAR_ONLY,MIXED,run02,LIDAR_ONLY,0.12444179505109787,0.3477724492549896,0.2145102173089981,0.2171293944120407,0.2145102173089981,0.0,0.8741880059242249,362,1358970,26015,6093,46.832728892889655,0,194,0,0,137.162,11.230658531188965,-20.3358211517334,23.229164549161336,EXPLORING
6662.746000,LIDAR_ONLY,MIXED,run02,LIDAR_ONLY,0.12165330350399017,0.3552197813987732,0.21649214625358582,0.2133507877588272,0.21649214625358582,0.0,0.9323899745941162,364,1366608,26082,6110,47.24544275639004,0,194,0,0,138.162,10.909262657165527,-20.1805477142334,22.938805934072157,EXPLORING
6663.748000,LIDAR_ONLY,MIXED,run02,LIDAR_ONLY,0.11383084952831268,0.33960628509521484,0.21550144255161285,0.2165488302707672,0.21550144255161285,0.0,2.075921058654785,367,1378066,26213,6118,47.695160574607996,0,196,0,0,139.164,10.93278980255127,-20.122095108032227,22.898622527108063,EXPLORING
6664.748000,LIDAR_ONLY,MIXED,run02,LIDAR_ONLY,0.12159563601016998,0.3415830135345459,0.2146226465702057,0.21698112785816193,0.2146226465702057,0.0,3.431874990463257,369,1385698,26225,6147,48.01196030929169,0,197,0,0,140.164,10.956945419311523,-20.048572540283203,22.845617874500928,EXPLORING
6665.749000,LIDAR_ONLY,MIXED,run02,LIDAR_ONLY,0.11911889165639877,0.35312962532043457,0.2132006287574768,0.21686747670173645,0.2132006287574768,0.0,2.9953410625457764,371,1393333,26258,6147,48.289972591425695,0,199,0,0,141.165,10.875921249389648,-19.922531127929688,22.696162397409836,EXPLORING
6666.747000,LIDAR_ONLY,MIXED,run02,LIDAR_ONLY,0.1144716665148735,0.35560858249664307,0.20728512108325958,0.21095387637615204,0.20728512108325958,0.0,1.7685970067977905,374,1404788,26421,6148,48.65735926833638,0,199,0,0,142.163,10.5344820022583,-20.012920379638672,22.614516370521258,EXPLORING
6667.746000,LIDAR_ONLY,MIXED,run02,LIDAR_ONLY,0.11162400245666504,0.3529980182647705,0.2111606001853943,0.21482840180397034,0.2111606001853943,0.0,1.1584199666976929,377,1416241,26521,6178,49.053635292943895,0,200,0,0,143.162,10.25217056274414,-20.03557777404785,22.504588444680838,EXPLORING
6668.746000,LIDAR_ONLY,MIXED,run02,LIDAR_ONLY,0.1166519895195961,0.3525579869747162,0.21194656193256378,0.2169242799282074,0.21194656193256378,0.0,1.59402596950531,380,1427693,26626,6184,49.33841679520801,0,202,0,0,144.162,10.082741737365723,-20.158008575439453,22.537359305224225,EXPLORING
6669.746000,LIDAR_ONLY,MIXED,run02,LIDAR_ONLY,0.12135224789381027,0.35984495282173157,0.21776729822158813,0.21907757222652435,0.21776729822158813,0.0,0.6259729862213135,382,1435325,26646,6212,49.55943157065503,0,202,0,0,145.162,9.90751838684082,-20.185701370239258,22.484387292317514,EXPLORING
6670.746000,LIDAR_ONLY,MIXED,run02,LIDAR_ONLY,0.12962473928928375,0.36388030648231506,0.21864362061023712,0.21628698706626892,0.21864362061023712,0.0,0.8789200186729431,388,1458240,26752,6213,49.94341907444568,0,204,0,0,146.162,9.58070182800293,-20.225826263427734,22.378590584140184,EXPLORING
6671.746000,LIDAR_ONLY,MIXED,run02,LIDAR_ONLY,0.129448801279068,0.361748069524765,0.21802935004234314,0.21907757222652435,0.21802935004234314,0.0,0.7717869877815247,391,1469689,26780,6222,50.38263485669602,0,205,0,0,147.162,9.21219253540039,-20.2884521484375,22.28036212599295,EXPLORING
6672.746000,LIDAR_ONLY,MIXED,run02,LIDAR_ONLY,0.12859782576560974,0.358425110578537,0.21686747670173645,0.21843896806240082,0.21686747670173645,0.0,0.9653630256652832,393,1477327,26789,6223,50.79738982352639,0,206,0,0,148.162,8.880967140197754,-20.43738555908203,22.282012888616787,EXPLORING
6673.747000,LIDAR_ONLY,MIXED,run02,LIDAR_ONLY,0.11539345979690552,0.343731552362442,0.21739129722118378,0.21739129722118378,0.21739129722118378,0.0,0.7512699961662292,395,1484961,26818,6223,51.22712135369134,0,208,0,0,149.163,8.501925468444824,-20.500530242919922,22.192017559582634,EXPLORING
6674.746000,LIDAR_ONLY,MIXED,run02,LIDAR_ONLY,0.11062834411859512,0.34247878193855286,0.21645702421665192,0.2146226465702057,0.21645702421665192,0.0,0.7993090152740479,398,1496411,26834,6224,51.654046539186396,0,210,0,0,150.162,8.15660285949707,-20.591266632080078,22.14639456574532,EXPLORING
6675.746000,LIDAR_ONLY,MIXED,run02,LIDAR_ONLY,0.1107630804181099,0.3440854549407959,0.21278825402259827,0.21829140186309814,0.21278825402259827,0.0,1.090006947517395,400,1504042,26918,6225,51.94561030968561,0,211,0,0,151.162,8.093581199645996,-20.8239803314209,22.340018284696807,EXPLORING
6676.747000,LIDAR_ONLY,MIXED,run02,LIDAR_ONLY,0.11668563634157181,0.3497435748577118,0.2156708538532257,0.21645702421665192,0.2156708538532257,0.0,1.0941590070724487,403,1515490,27012,6230,52.16419281429286,0,212,0,0,152.163,7.979519367218018,-20.987064361572266,22.45132438902033,EXPLORING
6677.749000,LIDAR_ONLY,MIXED,run02,LIDAR_ONLY,0.1127818301320076,0.34745803475379944,0.21430443227291107,0.21928216516971588,0.21430443227291107,0.0,1.473963975906372,405,1523123,27067,6232,52.40223624153099,0,214,0,0,153.165,7.8990960121154785,-20.97609519958496,22.412607799777668,EXPLORING
6678.746000,LIDAR_ONLY,MIXED,run02,LIDAR_ONLY,0.11253097653388977,0.34012821316719055,0.22079285979270935,0.22053031623363495,0.22079285979270935,0.0,0.7333109974861145,408,1534558,27311,6234,52.70582007695385,0,215,0,0,154.162,7.878828048706055,-21.137815475463867,22.556942922862756,EXPLORING
6679.746000,LIDAR_ONLY,MIXED,run02,LIDAR_ONLY,0.10596294701099396,0.32914143800735474,0.22184300422668457,0.21962739527225494,0.22184300422668457,0.0,0.8866739869117737,411,1545988,27514,6298,53.118403097987354,0,217,0,0,155.162,7.811637878417969,-21.458026885986328,22.834202661330565,EXPLORING
6680.747000,LIDAR_ONLY,MIXED,run02,LIDAR_ONLY,0.09745285660028458,0.320345014333725,0.21907013654708862,0.2161807268857956,0.21907013654708862,0.0,5.296815872192383,413,1553604,27763,6344,53.54051658495731,1,218,0,0,156.163,7.778475284576416,-21.78386878967285,23.12949175226017,EXPLORING
6681.746000,LIDAR_ONLY,MIXED,run02,LIDAR_ONLY,0.09735846519470215,0.32303526997566223,0.22079285979270935,0.21974271535873413,0.22079285979270935,0.0,1.2084499597549438,416,1565033,28064,6408,53.75118382039371,1,220,0,0,157.162,7.728503704071045,-21.786527633666992,23.11524428419508,EXPLORING
6682.748000,LIDAR_ONLY,MIXED,run02,LIDAR_ONLY,0.11533166468143463,0.3484092056751251,0.22053031623363495,0.22236807644367218,0.22053031623363495,0.0,2.2606430053710938,419,1576458,28360,6495,53.9506944809559,1,221,0,0,158.164,7.717513561248779,-21.708498001098633,23.038034679421873,EXPLORING
6683.747000,LIDAR_ONLY,MIXED,run02,LIDAR_ONLY,0.12323368340730667,0.35449838638305664,0.2162303626537323,0.2162303626537323,0.2162303626537323,0.0,2.5211238861083984,422,1587911,28636,6575,54.207470490036684,1,222,0,0,159.163,7.506458759307861,-21.723955154418945,22.982821643769004,EXPLORING
6684.746000,LIDAR_ONLY,MIXED,run02,LIDAR_ONLY,0.12350888550281525,0.3549004793167114,0.2218438982963562,0.2205343097448349,0.2218438982963562,0.0,1.2903130054473877,426,1603197,29050,6646,54.64218804384477,1,224,0,0,160.162,7.140539646148682,-21.717594146728516,22.859912186024943,EXPLORING
6685.749000,LIDAR_ONLY,MIXED,run02,LIDAR_ONLY,0.12285522371530533,0.3538835942745209,0.22009944915771484,0.21800576150417328,0.22009944915771484,0.0,1.2230490446090698,429,1614652,29322,6733,55.07379192255343,1,224,0,0,161.165,6.776742458343506,-21.751935958862305,22.7817186296849,EXPLORING
6686.746000,LIDAR_ONLY,MIXED,run02,LIDAR_ONLY,0.12179658561944962,0.3533973693847656,0.21914225816726685,0.21731171011924744,0.21914225816726685,0.0,0.6087149977684021,431,1622299,29550,6795,55.50640187774838,1,225,0,0,162.162,6.405823707580566,-21.75958824157715,22.681522074793374,EXPLORING
6687.746000,LIDAR_ONLY,MIXED,run02,LIDAR_ONLY,0.12109826505184174,0.3536086976528168,0.22097280621528625,0.21731171011924744,0.22097280621528625,0.0,0.8302069902420044,437,1645240,30028,6851,55.9071864533588,1,225,0,0,163.162,6.06929874420166,-21.73752784729004,22.56756622469627,EXPLORING
6688.747000,LIDAR_ONLY,MIXED,run02,LIDAR_ONLY,0.12591874599456787,0.35803452134132385,0.21986928582191467,0.21673202514648438,0.21986928582191467,0.0,0.6271100044250488,440,1656711,30197,6973,56.22953583100002,1,226,0,0,164.163,5.774566173553467,-21.658157348632812,22.4134162181941,EXPLORING
6689.753000,LIDAR_ONLY,MIXED,run02,LIDAR_ONLY,0.12398385256528854,0.35357534885406494,0.2196652740240097,0.21652719378471375,0.2196652740240097,0.0,0.8706330060958862,443,1668177,30436,7002,56.60806953922315,1,226,0,0,165.169,5.439703941345215,-21.708417892456055,22.378267181971577,EXPLORING
6690.747000,LIDAR_ONLY,MIXED,run02,LIDAR_ONLY,0.13103288412094116,0.3606107234954834,0.2182103544473648,0.21899528801441193,0.2182103544473648,0.0,1.2522200345993042,445,1675821,30525,7062,57.0465543482825,1,226,0,0,166.163,5.070285320281982,-21.752721786499023,22.334527597370446,EXPLORING
6691.746000,LIDAR_ONLY,MIXED,run02,LIDAR_ONLY,0.12403839081525803,0.35955020785331726,0.21843896806240082,0.2171293944120407,0.21843896806240082,0.0,1.4294160604476929,448,1687283,30619,7071,57.465115164090676,1,229,0,0,167.162,4.7538228034973145,-21.736879348754883,22.24936955839,EXPLORING
6692.748000,LIDAR_ONLY,MIXED,run02,LIDAR_ONLY,0.11988548189401627,0.3562681972980499,0.2177102416753769,0.2129945009946823,0.2177102416753769,0.0,11.068922996520996,450,1694921,30774,7104,57.78177128172872,1,229,0,0,168.164,4.531805992126465,-21.581787109375,22.05120470686341,EXPLORING
6693.749000,LIDAR_ONLY,MIXED,run02,LIDAR_ONLY,0.12131403386592865,0.3494170606136322,0.22230949997901917,0.21602514386177063,0.22230949997901917,0.0,2.041501045227051,452,1702557,30835,7123,58.03463376550798,1,230,0,0,169.165,4.332322597503662,-21.678630828857422,22.10605109605016,EXPLORING
6694.750000,LIDAR_ONLY,MIXED,run02,LIDAR_ONLY,0.12002783268690109,0.35690146684646606,0.22088459134101868,0.217482328414917,0.22088459134101868,0.0,2.787954092025757,453,1706378,30862,7129,58.45175513160842,1,231,0,0,170.166,3.9935922622680664,-21.778778076171875,22.140698881663155,EXPLORING
6695.746000,LIDAR_ONLY,MIXED,run02,LIDAR_ONLY,0.13054640591144562,0.3653300702571869,0.2162303626537323,0.2178010493516922,0.2162303626537323,0.0,1.806185007095337,456,1717836,31139,7130,58.78413819756568,1,232,0,0,171.162,3.6854984760284424,-21.784137725830078,22.092517857626973,EXPLORING
6696.747000,LIDAR_ONLY,MIXED,run02,LIDAR_ONLY,0.14038105309009552,0.3719695210456848,0.22001047432422638,0.21686747670173645,0.22001047432422638,0.0,1.185338020324707,458,1725471,31238,7214,59.22083295765921,1,233,0,0,172.163,3.3219094276428223,-21.769813537597656,22.020651701456618,EXPLORING
6697.746000,LIDAR_ONLY,MIXED,run02,LIDAR_ONLY,0.12819381058216095,0.365207701921463,0.22009944915771484,0.21250981092453003,0.22009944915771484,0.0,2.093406915664673,461,1736930,31357,7233,59.60288810496415,1,236,0,0,173.162,3.0188868045806885,-21.737735748291016,21.945234385727325,EXPLORING
6698.746000,LIDAR_ONLY,MIXED,run02,LIDAR_ONLY,0.1250845491886139,0.35379913449287415,0.22021470963954926,0.21785807609558105,0.22021470963954926,0.0,1.5303659439086914,463,1744569,31482,7254,59.91109768859553,1,238,0,0,174.162,2.808997869491577,-21.56926155090332,21.750289787444025,EXPLORING
6699.746000,LIDAR_ONLY,MIXED,run02,LIDAR_ONLY,0.1238863468170166,0.34982210397720337,0.21774405241012573,0.22062286734580994,0.21774405241012573,0.0,0.7019469738006592,465,1752211,31659,7295,60.32863846363084,1,239,0,0,175.162,2.644444227218628,-21.25320816040039,21.41599233369341,EXPLORING
6700.746000,LIDAR_ONLY,MIXED,run02,LIDAR_ONLY,0.12429534643888474,0.3546421229839325,0.2184962034225464,0.21928216516971588,0.2184962034225464,0.0,3.397365093231201,468,1763664,31946,7333,60.73797377985192,1,240,0,0,176.162,2.387160539627075,-21.00600242614746,21.14012522220284,EXPLORING
6701.746000,LIDAR_ONLY,MIXED,run02,LIDAR_ONLY,0.129876971244812,0.3650662302970886,0.21802935004234314,0.21802935004234314,0.21802935004234314,0.0,2.655539035797119,472,1778935,32326,7405,61.10813269209705,1,241,0,0,177.162,2.084200859069824,-20.924774169921875,21.02725885456495,EXPLORING
6702.747000,LIDAR_ONLY,MIXED,run02,LIDAR_ONLY,0.11802376806735992,0.3593202829360962,0.21698112785816193,0.21855345368385315,0.21698112785816193,0.0,0.6933709979057312,474,1786568,32486,7523,61.460244292660335,1,241,0,0,178.163,1.9667216539382935,-20.9371337890625,21.028256022747932,EXPLORING
6703.746000,LIDAR_ONLY,MIXED,run02,LIDAR_ONLY,0.11422044038772583,0.3516930639743805,0.2144540399312973,0.21497774124145508,0.2144540399312973,0.0,0.9715449810028076,477,1798023,32663,7574,61.767795210619525,1,242,0,0,179.162,1.8633211851119995,-20.92601776123047,21.007774635586323,EXPLORING
6704.747000,LIDAR_ONLY,MIXED,run02,LIDAR_ONLY,0.11022360622882843,0.3426606357097626,0.21910995244979858,0.22041885554790497,0.21910995244979858,0.0,1.1699310541152954,481,1813304,32839,7605,62.07738478747018,1,243,0,0,180.163,1.7028725147247314,-20.91144371032715,20.979640512716475,EXPLORING
6705.746000,LIDAR_ONLY,MIXED,run02,LIDAR_ONLY,0.12198818475008011,0.340802401304245,0.21875818073749542,0.22006811201572418,0.21875818073749542,0.0,1.286281943321228,483,1820940,33183,7640,62.37233274111381,1,245,0,0,181.162,1.605804443359375,-20.90010643005371,20.960689861118947,EXPLORING
6706.746000,LIDAR_ONLY,MIXED,run02,LIDAR_ONLY,0.12878893315792084,0.3405102789402008,0.21951857209205627,0.22161172330379486,0.21951857209205627,0.0,1.618016004562378,486,1832405,33294,7776,62.743613611073364,1,247,0,0,182.162,1.6210124492645264,-20.629575729370117,20.692147029318214,EXPLORING
6707.749000,LIDAR_ONLY,MIXED,run02,LIDAR_ONLY,0.0848175585269928,0.3013826310634613,0.2152196615934372,0.2178347259759903,0.2152196615934372,0.0,4.503733158111572,488,1840051,33404,7811,63.323172468695674,1,247,0,0,183.165,1.6830470561981201,-20.683319091796875,20.75065956965647,EXPLORING
6708.746000,LIDAR_ONLY,MIXED,run02,LIDAR_ONLY,0.11576171964406967,0.3472580313682556,0.2146405279636383,0.2159477174282074,0.2146405279636383,0.0,1.2092740535736084,491,1851521,33533,7830,63.815382495125455,1,248,0,0,184.162,1.3836067914962769,-20.807313919067383,20.85227022725213,EXPLORING
6709.747000,LIDAR_ONLY,MIXED,run02,LIDAR_ONLY,0.11632174253463745,0.3439806401729584,0.21560950577259064,0.21587052941322327,0.21560950577259064,0.0,1.7947289943695068,494,1863008,33598,7852,64.13031004920026,1,250,0,0,185.163,1.448011040687561,-20.846839904785156,20.896067637495346,EXPLORING
6710.746000,LIDAR_ONLY,MIXED,run02,LIDAR_ONLY,0.12636123597621918,0.34543609619140625,0.21536852419376373,0.2158912718296051,0.21536852419376373,0.0,1.3696140050888062,497,1874499,33734,7866,64.41596794821193,1,252,0,0,186.162,1.500220537185669,-20.679738998413086,20.733078039074073,EXPLORING
6711.747000,LIDAR_ONLY,MIXED,run02,LIDAR_ONLY,0.12779413163661957,0.35437679290771484,0.21611721813678741,0.2142857164144516,0.21611721813678741,0.0,0.7637150287628174,500,1885972,33865,7922,64.63854924162368,1,253,0,0,187.163,1.5179084539413452,-20.75135612487793,20.805789864890208,EXPLORING
6712.746000,LIDAR_ONLY,MIXED,run02,LIDAR_ONLY,0.1266174167394638,0.355857253074646,0.21228757500648499,0.21751633286476135,0.21228757500648499,0.0,1.0719540119171143,502,1893621,34047,7948,64.82477421182509,1,253,0,0,188.162,1.4464221000671387,-20.68265151977539,20.732165216182022,EXPLORING
6713.746000,LIDAR_ONLY,MIXED,run02,LIDAR_ONLY,0.13753081858158112,0.3701047897338867,0.2130548357963562,0.2159268856048584,0.2130548357963562,0.0,1.3543440103530884,505,1905102,34120,8004,65.07740164629988,1,254,0,0,189.162,1.2668448686599731,-20.653310775756836,20.691142051780925,EXPLORING
6714.746000,LIDAR_ONLY,MIXED,run02,LIDAR_ONLY,0.133646160364151,0.3684508800506592,0.21562990546226501,0.21667538583278656,0.21562990546226501,0.0,9.244662284851074,508,1916587,34168,8027,65.28112701926285,1,256,0,0,190.162,1.3380961418151855,-20.659244537353516,20.70154135501455,EXPLORING
6715.746000,LIDAR_ONLY,MIXED,run02,LIDAR_ONLY,0.14150355756282806,0.37252405285835266,0.2159268856048584,0.2169712781906128,0.2159268856048584,0.0,1.6265469789505005,512,1931900,34254,8036,65.48633762721538,1,258,0,0,191.162,1.272316575050354,-20.708778381347656,20.746840515163967,EXPLORING
6716.748000,LIDAR_ONLY,MIXED,run02,LIDAR_ONLY,0.12267515808343887,0.36177822947502136,0.2196395993232727,0.21911726891994476,0.2196395993232727,0.0,0.6820610165596008,514,1939560,34286,8053,65.8800699226652,1,259,0,0,192.164,1.202520489692688,-20.689697265625,20.723634685593968,EXPLORING
6717.746000,LIDAR_ONLY,MIXED,run02,LIDAR_ONLY,0.12845264375209808,0.3612549901008606,0.2172323763370514,0.21958224475383759,0.2172323763370514,0.0,0.8797609806060791,517,1951046,34327,8059,66.10870091237234,1,260,0,0,193.162,1.1385217905044556,-20.636552810668945,20.666961376860673,EXPLORING
6718.746000,LIDAR_ONLY,MIXED,run02,LIDAR_ONLY,0.1300591081380844,0.36622047424316406,0.22085729241371155,0.21850496530532837,0.22085729241371155,0.0,1.0525920391082764,521,1966362,34353,8069,66.3541564074841,1,262,0,0,194.162,0.9588766098022461,-20.69185447692871,20.71310314678297,EXPLORING
6719.746000,LIDAR_ONLY,MIXED,run02,LIDAR_ONLY,0.11971783638000488,0.358956515789032,0.22053827345371246,0.2210608869791031,0.22053827345371246,0.0,0.7677919864654541,524,1977848,34433,8077,66.576347839277,1,264,0,0,195.162,0.8120242953300476,-20.694873809814453,20.709855404691645,EXPLORING
6720.746000,LIDAR_ONLY,MIXED,run02,LIDAR_ONLY,0.13041934370994568,0.35354113578796387,0.21937842667102814,0.21937842667102814,0.21937842667102814,0.0,0.8468620181083679,529,1996999,34525,8084,66.91060241798776,1,264,0,0,196.162,0.9079915881156921,-20.59061622619629,20.60967384498748,EXPLORING
6721.748000,LIDAR_ONLY,MIXED,run02,LIDAR_ONLY,0.12910042703151703,0.35526376962661743,0.2190600484609604,0.22062663733959198,0.2190600484609604,0.0,1.0293070077896118,533,2012317,34593,8115,67.2341996477269,1,266,0,0,197.164,0.7000786066055298,-20.377967834472656,20.389055800314395,EXPLORING
6722.747000,LIDAR_ONLY,MIXED,run02,LIDAR_ONLY,0.1342466026544571,0.3645676076412201,0.21737995743751526,0.2176409214735031,0.21737995743751526,0.0,1.8639910221099854,535,2019979,34682,8140,67.65014130463175,1,267,0,0,198.163,0.35662686824798584,-20.343141555786133,20.345365786383137,EXPLORING
6723.746000,LIDAR_ONLY,MIXED,run02,LIDAR_ONLY,0.12777714431285858,0.35908785462379456,0.2135036438703537,0.21220020949840546,0.2135036438703537,0.0,1.0502170324325562,538,2031480,34707,8160,68.07845854881361,1,269,0,0,199.162,-0.02569696120917797,-20.326332092285156,20.32548351278243,EXPLORING
6724.748000,LIDAR_ONLY,MIXED,run02,LIDAR_ONLY,0.1271485984325409,0.35287439823150635,0.2162584662437439,0.21808233857154846,0.2162584662437439,0.0,1.768800973892212,540,2039155,34731,8166,68.44830926820362,1,270,0,0,200.164,-0.34995466470718384,-20.21099090576172,20.213187135492152,EXPLORING
6725.750000,LIDAR_ONLY,MIXED,run02,LIDAR_ONLY,0.12951478362083435,0.3580247163772583,0.2138577699661255,0.21568116545677185,0.2138577699661255,0.0,1.1442660093307495,542,2046831,34757,8173,68.8757493786318,1,272,0,0,201.166,-0.6906564235687256,-20.059616088867188,20.0707028391132,EXPLORING
6726.746000,LIDAR_ONLY,MIXED,run02,LIDAR_ONLY,0.12035450339317322,0.3541676998138428,0.21704012155532837,0.21756123006343842,0.21704012155532837,0.0,1.6520830392837524,543,2050669,34770,8177,69.2809342477503,1,274,0,0,202.162,-1.0402518510818481,-20.038028717041016,20.06424763040528,EXPLORING
6727.748000,LIDAR_ONLY,MIXED,run02,LIDAR_ONLY,0.1301341950893402,0.35399729013442993,0.21516019105911255,0.21672309935092926,0.21516019105911255,0.0,1.587785005569458,546,2062185,34827,8184,69.54192516571791,1,275,0,0,203.164,-1.2401894330978394,-19.961811065673828,19.99955498924618,EXPLORING
6728.747000,LIDAR_ONLY,MIXED,run02,LIDAR_ONLY,0.11693977564573288,0.3402692973613739,0.21510416269302368,0.21588541567325592,0.21510416269302368,0.0,2.539454936981201,548,2069865,34889,8204,69.77875462799497,1,277,0,0,204.163,-1.4212511777877808,-19.896408081054688,19.946379632387373,EXPLORING
6729.746000,LIDAR_ONLY,MIXED,run02,LIDAR_ONLY,0.1251179724931717,0.35222557187080383,0.21640625596046448,0.21640625596046448,0.21640625596046448,0.0,7.523589134216309,551,2081385,34988,8216,70.05847749471216,1,278,0,0,205.162,-1.6184618473052979,-19.798744201660156,19.864080219529765,EXPLORING
6730.748000,LIDAR_ONLY,MIXED,run02,LIDAR_ONLY,0.12707532942295074,0.3514584004878998,0.21328124403953552,0.21510416269302368,0.21328124403953552,0.0,1.5307010412216187,553,2089065,35038,8253,70.39945418174021,1,281,0,0,206.164,-1.8828736543655396,-19.608102798461914,19.697620829999334,EXPLORING
6731.747000,LIDAR_ONLY,MIXED,run02,LIDAR_ONLY,0.12982451915740967,0.36340829730033875,0.21848958730697632,0.22187499701976776,0.21848958730697632,0.0,1.3485729694366455,555,2096745,35102,8265,70.82238335786964,1,282,0,0,207.163,-2.2253496646881104,-19.445112228393555,19.571396261439656,EXPLORING
6732.748000,LIDAR_ONLY,MIXED,run02,LIDAR_ONLY,0.13322144746780396,0.36665597558021545,0.20937499403953552,0.21536459028720856,0.20937499403953552,0.0,0.7943239808082581,558,2108265,35167,8286,71.25852270556632,1,283,0,0,208.164,-2.5995264053344727,-19.420215606689453,19.592825224367843,EXPLORING
6733.746000,LIDAR_ONLY,MIXED,run02,LIDAR_ONLY,0.1310182511806488,0.3651471734046936,0.21041665971279144,0.21510416269302368,0.21041665971279144,0.0,1.1748549938201904,560,2115945,35218,8302,71.68823445354131,1,285,0,0,209.162,-2.9564499855041504,-19.38951301574707,19.61305050714748,EXPLORING
6734.746000,LIDAR_ONLY,MIXED,run02,LIDAR_ONLY,0.12897846102714539,0.36307385563850403,0.2161458283662796,0.2174479216337204,0.2161458283662796,0.0,1.2327510118484497,563,2127465,35299,8308,72.0958790555244,1,287,0,0,210.162,-3.306199550628662,-19.40833854675293,19.68740296404353,EXPLORING
6735.747000,LIDAR_ONLY,MIXED,run02,LIDAR_ONLY,0.13727131485939026,0.36422914266586304,0.21692708134651184,0.21640625596046448,0.21692708134651184,0.0,1.0898300409317017,567,2142825,35367,8324,72.44194926600507,1,289,0,0,211.163,-3.6051056385040283,-19.320932388305664,19.653900664707255,EXPLORING
6736.750000,LIDAR_ONLY,MIXED,run02,LIDAR_ONLY,0.12755338847637177,0.3606930077075958,0.21901041269302368,0.21875,0.21901041269302368,0.0,4.468018054962158,570,2154345,35449,8344,72.87863826571528,1,291,0,0,212.166,-3.920029878616333,-19.077478408813477,19.47560186163417,EXPLORING
6737.747000,LIDAR_ONLY,MIXED,run02,LIDAR_ONLY,0.1328495442867279,0.36352378129959106,0.21901041269302368,0.21822915971279144,0.21901041269302368,0.0,3.883039951324463,573,2165865,35542,8354,73.24687770772884,1,293,0,0,213.163,-4.196750640869141,-18.91958236694336,19.37903302512498,EXPLORING
6738.748000,LIDAR_ONLY,MIXED,run02,LIDAR_ONLY,0.12898926436901093,0.36028486490249634,0.21848958730697632,0.21901041269302368,0.21848958730697632,0.0,1.2985130548477173,577,2181225,35623,8378,73.66352003830353,1,294,0,0,214.164,-4.496844291687012,-18.736148834228516,19.26784841463804,EXPLORING
6739.746000,LIDAR_ONLY,MIXED,run02,LIDAR_ONLY,0.12825946509838104,0.36055102944374084,0.21770833432674408,0.21770833432674408,0.21770833432674408,0.0,0.7951620221138,580,2192745,35767,8403,73.99162109664914,3,295,0,0,215.162,-4.774472713470459,-18.65526580810547,19.25619016691491,EXPLORING
6740.746000,LIDAR_ONLY,MIXED,run02,LIDAR_ONLY,0.13143369555473328,0.35655635595321655,0.21432290971279144,0.21588541567325592,0.21432290971279144,0.0,1.29230797290802,583,2204265,35817,8428,74.06955650966222,3,296,0,0,216.162,-4.738442420959473,-18.654878616333008,19.246909365084054,EXPLORING
6741.746000,LIDAR_ONLY,MIXED,run02,LIDAR_ONLY,0.12018106132745743,0.34834736585617065,0.21822915971279144,0.21510416269302368,0.21822915971279144,0.0,2.9288010597229004,585,2211945,35924,8457,74.27612894644638,3,298,0,0,217.162,-4.683717727661133,-18.794872283935547,19.36930990580135,EXPLORING
6742.746000,LIDAR_ONLY,MIXED,run02,LIDAR_ONLY,0.14066043496131897,0.36620011925697327,0.21822915971279144,0.21718749403953552,0.21822915971279144,0.0,3.2168679237365723,587,2219625,35979,8474,74.56351252363979,3,299,0,0,218.162,-4.549680709838867,-18.776880264282227,19.31983602297897,EXPLORING
6743.746000,LIDAR_ONLY,MIXED,run02,LIDAR_ONLY,0.13285568356513977,0.36123183369636536,0.21822915971279144,0.21588541567325592,0.21822915971279144,0.0,1.5561829805374146,589,2227305,36009,8487,74.9604963369109,3,299,0,0,219.162,-4.440528392791748,-19.031320571899414,19.5421038647678,EXPLORING
6744.746000,LIDAR_ONLY,MIXED,run02,LIDAR_ONLY,0.1342158168554306,0.3622979521751404,0.21848958730697632,0.21562500298023224,0.21848958730697632,0.0,1.1389310359954834,592,2238825,36057,8491,75.35362822031178,3,300,0,0,220.162,-4.403663635253906,-19.309162139892578,19.804538318972444,EXPLORING
6745.746000,LIDAR_ONLY,MIXED,run02,LIDAR_ONLY,0.12055268883705139,0.35104265809059143,0.21510416269302368,0.21588541567325592,0.21510416269302368,0.0,0.8993979692459106,595,2250345,36104,8499,75.57763545785622,3,300,0,0,221.162,-4.437108039855957,-19.327259063720703,19.8296422620738,EXPLORING
6746.746000,LIDAR_ONLY,MIXED,run02,LIDAR_ONLY,0.12713070213794708,0.3521578907966614,0.21875,0.21640625596046448,0.21875,0.0,1.2917920351028442,597,2258025,36158,8515,75.80734433872496,3,302,0,0,222.162,-4.552438735961914,-19.27341079711914,19.803369626266385,EXPLORING
6747.746000,LIDAR_ONLY,MIXED,run02,LIDAR_ONLY,0.11994662135839462,0.3484814763069153,0.21328124403953552,0.21536459028720856,0.21328124403953552,0.0,0.639955997467041,598,2261865,36189,8536,76.15118995171959,3,304,0,0,223.162,-4.640099048614502,-19.421239852905273,19.96746227207705,EXPLORING
6748.746000,LIDAR_ONLY,MIXED,run02,LIDAR_ONLY,0.12186022102832794,0.3528948128223419,0.21510416269302368,0.21562500298023224,0.21510416269302368,0.0,0.8781239986419678,602,2277225,36294,8547,76.51775400634772,3,306,0,0,224.162,-4.556000709533691,-19.422380447387695,19.94918912071769,EXPLORING
6749.748000,LIDAR_ONLY,MIXED,run02,LIDAR_ONLY,0.13064828515052795,0.359139621257782,0.21640625596046448,0.21484375,0.21640625596046448,0.0,0.8687869906425476,604,2284905,36323,8597,76.87013589678658,3,307,0,0,225.164,-4.602320671081543,-19.423751831054688,19.961157569739186,EXPLORING
6750.746000,LIDAR_ONLY,MIXED,run02,LIDAR_ONLY,0.13294360041618347,0.3606205880641937,0.21406249701976776,0.2161458283662796,0.21406249701976776,0.0,1.3179090023040771,608,2300265,36427,8607,77.15962638544882,3,308,0,0,226.162,-4.579595565795898,-19.665889739990234,20.191674685010508,EXPLORING
6751.746000,LIDAR_ONLY,MIXED,run02,LIDAR_ONLY,0.1300266832113266,0.35846832394599915,0.21432290971279144,0.22265625,0.21432290971279144,0.0,0.9320780038833618,611,2311785,36455,8645,77.60365376862843,3,309,0,0,227.162,-4.5296406745910645,-20.07388687133789,20.578179881653625,EXPLORING
6752.746000,LIDAR_ONLY,MIXED,run02,LIDAR_ONLY,0.12649081647396088,0.3560698628425598,0.21588541567325592,0.21718749403953552,0.21588541567325592,0.0,1.218440055847168,615,2327145,36650,8653,78.00142164626142,3,309,0,0,228.162,-4.551437854766846,-20.425416946411133,20.925955842865523,EXPLORING
6753.746000,LIDAR_ONLY,MIXED,run02,LIDAR_ONLY,0.12674306333065033,0.3567085564136505,0.22057291865348816,0.22213540971279144,0.22057291865348816,0.0,1.8091009855270386,617,2334825,36706,8679,78.42141173150998,3,310,0,0,229.162,-4.531943321228027,-20.78792953491211,21.275765635937866,EXPLORING
6754.746000,LIDAR_ONLY,MIXED,run02,LIDAR_ONLY,0.1188739538192749,0.3511992394924164,0.2162584662437439,0.217300683259964,0.2162584662437439,0.0,2.717353105545044,621,2350178,36765,8685,78.7808835806325,3,310,0,0,230.162,-4.492512226104736,-21.115297317504883,21.587482564068416,EXPLORING
6755.746000,LIDAR_ONLY,MIXED,run02,LIDAR_ONLY,0.12946531176567078,0.358535498380661,0.21318738162517548,0.21475110948085785,0.21318738162517548,0.0,0.7269139885902405,624,2361690,36800,8697,79.17683473649716,3,312,0,0,231.162,-4.538040637969971,-21.481555938720703,21.955217095987077,EXPLORING
6756.746000,LIDAR_ONLY,MIXED,run02,LIDAR_ONLY,0.12359747290611267,0.3556932806968689,0.21648408472537994,0.2180490344762802,0.21648408472537994,0.0,7.289971828460693,626,2369359,36831,8703,79.5572423679175,3,313,0,0,232.162,-4.502444744110107,-21.79160499572754,22.251424204642692,EXPLORING
6757.749000,LIDAR_ONLY,MIXED,run02,LIDAR_ONLY,0.11504160612821579,0.3506191670894623,0.21555323898792267,0.2194676399230957,0.21555323898792267,0.0,1.3480570316314697,628,2377024,36855,8708,79.94011974667751,3,314,0,0,233.165,-4.45007848739624,-22.084680557250977,22.528102953017076,EXPLORING
6758.746000,LIDAR_ONLY,MIXED,run02,LIDAR_ONLY,0.11345785856246948,0.34945493936538696,0.21546095609664917,0.21650561690330505,0.21546095609664917,0.0,1.193289041519165,629,2380853,36861,8711,80.17245860125587,3,315,0,0,234.162,-4.485437870025635,-22.23987579345703,22.687225616032492,EXPLORING
6759.746000,LIDAR_ONLY,MIXED,run02,LIDAR_ONLY,0.12284854799509048,0.35391032695770264,0.2165621668100357,0.21812957525253296,0.2165621668100357,0.0,2.09414005279541,632,2392338,36883,8713,80.4836202712576,3,316,0,0,235.162,-4.513579845428467,-22.33601951599121,22.78703780989443,EXPLORING
6760.748000,LIDAR_ONLY,MIXED,run02,LIDAR_ONLY,0.11451400816440582,0.34883660078048706,0.21731171011924744,0.22097280621528625,0.21731171011924744,0.0,0.9146410226821899,634,2399987,36911,8715,80.69219044699831,3,317,0,0,236.164,-4.615246295928955,-22.340614318847656,22.811901668828472,EXPLORING
6761.751000,LIDAR_ONLY,MIXED,run02,LIDAR_ONLY,0.13317422568798065,0.3638078570365906,0.21710698306560516,0.2205074578523636,0.21710698306560516,0.0,0.8039910197257996,637,2411456,36937,8716,80.96154196598594,3,317,0,0,237.167,-4.670527458190918,-22.567333221435547,23.04511856650975,EXPLORING
6762.746000,LIDAR_ONLY,MIXED,run02,LIDAR_ONLY,0.12908782064914703,0.36156678199768066,0.21344493329524994,0.21632225811481476,0.21344493329524994,0.0,0.865759015083313,639,2419103,36988,8733,81.41273958451653,3,318,0,0,238.162,-4.606366157531738,-22.932456970214844,23.390050056114497,EXPLORING
6763.746000,LIDAR_ONLY,MIXED,run02,LIDAR_ONLY,0.12675727903842926,0.36028850078582764,0.2144351452589035,0.21731171011924744,0.2144351452589035,0.0,4.546587944030762,641,2426750,37013,8735,81.7909389227823,3,320,0,0,239.162,-4.61335563659668,-23.27047348022461,23.722893519815692,EXPLORING
6764.746000,LIDAR_ONLY,MIXED,run02,LIDAR_ONLY,0.12497594207525253,0.35860389471054077,0.21385620534420013,0.21751633286476135,0.21385620534420013,0.0,1.2622450590133667,644,2438219,37048,8747,82.2038533575119,3,322,0,0,240.162,-4.581982612609863,-23.653676986694336,24.09290150276216,EXPLORING
6765.746000,LIDAR_ONLY,MIXED,run02,LIDAR_ONLY,0.1225191280245781,0.35568851232528687,0.21745948493480682,0.21850496530532837,0.21745948493480682,0.0,1.238935947418213,647,2449693,37076,8766,82.56910592825784,3,324,0,0,241.162,-4.569140434265137,-23.968143463134766,24.39928795588527,EXPLORING
6766.746000,LIDAR_ONLY,MIXED,run02,LIDAR_ONLY,0.12975697219371796,0.36141324043273926,0.21452835202217102,0.21635745465755463,0.21452835202217102,0.0,0.8096510171890259,650,2461173,37095,8781,82.90705735155154,3,324,0,0,242.162,-4.541960716247559,-24.281511306762695,24.702162979504894,EXPLORING
6767.747000,LIDAR_ONLY,MIXED,run02,LIDAR_ONLY,0.12327996641397476,0.3575507700443268,0.21452835202217102,0.21766397356987,0.21452835202217102,0.0,1.0155060291290283,656,2484131,37145,8784,83.28316034577568,3,327,0,0,243.163,-4.683709621429443,-24.607118606567383,25.04841450512305,EXPLORING
6768.746000,LIDAR_ONLY,MIXED,run02,LIDAR_ONLY,0.11320116370916367,0.3476855456829071,0.2120104432106018,0.2140992134809494,0.2120104432106018,0.0,1.243872046470642,659,2495619,37164,8784,83.68223216763263,3,328,0,0,244.162,-4.91752815246582,-24.859636306762695,25.34087063927127,EXPLORING
6769.747000,LIDAR_ONLY,MIXED,run02,LIDAR_ONLY,0.13053776323795319,0.35726484656333923,0.21180464327335358,0.2178114354610443,0.21180464327335358,0.0,0.7864969968795776,662,2507106,37186,8784,84.06281026173986,3,330,0,0,245.163,-5.016651153564453,-25.13200569152832,25.627339671428018,EXPLORING
6770.746000,LIDAR_ONLY,MIXED,run02,LIDAR_ONLY,0.1426742672920227,0.3591827154159546,0.2056904137134552,0.21091099083423615,0.2056904137134552,0.0,1.7109190225601196,666,2522425,37204,8785,84.42354212279919,3,332,0,0,246.162,-5.0012946128845215,-25.4534912109375,25.939710572409712,EXPLORING
6771.746000,LIDAR_ONLY,MIXED,run02,LIDAR_ONLY,0.14226152002811432,0.35562318563461304,0.2075176239013672,0.21221613883972168,0.2075176239013672,0.0,3.8935821056365967,667,2526256,37210,8785,84.82869287520299,3,334,0,0,247.162,-4.838169097900391,-25.76996421813965,26.219709581433907,EXPLORING
6772.746000,LIDAR_ONLY,MIXED,run02,LIDAR_ONLY,0.14351579546928406,0.3570919334888458,0.2186277061700821,0.22280198335647583,0.2186277061700821,0.0,0.6636720299720764,670,2537754,37264,8785,85.25828020848456,3,335,0,0,248.162,-4.7093729972839355,-26.10307502746582,26.523986738061083,EXPLORING
6773.746000,LIDAR_ONLY,MIXED,run02,LIDAR_ONLY,0.1398535668849945,0.36281856894493103,0.2114732712507248,0.21564537286758423,0.2114732712507248,0.0,1.0020619630813599,672,2545424,37293,8788,85.66143064029289,3,336,0,0,249.162,-4.755036354064941,-26.379472732543945,26.80410051023343,EXPLORING
6774.748000,LIDAR_ONLY,MIXED,run02,LIDAR_ONLY,0.13256576657295227,0.35627391934394836,0.21406249701976776,0.21432290971279144,0.21406249701976776,0.0,10.897443771362305,675,2556942,37347,8789,85.99685176247678,3,338,0,0,250.164,-4.880478382110596,-26.608774185180664,27.052151075651864,EXPLORING
6775.746000,LIDAR_ONLY,MIXED,run02,LIDAR_ONLY,0.13511177897453308,0.3481813371181488,0.2174479216337204,0.21796874701976776,0.2174479216337204,0.0,2.4247848987579346,678,2568462,37377,8790,86.3087214392378,3,339,0,0,251.162,-4.803814888000488,-26.873294830322266,27.298769176171508,EXPLORING
6776.747000,LIDAR_ONLY,MIXED,run02,LIDAR_ONLY,0.12170257419347763,0.33952558040618896,0.20677083730697632,0.21250000596046448,0.20677083730697632,0.0,1.9579980373382568,681,2579982,37457,8791,86.73407475532288,3,340,0,0,252.163,-4.700870990753174,-27.232891082763672,27.635117226104633,EXPLORING
6777.747000,LIDAR_ONLY,MIXED,run02,LIDAR_ONLY,0.12819433212280273,0.3509975075721741,0.22291666269302368,0.21718749403953552,0.22291666269302368,0.0,0.5999289751052856,683,2587662,37468,8792,87.00656434727146,3,342,0,0,253.163,-4.702349662780762,-27.465621948242188,27.864731161585816,EXPLORING
6778.746000,LIDAR_ONLY,MIXED,run02,LIDAR_ONLY,0.11935684084892273,0.3537466526031494,0.21822915971279144,0.21692708134651184,0.21822915971279144,0.0,6.136190891265869,685,2595342,37501,8795,87.34424625814172,3,344,0,0,254.162,-4.85508918762207,-27.751035690307617,28.172020461900036,EXPLORING
6779.746000,LIDAR_ONLY,MIXED,run02,LIDAR_ONLY,0.12632086873054504,0.3648007810115814,0.21822915971279144,0.2161458283662796,0.21822915971279144,0.0,1.1160680055618286,687,2603022,37652,8807,87.6084296954314,3,346,0,0,255.162,-4.819620609283447,-27.54734992980957,27.965269702090357,EXPLORING
6780.747000,LIDAR_ONLY,MIXED,run02,LIDAR_ONLY,0.11732210963964462,0.35484564304351807,0.21979166567325592,0.21822915971279144,0.21979166567325592,0.0,0.975462019443512,689,2610702,37730,8881,87.77800352257444,3,347,0,0,256.163,-4.772368907928467,-27.483983993530273,27.894728618219577,EXPLORING
6781.746000,LIDAR_ONLY,MIXED,run02,LIDAR_ONLY,0.1161506175994873,0.35378316044807434,0.2161458283662796,0.21510416269302368,0.2161458283662796,0.0,2.6107020378112793,691,2618382,37856,8924,87.97416743471274,3,348,0,0,257.162,-4.73504638671875,-27.466859817504883,27.871489728570992,EXPLORING
6782.746000,LIDAR_ONLY,MIXED,run02,LIDAR_ONLY,0.12506845593452454,0.361065149307251,0.21927084028720856,0.21770833432674408,0.21927084028720856,0.0,2.131683111190796,693,2626062,37961,8992,88.22350494440916,3,348,0,0,258.162,-4.724594593048096,-27.36897087097168,27.773249300117655,EXPLORING
6783.746000,LIDAR_ONLY,MIXED,run02,LIDAR_ONLY,0.1325966715812683,0.3661678731441498,0.2083333283662796,0.2122395783662796,0.2083333283662796,0.0,1.250959038734436,695,2633742,38006,9028,88.41513102339857,3,348,0,0,259.162,-4.757312774658203,-27.20657730102539,27.618857672282044,EXPLORING
6784.746000,LIDAR_ONLY,MIXED,run02,LIDAR_ONLY,0.12766823172569275,0.36330127716064453,0.21901041269302368,0.2200520783662796,0.21901041269302368,0.0,1.7743200063705444,699,2649102,38054,9046,88.68858896117476,3,349,0,0,260.162,-4.714235305786133,-26.986204147338867,27.394358330793583,EXPLORING
6785.746000,LIDAR_ONLY,MIXED,run02,LIDAR_ONLY,0.1398763209581375,0.3704479932785034,0.21979166567325592,0.21536459028720856,0.21979166567325592,0.0,1.6125940084457397,701,2656782,38061,9056,88.98882340590383,3,351,0,0,261.162,-4.7023468017578125,-26.757959365844727,27.167488729195092,EXPLORING
6786.746000,LIDAR_ONLY,MIXED,run02,LIDAR_ONLY,0.13530917465686798,0.36772722005844116,0.22057291865348816,0.21848958730697632,0.22057291865348816,0.0,4.215933799743652,703,2664462,38100,9058,89.41069647868711,3,354,0,0,262.162,-4.659749507904053,-26.344757080078125,26.753168600562134,EXPLORING
6787.748000,LIDAR_ONLY,MIXED,run02,LIDAR_ONLY,0.13596734404563904,0.3684311509132385,0.22031250596046448,0.21953125298023224,0.22031250596046448,0.0,3.5764999389648438,705,2672142,38126,9061,89.78073609873475,3,354,0,0,263.164,-4.59652042388916,-26.020591735839844,26.422945488185675,EXPLORING
6788.746000,LIDAR_ONLY,MIXED,run02,LIDAR_ONLY,0.13238659501075745,0.3651987910270691,0.21979166567325592,0.21822915971279144,0.21979166567325592,0.0,1.2580690383911133,708,2683662,38151,9065,90.10246210704855,3,356,0,0,264.162,-4.506973743438721,-25.926076889038086,26.314386610060488,EXPLORING
6789.747000,LIDAR_ONLY,MIXED,run02,LIDAR_ONLY,0.14160728454589844,0.36689382791519165,0.21875,0.2161458283662796,0.21875,0.0,1.9326369762420654,710,2691342,38356,9068,90.33497421217578,3,356,0,0,265.163,-4.592777252197266,-26.005083084106445,26.407022083816145,EXPLORING
6790.746000,LIDAR_ONLY,MIXED,run02,LIDAR_ONLY,0.1359199583530426,0.35406213998794556,0.2122395783662796,0.21197916567325592,0.2122395783662796,0.0,0.8786900043487549,714,2706702,38368,9121,90.49997054720035,3,357,0,0,266.162,-4.586316108703613,-26.143585205078125,26.542304788797544,EXPLORING
6791.747000,LIDAR_ONLY,MIXED,run02,LIDAR_ONLY,0.13441860675811768,0.3493134379386902,0.2213541716337204,0.21796874701976776,0.2213541716337204,0.0,1.4165680408477783,715,2710542,38379,9124,90.72896666158843,3,359,0,0,267.163,-4.6612548828125,-26.163724899291992,26.57518874282887,EXPLORING
6792.749000,LIDAR_ONLY,MIXED,run02,LIDAR_ONLY,0.13274994492530823,0.35229718685150146,0.21562500298023224,0.21666666865348816,0.21562500298023224,0.0,2.297698974609375,718,2722062,38387,9124,90.98583307699653,3,361,0,0,268.165,-4.642459392547607,-26.240463256835938,26.647457542675866,EXPLORING
6793.746000,LIDAR_ONLY,MIXED,run02,LIDAR_ONLY,0.1315992772579193,0.3540595769882202,0.21640625596046448,0.2174479216337204,0.21640625596046448,0.0,1.013856053352356,721,2733582,38406,9124,91.32572317286075,3,363,0,0,269.162,-4.674343109130859,-26.563846588134766,26.971459826780187,EXPLORING
6794.746000,LIDAR_ONLY,MIXED,run02,LIDAR_ONLY,0.13257446885108948,0.3593546152114868,0.21692708134651184,0.21718749403953552,0.21692708134651184,0.0,1.340927004814148,723,2741262,38407,9128,91.7505565269521,3,364,0,0,270.162,-4.7270941734313965,-26.920310974121094,27.33167331979519,EXPLORING
6795.746000,LIDAR_ONLY,MIXED,run02,LIDAR_ONLY,0.12476348876953125,0.3495434522628784,0.21770833432674408,0.21666666865348816,0.21770833432674408,0.0,3.9265730381011963,726,2752782,38416,9128,92.15346167616,3,364,0,0,271.162,-4.871092796325684,-27.2591552734375,27.690447291306622,EXPLORING
6796.746000,LIDAR_ONLY,MIXED,run02,LIDAR_ONLY,0.13399796187877655,0.3500473201274872,0.21718749403953552,0.21588541567325592,0.21718749403953552,0.0,1.48533296585083,728,2760462,38419,9129,92.52588179708165,3,366,0,0,272.162,-4.875629425048828,-27.59202766418457,28.018975233686866,EXPLORING
6797.746000,LIDAR_ONLY,MIXED,run02,LIDAR_ONLY,0.11901672184467316,0.34783488512039185,0.21901041269302368,0.21692708134651184,0.21901041269302368,0.0,1.7056610584259033,731,2771982,38426,9129,92.81795836934904,3,367,0,0,273.162,-4.891091346740723,-27.862882614135742,28.288404214530132,EXPLORING
6798.746000,LIDAR_ONLY,MIXED,run02,LIDAR_ONLY,0.13212810456752777,0.3653362989425659,0.21953125298023224,0.21822915971279144,0.21953125298023224,0.0,1.101822018623352,733,2779662,38429,9132,93.12949186648834,3,369,0,0,274.162,-5.139110565185547,-28.023393630981445,28.490218516137077,EXPLORING
6799.746000,LIDAR_ONLY,MIXED,run02,LIDAR_ONLY,0.12378993630409241,0.3575340807437897,0.21770833432674408,0.21510416269302368,0.21770833432674408,0.0,1.700492024421692,737,2795022,38515,9132,93.56398654016115,3,371,0,0,275.162,-5.463166236877441,-28.197620391845703,28.721498049557052,EXPLORING
6800.748000,LIDAR_ONLY,MIXED,run02,LIDAR_ONLY,0.12863993644714355,0.3651309311389923,0.21848958730697632,0.21588541567325592,0.21848958730697632,0.0,2.015871047973633,739,2802702,38577,9161,93.90395968123113,3,372,0,0,276.164,-5.720956325531006,-28.223793029785156,28.797313536114178,EXPLORING
6801.746000,LIDAR_ONLY,MIXED,run02,LIDAR_ONLY,0.11714406311511993,0.356701135635376,0.21901041269302368,0.21822915971279144,0.21901041269302368,0.0,1.5636019706726074,742,2814222,38759,9179,94.31443195082498,3,373,0,0,277.162,-6.02757453918457,-28.201269149780273,28.83778611831884,EXPLORING
6802.746000,LIDAR_ONLY,MIXED,run02,LIDAR_ONLY,0.1245870441198349,0.3630167841911316,0.21822915971279144,0.21692708134651184,0.21822915971279144,0.0,6.270888805389404,744,2821902,38943,9248,94.69488413387431,3,374,0,0,278.162,-6.289951801300049,-28.118213653564453,28.812727663422134,EXPLORING
6803.746000,LIDAR_ONLY,MIXED,run02,LIDAR_ONLY,0.11872370541095734,0.36145421862602234,0.21953125298023224,0.21796874701976776,0.21953125298023224,0.0,0.8254910111427307,747,2833422,39220,9313,94.9889677103405,3,375,0,0,279.162,-6.1605305671691895,-28.17435073852539,28.839580703934892,EXPLORING
6804.746000,LIDAR_ONLY,MIXED,run02,LIDAR_ONLY,0.1174909695982933,0.35835710167884827,0.21953125298023224,0.21822915971279144,0.21953125298023224,0.0,12.196357727050781,750,2844942,39422,9366,95.3314005315495,3,375,0,0,280.162,-5.959967613220215,-28.09442901611328,28.71920521470182,EXPLORING
6805.747000,LIDAR_ONLY,MIXED,run02,LIDAR_ONLY,0.12046287208795547,0.3564188778400421,0.21588541567325592,0.2174479216337204,0.21588541567325592,0.0,0.7277629971504211,752,2852622,39667,9374,95.57220976742309,3,376,0,0,281.163,-5.924966335296631,-28.216175079345703,28.83109443754361,EXPLORING
6806.746000,LIDAR_ONLY,MIXED,run02,LIDAR_ONLY,0.12400469183921814,0.35223063826560974,0.21640625596046448,0.21953125298023224,0.21640625596046448,0.0,1.1729259490966797,755,2864142,39848,9406,95.83251657304375,3,377,0,0,282.162,-5.793551921844482,-28.296058654785156,28.88262056410749,EXPLORING
6807.746000,LIDAR_ONLY,MIXED,run02,LIDAR_ONLY,0.11939295381307602,0.3472305238246918,0.22109374403953552,0.2200520783662796,0.22109374403953552,0.0,0.8739680051803589,757,2871822,39943,9443,96.24166712399087,3,379,0,0,283.162,-5.509637355804443,-28.245811462402344,28.777674269339695,EXPLORING
6808.749000,LIDAR_ONLY,MIXED,run02,LIDAR_ONLY,0.14057713747024536,0.365363746881485,0.21927084028720856,0.21979166567325592,0.21927084028720856,0.0,3.127624988555908,759,2879502,40120,9470,96.5093264241871,3,380,0,0,284.165,-5.302011489868164,-28.094749450683594,28.590178198046832,EXPLORING
6809.746000,LIDAR_ONLY,MIXED,run02,LIDAR_ONLY,0.13973456621170044,0.36594390869140625,0.21484375,0.21770833432674408,0.21484375,0.0,1.4347410202026367,761,2887182,40158,9481,96.89783332346059,3,380,0,0,285.162,-5.0887370109558105,-27.819128036499023,28.280219047693414,EXPLORING
6810.746000,LIDAR_ONLY,MIXED,run02,LIDAR_ONLY,0.13979898393154144,0.3657325208187103,0.21302083134651184,0.21380208432674408,0.21302083134651184,0.0,1.676895022392273,764,2898702,40324,9493,97.28759929445572,3,381,0,0,286.162,-4.841366767883301,-27.577491760253906,27.998714172702506,EXPLORING
6811.748000,LIDAR_ONLY,MIXED,run02,LIDAR_ONLY,0.13969868421554565,0.3669898211956024,0.2174479216337204,0.2200520783662796,0.2174479216337204,0.0,0.9490050077438354,767,2910222,40343,9506,97.62110917992308,3,382,0,0,287.164,-4.650080680847168,-27.32774543762207,27.7200237556583,EXPLORING
6812.746000,LIDAR_ONLY,MIXED,run02,LIDAR_ONLY,0.13933038711547852,0.36406904458999634,0.21875,0.21875,0.21875,0.0,1.1266239881515503,770,2921742,40348,9506,97.99672888306718,3,383,0,0,288.162,-4.407809734344482,-27.08724594116211,27.442994449178887,EXPLORING
6813.749000,LIDAR_ONLY,MIXED,run02,LIDAR_ONLY,0.13825443387031555,0.36540669202804565,0.21692708134651184,0.2174479216337204,0.21692708134651184,0.0,1.5853099822998047,772,2929422,40360,9506,98.39117159483254,3,383,0,0,289.165,-4.06461763381958,-26.95175552368164,27.255960801500862,EXPLORING
6814.746000,LIDAR_ONLY,MIXED,run02,LIDAR_ONLY,0.1377035230398178,0.36285534501075745,0.21822915971279144,0.21822915971279144,0.21822915971279144,0.0,1.3200960159301758,775,2940942,40424,9509,98.83278435623343,3,384,0,0,290.162,-3.756718873977661,-26.740585327148438,27.00259540372665,EXPLORING
6815.747000,LIDAR_ONLY,MIXED,run02,LIDAR_ONLY,0.12492445856332779,0.35384422540664673,0.21510416269302368,0.21666666865348816,0.21510416269302368,0.0,1.043694019317627,777,2948622,40425,9514,99.30257731808398,3,385,0,0,291.163,-3.638009786605835,-26.484477996826172,26.732582888102577,EXPLORING
6816.748000,LIDAR_ONLY,MIXED,run02,LIDAR_ONLY,0.13166536390781403,0.3572482764720917,0.21718749403953552,0.21953125298023224,0.21718749403953552,0.0,1.6073650121688843,780,2960142,40430,9514,99.57085363676947,3,387,0,0,292.164,-3.489208459854126,-26.48758888244629,26.715812744813732,EXPLORING
6817.748000,LIDAR_ONLY,MIXED,run02,LIDAR_ONLY,0.1279093623161316,0.3564118444919586,0.21640625596046448,0.2174479216337204,0.21640625596046448,0.0,1.2979060411453247,782,2967822,40431,9514,99.82293835172925,3,388,0,0,293.164,-3.3172953128814697,-26.37516975402832,26.582348656276984,EXPLORING
6818.746000,LIDAR_ONLY,MIXED,run02,LIDAR_ONLY,0.14332479238510132,0.3584458529949188,0.21458333730697632,0.21666666865348816,0.21458333730697632,0.0,5.122015953063965,785,2979342,40541,9514,100.1175326999566,3,389,0,0,294.162,-3.0706515312194824,-26.3974666595459,26.574825968017286,EXPLORING
6819.746000,LIDAR_ONLY,MIXED,run02,LIDAR_ONLY,0.14203256368637085,0.36486297845840454,0.21432290971279144,0.21770833432674408,0.21432290971279144,0.0,2.5571389198303223,787,2987022,40549,9516,100.53270562686953,3,389,0,0,295.162,-2.7187037467956543,-26.30246925354004,26.441941203961704,EXPLORING
6820.746000,LIDAR_ONLY,MIXED,run02,LIDAR_ONLY,0.1461326628923416,0.36904582381248474,0.21588541567325592,0.21796874701976776,0.21588541567325592,0.0,2.1354269981384277,790,2998542,40551,9519,100.91477902903132,3,390,0,0,296.162,-2.5028090476989746,-26.04178810119629,26.161104786466257,EXPLORING
6821.746000,LIDAR_ONLY,MIXED,run02,LIDAR_ONLY,0.14336390793323517,0.3702573776245117,0.21380208432674408,0.2135416716337204,0.21380208432674408,0.0,1.8861639499664307,792,3006222,40551,9519,101.2921976004388,3,392,0,0,297.162,-2.313271999359131,-25.763164520263672,25.866121433442345,EXPLORING
6822.746000,LIDAR_ONLY,MIXED,run02,LIDAR_ONLY,0.13359616696834564,0.36343932151794434,0.2161458283662796,0.2161458283662796,0.2161458283662796,0.0,1.0602140426635742,795,3017742,40554,9519,101.69071201650823,3,393,0,0,298.162,-2.1526734828948975,-25.457372665405273,25.54752615543848,EXPLORING
6823.746000,LIDAR_ONLY,MIXED,run02,LIDAR_ONLY,0.1427474021911621,0.36537879705429077,0.21770833432674408,0.21718749403953552,0.21770833432674408,0.0,0.9023939967155457,798,3029262,40555,9519,102.05842177832606,3,393,0,0,299.162,-1.8849550485610962,-25.24435806274414,25.31391431225289,EXPLORING
6824.746000,LIDAR_ONLY,MIXED,run02,LIDAR_ONLY,0.13972945511341095,0.36604219675064087,0.21588541567325592,0.21640625596046448,0.21588541567325592,0.0,4.670070171356201,801,3040782,40559,9519,102.47338298911151,3,394,0,0,300.162,-1.5907245874404907,-25.03575897216797,25.08550239954068,EXPLORING
6825.746000,LIDAR_ONLY,MIXED,run02,LIDAR_ONLY,0.13695122301578522,0.36585932970046997,0.2161458283662796,0.2174479216337204,0.2161458283662796,0.0,1.8174920082092285,804,3052302,40560,9519,102.89436864835379,3,396,0,0,301.162,-1.3491724729537964,-24.754610061645508,24.790589477521447,EXPLORING
6826.747000,LIDAR_ONLY,MIXED,run02,LIDAR_ONLY,0.12951360642910004,0.35784396529197693,0.21536459028720856,0.21718749403953552,0.21536459028720856,0.0,1.2086659669876099,807,3063822,40563,9519,103.30635679349521,3,398,0,0,302.163,-1.0521376132965088,-24.544801712036133,24.56655912167174,EXPLORING
6827.747000,LIDAR_ONLY,MIXED,run02,LIDAR_ONLY,0.1332082450389862,0.36547255516052246,0.21484375,0.21770833432674408,0.21484375,0.0,1.313501000404358,810,3075342,40566,9519,103.6803917308218,3,399,0,0,303.163,-0.7852187752723694,-24.323545455932617,24.335412749659028,EXPLORING
6828.746000,LIDAR_ONLY,MIXED,run02,LIDAR_ONLY,0.13223424553871155,0.36498361825942993,0.21640625596046448,0.21718749403953552,0.21640625596046448,0.0,1.0994540452957153,813,3086862,40568,9520,104.08108418692919,3,401,0,0,304.162,-0.5753924250602722,-24.040332794189453,24.046397423186153,EXPLORING
6829.746000,LIDAR_ONLY,MIXED,run02,LIDAR_ONLY,0.12926556169986725,0.36194077134132385,0.21328124403953552,0.21588541567325592,0.21328124403953552,0.0,1.8663790225982666,816,3098382,40569,9520,104.46032780233416,3,403,0,0,305.162,-0.3049020767211914,-23.829349517822266,23.830457881491842,EXPLORING
6830.747000,LIDAR_ONLY,MIXED,run02,LIDAR_ONLY,0.13305197656154633,0.3647296130657196,0.21796874701976776,0.21979166567325592,0.21796874701976776,0.0,1.3338509798049927,822,3121422,40577,9520,104.81857847140567,3,404,0,0,306.163,-0.05992387607693672,-23.603933334350586,23.603147059627197,EXPLORING
6831.746000,LIDAR_ONLY,MIXED,run02,LIDAR_ONLY,0.12911245226860046,0.3612115681171417,0.21292676031589508,0.21553297340869904,0.21292676031589508,0.0,0.9867860078811646,825,3132936,40582,9520,105.23600597956288,3,406,0,0,307.162,0.19736823439598083,-23.322696685791016,23.322647946319258,EXPLORING
6832.746000,LIDAR_ONLY,MIXED,run02,LIDAR_ONLY,0.12987880408763885,0.36047762632369995,0.2200208604335785,0.21793535351753235,0.2200208604335785,0.0,0.8764039874076843,827,3140609,40586,9520,105.48396179194376,3,406,0,0,308.162,0.3620796501636505,-23.17920684814453,23.181136908751586,EXPLORING
6833.746000,LIDAR_ONLY,MIXED,run02,LIDAR_ONLY,0.12758982181549072,0.35746821761131287,0.21845673024654388,0.21819603443145752,0.21845673024654388,0.0,1.0250580310821533,829,3148281,40587,9520,105.86790774988918,3,409,0,0,309.162,0.5767889618873596,-22.926410675048828,22.932748783832025,EXPLORING
6834.747000,LIDAR_ONLY,MIXED,run02,LIDAR_ONLY,0.1239403560757637,0.352990984916687,0.21674491465091705,0.21700574457645416,0.21674491465091705,0.0,11.46268367767334,832,3159786,40594,9520,106.27394214991958,3,410,0,0,310.163,0.8158190250396729,-22.645322799682617,22.65907615831405,EXPLORING
6835.747000,LIDAR_ONLY,MIXED,run02,LIDAR_ONLY,0.1292140632867813,0.3532686233520508,0.21627967059612274,0.21445342898368835,0.21627967059612274,0.0,2.1909708976745605,834,3167454,40595,9520,106.67178246727573,3,412,0,0,311.163,1.085565209388733,-22.409290313720703,22.43460775025281,EXPLORING
6836.750000,LIDAR_ONLY,MIXED,run02,LIDAR_ONLY,0.1138293594121933,0.3414562940597534,0.21952493488788605,0.21926389634609222,0.21952493488788605,0.0,0.9103659987449646,836,3175116,40602,9520,107.10430247132011,3,413,0,0,312.166,1.4084603786468506,-22.2215576171875,22.26515947048201,EXPLORING
6837.746000,LIDAR_ONLY,MIXED,run02,LIDAR_ONLY,0.11572299897670746,0.3427211046218872,0.2159832864999771,0.21650561690330505,0.2159832864999771,0.0,1.8858530521392822,838,3182776,40620,9521,107.50242977825525,3,414,0,0,313.162,1.3870935440063477,-22.355430603027344,22.39743512109244,EXPLORING
6838.746000,LIDAR_ONLY,MIXED,run02,LIDAR_ONLY,0.1097194254398346,0.33744707703590393,0.21516339480876923,0.21490195393562317,0.21516339480876923,0.0,1.5736370086669922,840,3190429,40625,9521,107.9618412886849,3,415,0,0,314.162,1.3907549381256104,-22.295679092407227,22.338025626109747,EXPLORING
6839.753000,LIDAR_ONLY,MIXED,run02,LIDAR_ONLY,0.11943802237510681,0.34408459067344666,0.21495816111564636,0.21495816111564636,0.21495816111564636,0.0,1.4865210056304932,843,3201901,40641,9521,108.30455579992123,3,415,0,0,315.169,1.5377315282821655,-22.237749099731445,22.28985221866166,EXPLORING
6840.749000,LIDAR_ONLY,MIXED,run02,LIDAR_ONLY,0.12862782180309296,0.3502047061920166,0.21348313987255096,0.21374444663524628,0.21348313987255096,0.0,3.8739500045776367,845,3209555,40673,9523,108.60496466866101,3,416,0,0,316.165,1.7485718727111816,-22.167924880981445,22.23576177550389,EXPLORING
6841.747000,LIDAR_ONLY,MIXED,run02,LIDAR_ONLY,0.12392716854810715,0.3472420275211334,0.2105676233768463,0.21318335831165314,0.2105676233768463,0.0,0.9372940063476562,848,3221028,40715,9525,109.07034123540089,3,417,0,0,317.163,2.0598466396331787,-21.89763641357422,21.993258147530145,EXPLORING
6842.746000,LIDAR_ONLY,MIXED,run02,LIDAR_ONLY,0.12132245302200317,0.34613028168678284,0.2119707316160202,0.21249346435070038,0.2119707316160202,0.0,0.7195770144462585,850,3228677,40748,9531,109.42379956915065,3,418,0,0,318.162,2.311985969543457,-21.808135986328125,21.92927718933902,EXPLORING
6843.746000,LIDAR_ONLY,MIXED,run02,LIDAR_ONLY,0.11673860996961594,0.33903348445892334,0.21293871104717255,0.20822420716285706,0.21293871104717255,0.0,0.880236029624939,856,3251610,40776,9537,109.72893393072916,3,419,0,0,319.162,2.249981164932251,-21.83264923095703,21.947216487611875,EXPLORING
6844.746000,LIDAR_ONLY,MIXED,run02,LIDAR_ONLY,0.10589950531721115,0.3258601129055023,0.20303505659103394,0.19989533722400665,0.20303505659103394,0.0,1.974890947341919,859,3263073,40791,9546,110.00236180429671,3,420,0,0,320.162,2.1945838928222656,-21.869403839111328,21.97818235565443,EXPLORING
6845.747000,LIDAR_ONLY,MIXED,run02,LIDAR_ONLY,0.09828260540962219,0.3019229769706726,0.20581303536891937,0.20895522832870483,0.20581303536891937,0.0,1.5296720266342163,862,3274531,40808,9546,110.54038537042743,3,421,0,0,321.163,2.021336078643799,-21.920921325683594,22.012874798600965,EXPLORING
6846.746000,LIDAR_ONLY,MIXED,run02,LIDAR_ONLY,0.11535199731588364,0.33070871233940125,0.20732983946800232,0.2133507877588272,0.20732983946800232,0.0,1.5694019794464111,865,3285991,40894,9546,110.91777320123275,3,423,0,0,322.162,2.119309663772583,-21.950897216796875,22.051915840121573,EXPLORING
6847.746000,LIDAR_ONLY,MIXED,run02,LIDAR_ONLY,0.12070916593074799,0.3446705639362335,0.2097828984260559,0.21501438319683075,0.2097828984260559,0.0,1.018970012664795,867,3293642,41003,9560,111.16295408379116,3,424,0,0,323.162,2.0665650367736816,-21.920759201049805,22.016908589960547,EXPLORING
6848.747000,LIDAR_ONLY,MIXED,run02,LIDAR_ONLY,0.12656714022159576,0.34904932975769043,0.2112012505531311,0.21486522257328033,0.2112012505531311,0.0,0.755387008190155,870,3305105,41018,9577,111.4918684175577,3,424,0,0,324.163,2.2795443534851074,-21.741975784301758,21.860082317571123,EXPLORING
6849.746000,LIDAR_ONLY,MIXED,run02,LIDAR_ONLY,0.10780525207519531,0.3293877840042114,0.2102094292640686,0.21492145955562592,0.2102094292640686,0.0,3.8303089141845703,873,3316568,41049,9581,111.75917080770867,3,425,0,0,325.162,2.2803709506988525,-21.80303955078125,21.920900566002306,EXPLORING
6850.746000,LIDAR_ONLY,MIXED,run02,LIDAR_ONLY,0.11054784059524536,0.335556298494339,0.2082134485244751,0.2105676233768463,0.2082134485244751,0.0,1.1268199682235718,876,3328029,41061,9585,112.08885318708194,3,427,0,0,326.162,2.468946695327759,-21.811487197875977,21.94969647122628,EXPLORING
6851.747000,LIDAR_ONLY,MIXED,run02,LIDAR_ONLY,0.11793473362922668,0.3437160849571228,0.21329495310783386,0.21250981092453003,0.21329495310783386,0.0,1.5143719911575317,878,3335668,41065,9585,112.61721122802146,3,427,0,0,327.163,2.345724582672119,-21.848234176635742,21.97272587948642,EXPLORING
6852.746000,LIDAR_ONLY,MIXED,run02,LIDAR_ONLY,0.11586126685142517,0.34205424785614014,0.20675216615200043,0.21093954145908356,0.20675216615200043,0.0,1.0559749603271484,880,3343309,41066,9585,112.89752745793426,3,430,0,0,328.162,2.52382755279541,-21.779146194458008,21.923805769156047,EXPLORING
6853.747000,LIDAR_ONLY,MIXED,run02,LIDAR_ONLY,0.1167311742901802,0.34179943799972534,0.21041612327098846,0.21486522257328033,0.21041612327098846,0.0,1.036620020866394,882,3350952,41074,9585,113.16938948748574,3,430,0,0,329.163,2.7567954063415527,-21.818328857421875,21.99069712916563,EXPLORING
6854.751000,LIDAR_ONLY,MIXED,run02,LIDAR_ONLY,0.12953704595565796,0.35057368874549866,0.2093144953250885,0.21271584928035736,0.2093144953250885,0.0,26.379119873046875,884,3358592,41106,9586,113.48713698884292,3,433,0,0,330.167,3.0375442504882812,-21.7187442779541,21.9289983185286,EXPLORING
6855.746000,LIDAR_ONLY,MIXED,run02,LIDAR_ONLY,0.12434900552034378,0.34689125418663025,0.214192196726799,0.2123592495918274,0.214192196726799,0.0,3.70853590965271,886,3366228,41111,9593,113.90422591316361,3,433,0,0,331.162,3.4213099479675293,-21.663053512573242,21.93039632742873,EXPLORING
6856.749000,LIDAR_ONLY,MIXED,run02,LIDAR_ONLY,0.12205332517623901,0.3456355631351471,0.206436425447464,0.20852956175804138,0.206436425447464,0.0,3.038472890853882,889,3377692,41119,9593,114.33909986351114,3,435,0,0,332.165,3.811892032623291,-21.682363510131836,22.013697553024336,EXPLORING
6857.747000,LIDAR_ONLY,MIXED,run02,LIDAR_ONLY,0.12544763088226318,0.3467371463775635,0.21346254646778107,0.21110528707504272,0.21346254646778107,0.0,1.4481730461120605,891,3385331,41123,9593,114.68766529090324,3,436,0,0,333.163,4.101752281188965,-21.618085861206055,22.002555689215942,EXPLORING
6858.747000,LIDAR_ONLY,MIXED,run02,LIDAR_ONLY,0.12515202164649963,0.34751713275909424,0.21015441417694092,0.21093954145908356,0.21015441417694092,0.0,1.5914839506149292,894,3396792,41157,9593,115.04748687315444,3,437,0,0,334.163,4.42752742767334,-21.618101119995117,22.065594687579754,EXPLORING
6859.746000,LIDAR_ONLY,MIXED,run02,LIDAR_ONLY,0.13166703283786774,0.35149064660072327,0.21701571345329285,0.2130890041589737,0.21701571345329285,0.0,0.9639549851417542,899,3415890,41185,9595,115.48790541662952,3,439,0,0,335.162,4.799637317657471,-21.69965934753418,22.222855579785612,EXPLORING
6860.746000,LIDAR_ONLY,MIXED,run02,LIDAR_ONLY,0.12066247314214706,0.3420257270336151,0.21544502675533295,0.2130890041589737,0.21544502675533295,0.0,1.399832010269165,902,3427349,41231,9597,115.89621035096995,3,440,0,0,336.162,5.164034366607666,-21.66621971130371,22.27183277866278,EXPLORING
6861.747000,LIDAR_ONLY,MIXED,run02,LIDAR_ONLY,0.12619316577911377,0.34781813621520996,0.21047119796276093,0.2117801010608673,0.21047119796276093,0.0,1.3194680213928223,905,3438808,41240,9601,116.17975380470686,3,442,0,0,337.163,5.4128570556640625,-21.642370223999023,22.307677731489143,EXPLORING
6862.746000,LIDAR_ONLY,MIXED,run02,LIDAR_ONLY,0.11836282163858414,0.334774911403656,0.21250981092453003,0.2146035134792328,0.21250981092453003,0.0,0.9925299882888794,907,3446450,41246,9601,116.5414382373326,3,443,0,0,338.162,5.737110137939453,-21.751962661743164,22.49449107164558,EXPLORING
6863.747000,LIDAR_ONLY,MIXED,run02,LIDAR_ONLY,0.11692801117897034,0.33258184790611267,0.214192196726799,0.21497774124145508,0.214192196726799,0.0,9.866783142089844,909,3454088,41262,9601,116.88805744157493,3,444,0,0,339.163,5.992051124572754,-21.940763473510742,22.742916905790942,EXPLORING
6864.746000,LIDAR_ONLY,MIXED,run02,LIDAR_ONLY,0.12374421209096909,0.3347872197628021,0.21146297454833984,0.2146035134792328,0.21146297454833984,0.0,1.1605570316314697,912,3465546,41274,9601,117.30698809730754,3,446,0,0,340.162,6.354719161987305,-22.077932357788086,22.972905484228615,EXPLORING
6865.746000,LIDAR_ONLY,MIXED,run02,LIDAR_ONLY,0.10017603635787964,0.317850798368454,0.21495816111564636,0.21417364478111267,0.21495816111564636,0.0,2.161194086074829,914,3473194,41280,9601,117.61921196568284,3,447,0,0,341.162,6.6091837882995605,-22.176637649536133,23.139149384008345,EXPLORING
6866.746000,LIDAR_ONLY,MIXED,run02,LIDAR_ONLY,0.11800582706928253,0.3332817256450653,0.2169712781906128,0.2177545726299286,0.2169712781906128,0.0,1.3197460174560547,918,3488505,41339,9601,118.01252731137207,3,448,0,0,342.162,6.631035804748535,-21.998046875,22.974346408142253,EXPLORING
6867.747000,LIDAR_ONLY,MIXED,run02,LIDAR_ONLY,0.12402647733688354,0.347887247800827,0.21892103552818298,0.2186604142189026,0.21892103552818298,0.0,2.934242010116577,921,3500008,41350,9615,118.3571404182762,3,449,0,0,343.163,6.505604267120361,-21.972936630249023,22.914389719665945,EXPLORING
6868.747000,LIDAR_ONLY,MIXED,run02,LIDAR_ONLY,0.1170772835612297,0.34622135758399963,0.21443459391593933,0.21391350030899048,0.21443459391593933,0.0,1.8728009462356567,923,3507684,41468,9616,118.7306760990307,3,450,0,0,344.163,6.684674263000488,-21.674619674682617,22.68061396694544,EXPLORING
6869.746000,LIDAR_ONLY,MIXED,run02,LIDAR_ONLY,0.13577933609485626,0.3568475842475891,0.21648408472537994,0.21700574457645416,0.21648408472537994,0.0,9.186570167541504,926,3519191,41640,9632,119.09814825807399,3,450,0,0,345.162,6.9279584884643555,-21.45211410522461,22.541638896214415,EXPLORING
6870.747000,LIDAR_ONLY,MIXED,run02,LIDAR_ONLY,0.11757809668779373,0.34303367137908936,0.21340985596179962,0.2154970020055771,0.21340985596179962,0.0,1.1756269931793213,929,3530690,41733,9692,119.47686811445323,3,451,0,0,346.163,7.1212897300720215,-21.20474624633789,22.367149550234117,EXPLORING
6871.749000,LIDAR_ONLY,MIXED,run02,LIDAR_ONLY,0.14502091705799103,0.36310115456581116,0.21824359893798828,0.21510715782642365,0.21824359893798828,0.0,2.158102035522461,931,3538346,41774,9714,119.75812733177523,3,452,0,0,347.165,7.250150680541992,-21.04544448852539,22.257819723637912,EXPLORING
6872.747000,LIDAR_ONLY,MIXED,run02,LIDAR_ONLY,0.1255100816488266,0.3526415228843689,0.21256545186042786,0.21518324315547943,0.21256545186042786,0.0,1.0451840162277222,934,3549801,41817,9731,120.05261424038687,3,453,0,0,348.163,7.488990306854248,-20.976476669311523,22.271772592389688,EXPLORING
6873.746000,LIDAR_ONLY,MIXED,run02,LIDAR_ONLY,0.12318733334541321,0.3452233672142029,0.22198952734470367,0.21727748215198517,0.22198952734470367,0.0,0.9960569739341736,937,3561259,41904,9734,120.33760948804887,3,454,0,0,349.162,7.559978008270264,-20.738632202148438,22.072122077793424,EXPLORING
6874.746000,LIDAR_ONLY,MIXED,run02,LIDAR_ONLY,0.12758295238018036,0.3537926971912384,0.21372446417808533,0.21503405272960663,0.21372446417808533,0.0,1.129004955291748,943,3584173,42046,9747,120.74659177760617,3,457,0,0,350.162,7.7815022468566895,-20.44927978515625,21.878274517087444,EXPLORING
6875.746000,LIDAR_ONLY,MIXED,run02,LIDAR_ONLY,0.13492806255817413,0.35561564564704895,0.22722512483596802,0.22329843044281006,0.22722512483596802,0.0,32.3809928894043,947,3599449,42158,9769,121.10532170077943,3,459,0,0,351.162,8.09450626373291,-20.346342086791992,21.895837422367634,EXPLORING
6876.747000,LIDAR_ONLY,MIXED,run02,LIDAR_ONLY,0.13815820217132568,0.35881513357162476,0.21518324315547943,0.21518324315547943,0.21518324315547943,0.0,0.5889210104942322,949,3607088,42184,9772,121.40685694281017,3,461,0,0,352.163,8.333211898803711,-20.273582458496094,21.917864556282666,EXPLORING
6877.746000,LIDAR_ONLY,MIXED,run02,LIDAR_ONLY,0.13613568246364594,0.3581428527832031,0.2118355631828308,0.21262110769748688,0.2118355631828308,0.0,1.045261025428772,950,3610907,42185,9775,121.83835430217086,3,461,0,0,353.162,8.656046867370605,-20.29302215576172,22.060480929277553,EXPLORING
6878.746000,LIDAR_ONLY,MIXED,run02,LIDAR_ONLY,0.12879526615142822,0.3535517454147339,0.21168456971645355,0.21509037911891937,0.21168456971645355,0.0,1.285465955734253,952,3618541,42190,9775,122.19580278659382,3,462,0,0,354.162,8.925939559936523,-20.36650848388672,22.235035514508585,EXPLORING
6879.747000,LIDAR_ONLY,MIXED,run02,LIDAR_ONLY,0.13680888712406158,0.3534283936023712,0.21042977273464203,0.2088574469089508,0.21042977273464203,0.0,1.174131989479065,956,3633808,42224,9776,122.52631773191784,3,464,0,0,355.163,9.206389427185059,-20.262903213500977,22.254700054931174,EXPLORING
6880.746000,LIDAR_ONLY,MIXED,run02,LIDAR_ONLY,0.13406842947006226,0.3529064357280731,0.20670683681964874,0.21194656193256378,0.20670683681964874,0.0,1.012742042541504,959,3645258,42243,9777,122.95341519828939,3,464,0,0,356.162,9.524341583251953,-20.074586868286133,22.217786218471453,EXPLORING
6881.749000,LIDAR_ONLY,MIXED,run02,LIDAR_ONLY,0.1387598216533661,0.35889020562171936,0.20676100254058838,0.20990565419197083,0.20676100254058838,0.0,1.7571640014648438,962,3656706,42280,9778,123.36969246649019,3,466,0,0,357.165,9.86840534210205,-20.000940322875977,22.30133903849743,EXPLORING
6882.746000,LIDAR_ONLY,MIXED,run02,LIDAR_ONLY,0.13477332890033722,0.35809454321861267,0.2131061553955078,0.21074704825878143,0.2131061553955078,0.0,0.7482870221138,965,3668152,42295,9778,123.75289169936272,3,467,0,0,358.162,10.156718254089355,-20.065034866333008,22.48755201058831,EXPLORING
6883.747000,LIDAR_ONLY,MIXED,run02,LIDAR_ONLY,0.13093551993370056,0.3573414385318756,0.214192196726799,0.21105001866817474,0.214192196726799,0.0,2.624864101409912,967,3675786,42305,9778,124.09219647485327,3,469,0,0,359.163,10.394194602966309,-20.172801971435547,22.69153035834202,EXPLORING
6884.746000,LIDAR_ONLY,MIXED,run02,LIDAR_ONLY,0.13464994728565216,0.3592967092990875,0.21361257135868073,0.21230366826057434,0.21361257135868073,0.0,1.3216060400009155,969,3683423,42316,9778,124.39944182665045,3,471,0,0,360.162,10.657240867614746,-20.177213668823242,22.817099429717558,EXPLORING
6885.746000,LIDAR_ONLY,MIXED,run02,LIDAR_ONLY,0.14411549270153046,0.3652224540710449,0.22230949997901917,0.2194291651248932,0.22230949997901917,0.0,1.0772980451583862,972,3694881,42322,9778,124.80743776206518,3,472,0,0,361.162,11.025455474853516,-20.198139190673828,23.009722072243605,EXPLORING
6886.746000,LIDAR_ONLY,MIXED,run02,LIDAR_ONLY,0.14635081589221954,0.3629835247993469,0.20964360237121582,0.21069182455539703,0.20964360237121582,0.0,7.312010765075684,974,3702516,42333,9778,125.14452064035525,3,473,0,0,362.162,11.280957221984863,-20.400026321411133,23.30968756148531,EXPLORING
6887.749000,LIDAR_ONLY,MIXED,run02,LIDAR_ONLY,0.13791964948177338,0.3566087484359741,0.21258191764354706,0.21127130091190338,0.21258191764354706,0.0,0.7606599926948547,976,3710147,42343,9780,125.49700917295023,3,476,0,0,363.165,11.533693313598633,-20.539241790771484,23.554315286178127,EXPLORING
6888.747000,LIDAR_ONLY,MIXED,run02,LIDAR_ONLY,0.1381160169839859,0.3511578142642975,0.21031953394412994,0.21424829959869385,0.21031953394412994,0.0,2.1159958839416504,978,3717782,42346,9780,125.90593965437367,3,477,0,0,364.163,11.870258331298828,-20.612451553344727,23.784322178179856,EXPLORING
6889.749000,LIDAR_ONLY,MIXED,run02,LIDAR_ONLY,0.13585683703422546,0.34488582611083984,0.2130890041589737,0.21387434005737305,0.2130890041589737,0.0,3.6039979457855225,981,3729239,42361,9780,126.31382919101642,3,479,0,0,365.165,12.131966590881348,-20.8201847076416,24.095250768203442,EXPLORING
6890.748000,LIDAR_ONLY,MIXED,run02,LIDAR_ONLY,0.1291622370481491,0.3432675898075104,0.21288295090198517,0.21550144255161285,0.21288295090198517,0.0,1.6620320081710815,982,3733058,42366,9780,126.6205568543951,3,480,0,0,366.164,12.304923057556152,-21.043148040771484,24.37499850629943,EXPLORING
6891.746000,LIDAR_ONLY,MIXED,run02,LIDAR_ONLY,0.13852860033512115,0.3471403419971466,0.21482840180397034,0.2161383330821991,0.21482840180397034,0.0,1.3924109935760498,985,3744507,42416,9782,126.92291614628026,3,481,0,0,367.162,12.407490730285645,-21.100557327270508,24.476400593095846,EXPLORING
6892.747000,LIDAR_ONLY,MIXED,run02,LIDAR_ONLY,0.14353100955486298,0.3561764061450958,0.21933962404727936,0.21750524640083313,0.21933962404727936,0.0,1.1573439836502075,988,3755957,42447,9789,127.332506122865,3,481,0,0,368.163,12.704298973083496,-21.352691650390625,24.844514371219663,EXPLORING
6893.746000,LIDAR_ONLY,MIXED,run02,LIDAR_ONLY,0.1166139468550682,0.3285408318042755,0.2147158980369568,0.217072531580925,0.2147158980369568,0.0,1.1173239946365356,992,3771231,42585,9795,127.73452761857003,3,482,0,0,369.162,12.947962760925293,-21.586782455444336,25.17043499695794,EXPLORING
6894.747000,LIDAR_ONLY,MIXED,run02,LIDAR_ONLY,0.14081934094429016,0.3498479425907135,0.21838177740573883,0.22021470963954926,0.21838177740573883,0.0,9.404348373413086,994,3778867,42647,9842,128.17819313737138,3,483,0,0,370.163,12.942516326904297,-21.617563247680664,25.19403935570002,EXPLORING
6895.746000,LIDAR_ONLY,MIXED,run02,LIDAR_ONLY,0.1381668597459793,0.34901857376098633,0.21669720113277435,0.21800576150417328,0.21669720113277435,0.0,1.3349100351333618,997,3790324,42670,9858,128.5603520515463,3,484,0,0,371.162,12.984106063842773,-21.39565658569336,25.025451097160836,EXPLORING
6896.748000,LIDAR_ONLY,MIXED,run02,LIDAR_ONLY,0.13329581916332245,0.3575698137283325,0.20340314507484436,0.20366492867469788,0.20340314507484436,0.0,1.2160459756851196,1000,3801781,42709,9860,128.74397485271592,3,487,0,0,372.164,12.922112464904785,-21.40292739868164,24.999571864483684,EXPLORING
6897.746000,LIDAR_ONLY,MIXED,run02,LIDAR_ONLY,0.12175872921943665,0.35193949937820435,0.2169242799282074,0.21718627214431763,0.2169242799282074,0.0,10.19478988647461,1003,3813236,42791,9874,128.94652491868425,3,489,0,0,373.162,12.872554779052734,-21.33352279663086,24.914543492295827,EXPLORING
6898.751000,LIDAR_ONLY,MIXED,run02,LIDAR_ONLY,0.11520136147737503,0.3437593877315521,0.2169589102268219,0.2164354920387268,0.2169589102268219,0.0,1.058851957321167,1006,3824693,42803,9886,129.21051970974392,3,489,0,0,374.167,12.775028228759766,-21.298871994018555,24.8345797677711,EXPLORING
6899.746000,LIDAR_ONLY,MIXED,run02,LIDAR_ONLY,0.10151208192110062,0.3276752531528473,0.2103746384382248,0.21273250877857208,0.2103746384382248,0.0,0.9257649779319763,1009,3836148,42816,9886,129.35194737806154,3,490,0,0,375.162,12.70125961303711,-21.330665588378906,24.824032338326035,EXPLORING
6900.748000,LIDAR_ONLY,MIXED,run02,LIDAR_ONLY,0.12009052187204361,0.34903642535209656,0.21303324401378632,0.2135566622018814,0.21303324401378632,0.0,0.7194759845733643,1012,3847609,42828,9886,129.7002467214926,3,491,0,0,376.164,12.580411911010742,-21.292757034301758,24.729781560556663,EXPLORING
6901.748000,LIDAR_ONLY,MIXED,run02,LIDAR_ONLY,0.12375011295080185,0.35032498836517334,0.21361257135868073,0.2115183174610138,0.21361257135868073,0.0,2.300575017929077,1014,3855246,42845,9887,130.17707660765743,3,492,0,0,377.164,12.404390335083008,-21.3767032623291,24.713290256087145,EXPLORING
6902.748000,LIDAR_ONLY,MIXED,run02,LIDAR_ONLY,0.11856033653020859,0.3501698672771454,0.21910995244979858,0.21884816884994507,0.21910995244979858,0.0,1.6830329895019531,1017,3866707,42872,9888,130.51445950383527,3,494,0,0,378.164,12.518182754516602,-21.369083404541016,24.76401757033321,EXPLORING
6903.749000,LIDAR_ONLY,MIXED,run02,LIDAR_ONLY,0.12123381346464157,0.34339219331741333,0.20246201753616333,0.20560503005981445,0.20246201753616333,0.0,2.845423936843872,1019,3874342,42906,9893,130.9188509695986,3,495,0,0,379.165,12.628510475158691,-21.027498245239258,24.526497125707632,EXPLORING
6904.746000,LIDAR_ONLY,MIXED,run02,LIDAR_ONLY,0.11281079798936844,0.3352559208869934,0.21596857905387878,0.21282722055912018,0.21596857905387878,0.0,1.0770020484924316,1021,3881978,42981,9905,131.39842426283514,3,496,0,0,380.162,12.546307563781738,-21.015039443969727,24.47358089106817,EXPLORING
6905.746000,LIDAR_ONLY,MIXED,run02,LIDAR_ONLY,0.12288455665111542,0.3466947078704834,0.21797223389148712,0.21875818073749542,0.21797223389148712,0.0,1.387910008430481,1023,3889614,43008,9938,131.8295095065384,3,498,0,0,381.162,12.620317459106445,-21.03116798400879,24.525426952895184,EXPLORING
6906.746000,LIDAR_ONLY,MIXED,run02,LIDAR_ONLY,0.12266126275062561,0.35100623965263367,0.21666230261325836,0.21797223389148712,0.21666230261325836,0.0,0.9987540245056152,1024,3893431,43031,9941,132.0926230059781,3,499,0,0,382.162,12.693182945251465,-21.107900619506836,24.628724515017385,EXPLORING
6907.746000,LIDAR_ONLY,MIXED,run02,LIDAR_ONLY,0.12816746532917023,0.3555612862110138,0.2168106883764267,0.21864362061023712,0.2168106883764267,0.0,1.2737940549850464,1027,3904887,43158,9946,132.3526264872167,3,500,0,0,383.162,12.674155235290527,-21.203205108642578,24.700682912338582,EXPLORING
6908.746000,LIDAR_ONLY,MIXED,run02,LIDAR_ONLY,0.140720933675766,0.36353951692581177,0.21969102323055267,0.21811991930007935,0.21969102323055267,0.0,1.1421960592269897,1030,3916343,43200,9987,132.61239709055633,3,501,0,0,384.162,12.87674331665039,-21.19930076599121,24.801889118344718,EXPLORING
6909.750000,LIDAR_ONLY,MIXED,run02,LIDAR_ONLY,0.12830901145935059,0.35618913173675537,0.21288295090198517,0.2120974063873291,0.21288295090198517,0.0,0.7834699749946594,1034,3931615,43219,9988,133.03181441952967,3,502,0,0,385.166,13.248520851135254,-21.2289981842041,25.022090131027237,EXPLORING
6910.746000,LIDAR_ONLY,MIXED,run02,LIDAR_ONLY,0.13043880462646484,0.3569846749305725,0.2120974063873291,0.2147158980369568,0.2120974063873291,0.0,1.3069980144500732,1035,3935434,43236,9990,133.47510115251725,3,503,0,0,386.162,13.594356536865234,-21.159927368164062,25.14874048682902,EXPLORING
6911.749000,LIDAR_ONLY,MIXED,run02,LIDAR_ONLY,0.11676012724637985,0.34928879141807556,0.21011266112327576,0.2095886766910553,0.21011266112327576,0.0,1.1684019565582275,1039,3950707,43283,9992,133.84073806529653,3,504,0,0,387.165,13.885598182678223,-21.070587158203125,25.23268886636155,EXPLORING
6912.747000,LIDAR_ONLY,MIXED,run02,LIDAR_ONLY,0.12360350042581558,0.35381725430488586,0.21063663065433502,0.21247053146362305,0.21063663065433502,0.0,0.8245440125465393,1041,3958344,43305,9998,134.178241611547,3,505,0,0,388.163,14.029960632324219,-20.85188865661621,25.13065812184993,EXPLORING
6913.749000,LIDAR_ONLY,MIXED,run02,LIDAR_ONLY,0.13703706860542297,0.35969024896621704,0.2123592495918274,0.21262110769748688,0.2123592495918274,0.0,1.073760986328125,1044,3969803,43325,10000,134.33454099459388,3,507,0,0,389.165,14.050293922424316,-20.898103713989258,25.18035464682889,EXPLORING
6914.748000,LIDAR_ONLY,MIXED,run02,LIDAR_ONLY,0.12468062341213226,0.3416149914264679,0.2169242799282074,0.2137804627418518,0.2169242799282074,0.0,0.911171019077301,1047,3981256,43338,10001,134.7210243660794,3,508,0,0,390.164,14.338141441345215,-21.058425903320312,25.474437360458573,EXPLORING
6915.746000,LIDAR_ONLY,MIXED,run02,LIDAR_ONLY,0.13375085592269897,0.3510514497756958,0.2097407728433609,0.21262110769748688,0.2097407728433609,0.0,1.656106948852539,1050,3992709,43366,10002,135.06874248133104,3,510,0,0,391.162,14.33351993560791,-21.042430877685547,25.4586153224424,EXPLORING
6916.746000,LIDAR_ONLY,MIXED,run02,LIDAR_ONLY,0.12098553776741028,0.350747674703598,0.21084336936473846,0.21346254646778107,0.21084336936473846,0.0,2.2524940967559814,1052,4000346,43386,10005,135.38030874422333,3,511,0,0,392.162,14.27905559539795,-20.982219696044922,25.378193253864815,EXPLORING
6917.747000,LIDAR_ONLY,MIXED,run02,LIDAR_ONLY,0.11497967690229416,0.34805187582969666,0.21293871104717255,0.21634364128112793,0.21293871104717255,0.0,1.2527660131454468,1055,4011802,43400,10005,135.67268122780038,3,513,0,0,393.163,14.414731979370117,-20.87038230895996,25.362664283046975,EXPLORING
6918.747000,LIDAR_ONLY,MIXED,run02,LIDAR_ONLY,0.11370451748371124,0.34726420044898987,0.2097407728433609,0.2118355631828308,0.2097407728433609,0.0,3.414159059524536,1057,4019438,43482,10009,135.94881707252063,3,515,0,0,394.163,14.606274604797363,-20.80559730529785,25.41894733422659,EXPLORING
6919.747000,LIDAR_ONLY,MIXED,run02,LIDAR_ONLY,0.11448519676923752,0.3475959599018097,0.2099476456642151,0.21282722055912018,0.2099476456642151,0.0,2.4709889888763428,1058,4023258,43499,10042,136.204743197709,3,516,0,0,395.163,14.779982566833496,-20.74431037902832,25.469206323950083,EXPLORING
6920.746000,LIDAR_ONLY,MIXED,run02,LIDAR_ONLY,0.11957558989524841,0.3513379395008087,0.2129945009946823,0.21247053146362305,0.2129945009946823,0.0,1.3656680583953857,1061,4034710,43536,10044,136.49691509812288,3,516,0,0,396.162,15.004546165466309,-20.64560890197754,25.520247606683096,EXPLORING
6921.747000,LIDAR_ONLY,MIXED,run02,LIDAR_ONLY,0.12964943051338196,0.3556991219520569,0.20775477588176727,0.2080167680978775,0.20775477588176727,0.0,5.906228065490723,1062,4038527,43543,10051,136.7934162640756,3,518,0,0,397.163,15.271064758300781,-20.662670135498047,25.6915501409613,EXPLORING
6922.746000,LIDAR_ONLY,MIXED,run02,LIDAR_ONLY,0.11794374138116837,0.34752216935157776,0.21136720478534698,0.21215295791625977,0.21136720478534698,0.0,1.2984240055084229,1067,4057613,43594,10051,137.23231329551294,3,520,0,0,398.162,15.620125770568848,-20.672964096069336,25.908739496279832,EXPLORING
6923.746000,LIDAR_ONLY,MIXED,run02,LIDAR_ONLY,0.11702688783407211,0.34574803709983826,0.2113266885280609,0.21027792990207672,0.2113266885280609,0.0,1.5892590284347534,1069,4065243,43607,10061,137.6314823558537,3,521,0,0,399.162,15.892147064208984,-20.727449417114258,26.116840298830432,EXPLORING
6924.747000,LIDAR_ONLY,MIXED,run02,LIDAR_ONLY,0.11592764407396317,0.3455360531806946,0.21080230176448822,0.2134242206811905,0.21080230176448822,0.0,0.9036660194396973,1072,4076686,43614,10063,137.93417108890074,3,522,0,0,400.163,16.135820388793945,-20.733917236328125,26.27091373055425,EXPLORING
6925.747000,LIDAR_ONLY,MIXED,run02,LIDAR_ONLY,0.11880293488502502,0.35162582993507385,0.21095387637615204,0.21200209856033325,0.21095387637615204,0.0,0.9092839956283569,1075,4088130,43655,10063,138.37828446827314,3,524,0,0,401.163,15.937909126281738,-20.66606330871582,26.096070526696987,EXPLORING
6926.746000,LIDAR_ONLY,MIXED,run02,LIDAR_ONLY,0.1277323067188263,0.3535211384296417,0.2068151980638504,0.21048492193222046,0.2068151980638504,0.0,0.8032950162887573,1078,4099581,43705,10076,138.63521287387917,3,526,0,0,402.162,16.02113914489746,-20.689420700073242,26.16544360569347,EXPLORING
6927.746000,LIDAR_ONLY,MIXED,run02,LIDAR_ONLY,0.13835352659225464,0.36011412739753723,0.21241487562656403,0.2126767933368683,0.21241487562656403,0.0,8.949681282043457,1081,4111034,43754,10092,138.99098196697358,3,526,0,0,403.162,16.328367233276367,-20.697763442993164,26.361206001384986,EXPLORING
6928.747000,LIDAR_ONLY,MIXED,run02,LIDAR_ONLY,0.14128415286540985,0.3641141951084137,0.21258191764354706,0.21284404397010803,0.21258191764354706,0.0,0.7153310179710388,1084,4122484,43801,10111,139.36959398060043,3,527,0,0,404.163,16.591888427734375,-20.57196807861328,26.427183219295973,EXPLORING
6929.746000,LIDAR_ONLY,MIXED,run02,LIDAR_ONLY,0.1286080926656723,0.3562588095664978,0.21005761623382568,0.2139863818883896,0.21005761623382568,0.0,1.197253942489624,1087,4133930,43861,10135,139.6740774206645,3,527,0,0,405.162,16.79691505432129,-20.4668025970459,26.474990549414454,EXPLORING
6930.746000,LIDAR_ONLY,MIXED,run02,LIDAR_ONLY,0.11995755881071091,0.3450509309768677,0.20818038284778595,0.2113266885280609,0.20818038284778595,0.0,0.8978369832038879,1090,4145374,43900,10161,139.96658956312055,3,529,0,0,406.162,16.995668411254883,-20.410457611083984,26.558192807940724,EXPLORING
6931.747000,LIDAR_ONLY,MIXED,run02,LIDAR_ONLY,0.125490203499794,0.3524068295955658,0.21063663065433502,0.21273250877857208,0.21063663065433502,0.0,1.4700809717178345,1091,4149191,43931,10163,140.26399036187883,3,530,0,0,407.163,17.191564559936523,-20.417966842651367,26.689708932119082,EXPLORING
6932.746000,LIDAR_ONLY,MIXED,run02,LIDAR_ONLY,0.13741563260555267,0.3616151511669159,0.2088574469089508,0.21174004673957825,0.2088574469089508,0.0,1.1474659442901611,1092,4153007,43953,10174,140.49334639804536,3,531,0,0,408.162,17.37212562561035,-20.324369430541992,26.73513602139,EXPLORING
6933.748000,LIDAR_ONLY,MIXED,run02,LIDAR_ONLY,0.12973393499851227,0.35420939326286316,0.20618286728858948,0.21063663065433502,0.20618286728858948,0.0,0.871025025844574,1094,4160640,43981,10184,140.9153134508303,3,532,0,0,409.164,17.75082015991211,-20.23537254333496,26.915745339567227,EXPLORING
6934.757000,LIDAR_ONLY,MIXED,run02,LIDAR_ONLY,0.13834397494792938,0.36028385162353516,0.2114076465368271,0.21350078284740448,0.2114076465368271,0.0,0.9731299877166748,1096,4168280,44016,10193,141.34961777311165,3,534,0,0,410.173,18.085899353027344,-20.234712600708008,27.137381377859736,EXPLORING
6935.748000,LIDAR_ONLY,MIXED,run02,LIDAR_ONLY,0.1275184005498886,0.35592472553253174,0.21136720478534698,0.21424829959869385,0.21136720478534698,0.0,1.0837750434875488,1098,4175917,44094,10214,141.73110638580644,3,535,0,0,411.164,18.27761459350586,-20.051067352294922,27.12950762668645,EXPLORING
6936.746000,LIDAR_ONLY,MIXED,run02,LIDAR_ONLY,0.12026333063840866,0.3526870310306549,0.20775477588176727,0.2111606001853943,0.20775477588176727,0.0,1.5942649841308594,1101,4187374,44152,10228,141.9853327099145,3,536,0,0,412.162,18.396724700927734,-20.016042709350586,27.18408959175125,EXPLORING
6937.746000,LIDAR_ONLY,MIXED,run02,LIDAR_ONLY,0.13474078476428986,0.35351961851119995,0.2095886766910553,0.21194656193256378,0.2095886766910553,0.0,1.4240000247955322,1102,4191191,44189,10251,142.14266953137312,3,536,0,0,413.162,18.383073806762695,-20.09124183654785,27.23028838553112,EXPLORING
6938.770000,LIDAR_ONLY,MIXED,run02,LIDAR_ONLY,0.11545364558696747,0.3332383930683136,0.21131186187267303,0.214192196726799,0.21131186187267303,0.0,1.6244210004806519,1105,4202655,44189,10261,142.43891067940112,3,538,0,0,414.186,18.30500030517578,-20.069196701049805,27.161355648031773,EXPLORING
6939.748000,LIDAR_ONLY,MIXED,run02,LIDAR_ONLY,0.12399767339229584,0.3359450399875641,0.21751633286476135,0.21490195393562317,0.21751633286476135,0.0,1.0135819911956787,1107,4210301,44298,10280,142.76051528446717,3,539,0,0,415.164,18.414098739624023,-20.258041381835938,27.37444185141492,EXPLORING
6940.747000,LIDAR_ONLY,MIXED,run02,LIDAR_ONLY,0.14892925322055817,0.36577630043029785,0.20862744748592377,0.21254901587963104,0.20862744748592377,0.0,6.672317028045654,1110,4221769,45060,10299,143.2595709066618,3,541,0,0,416.163,18.264358520507812,-20.217561721801758,27.243899208094653,EXPLORING
6941.746000,LIDAR_ONLY,MIXED,run02,LIDAR_ONLY,0.10993266850709915,0.34074050188064575,0.2079518735408783,0.21370650827884674,0.2079518735408783,0.0,0.7580569982528687,1112,4229415,45887,10636,143.74897452204172,3,541,0,0,417.162,18.272602081298828,-20.101802825927734,27.163653696583285,EXPLORING
6942.748000,LIDAR_ONLY,MIXED,run02,LIDAR_ONLY,0.09644891321659088,0.3296840786933899,0.20811519026756287,0.21047119796276093,0.20811519026756287,0.0,4.732515811920166,1114,4237059,45937,11050,144.18556884033586,3,543,0,0,418.164,18.16781234741211,-20.16357421875,27.139142436660865,EXPLORING
6943.748000,LIDAR_ONLY,MIXED,run02,LIDAR_ONLY,0.11805547028779984,0.3516385555267334,0.21902769804000854,0.21693675220012665,0.21902769804000854,0.0,0.7456579804420471,1117,4248529,46130,11060,144.51851819184319,3,544,0,0,419.164,18.33941650390625,-20.280794143676758,27.341138514550295,EXPLORING
6944.746000,LIDAR_ONLY,MIXED,run02,LIDAR_ONLY,0.11973786354064941,0.3473833203315735,0.21745948493480682,0.2158912718296051,0.21745948493480682,0.0,1.4690849781036377,1120,4260001,46285,11084,144.75760162944968,3,545,0,0,420.162,18.454517364501953,-20.298742294311523,27.431746476461463,EXPLORING
6945.746000,LIDAR_ONLY,MIXED,run02,LIDAR_ONLY,0.11908113956451416,0.3492030203342438,0.2190028727054596,0.21769772469997406,0.2190028727054596,0.0,0.7976750135421753,1123,4271481,46441,11111,145.13250303493567,3,546,0,0,421.162,18.77266502380371,-20.3056583404541,27.6518357520442,EXPLORING
6946.746000,LIDAR_ONLY,MIXED,run02,LIDAR_ONLY,0.11863797158002853,0.3514707386493683,0.21684540808200836,0.21632225811481476,0.21684540808200836,0.0,0.9071009755134583,1126,4282943,46482,11143,145.3984807775689,3,548,0,0,422.162,18.749753952026367,-20.273656845092773,27.612784865712182,EXPLORING
6947.746000,LIDAR_ONLY,MIXED,run02,LIDAR_ONLY,0.1146865114569664,0.34630250930786133,0.21361257135868073,0.21492145955562592,0.21361257135868073,0.0,1.2813949584960938,1129,4294406,46537,11161,145.63957064501716,3,549,0,0,423.162,18.770370483398438,-20.125507354736328,27.51825727758832,EXPLORING
6948.746000,LIDAR_ONLY,MIXED,run02,LIDAR_ONLY,0.11091556400060654,0.3438858091831207,0.2136506289243698,0.2136506289243698,0.2136506289243698,0.0,2.621695041656494,1132,4305876,46621,11173,146.08541705781352,3,549,0,0,424.162,18.822664260864258,-19.912761688232422,27.39895183323635,EXPLORING
6949.746000,LIDAR_ONLY,MIXED,run02,LIDAR_ONLY,0.12896732985973358,0.3556351959705353,0.2205074578523636,0.21789170801639557,0.2205074578523636,0.0,0.6170079708099365,1134,4313523,46645,11198,146.33935421604488,3,550,0,0,425.162,18.869888305664062,-19.96281623840332,27.46776727022956,EXPLORING
6950.747000,LIDAR_ONLY,MIXED,run02,LIDAR_ONLY,0.12495188415050507,0.3514010012149811,0.21675392985343933,0.21727748215198517,0.21675392985343933,0.0,1.1138659715652466,1135,4317343,46666,11204,146.7098054041232,3,551,0,0,426.163,19.147104263305664,-19.90192985534668,27.615013240831598,EXPLORING
6951.747000,LIDAR_ONLY,MIXED,run02,LIDAR_ONLY,0.12595617771148682,0.3567265272140503,0.21879088878631592,0.21722061932086945,0.21879088878631592,0.0,1.032910943031311,1137,4324988,46737,11208,147.08033879341446,3,551,0,0,427.163,19.48134994506836,-19.87203598022461,27.826428014595717,EXPLORING
6952.747000,LIDAR_ONLY,MIXED,run02,LIDAR_ONLY,0.12655754387378693,0.35726138949394226,0.218619242310524,0.21338912844657898,0.218619242310524,0.0,1.6355329751968384,1139,4332634,46812,11225,147.49133673150425,3,552,0,0,428.163,19.785398483276367,-19.67034339904785,27.89754198636074,EXPLORING
6953.748000,LIDAR_ONLY,MIXED,run02,LIDAR_ONLY,0.12505091726779938,0.35656440258026123,0.21396808326244354,0.21527595818042755,0.21396808326244354,0.0,3.2029850482940674,1141,4340280,46845,11240,147.86053039034502,3,555,0,0,429.164,20.066648483276367,-19.506792068481445,27.983440593487,EXPLORING
6954.746000,LIDAR_ONLY,MIXED,run02,LIDAR_ONLY,0.12567344307899475,0.35327473282814026,0.21577847003936768,0.21708464622497559,0.21577847003936768,0.0,1.657852053642273,1145,4355586,46970,11248,148.26873217098296,3,556,0,0,430.162,20.41865348815918,-19.434602737426758,28.187081628116157,EXPLORING
6955.748000,LIDAR_ONLY,MIXED,run02,LIDAR_ONLY,0.12581396102905273,0.35740625858306885,0.21745948493480682,0.2158912718296051,0.21745948493480682,0.0,3.6385600566864014,1147,4363235,47081,11278,148.70902994514492,3,557,0,0,431.164,20.801803588867188,-19.419185638427734,28.455310708054444,EXPLORING
6956.746000,LIDAR_ONLY,MIXED,run02,LIDAR_ONLY,0.11880660057067871,0.35092392563819885,0.2096731960773468,0.21124182641506195,0.2096731960773468,0.0,0.7512639760971069,1149,4370887,47146,11305,149.17272224157097,3,558,0,0,432.162,21.125492095947266,-19.276094436645508,28.59612068996621,EXPLORING
6957.746000,LIDAR_ONLY,MIXED,run02,LIDAR_ONLY,0.12072379887104034,0.35309842228889465,0.20705881714820862,0.21071895956993103,0.20705881714820862,0.0,0.7585710287094116,1151,4378540,47268,11333,149.48216244926056,3,559,0,0,433.162,21.15874481201172,-19.09590721130371,28.49965301850667,EXPLORING
6958.746000,LIDAR_ONLY,MIXED,run02,LIDAR_ONLY,0.11584542691707611,0.3491370975971222,0.21092525124549866,0.21353894472122192,0.21092525124549866,0.0,2.293478012084961,1153,4386192,47434,11343,149.748856886654,3,561,0,0,434.162,21.12256622314453,-19.233938217163086,28.56555886490644,EXPLORING
6959.746000,LIDAR_ONLY,MIXED,run02,LIDAR_ONLY,0.11797937750816345,0.3502734899520874,0.21876633167266846,0.21693675220012665,0.21876633167266846,0.0,1.9139440059661865,1156,4397674,47707,11384,150.01927165790397,3,563,0,0,435.162,21.301759719848633,-19.190507888793945,28.66921527166158,EXPLORING
6960.746000,LIDAR_ONLY,MIXED,run02,LIDAR_ONLY,0.127193421125412,0.3562333881855011,0.21740266680717468,0.21557354927062988,0.21740266680717468,0.0,0.9700080156326294,1159,4409161,48007,11467,150.31242517416658,3,564,0,0,436.162,21.53921127319336,-19.068174362182617,28.764831353271838,EXPLORING
6961.746000,LIDAR_ONLY,MIXED,run02,LIDAR_ONLY,0.11582324653863907,0.3443959653377533,0.21568627655506134,0.2179252654314041,0.21844786405563354,0.0,0.7888090014457703,1162,4420642,48129,11528,150.73378505888206,3,565,0,0,437.162,21.913766860961914,-19.029348373413086,29.02086328845004,EXPLORING
6962.746000,LIDAR_ONLY,MIXED,run02,LIDAR_ONLY,0.12151128053665161,0.34731584787368774,0.21876633167266846,0.2177208513021469,0.21876633167266846,0.0,2.7622580528259277,1165,4432127,48335,11551,151.1707294057413,3,567,0,0,438.162,22.282148361206055,-19.05632209777832,29.317525260556096,EXPLORING
6963.746000,LIDAR_ONLY,MIXED,run02,LIDAR_ONLY,0.12332174926996231,0.3485274314880371,0.21816283464431763,0.21737995743751526,0.21816283464431763,0.0,1.4081920385360718,1167,4439790,48437,11593,151.6134573889319,3,569,0,0,439.162,22.64771842956543,-19.00562286376953,29.563681226068272,EXPLORING
6964.746000,LIDAR_ONLY,MIXED,run02,LIDAR_ONLY,0.1213449090719223,0.348029226064682,0.21503131091594696,0.2171189934015274,0.21503131091594696,0.0,0.8788319826126099,1169,4447454,48540,11610,152.04638745453957,3,571,0,0,440.162,23.036787033081055,-19.01215934753418,29.866915189734232,EXPLORING
6965.747000,LIDAR_ONLY,MIXED,run02,LIDAR_ONLY,0.12439517676830292,0.3515879809856415,0.22059974074363708,0.2179921716451645,0.22059974074363708,0.0,0.6412209868431091,1172,4458955,48699,11630,152.43735278482367,3,573,0,0,441.163,23.381511688232422,-18.981964111328125,30.114541614718355,EXPLORING
6966.749000,LIDAR_ONLY,MIXED,run02,LIDAR_ONLY,0.12083274871110916,0.3500257134437561,0.21929596364498138,0.21773141622543335,0.21929596364498138,0.0,2.5467889308929443,1174,4466622,48799,11660,152.7708925528571,3,575,0,0,442.165,23.674592971801758,-18.92502212524414,30.307050877304686,EXPLORING
6967.750000,LIDAR_ONLY,MIXED,run02,LIDAR_ONLY,0.12276284396648407,0.34722596406936646,0.21689260005950928,0.21715328097343445,0.21689260005950928,0.0,1.1924200057983398,1176,4474290,48888,11675,153.03769009291779,3,576,0,0,443.166,23.795120239257812,-18.88944435119629,30.379153430693194,EXPLORING
6968.746000,LIDAR_ONLY,MIXED,run02,LIDAR_ONLY,0.10965508967638016,0.3302302360534668,0.21867643296718597,0.21736855804920197,0.21867643296718597,0.0,2.2977609634399414,1179,4485780,49091,11692,153.36830314645613,3,577,0,0,444.162,24.033615112304688,-19.07185935974121,30.67936330857557,EXPLORING
6969.746000,LIDAR_ONLY,MIXED,run02,LIDAR_ONLY,0.11721674352884293,0.3396466374397278,0.21972273290157318,0.21893800795078278,0.21972273290157318,0.0,1.011404037475586,1182,4497239,49315,11736,153.78813668306952,3,579,0,0,445.162,24.28422737121582,-19.32929229736328,31.035732157190036,EXPLORING
6970.746000,LIDAR_ONLY,MIXED,run02,LIDAR_ONLY,0.12008735537528992,0.3472656011581421,0.21480900049209595,0.21742543578147888,0.21480900049209595,0.0,1.5492299795150757,1186,4512528,49567,11782,154.17286742574527,3,580,0,0,446.162,24.605968475341797,-19.378311157226562,31.318408555885892,EXPLORING
6971.747000,LIDAR_ONLY,MIXED,run02,LIDAR_ONLY,0.12591566145420074,0.3459545969963074,0.21297749876976013,0.21611721813678741,0.21297749876976013,0.0,0.8470370173454285,1188,4520172,49677,11828,154.52615274251036,3,582,0,0,447.163,24.933860778808594,-19.4405517578125,31.614888285274866,EXPLORING
6972.746000,LIDAR_ONLY,MIXED,run02,LIDAR_ONLY,0.11672189086675644,0.34080368280410767,0.218880757689476,0.2214958220720291,0.218880757689476,0.0,2.143623113632202,1191,4531644,49792,11840,154.94391830159677,3,583,0,0,448.162,25.270233154296875,-19.605201721191406,31.981490137379375,EXPLORING
6973.746000,LIDAR_ONLY,MIXED,run02,LIDAR_ONLY,0.11248494684696198,0.33009615540504456,0.2178114354610443,0.21807260811328888,0.2178114354610443,0.0,0.9367219805717468,1193,4539296,49969,11870,155.2601744802796,3,584,0,0,449.162,25.49220085144043,-19.767593383789062,32.25641014138992,EXPLORING
6974.747000,LIDAR_ONLY,MIXED,run02,LIDAR_ONLY,0.11665814369916916,0.3329157531261444,0.21417364478111267,0.21809624135494232,0.21417364478111267,0.0,1.777001976966858,1194,4543120,50061,11898,155.67724559071547,3,587,0,0,450.163,25.69287872314453,-20.056703567504883,32.592330860328886,EXPLORING
6975.747000,LIDAR_ONLY,MIXED,run02,LIDAR_ONLY,0.1209171786904335,0.3370848298072815,0.217027947306633,0.217027947306633,0.217027947306633,0.0,1.2015199661254883,1196,4550775,50193,11923,156.04278112474077,3,589,0,0,451.163,25.966163635253906,-20.210115432739258,32.902184424029215,EXPLORING
6976.746000,LIDAR_ONLY,MIXED,run02,LIDAR_ONLY,0.11969240754842758,0.33813586831092834,0.21352127194404602,0.21691463887691498,0.21352127194404602,0.0,0.9738380312919617,1198,4558435,50360,11966,156.4147017799022,3,591,0,0,452.162,26.20962142944336,-20.429340362548828,33.228966130859234,EXPLORING
6977.748000,LIDAR_ONLY,MIXED,run02,LIDAR_ONLY,0.12823165953159332,0.343195378780365,0.2101827710866928,0.2148825079202652,0.2101827710866928,0.0,2.586172103881836,1200,4566096,50493,12012,156.78764214549471,3,593,0,0,453.164,26.526052474975586,-20.54994773864746,33.55282925952075,EXPLORING
6978.746000,LIDAR_ONLY,MIXED,run02,LIDAR_ONLY,0.13575316965579987,0.35147956013679504,0.21339239180088043,0.2183428853750229,0.21339239180088043,0.0,1.445741057395935,1202,4573768,50625,12045,157.17425904433216,3,595,0,0,454.162,26.80691146850586,-20.719728469848633,33.87885470261333,EXPLORING
6979.746000,LIDAR_ONLY,MIXED,run02,LIDAR_ONLY,0.1475292146205902,0.361556738615036,0.21156851947307587,0.21651901304721832,0.21156851947307587,0.0,0.9041529893875122,1204,4581446,50726,12072,157.53847815658702,3,597,0,0,455.162,27.113370895385742,-20.787870407104492,34.16325899825561,EXPLORING
6980.746000,LIDAR_ONLY,MIXED,run02,LIDAR_ONLY,0.12251225858926773,0.3430382013320923,0.21718749403953552,0.21953125298023224,0.21718749403953552,0.0,3.205796003341675,1206,4589126,50839,12096,157.88050252233725,3,599,0,0,456.162,27.37270736694336,-20.9096622467041,34.443224088687415,EXPLORING
6981.747000,LIDAR_ONLY,MIXED,run02,LIDAR_ONLY,0.13327179849147797,0.34988123178482056,0.21562500298023224,0.21796874701976776,0.21562500298023224,0.0,1.0216389894485474,1208,4596806,50839,12116,158.2604670057858,3,601,0,0,457.163,27.678592681884766,-21.068143844604492,34.78255751928158,EXPLORING
6982.747000,LIDAR_ONLY,MIXED,run02,LIDAR_ONLY,0.12498441338539124,0.34613654017448425,0.21901041269302368,0.21953125298023224,0.21901041269302368,0.0,1.161666989326477,1210,4604484,51015,12126,158.6143939188868,3,602,0,0,458.163,27.93280792236328,-21.246227264404297,35.092702335537325,EXPLORING
6983.751000,LIDAR_ONLY,MIXED,run02,LIDAR_ONLY,0.11855784058570862,0.34169667959213257,0.21875,0.21927084028720856,0.21875,0.0,1.1044379472732544,1212,4612164,51143,12160,159.04416321926018,3,603,0,0,459.167,28.190954208374023,-21.51603889465332,35.46155913563767,EXPLORING
6984.746000,LIDAR_ONLY,MIXED,run02,LIDAR_ONLY,0.13341966271400452,0.3507915139198303,0.21588541567325592,0.2174479216337204,0.21588541567325592,0.0,1.2218459844589233,1214,4619844,51227,12186,159.39083118044695,3,604,0,0,460.162,28.49505615234375,-21.61836051940918,35.765524131939536,EXPLORING
6985.746000,LIDAR_ONLY,MIXED,run02,LIDAR_ONLY,0.11584603786468506,0.34082889556884766,0.21516019105911255,0.21568116545677185,0.21516019105911255,0.0,1.54312002658844,1216,4627523,51445,12201,159.688838881466,3,607,0,0,461.162,28.738384246826172,-21.73134422302246,36.027709923024574,EXPLORING
6986.746000,LIDAR_ONLY,MIXED,run02,LIDAR_ONLY,0.12109691649675369,0.3410540819168091,0.21406249701976776,0.2174479216337204,0.21406249701976776,0.0,1.4741319417953491,1218,4635203,51568,12250,160.01598177702027,3,609,0,0,462.162,28.725332260131836,-21.797508239746094,36.05725789155669,EXPLORING
6987.746000,LIDAR_ONLY,MIXED,run02,LIDAR_ONLY,0.12637995183467865,0.34629911184310913,0.21666666865348816,0.21458333730697632,0.21666666865348816,0.0,0.8538429737091064,1220,4642883,51709,12276,160.33265627424524,3,610,0,0,463.162,28.838815689086914,-22.06483268737793,36.309544085822296,EXPLORING
6988.746000,LIDAR_ONLY,MIXED,run02,LIDAR_ONLY,0.13678845763206482,0.3518134355545044,0.21276041865348816,0.21588541567325592,0.21276041865348816,0.0,1.3234549760818481,1225,4662083,51983,12311,160.75169278618642,3,611,0,0,464.162,29.15749168395996,-22.226348876953125,36.660840663375794,EXPLORING
6989.748000,LIDAR_ONLY,MIXED,run02,LIDAR_ONLY,0.1200835257768631,0.34268346428871155,0.2122395783662796,0.21458333730697632,0.2122395783662796,0.0,1.4711300134658813,1227,4669763,52025,12352,161.13372815717224,3,613,0,0,465.164,29.4139461517334,-22.447769165039062,36.99903395147137,EXPLORING
6990.747000,LIDAR_ONLY,MIXED,run02,LIDAR_ONLY,0.12753959000110626,0.3464896082878113,0.21302083134651184,0.21562500298023224,0.21302083134651184,0.0,1.1467969417572021,1229,4677443,52119,12356,161.49916944594798,3,615,0,0,466.163,29.61793327331543,-22.697458267211914,37.312749782182294,EXPLORING
6991.747000,LIDAR_ONLY,MIXED,run02,LIDAR_ONLY,0.12217951565980911,0.34343355894088745,0.22031250596046448,0.22187499701976776,0.22031250596046448,0.0,2.3524270057678223,1232,4688963,52213,12369,161.87387177360227,3,616,0,0,467.163,29.776212692260742,-22.929807662963867,37.5798165555866,EXPLORING
6992.746000,LIDAR_ONLY,MIXED,run02,LIDAR_ONLY,0.11459454894065857,0.33694830536842346,0.21953125298023224,0.21822915971279144,0.21953125298023224,0.0,1.050083041191101,1233,4692803,52274,12396,162.12789608763927,3,618,0,0,468.162,29.890825271606445,-23.062345504760742,37.75150629721995,EXPLORING
6993.746000,LIDAR_ONLY,MIXED,run02,LIDAR_ONLY,0.1285916417837143,0.3449743688106537,0.21380208432674408,0.21770833432674408,0.21380208432674408,0.0,1.4054850339889526,1235,4700483,52404,12410,162.45172720205397,3,619,0,0,469.162,30.046424865722656,-23.31920051574707,38.031759326312745,EXPLORING
6994.746000,LIDAR_ONLY,MIXED,run02,LIDAR_ONLY,0.13673104345798492,0.35033589601516724,0.21588541567325592,0.2174479216337204,0.21588541567325592,0.0,4.055056095123291,1237,4708163,52538,12444,162.86442783037722,3,619,0,0,470.162,30.30126953125,-23.570932388305664,38.38744993247455,EXPLORING
6995.747000,LIDAR_ONLY,MIXED,run02,LIDAR_ONLY,0.12872843444347382,0.3460461497306824,0.21901041269302368,0.21796874701976776,0.21901041269302368,0.0,2.6239960193634033,1238,4712003,52599,12494,163.20147676699725,3,620,0,0,471.163,30.528732299804688,-23.756166458129883,38.6807219750591,EXPLORING
6996.746000,LIDAR_ONLY,MIXED,run02,LIDAR_ONLY,0.1112968847155571,0.3341279625892639,0.21145834028720856,0.21432290971279144,0.21145834028720856,0.0,2.7383389472961426,1240,4719683,52684,12515,163.53597194090239,3,623,0,0,472.162,30.66316032409668,-24.029075622558594,38.954642710161934,EXPLORING
6997.746000,LIDAR_ONLY,MIXED,run02,LIDAR_ONLY,0.1283797174692154,0.34455549716949463,0.21901041269302368,0.21770833432674408,0.21901041269302368,0.0,1.83945894241333,1243,4731203,52813,12544,163.84268316554198,3,624,0,0,473.162,30.72612953186035,-24.24723243713379,39.13899595430252,EXPLORING
6998.746000,LIDAR_ONLY,MIXED,run02,LIDAR_ONLY,0.13243263959884644,0.3481009304523468,0.21901041269302368,0.21796874701976776,0.21901041269302368,0.0,1.280176043510437,1245,4738883,52916,12587,164.23918059494986,3,625,0,0,474.162,30.963178634643555,-24.41855812072754,39.43121700304813,EXPLORING
6999.746000,LIDAR_ONLY,MIXED,run02,LIDAR_ONLY,0.11666006594896317,0.3385578691959381,0.2161458283662796,0.21640625596046448,0.2161458283662796,0.0,1.1283999681472778,1247,4746563,53114,12614,164.47564499125338,3,627,0,0,475.162,31.020057678222656,-24.56317138671875,39.56550714874707,EXPLORING
7000.747000,LIDAR_ONLY,MIXED,run02,LIDAR_ONLY,0.11274638026952744,0.33345505595207214,0.21536459028720856,0.2174479216337204,0.21536459028720856,0.0,0.9000869989395142,1249,4754243,53211,12684,164.8625017575707,3,629,0,0,476.163,31.0103816986084,-24.89870834350586,39.76713335227287,EXPLORING
7001.747000,LIDAR_ONLY,MIXED,run02,LIDAR_ONLY,0.11309589445590973,0.3329395353794098,0.21848958730697632,0.21770833432674408,0.21848958730697632,0.0,0.9704499840736389,1251,4761923,53488,12703,165.2438497382836,3,630,0,0,477.163,30.97712516784668,-25.245098114013672,39.959132078727784,EXPLORING
7002.747000,LIDAR_ONLY,MIXED,run02,LIDAR_ONLY,0.115910604596138,0.33553346991539,0.21953125298023224,0.2174479216337204,0.21953125298023224,0.0,1.7182780504226685,1253,4769603,53566,12824,165.60538660800927,3,630,0,0,478.163,30.980220794677734,-25.552845001220703,40.15664821904812,EXPLORING
7003.746000,LIDAR_ONLY,MIXED,run02,LIDAR_ONLY,0.11043758690357208,0.33100655674934387,0.21171875298023224,0.21588541567325592,0.21171875298023224,0.0,1.0466740131378174,1255,4777283,53643,12847,166.06751896005053,3,631,0,0,479.162,31.031782150268555,-25.944074630737305,40.44626137749499,EXPLORING
7004.746000,LIDAR_ONLY,MIXED,run02,LIDAR_ONLY,0.09347958117723465,0.3154797852039337,0.21484375,0.21640625596046448,0.21484375,0.0,0.8653209805488586,1257,4784963,53688,12858,166.50163904826664,3,632,0,0,480.162,30.997262954711914,-26.26676368713379,40.62765447489867,EXPLORING
7005.748000,LIDAR_ONLY,MIXED,run02,LIDAR_ONLY,0.11654452979564667,0.3352954089641571,0.21432290971279144,0.21536459028720856,0.21432290971279144,0.0,1.30833101272583,1259,4792643,53758,12865,166.76588475248764,3,634,0,0,481.164,30.97234535217285,-26.380342483520508,40.682203351102515,EXPLORING
7006.747000,LIDAR_ONLY,MIXED,run02,LIDAR_ONLY,0.13489821553230286,0.34599223732948303,0.21484375,0.2200520783662796,0.21484375,0.0,0.9976699948310852,1261,4800323,53843,12880,167.01388458903818,3,636,0,0,482.163,31.108867645263672,-26.543193817138672,40.89174721996317,EXPLORING
7007.747000,LIDAR_ONLY,MIXED,run02,LIDAR_ONLY,0.11598561704158783,0.33588987588882446,0.20364584028720856,0.20755209028720856,0.20364584028720856,0.0,1.5580869913101196,1265,4815683,53941,12896,167.42903274207026,3,637,0,0,483.163,31.240108489990234,-26.8636417388916,41.19988789925248,EXPLORING
7008.749000,LIDAR_ONLY,MIXED,run02,LIDAR_ONLY,0.11506069451570511,0.3340355455875397,0.22031250596046448,0.21822915971279144,0.22031250596046448,0.0,0.7138590216636658,1267,4823363,54013,12910,167.78645967381493,3,639,0,0,484.165,31.302448272705078,-27.2032413482666,41.46914409020686,EXPLORING
7009.749000,LIDAR_ONLY,MIXED,run02,LIDAR_ONLY,0.11533348262310028,0.33370241522789,0.21901041269302368,0.21848958730697632,0.21901041269302368,0.0,3.445517063140869,1269,4831043,54062,12919,168.2319793050944,3,640,0,0,485.165,31.300233840942383,-27.583940505981445,41.718198240434596,EXPLORING
7010.747000,LIDAR_ONLY,MIXED,run02,LIDAR_ONLY,0.12373199313879013,0.33834853768348694,0.2174479216337204,0.21770833432674408,0.2174479216337204,0.0,0.8466579914093018,1271,4838723,54111,12938,168.6564424497557,3,641,0,0,486.163,31.306392669677734,-27.96434211730957,41.97527391353936,EXPLORING
7011.748000,LIDAR_ONLY,MIXED,run02,LIDAR_ONLY,0.1180533841252327,0.3346898853778839,0.21432290971279144,0.21901041269302368,0.21432290971279144,0.0,1.0401979684829712,1273,4846403,54163,12955,169.0809921815749,3,643,0,0,487.164,31.32034683227539,-28.329145431518555,42.22952624860257,EXPLORING
7012.746000,LIDAR_ONLY,MIXED,run02,LIDAR_ONLY,0.11581390351057053,0.33406931161880493,0.21562500298023224,0.21302083134651184,0.21562500298023224,0.0,7.59902286529541,1275,4854083,54225,12979,169.4778383613548,3,644,0,0,488.162,31.354257583618164,-28.66792106628418,42.48254614627436,EXPLORING
7013.748000,LIDAR_ONLY,MIXED,run02,LIDAR_ONLY,0.12345597892999649,0.3379446268081665,0.21197916567325592,0.21432290971279144,0.21197916567325592,0.0,2.1414859294891357,1277,4861763,54273,13011,169.81935282135845,3,645,0,0,489.164,31.460275650024414,-28.961523056030273,42.75915571696244,EXPLORING
7014.746000,LIDAR_ONLY,MIXED,run02,LIDAR_ONLY,0.09473289549350739,0.3165372908115387,0.2135416716337204,0.21380208432674408,0.2135416716337204,0.0,1.1375349760055542,1280,4873283,54312,13029,170.04166463062066,3,645,0,0,490.162,31.470834732055664,-28.931270599365234,42.74644434697679,EXPLORING
7015.746000,LIDAR_ONLY,MIXED,run02,LIDAR_ONLY,0.07403021305799484,0.28919193148612976,0.21197916567325592,0.21276041865348816,0.21197916567325592,0.0,9.465371131896973,1281,4877123,54368,13046,170.17832600161742,3,647,0,0,491.162,31.428024291992188,-28.855621337890625,42.663737993289246,EXPLORING
7016.746000,LIDAR_ONLY,MIXED,run02,LIDAR_ONLY,0.0732932761311531,0.2881264388561249,0.21484375,0.2161458283662796,0.21484375,0.0,0.9385650157928467,1284,4888643,54437,13070,170.330956020899,3,648,0,0,492.162,31.433012008666992,-28.759912490844727,42.60274524954818,EXPLORING
7017.746000,LIDAR_ONLY,MIXED,run02,LIDAR_ONLY,0.09825428575277328,0.3238229751586914,0.21145834028720856,0.21484375,0.21145834028720856,0.0,0.7538629770278931,1286,4896323,54487,13094,170.49739541564247,3,651,0,0,493.162,31.490720748901367,-28.73933219909668,42.63146268616308,EXPLORING
7018.751000,LIDAR_ONLY,MIXED,run02,LIDAR_ONLY,0.11724721640348434,0.340126633644104,0.2096354216337204,0.21432290971279144,0.2096354216337204,0.0,1.009016990661621,1288,4904003,54513,13117,170.7214690751376,3,651,0,0,494.167,31.549274444580078,-28.579816818237305,42.56747111506319,EXPLORING
7019.751000,LIDAR_ONLY,MIXED,run02,LIDAR_ONLY,0.1040266752243042,0.32946938276290894,0.2109375,0.21458333730697632,0.2109375,0.0,1.781430959701538,1290,4911683,54520,13120,171.14137812588902,3,653,0,0,495.167,31.48158073425293,-28.224451065063477,42.27927854938564,EXPLORING
7020.746000,LIDAR_ONLY,MIXED,run02,LIDAR_ONLY,0.10996837913990021,0.33612093329429626,0.21770833432674408,0.21484375,0.21770833432674408,0.0,2.632612943649292,1292,4919363,54526,13123,171.47355659330452,3,655,0,0,496.162,31.496910095214844,-27.941076278686523,42.102106265145224,EXPLORING
7021.746000,LIDAR_ONLY,MIXED,run02,LIDAR_ONLY,0.11349571496248245,0.3400978744029999,0.21822915971279144,0.21588541567325592,0.21822915971279144,0.0,1.5177340507507324,1294,4927043,54528,13124,171.77927801953714,3,656,0,0,497.162,31.528108596801758,-27.6904354095459,41.959628458454674,EXPLORING
7022.749000,LIDAR_ONLY,MIXED,run02,LIDAR_ONLY,0.10894963890314102,0.3342394530773163,0.2174479216337204,0.2161458283662796,0.2174479216337204,0.0,0.6797149777412415,1295,4930883,54574,13126,172.00893602998823,3,657,0,0,498.165,31.49399757385254,-27.506526947021484,41.81279631788533,EXPLORING
7023.746000,LIDAR_ONLY,MIXED,run02,LIDAR_ONLY,0.12352896481752396,0.34315773844718933,0.21432290971279144,0.21380208432674408,0.21432290971279144,0.0,4.842418193817139,1297,4938563,54636,13144,172.39296607530991,3,658,0,0,499.162,31.371028900146484,-27.211496353149414,41.5263411482669,EXPLORING
7024.747000,LIDAR_ONLY,MIXED,run02,LIDAR_ONLY,0.12994544208049774,0.3489316701889038,0.21718749403953552,0.21588541567325592,0.21718749403953552,0.0,1.3737800121307373,1302,4957763,54687,13149,172.73650028555454,3,659,0,0,500.163,31.318761825561523,-26.9009952545166,41.28388489848717,EXPLORING
7025.746000,LIDAR_ONLY,MIXED,run02,LIDAR_ONLY,0.1310655027627945,0.3502025902271271,0.21848958730697632,0.21770833432674408,0.21848958730697632,0.0,0.8420839905738831,1304,4965443,54689,13152,173.17638575746165,3,661,0,0,501.162,31.353214263916016,-26.52465057373047,41.06595201768282,EXPLORING
7026.746000,LIDAR_ONLY,MIXED,run02,LIDAR_ONLY,0.1365956813097,0.35390880703926086,0.21718749403953552,0.21458333730697632,0.21718749403953552,0.0,1.1180800199508667,1306,4973123,54690,13152,173.60393315590667,3,663,0,0,502.162,31.322664260864258,-26.16290283203125,40.809788170196946,EXPLORING
7027.746000,LIDAR_ONLY,MIXED,run02,LIDAR_ONLY,0.13440477848052979,0.35474252700805664,0.21718749403953552,0.21848958730697632,0.21718749403953552,0.0,3.1454288959503174,1308,4980803,54720,13152,173.99495568167652,3,664,0,0,503.162,31.290834426879883,-25.824172973632812,40.56891631036875,EXPLORING
7028.747000,LIDAR_ONLY,MIXED,run02,LIDAR_ONLY,0.13824254274368286,0.35747045278549194,0.21640625596046448,0.21718749403953552,0.21640625596046448,0.0,0.7779690027236938,1310,4988483,54725,13168,174.3533909474954,3,664,0,0,504.163,31.244646072387695,-25.51044273376465,40.33415504729096,EXPLORING
7029.746000,LIDAR_ONLY,MIXED,run02,LIDAR_ONLY,0.14641889929771423,0.3623478412628174,0.21692708134651184,0.2161458283662796,0.21692708134651184,0.0,1.9438589811325073,1312,4996163,54731,13169,174.7630703492863,3,666,0,0,505.162,31.305652618408203,-25.161334991455078,40.16180396842188,EXPLORING
7030.747000,LIDAR_ONLY,MIXED,run02,LIDAR_ONLY,0.13706393539905548,0.3620591163635254,0.2161458283662796,0.21927084028720856,0.2161458283662796,0.0,1.492751955986023,1314,5003843,54735,13169,175.11886606341037,3,669,0,0,506.163,31.237335205078125,-24.865800857543945,39.92384972226011,EXPLORING
7031.746000,LIDAR_ONLY,MIXED,run02,LIDAR_ONLY,0.1378536969423294,0.3591296076774597,0.21796874701976776,0.22161458432674408,0.21796874701976776,0.0,3.9288079738616943,1316,5011523,54746,13169,175.47236651106712,3,671,0,0,507.162,31.19301414489746,-24.546297073364258,39.69080715772651,EXPLORING
7032.746000,LIDAR_ONLY,MIXED,run02,LIDAR_ONLY,0.1458277404308319,0.3508892059326172,0.21380208432674408,0.21718749403953552,0.21380208432674408,0.0,0.8555219769477844,1318,5019203,54751,13172,175.98788717692025,3,672,0,0,508.162,31.35889434814453,-24.64242172241211,39.880618456758235,EXPLORING
7033.746000,LIDAR_ONLY,MIXED,run02,LIDAR_ONLY,0.12937282025814056,0.35546374320983887,0.21119791269302368,0.21901041269302368,0.21119791269302368,0.0,16.070680618286133,1320,5026883,54761,13174,176.5129044489946,3,673,0,0,509.162,31.37183952331543,-24.442121505737305,39.767379106521716,EXPLORING
7034.749000,LIDAR_ONLY,MIXED,run02,LIDAR_ONLY,0.14008791744709015,0.36708274483680725,0.21588541567325592,0.21692708134651184,0.21588541567325592,0.0,1.840770959854126,1322,5034563,54769,13174,176.7793243672801,3,674,0,0,510.165,31.31721305847168,-24.261362075805664,39.613342109926705,EXPLORING
7035.749000,LIDAR_ONLY,MIXED,run02,LIDAR_ONLY,0.13808952271938324,0.3619734048843384,0.21640625596046448,0.20885416865348816,0.21640625596046448,0.0,1.2289890050888062,1324,5042243,54840,13175,177.18369234735923,3,675,0,0,511.165,31.308088302612305,-23.90973472595215,39.39172252051994,EXPLORING
7036.748000,LIDAR_ONLY,MIXED,run02,LIDAR_ONLY,0.14341343939304352,0.3720789849758148,0.21536459028720856,0.21666666865348816,0.21536459028720856,0.0,11.21419620513916,1326,5049923,55335,13200,177.60428001589173,3,677,0,0,512.164,31.309206008911133,-23.552623748779297,39.176894680409205,EXPLORING
7037.746000,LIDAR_ONLY,MIXED,run02,LIDAR_ONLY,0.12782400846481323,0.3618931770324707,0.21692708134651184,0.21666666865348816,0.21692708134651184,0.0,1.3660320043563843,1328,5057603,55344,13414,177.99071391801274,3,678,0,0,513.162,31.102048873901367,-23.37026596069336,38.901728917544155,EXPLORING
7038.746000,LIDAR_ONLY,MIXED,run02,LIDAR_ONLY,0.12785184383392334,0.36678531765937805,0.21171875298023224,0.21718749403953552,0.21171875298023224,0.0,2.1057400703430176,1330,5065283,55361,13414,178.279722113621,3,680,0,0,514.162,30.98456382751465,-23.1687068939209,38.68682878873058,EXPLORING
7039.748000,LIDAR_ONLY,MIXED,run02,LIDAR_ONLY,0.1307908445596695,0.36953726410865784,0.21458333730697632,0.21718749403953552,0.21458333730697632,0.0,3.6749589443206787,1332,5072963,55367,13418,178.66035302006742,3,682,0,0,515.164,30.892553329467773,-22.84563636779785,38.420208482452374,EXPLORING
7040.750000,LIDAR_ONLY,MIXED,run02,LIDAR_ONLY,0.13744141161441803,0.37287282943725586,0.21250000596046448,0.21328124403953552,0.21250000596046448,0.0,0.9534280300140381,1334,5080643,55370,13419,179.00068588466854,3,684,0,0,516.166,30.74005889892578,-22.563676834106445,38.130188655630434,EXPLORING
7041.746000,LIDAR_ONLY,MIXED,run02,LIDAR_ONLY,0.13492485880851746,0.37190383672714233,0.20885416865348816,0.21953125298023224,0.20885416865348816,0.0,6.309269905090332,1335,5084483,55374,13419,179.34906957468928,3,684,0,0,517.162,30.543277740478516,-22.326642990112305,37.831369750764644,EXPLORING
7042.746000,LIDAR_ONLY,MIXED,run02,LIDAR_ONLY,0.14404328167438507,0.37695634365081787,0.21901041269302368,0.21875,0.21901041269302368,0.0,13.548530578613281,1340,5103683,55462,13419,179.77429905824468,3,685,0,0,518.162,30.524595260620117,-21.965198516845703,37.60403298496182,EXPLORING
7043.747000,LIDAR_ONLY,MIXED,run02,LIDAR_ONLY,0.1428433507680893,0.3759881258010864,0.21822915971279144,0.21953125298023224,0.21822915971279144,0.0,2.1344408988952637,1342,5111363,55473,13450,180.1263645133066,3,686,0,0,519.163,30.449169158935547,-21.64997673034668,37.35929164153298,EXPLORING
7044.746000,LIDAR_ONLY,MIXED,run02,LIDAR_ONLY,0.13702963292598724,0.37264278531074524,0.21875,0.21875,0.21875,0.0,1.785295009613037,1345,5122883,55480,13450,180.5133469979306,3,687,0,0,520.162,30.38593864440918,-21.35146713256836,37.13535321488156,EXPLORING
7045.746000,LIDAR_ONLY,MIXED,run02,LIDAR_ONLY,0.1327120065689087,0.3685295283794403,0.22031250596046448,0.22031250596046448,0.22031250596046448,0.0,0.997672975063324,1347,5130563,55488,13450,180.8043860899411,3,688,0,0,521.162,30.330062866210938,-21.118000030517578,36.9557479268554,EXPLORING
7046.746000,LIDAR_ONLY,MIXED,run02,LIDAR_ONLY,0.13470175862312317,0.3657256066799164,0.21901041269302368,0.21901041269302368,0.21901041269302368,0.0,1.5631719827651978,1349,5138243,55498,13450,181.12983901162607,3,690,0,0,522.162,30.366680145263672,-20.806806564331055,36.80901418225953,EXPLORING
7047.746000,LIDAR_ONLY,MIXED,run02,LIDAR_ONLY,0.14034810662269592,0.37073585391044617,0.21901041269302368,0.21901041269302368,0.21901041269302368,0.0,1.3721599578857422,1351,5145923,55502,13450,181.5257232594225,3,691,0,0,523.162,30.548669815063477,-20.503475189208984,36.78938160504456,EXPLORING
7048.746000,LIDAR_ONLY,MIXED,run02,LIDAR_ONLY,0.12204848974943161,0.3573852479457855,0.21510416269302368,0.21432290971279144,0.21510416269302368,0.0,1.1258790493011475,1353,5153603,55537,13450,181.93304625870522,3,692,0,0,524.162,30.58788299560547,-20.13900375366211,36.62025960762431,EXPLORING
7049.746000,LIDAR_ONLY,MIXED,run02,LIDAR_ONLY,0.1188744604587555,0.35457494854927063,0.2200520783662796,0.21822915971279144,0.2200520783662796,0.0,1.0440020561218262,1354,5157443,55537,13455,182.19362056206347,3,693,0,0,525.162,30.668838500976562,-19.991846084594727,36.607333400639924,EXPLORING
7050.748000,LIDAR_ONLY,MIXED,run02,LIDAR_ONLY,0.12259305268526077,0.356644868850708,0.21510416269302368,0.21640625596046448,0.21510416269302368,0.0,2.251797914505005,1357,5168963,55612,13455,182.52533009318304,3,696,0,0,526.164,30.697704315185547,-19.755294799804688,36.50296308628662,EXPLORING
7051.746000,LIDAR_ONLY,MIXED,run02,LIDAR_ONLY,0.1254958212375641,0.3577482998371124,0.21796874701976776,0.21796874701976776,0.21796874701976776,0.0,1.2012250423431396,1359,5176643,55673,13458,182.78302198392956,3,697,0,0,527.162,30.794443130493164,-19.56974983215332,36.48449493567187,EXPLORING
7052.746000,LIDAR_ONLY,MIXED,run02,LIDAR_ONLY,0.13238973915576935,0.3636111617088318,0.21984891593456268,0.21828600764274597,0.21984891593456268,0.0,0.8697869777679443,1361,5184322,55727,13464,183.0426943450935,3,700,0,0,528.162,30.909500122070312,-19.40007972717285,36.49117249086245,EXPLORING
7053.746000,LIDAR_ONLY,MIXED,run02,LIDAR_ONLY,0.13877791166305542,0.3657791316509247,0.21938510239124298,0.21912454068660736,0.21938510239124298,0.0,5.135993003845215,1363,5191998,55847,13467,183.35045787600902,3,702,0,0,529.162,31.012765884399414,-19.167211532592773,36.455713188735686,EXPLORING
7054.748000,LIDAR_ONLY,MIXED,run02,LIDAR_ONLY,0.14076554775238037,0.3673759400844574,0.2208029180765152,0.21949948370456696,0.2208029180765152,0.0,1.8538899421691895,1365,5199670,55932,13498,183.7788913064918,3,703,0,0,530.164,31.2248592376709,-18.816566467285156,36.45408296217536,EXPLORING
7055.746000,LIDAR_ONLY,MIXED,run02,LIDAR_ONLY,0.13533645868301392,0.36483049392700195,0.21929596364498138,0.21851368248462677,0.21929596364498138,0.0,3.6600089073181152,1367,5207342,55981,13501,184.16265286882305,3,705,0,0,531.162,31.507217407226562,-18.62162971496582,36.59664235518107,EXPLORING
7056.746000,LIDAR_ONLY,MIXED,run02,LIDAR_ONLY,0.1395837515592575,0.3657378852367401,0.21903520822525024,0.2187744528055191,0.21903520822525024,0.0,6.22889518737793,1370,5218847,56040,13502,184.5465312621566,3,707,0,0,532.162,31.751445770263672,-18.4185848236084,36.70480025132434,EXPLORING
7057.749000,LIDAR_ONLY,MIXED,run02,LIDAR_ONLY,0.13614025712013245,0.3647955358028412,0.21981747448444366,0.21460235118865967,0.21981747448444366,0.0,2.0804059505462646,1371,5222682,56069,13504,184.81346031610576,3,707,0,0,533.165,31.915115356445312,-18.249773025512695,36.76237535954679,EXPLORING
7058.748000,LIDAR_ONLY,MIXED,run02,LIDAR_ONLY,0.13032808899879456,0.36210617423057556,0.22051148116588593,0.21868476271629333,0.22051148116588593,0.0,1.2946029901504517,1373,5230348,56137,13504,185.18140876916462,3,707,0,0,534.164,32.23537063598633,-18.113340377807617,36.973702023895996,EXPLORING
7059.748000,LIDAR_ONLY,MIXED,run02,LIDAR_ONLY,0.13425585627555847,0.3623175621032715,0.21842379868030548,0.2189457267522812,0.21842379868030548,0.0,1.8810850381851196,1378,5249511,56446,13504,185.63692468462241,3,709,0,0,535.164,32.574302673339844,-17.985557556152344,37.20761739376554,EXPLORING
7060.748000,LIDAR_ONLY,MIXED,run02,LIDAR_ONLY,0.12917213141918182,0.35873547196388245,0.21648408472537994,0.2180490344762802,0.21648408472537994,0.0,1.116968035697937,1380,5257178,56507,13540,185.90663248713264,3,712,0,0,536.164,32.676963806152344,-17.869844436645508,37.24186380391927,EXPLORING
7061.747000,LIDAR_ONLY,MIXED,run02,LIDAR_ONLY,0.11937130987644196,0.354255735874176,0.21700574457645416,0.21857067942619324,0.21700574457645416,0.0,1.285194993019104,1382,5264844,56588,13549,186.20382534243458,3,713,0,0,537.163,32.851749420166016,-17.782581329345703,37.35369087295284,EXPLORING
7062.748000,LIDAR_ONLY,MIXED,run02,LIDAR_ONLY,0.14136171340942383,0.3652956485748291,0.21445342898368835,0.21627967059612274,0.21445342898368835,0.0,1.4012349843978882,1384,5272509,56734,13561,186.71980176854183,3,715,0,0,538.164,32.66478729248047,-17.900808334350586,37.246051839585895,EXPLORING
7063.746000,LIDAR_ONLY,MIXED,run02,LIDAR_ONLY,0.12265757471323013,0.3472440540790558,0.21491914987564087,0.2154407948255539,0.21491914987564087,0.0,0.7704859972000122,1386,5280177,56792,13571,187.14635267484533,3,717,0,0,539.162,32.46285629272461,-17.736398696899414,36.98998597843449,EXPLORING
7064.746000,LIDAR_ONLY,MIXED,run02,LIDAR_ONLY,0.12270820885896683,0.3463405966758728,0.21622326970100403,0.21674491465091705,0.21622326970100403,0.0,1.302049994468689,1388,5287844,56921,13583,187.43562070541728,3,719,0,0,540.162,32.40488052368164,-17.488908767700195,36.82093226886903,EXPLORING
7065.746000,LIDAR_ONLY,MIXED,run02,LIDAR_ONLY,0.12462571263313293,0.34950152039527893,0.2177882045507431,0.21857067942619324,0.2177882045507431,0.0,1.975268006324768,1391,5299342,57035,13612,187.83830862672158,3,721,0,0,541.162,32.5027961730957,-17.137529373168945,36.741934352296106,EXPLORING
7066.746000,LIDAR_ONLY,MIXED,run02,LIDAR_ONLY,0.13331390917301178,0.3557841181755066,0.21534846723079681,0.21665361523628235,0.21534846723079681,0.0,1.0393869876861572,1392,5303173,57128,13633,188.26760700869713,3,723,0,0,542.162,32.73618698120117,-16.82895278930664,36.80644345495405,EXPLORING
7067.749000,LIDAR_ONLY,MIXED,run02,LIDAR_ONLY,0.11440226435661316,0.3411819338798523,0.21633611619472504,0.21816283464431763,0.21633611619472504,0.0,0.8910099864006042,1394,5310838,57207,13653,188.67643556517376,3,723,0,0,543.165,32.904380798339844,-16.51395606994629,36.813741982306475,EXPLORING
7068.748000,LIDAR_ONLY,MIXED,run02,LIDAR_ONLY,0.14261816442012787,0.3619369566440582,0.22094541788101196,0.2188560962677002,0.22094541788101196,0.0,0.7900300025939941,1396,5318500,57315,13661,188.97102463929303,3,725,0,0,544.164,33.06871795654297,-16.302961349487305,36.86690869669539,EXPLORING
7069.747000,LIDAR_ONLY,MIXED,run02,LIDAR_ONLY,0.14714933931827545,0.36345869302749634,0.21888859570026398,0.21732324361801147,0.21888859570026398,0.0,1.3023680448532104,1399,5329999,57389,13676,189.38264203004096,3,725,0,0,545.163,33.37506866455078,-16.09115982055664,37.049454813688065,EXPLORING
7070.746000,LIDAR_ONLY,MIXED,run02,LIDAR_ONLY,0.1298942118883133,0.35079699754714966,0.22097574174404144,0.2183668166399002,0.22097574174404144,0.0,1.2370179891586304,1401,5337665,57477,13702,189.76676478995117,3,727,0,0,546.162,33.62437057495117,-15.882537841796875,37.18459573978668,EXPLORING
7071.747000,LIDAR_ONLY,MIXED,run02,LIDAR_ONLY,0.13999907672405243,0.3572860062122345,0.22056904435157776,0.21743670105934143,0.22056904435157776,0.0,1.0487960577011108,1402,5341496,57536,13729,190.1764735938796,3,729,0,0,547.163,33.729461669921875,-15.548673629760742,37.13864374941841,EXPLORING
7072.747000,LIDAR_ONLY,MIXED,run02,LIDAR_ONLY,0.1448226422071457,0.3589126169681549,0.21967127919197083,0.21967127919197083,0.21967127919197083,0.0,3.864962100982666,1405,5352993,57620,13743,190.5678715850536,3,730,0,0,548.163,33.82390213012695,-15.226738929748535,37.09111950285846,EXPLORING
7073.747000,LIDAR_ONLY,MIXED,run02,LIDAR_ONLY,0.1348261833190918,0.3545127213001251,0.21926389634609222,0.21848081052303314,0.21926389634609222,0.0,0.7111390233039856,1407,5360656,57710,13777,190.87512896336196,3,732,0,0,549.163,34.03712463378906,-15.076115608215332,37.22439729809465,EXPLORING
7074.746000,LIDAR_ONLY,MIXED,run02,LIDAR_ONLY,0.14682181179523468,0.36214885115623474,0.2194676399230957,0.21842379868030548,0.2194676399230957,0.0,1.093451976776123,1409,5368320,57776,13792,191.22033368787308,3,733,0,0,550.162,34.0716552734375,-14.795450210571289,37.143290521895544,EXPLORING
7075.749000,LIDAR_ONLY,MIXED,run02,LIDAR_ONLY,0.15043671429157257,0.3631034791469574,0.2212343066930771,0.21940375864505768,0.2212343066930771,0.0,6.568426132202148,1411,5375977,57861,13805,191.63659622946986,3,735,0,0,551.165,34.02134323120117,-14.455219268798828,36.9627777268826,EXPLORING
7076.749000,LIDAR_ONLY,MIXED,run02,LIDAR_ONLY,0.13261790573596954,0.3503860533237457,0.21666230261325836,0.2177102416753769,0.21666230261325836,0.0,1.4768539667129517,1416,5395047,58563,13822,191.99277879857794,3,737,0,0,552.165,34.11846160888672,-14.203497886657715,36.95471024489384,EXPLORING
7077.746000,LIDAR_ONLY,MIXED,run02,LIDAR_ONLY,0.1291019767522812,0.35068953037261963,0.21832460165023804,0.21858638525009155,0.21832460165023804,0.0,1.1384509801864624,1418,5402684,59015,13975,192.2845730339314,3,738,0,0,553.162,34.16067886352539,-13.97396183013916,36.90617369935081,EXPLORING
7078.747000,LIDAR_ONLY,MIXED,run02,LIDAR_ONLY,0.13793343305587769,0.35782983899116516,0.21467746794223785,0.21572211384773254,0.21467746794223785,0.0,13.08106803894043,1420,5410339,59404,14115,192.67760801602049,3,739,0,0,554.163,33.988101959228516,-13.643162727355957,36.62199176393775,EXPLORING
7079.748000,LIDAR_ONLY,MIXED,run02,LIDAR_ONLY,0.1266462653875351,0.35661765933036804,0.21389396488666534,0.2151997983455658,0.21389396488666534,0.0,11.4354248046875,1422,5417996,59658,14223,193.09530288064144,3,742,0,0,555.164,33.87685775756836,-13.339944839477539,36.406591408763454,EXPLORING
7080.746000,LIDAR_ONLY,MIXED,run02,LIDAR_ONLY,0.12705859541893005,0.35851576924324036,0.2135770171880722,0.22062663733959198,0.2135770171880722,0.0,0.9633960127830505,1425,5429485,59921,14303,193.38176317428912,3,743,0,0,556.162,33.660247802734375,-13.298078536987305,36.189727457590784,EXPLORING
7081.746000,LIDAR_ONLY,MIXED,run02,LIDAR_ONLY,0.14953577518463135,0.36329180002212524,0.2138381153345108,0.2151436060667038,0.2138381153345108,0.0,0.7771639823913574,1426,5433315,60107,14382,193.58889540042517,3,745,0,0,557.162,33.65262985229492,-13.266611099243164,36.17108996111638,EXPLORING
7082.746000,LIDAR_ONLY,MIXED,run02,LIDAR_ONLY,0.14137253165245056,0.35854387283325195,0.2143043577671051,0.21691463887691498,0.2143043577671051,0.0,1.3155920505523682,1428,5440977,60302,14401,194.06069849475,3,745,0,0,558.162,33.686458587646484,-12.975049018859863,36.096745636704796,EXPLORING
7083.747000,LIDAR_ONLY,MIXED,run02,LIDAR_ONLY,0.13221608102321625,0.3575788140296936,0.21352127194404602,0.21404333412647247,0.21352127194404602,0.0,4.983029842376709,1431,5452469,60583,14438,194.33749446153163,3,747,0,0,559.163,33.6145133972168,-12.78370189666748,35.961157030545365,EXPLORING
7084.746000,LIDAR_ONLY,MIXED,run02,LIDAR_ONLY,0.13165701925754547,0.35366350412368774,0.2164490818977356,0.2140992134809494,0.2164490818977356,0.0,5.653086185455322,1433,5460129,60704,14491,194.61867529542462,3,748,0,0,560.162,33.53765869140625,-12.591817855834961,35.82143675150098,EXPLORING
7085.747000,LIDAR_ONLY,MIXED,run02,LIDAR_ONLY,0.14643791317939758,0.36995312571525574,0.21833376586437225,0.21232697367668152,0.21833376586437225,0.0,1.0550270080566406,1435,5467788,60926,14511,194.9552799719327,3,750,0,0,561.163,33.33565902709961,-12.34054946899414,35.544387095010336,EXPLORING
7086.746000,LIDAR_ONLY,MIXED,run02,LIDAR_ONLY,0.12527289986610413,0.35843250155448914,0.21467746794223785,0.21284930408000946,0.21467746794223785,0.0,1.0885239839553833,1436,5471617,60926,14597,195.38105441568922,3,751,0,0,562.162,33.037330627441406,-12.167038917541504,35.20442656225008,EXPLORING
7087.746000,LIDAR_ONLY,MIXED,run02,LIDAR_ONLY,0.1322382539510727,0.35579273104667664,0.214360311627388,0.2127937376499176,0.214360311627388,0.0,0.89683997631073,1438,5479278,61283,14690,195.58677926407358,3,753,0,0,563.162,33.0584602355957,-12.12982177734375,35.21141789158625,EXPLORING
7088.746000,LIDAR_ONLY,MIXED,run02,LIDAR_ONLY,0.14217551052570343,0.354618638753891,0.2143043577671051,0.21691463887691498,0.2143043577671051,0.0,6.856442928314209,1440,5486939,61422,14735,195.7560294164066,3,755,0,0,564.162,33.03274917602539,-11.972732543945312,35.1334427045522,EXPLORING
7089.747000,LIDAR_ONLY,MIXED,run02,LIDAR_ONLY,0.13198910653591156,0.35004618763923645,0.21273818612098694,0.2143043577671051,0.21273818612098694,0.0,0.8937270045280457,1442,5494600,61529,14757,196.1366845248527,3,757,0,0,565.163,33.00930404663086,-11.659384727478027,35.00579944514213,EXPLORING
7090.748000,LIDAR_ONLY,MIXED,run02,LIDAR_ONLY,0.13557258248329163,0.3516102135181427,0.21368861198425293,0.21368861198425293,0.21368861198425293,0.0,1.6449739933013916,1445,5506087,61654,14773,196.61719508275348,3,759,0,0,566.164,32.919464111328125,-11.381138801574707,34.82919552659335,EXPLORING
7091.746000,LIDAR_ONLY,MIXED,run02,LIDAR_ONLY,0.13534492254257202,0.3433632552623749,0.2158348560333252,0.21348313987255096,0.2158348560333252,0.0,1.1428500413894653,1446,5509914,61774,14806,196.76557061204502,3,760,0,0,567.162,32.96394348144531,-11.322410583496094,34.852114746484155,EXPLORING
7092.747000,LIDAR_ONLY,MIXED,run02,LIDAR_ONLY,0.1434410959482193,0.36704108119010925,0.21824359893798828,0.21432305872440338,0.21824359893798828,0.0,6.20794677734375,1449,5521394,61985,14828,197.0314109899631,3,761,0,0,568.163,32.87934875488281,-11.178671836853027,34.72558437304947,EXPLORING
7093.748000,LIDAR_ONLY,MIXED,run02,LIDAR_ONLY,0.11656935513019562,0.35249996185302734,0.20982493460178375,0.2124379426240921,0.20982493460178375,0.0,0.8765230178833008,1453,5536706,62202,14885,197.4660610992179,3,762,0,0,569.164,32.57323455810547,-11.178922653198242,34.435984817367384,EXPLORING
7094.752000,LIDAR_ONLY,MIXED,run02,LIDAR_ONLY,0.1343419849872589,0.36453768610954285,0.2097701132297516,0.21212121844291687,0.2097701132297516,0.0,0.915090024471283,1455,5544363,62288,14923,197.75505776644616,3,764,0,0,570.168,32.37800216674805,-11.013702392578125,34.197819294317014,EXPLORING
7095.746000,LIDAR_ONLY,MIXED,run02,LIDAR_ONLY,0.14229083061218262,0.36864691972732544,0.20867067575454712,0.21232697367668152,0.20867067575454712,0.0,1.2175019979476929,1457,5552020,62376,14933,198.14506069251036,3,767,0,0,571.162,32.12581253051758,-10.802608489990234,33.89129259736386,EXPLORING
7096.748000,LIDAR_ONLY,MIXED,run02,LIDAR_ONLY,0.12664704024791718,0.35632383823394775,0.20814834535121918,0.22225123643875122,0.20814834535121918,0.0,0.734641969203949,1459,5559678,62450,14942,198.53864743205568,3,767,0,0,572.164,31.86505126953125,-10.574268341064453,33.57161886194813,EXPLORING
7097.746000,LIDAR_ONLY,MIXED,run02,LIDAR_ONLY,0.11879433691501617,0.34782159328460693,0.21766397356987,0.21818657219409943,0.21766397356987,0.0,2.9897849559783936,1460,5563505,62531,14955,198.92777913117658,3,769,0,0,573.162,31.545719146728516,-10.415306091308594,33.218510993939475,EXPLORING
7098.747000,LIDAR_ONLY,MIXED,run02,LIDAR_ONLY,0.13169948756694794,0.3568394184112549,0.2194930762052536,0.21740266680717468,0.2194930762052536,0.0,1.2909660339355469,1463,5574987,62899,14979,199.28800950006038,3,771,0,0,574.163,31.28946876525879,-10.249768257141113,32.92337118516396,EXPLORING
7099.746000,LIDAR_ONLY,MIXED,run02,LIDAR_ONLY,0.11995488405227661,0.3466930389404297,0.21969696879386902,0.21708464622497559,0.21969696879386902,0.0,2.366170883178711,1465,5582643,63050,15092,199.6909220143391,4,772,0,0,575.162,31.087289810180664,-10.063024520874023,32.673306088309324,EXPLORING
7100.746000,LIDAR_ONLY,MIXED,run02,LIDAR_ONLY,0.12877348065376282,0.35445544123649597,0.22100313007831573,0.21708464622497559,0.22100313007831573,0.0,1.3609340190887451,1466,5586471,63050,15127,199.9061697589198,4,773,0,0,576.162,31.000507354736328,-9.922945022583008,32.54777653408132,EXPLORING
7101.746000,LIDAR_ONLY,MIXED,run02,LIDAR_ONLY,0.13202378153800964,0.3547469973564148,0.21650561690330505,0.21624444425106049,0.21650561690330505,0.0,1.0884549617767334,1468,5594128,63353,15144,200.23836241788018,4,773,0,0,577.162,30.812061309814453,-9.667572975158691,32.2909853220695,EXPLORING
7102.747000,LIDAR_ONLY,MIXED,run02,LIDAR_ONLY,0.11362108588218689,0.33688122034072876,0.2194930762052536,0.21870917081832886,0.2194930762052536,0.0,6.477870941162109,1470,5601784,63560,15210,200.65554945066418,4,774,0,0,578.163,30.564546585083008,-9.382091522216797,31.969974302693867,EXPLORING
7103.746000,LIDAR_ONLY,MIXED,run02,LIDAR_ONLY,0.12820157408714294,0.35382911562919617,0.21603970229625702,0.21421107649803162,0.21603970229625702,0.0,1.457321047782898,1473,5613269,63731,15277,201.00523285188288,4,776,0,0,579.162,30.468679428100586,-9.09756088256836,31.79577041891749,EXPLORING
7104.746000,LIDAR_ONLY,MIXED,run02,LIDAR_ONLY,0.09221311658620834,0.3126606047153473,0.2151997983455658,0.2144162952899933,0.2151997983455658,0.0,1.394184947013855,1475,5620927,63979,15351,201.43450316368748,4,778,0,0,580.162,30.398164749145508,-9.035404205322266,31.71044480137238,EXPLORING
7105.749000,LIDAR_ONLY,MIXED,run02,LIDAR_ONLY,0.10980290919542313,0.33156970143318176,0.2133716344833374,0.2125881463289261,0.2133716344833374,0.0,12.512754440307617,1477,5628585,64043,15392,201.7898785714205,4,778,0,0,581.165,30.310794830322266,-9.109773635864258,31.648030461628892,EXPLORING
7106.746000,LIDAR_ONLY,MIXED,run02,LIDAR_ONLY,0.14190134406089783,0.3602070212364197,0.2141551375389099,0.21389396488666534,0.2141551375389099,0.0,14.511651992797852,1478,5632414,64138,15392,201.9739143302567,4,780,0,0,582.162,30.438291549682617,-8.984846115112305,31.7345607038946,EXPLORING
7107.746000,LIDAR_ONLY,MIXED,run02,LIDAR_ONLY,0.0960891991853714,0.3181493282318115,0.2167101800441742,0.2146214097738266,0.2167101800441742,0.0,1.0446959733963013,1480,5640073,64338,15429,202.39582259368962,4,782,0,0,583.162,30.368167877197266,-8.853680610656738,31.630350511094594,EXPLORING
7108.748000,LIDAR_ONLY,MIXED,run02,LIDAR_ONLY,0.1049407422542572,0.3277346193790436,0.2148825079202652,0.2146214097738266,0.2148825079202652,0.0,1.6940330266952515,1482,5647733,64452,15465,202.78466004898408,4,784,0,0,584.164,30.19831657409668,-8.685514450073242,31.42042702662573,EXPLORING
7109.749000,LIDAR_ONLY,MIXED,run02,LIDAR_ONLY,0.09639179706573486,0.3169262409210205,0.2133716344833374,0.21311047673225403,0.2133716344833374,0.0,1.3447469472885132,1484,5655392,64574,15483,203.34698416633873,4,784,0,0,585.165,30.247207641601562,-8.689271926879883,31.468453540535226,EXPLORING
7110.746000,LIDAR_ONLY,MIXED,run02,LIDAR_ONLY,0.07970369607210159,0.2897409200668335,0.2130548357963562,0.2127937376499176,0.2130548357963562,0.0,4.2478132247924805,1487,5666881,64913,15497,203.90817249937245,4,786,0,0,586.162,30.1457576751709,-8.732695579528809,31.383013735304296,EXPLORING
7111.748000,LIDAR_ONLY,MIXED,run02,LIDAR_ONLY,0.08800704032182693,0.3058471381664276,0.20678851008415222,0.2140992134809494,0.20678851008415222,0.0,2.3919310569763184,1489,5674541,65144,15620,204.53139087100425,4,786,0,0,587.164,30.305530548095703,-8.775235176086426,31.548313874270523,EXPLORING
7112.747000,LIDAR_ONLY,MIXED,run02,LIDAR_ONLY,0.10203757137060165,0.3226209282875061,0.21091099083423615,0.2161315530538559,0.21091099083423615,0.0,1.1457159519195557,1492,5686033,65442,15677,205.10966642199003,4,788,0,0,588.163,30.237581253051758,-9.095968246459961,31.573942452913144,EXPLORING
7113.746000,LIDAR_ONLY,MIXED,run02,LIDAR_ONLY,0.11346732079982758,0.33347657322883606,0.2117493450641632,0.2133159339427948,0.2117493450641632,0.0,6.410719871520996,1494,5693692,65788,15711,205.5941066154284,4,789,0,0,589.162,30.292863845825195,-8.986367225646973,31.59554166830707,EXPLORING
7114.751000,LIDAR_ONLY,MIXED,run02,LIDAR_ONLY,0.10988157987594604,0.3337777853012085,0.21534846723079681,0.2143043577671051,0.21534846723079681,0.0,0.9458100199699402,1496,5701354,65956,15872,206.02251552252048,4,790,0,0,590.167,30.227567672729492,-8.676329612731934,31.446004416698898,EXPLORING
7115.747000,LIDAR_ONLY,MIXED,run02,LIDAR_ONLY,0.10491924732923508,0.3273422122001648,0.2169712781906128,0.2154047042131424,0.2169712781906128,0.0,12.019034385681152,1498,5709013,66093,15896,206.50607280118783,4,792,0,0,591.163,30.145071029663086,-8.677651405334473,31.367083267151965,EXPLORING
7116.749000,LIDAR_ONLY,MIXED,run02,LIDAR_ONLY,0.09908265620470047,0.31875112652778625,0.21572211384773254,0.2178114354610443,0.21572211384773254,0.0,3.4229800701141357,1500,5716671,66093,15927,206.74306620182207,4,793,0,0,592.165,30.179702758789062,-8.711482048034668,31.40973026383541,EXPLORING
7117.746000,LIDAR_ONLY,MIXED,run02,LIDAR_ONLY,0.11126529425382614,0.3343456983566284,0.211227148771286,0.2114882469177246,0.211227148771286,0.0,0.863864004611969,1502,5724331,66301,15930,207.53921573425998,4,794,0,0,593.162,29.99569320678711,-8.67806339263916,31.223676120902432,EXPLORING
7118.746000,LIDAR_ONLY,MIXED,run02,LIDAR_ONLY,0.10249783098697662,0.32525619864463806,0.2120104432106018,0.2159268856048584,0.2120104432106018,0.0,1.122730016708374,1504,5731991,66379,15944,207.8579190004641,4,796,0,0,594.162,30.05215072631836,-8.385954856872559,31.198138457697738,EXPLORING
7119.746000,LIDAR_ONLY,MIXED,run02,LIDAR_ONLY,0.0686982199549675,0.26441171765327454,0.2096058428287506,0.21352127194404602,0.2096058428287506,0.0,1.701889991760254,1506,5739653,66498,15953,208.17417106793673,4,798,0,0,595.162,30.06015396118164,-8.122284889221191,31.136034351957914,EXPLORING
7120.746000,LIDAR_ONLY,MIXED,run02,LIDAR_ONLY,0.06668468564748764,0.2576643228530884,0.21560950577259064,0.21534846723079681,0.21560950577259064,0.0,9.81138801574707,1509,5751145,67048,15969,208.53803717670607,4,799,0,0,596.162,30.009878158569336,-7.802924156188965,31.00560321040662,EXPLORING
7121.749000,LIDAR_ONLY,MIXED,run02,LIDAR_ONLY,0.06385946273803711,0.25607234239578247,0.21389396488666534,0.2144162952899933,0.21389396488666534,0.0,0.9264839887619019,1511,5758804,67545,16160,208.91853126174954,4,801,0,0,597.165,30.0220947265625,-7.469137668609619,30.93515376525776,EXPLORING
7122.747000,LIDAR_ONLY,MIXED,run02,LIDAR_ONLY,0.06703358888626099,0.25768527388572693,0.21389396488666534,0.2144162952899933,0.21389396488666534,0.0,0.9264839887619019,1511,5758804,67545,16244,209.30750422917237,4,802,0,0,598.163,30.009794235229492,-7.102016925811768,30.836611822114612,EXPLORING
7123.746000,LIDAR_ONLY,MIXED,run02,LIDAR_ONLY,0.06646352261304855,0.25800612568855286,0.21456538140773773,0.21508744359016418,0.21456538140773773,0.0,1.4935929775238037,1513,5766468,67611,16244,209.81376041555455,4,803,0,0,599.162,29.99382972717285,-6.927287578582764,30.781288710995312,EXPLORING
7124.746000,LIDAR_ONLY,MIXED,run02,LIDAR_ONLY,0.06481733918190002,0.2512420117855072,0.21529227495193481,0.21529227495193481,0.21529227495193481,0.0,1.1275030374526978,1515,5774133,67689,16247,210.16360504934457,4,804,0,0,600.162,30.040613174438477,-6.769350051879883,30.791772127012763,EXPLORING
7125.746000,LIDAR_ONLY,MIXED,run02,LIDAR_ONLY,0.06579041481018066,0.25398576259613037,0.21737995743751526,0.21450939774513245,0.21737995743751526,0.0,1.892199993133545,1517,5781798,67816,16252,210.57896038123633,4,804,0,0,601.162,29.987815856933594,-6.863991737365723,30.76124535176982,EXPLORING
7126.746000,LIDAR_ONLY,MIXED,run02,LIDAR_ONLY,0.06847148388624191,0.25601401925086975,0.21393164992332458,0.2168014645576477,0.21393164992332458,0.0,1.7345160245895386,1521,5797130,67948,16257,211.04992404191916,4,806,0,0,602.162,29.88058090209961,-6.680515289306641,30.61617008557369,EXPLORING
7127.746000,LIDAR_ONLY,MIXED,run02,LIDAR_ONLY,0.06797359138727188,0.2553936243057251,0.21497520804405212,0.2168014645576477,0.21497520804405212,0.0,0.9075629711151123,1522,5800963,67982,16267,211.5508247915647,4,807,0,0,603.162,29.924699783325195,-6.709287166595459,30.665508962926,EXPLORING
7128.749000,LIDAR_ONLY,MIXED,run02,LIDAR_ONLY,0.06248549744486809,0.24842216074466705,0.21471431851387024,0.21627967059612274,0.21471431851387024,0.0,1.0756219625473022,1524,5808628,68132,16269,211.88362365941202,4,809,0,0,604.165,29.982105255126953,-6.739367485046387,30.72810897737747,EXPLORING
7129.746000,LIDAR_ONLY,MIXED,run02,LIDAR_ONLY,0.06569231301546097,0.2539011836051941,0.21262718737125397,0.21445342898368835,0.21262718737125397,0.0,3.0953900814056396,1526,5816293,68132,16306,212.17733917835346,4,810,0,0,605.162,29.997356414794922,-6.753597259521484,30.746111219848526,EXPLORING
7130.746000,LIDAR_ONLY,MIXED,run02,LIDAR_ONLY,0.06982380151748657,0.25917547941207886,0.20949648320674896,0.21967127919197083,0.20949648320674896,0.0,1.8565880060195923,1528,5823958,68339,16339,212.67812101926842,4,811,0,0,606.162,29.91358184814453,-6.6253485679626465,30.636400903332632,EXPLORING
7131.748000,LIDAR_ONLY,MIXED,run02,LIDAR_ONLY,0.06782533973455429,0.25755399465560913,0.21294362843036652,0.2171189934015274,0.21294362843036652,0.0,1.3642909526824951,1530,5831624,68339,16344,212.9434102871788,4,813,0,0,607.164,29.89307975769043,-6.449219703674316,30.578758569435625,EXPLORING
7132.746000,LIDAR_ONLY,MIXED,run02,LIDAR_ONLY,0.06422221660614014,0.2504027783870697,0.21607515215873718,0.21868476271629333,0.21607515215873718,0.0,6.288015842437744,1532,5839289,68479,16357,213.26659986719582,4,815,0,0,608.162,29.92943572998047,-6.512090682983398,30.62760226145302,EXPLORING
7133.747000,LIDAR_ONLY,MIXED,run02,LIDAR_ONLY,0.06135929748415947,0.24714641273021698,0.21491914987564087,0.21674491465091705,0.21491914987564087,0.0,4.675968170166016,1534,5846956,68563,16360,213.7242061982182,4,816,0,0,609.163,29.743289947509766,-6.5122222900390625,30.445765493051137,EXPLORING
7134.746000,LIDAR_ONLY,MIXED,run02,LIDAR_ONLY,0.06692435592412949,0.2641347050666809,0.2152361124753952,0.21601878106594086,0.2152361124753952,0.0,9.088069915771484,1536,5854622,68599,16367,214.36253992782707,4,818,0,0,610.162,29.916034698486328,-6.5536956787109375,30.623383410553153,EXPLORING
7135.746000,LIDAR_ONLY,MIXED,run02,LIDAR_ONLY,0.07003352046012878,0.27308937907218933,0.212105393409729,0.21497520804405212,0.212105393409729,0.0,0.92392897605896,1538,5862288,68630,16369,214.7570529529552,4,820,0,0,611.162,29.870962142944336,-6.484973907470703,30.56470372707797,EXPLORING
7136.747000,LIDAR_ONLY,MIXED,run02,LIDAR_ONLY,0.05607086792588234,0.23625397682189941,0.2154970020055771,0.21941038966178894,0.2154970020055771,0.0,0.9569119811058044,1540,5869954,68831,16370,215.33406608872653,4,821,0,0,612.163,29.8352108001709,-6.397149562835693,30.511235083082436,EXPLORING
7137.748000,LIDAR_ONLY,MIXED,run02,LIDAR_ONLY,0.0739942118525505,0.26282069087028503,0.21674491465091705,0.2157016098499298,0.21674491465091705,0.0,9.331255912780762,1543,5881456,68831,16447,215.62126036406636,4,822,0,0,613.164,29.800594329833984,-6.320647239685059,30.461424989799387,EXPLORING
7138.746000,LIDAR_ONLY,MIXED,run02,LIDAR_ONLY,0.0749298557639122,0.2616770267486572,0.21497520804405212,0.21471431851387024,0.21497520804405212,0.0,2.193294048309326,1545,5889122,69104,16482,215.99854282296934,4,824,0,0,614.162,29.73911476135254,-5.961268424987793,30.328615869358902,EXPLORING
7139.750000,LIDAR_ONLY,MIXED,run02,LIDAR_ONLY,0.07855723798274994,0.26365143060684204,0.2264544814825058,0.22541090846061707,0.2264544814825058,0.0,1.4853830337524414,1547,5896788,69157,16485,216.41041629620744,4,825,0,0,615.166,29.7755069732666,-5.600466728210449,30.29554091116734,EXPLORING
7140.748000,LIDAR_ONLY,MIXED,run02,LIDAR_ONLY,0.07826831936836243,0.26305854320526123,0.21564537286758423,0.21460235118865967,0.21564537286758423,0.0,2.631303071975708,1549,5904456,69274,16489,216.81785738858525,4,828,0,0,616.164,29.786630630493164,-5.249707221984863,30.24362926638051,EXPLORING
7141.746000,LIDAR_ONLY,MIXED,run02,LIDAR_ONLY,0.07875748723745346,0.2647257447242737,0.21648408472537994,0.2136150300502777,0.21648408472537994,0.0,2.808885097503662,1551,5912123,69314,16516,217.24160461188455,4,829,0,0,617.162,29.770957946777344,-4.874078750610352,30.165238515163995,EXPLORING
7142.748000,LIDAR_ONLY,MIXED,run02,LIDAR_ONLY,0.07773774862289429,0.26548799872398376,0.21694914996623993,0.2174706608057022,0.21694914996623993,0.0,1.99544095993042,1555,5927459,69376,16520,217.6293010947634,4,830,0,0,618.164,29.803632736206055,-4.58089017868042,30.15155872891648,EXPLORING
7143.746000,LIDAR_ONLY,MIXED,run02,LIDAR_ONLY,0.07348787039518356,0.25963714718818665,0.21590612828731537,0.2153846174478531,0.21590612828731537,0.0,0.957082986831665,1557,5935128,69401,16523,218.08694167674463,4,832,0,0,619.162,29.82683753967285,-4.5980000495910645,30.177096219725776,EXPLORING
7144.747000,LIDAR_ONLY,MIXED,run02,LIDAR_ONLY,0.07528788596391678,0.26433226466178894,0.2161668837070465,0.21590612828731537,0.2161668837070465,0.0,0.8460180163383484,1558,5938963,69421,16528,218.48464515354658,4,834,0,0,620.163,29.855607986450195,-4.507059574127197,30.191824283875402,EXPLORING
7145.746000,LIDAR_ONLY,MIXED,run02,LIDAR_ONLY,0.07731501013040543,0.26418983936309814,0.21512386202812195,0.2161668837070465,0.21512386202812195,0.0,0.7210850119590759,1561,5950466,69479,16530,218.98382457181887,4,835,0,0,621.162,29.77835464477539,-4.485976219177246,30.11229094996044,EXPLORING
7146.746000,LIDAR_ONLY,MIXED,run02,LIDAR_ONLY,0.07689967751502991,0.2645079791545868,0.21439749002456665,0.21700574457645416,0.21439749002456665,0.0,1.4992589950561523,1563,5958134,69529,16534,219.37092091637209,4,836,0,0,622.162,29.74039649963379,-4.4080491065979,30.06323407239849,EXPLORING
7147.746000,LIDAR_ONLY,MIXED,run02,LIDAR_ONLY,0.07452387362718582,0.26429054141044617,0.20845291018486023,0.21001826226711273,0.20845291018486023,0.0,1.1846699714660645,1566,5969635,69606,16537,219.764122404242,4,837,0,0,623.162,29.820253372192383,-4.343094348907471,30.132801759221397,EXPLORING
7148.746000,LIDAR_ONLY,MIXED,run02,LIDAR_ONLY,0.07614285498857498,0.264945387840271,0.21622326970100403,0.21596243977546692,0.21622326970100403,0.0,1.1908719539642334,1568,5977303,69606,16545,220.17484427238418,4,839,0,0,624.162,29.881240844726562,-4.265359401702881,30.182072552543126,EXPLORING
7149.748000,LIDAR_ONLY,MIXED,run02,LIDAR_ONLY,0.07409168034791946,0.2625775635242462,0.2154407948255539,0.21674491465091705,0.2154407948255539,0.0,0.8745819926261902,1570,5984970,69711,16547,220.69470592902985,4,840,0,0,625.164,29.77090835571289,-4.013935089111328,30.038228734758793,EXPLORING
7150.748000,LIDAR_ONLY,MIXED,run02,LIDAR_ONLY,0.07390013337135315,0.26310113072395325,0.21419253945350647,0.21654057502746582,0.21419253945350647,0.0,1.2393280267715454,1572,5992638,69746,16555,220.96583427604514,4,841,0,0,626.164,29.7329158782959,-3.8286683559417725,29.97635709009665,EXPLORING
7151.749000,LIDAR_ONLY,MIXED,run02,LIDAR_ONLY,0.07173388451337814,0.2630625069141388,0.2154407948255539,0.2157016098499298,0.2154407948255539,0.0,2.114871025085449,1575,6004139,69898,16562,221.26382683449376,4,844,0,0,627.165,29.852766036987305,-3.573336362838745,30.0638211658848,EXPLORING
7152.747000,LIDAR_ONLY,MIXED,run02,LIDAR_ONLY,0.07444252818822861,0.2649648189544678,0.2154970020055771,0.21732324361801147,0.2154970020055771,0.0,4.526980876922607,1577,6011806,69951,16589,221.66138527428114,4,846,0,0,628.163,29.822816848754883,-3.2242684364318848,29.994566254368863,EXPLORING
7153.746000,LIDAR_ONLY,MIXED,run02,LIDAR_ONLY,0.07744651287794113,0.26652809977531433,0.2161668837070465,0.21642763912677765,0.2161668837070465,0.0,0.966168999671936,1579,6019475,69973,16593,222.11049444109142,4,847,0,0,629.162,29.7908992767334,-2.834040880203247,29.923368165148396,EXPLORING
7154.746000,LIDAR_ONLY,MIXED,run02,LIDAR_ONLY,0.08107031136751175,0.2664473056793213,0.2153846174478531,0.2161668837070465,0.2153846174478531,0.0,1.0651530027389526,1581,6027144,69994,16595,222.5479809127414,4,847,0,0,630.162,29.796951293945312,-2.4560275077819824,29.895978066255665,EXPLORING
7155.746000,LIDAR_ONLY,MIXED,run02,LIDAR_ONLY,0.08132616430521011,0.26728957891464233,0.2175273895263672,0.2130933701992035,0.2175273895263672,0.0,6.215591907501221,1584,6038646,70019,16596,222.91825899589332,4,848,0,0,631.162,29.7291202545166,-2.1207728385925293,29.802654959107404,EXPLORING
7156.746000,LIDAR_ONLY,MIXED,run02,LIDAR_ONLY,0.08213043957948685,0.2678607106208801,0.21700574457645416,0.21491914987564087,0.21700574457645416,0.0,4.531428813934326,1585,6042480,70019,16598,223.27784598764325,4,849,0,0,632.162,29.74313735961914,-1.772426962852478,29.79389603339312,EXPLORING
7157.746000,LIDAR_ONLY,MIXED,run02,LIDAR_ONLY,0.08343248814344406,0.26945990324020386,0.21648408472537994,0.21257172524929047,0.21648408472537994,0.0,1.1084699630737305,1588,6053982,70073,16602,223.65065848709523,4,850,0,0,633.162,29.692602157592773,-1.4258304834365845,29.72482023534898,EXPLORING
7158.746000,LIDAR_ONLY,MIXED,run02,LIDAR_ONLY,0.08273253589868546,0.2695557773113251,0.21413667500019073,0.21387584507465363,0.21413667500019073,0.0,0.9449099898338318,1590,6061650,70108,16604,223.98251335177642,4,851,0,0,634.162,29.638683319091797,-1.115026593208313,29.657661842445197,EXPLORING
7159.746000,LIDAR_ONLY,MIXED,run02,LIDAR_ONLY,0.08171942830085754,0.2675572633743286,0.21445342898368835,0.21601878106594086,0.21445342898368835,0.0,1.0268019437789917,1594,6076985,70152,16610,224.31666205235328,4,851,0,0,635.162,29.67786407470703,-0.9866417050361633,29.692275427057773,EXPLORING
7160.747000,LIDAR_ONLY,MIXED,run02,LIDAR_ONLY,0.076006680727005,0.2582694888114929,0.21439749002456665,0.21622326970100403,0.21439749002456665,0.0,0.629052996635437,1596,6084653,70175,16613,224.70759367397864,4,852,0,0,636.163,29.615020751953125,-1.104006052017212,29.633603695741396,EXPLORING
7161.746000,LIDAR_ONLY,MIXED,run02,LIDAR_ONLY,0.07221004366874695,0.2566750943660736,0.21491914987564087,0.21491914987564087,0.21491914987564087,0.0,8.848544120788574,1598,6092320,70201,16613,225.1497394816664,4,852,0,0,637.162,29.656200408935547,-1.2113282680511475,29.67893825621577,EXPLORING
7162.747000,LIDAR_ONLY,MIXED,run02,LIDAR_ONLY,0.08261111378669739,0.267690509557724,0.21387584507465363,0.21700574457645416,0.21387584507465363,0.0,1.019705057144165,1600,6099988,70243,16615,225.47514119251318,4,854,0,0,638.163,29.528501510620117,-1.074047327041626,29.54604126109094,EXPLORING
7163.747000,LIDAR_ONLY,MIXED,run02,LIDAR_ONLY,0.07640398293733597,0.2592148780822754,0.2154407948255539,0.21622326970100403,0.2154407948255539,0.0,1.027387022972107,1602,6107657,70288,16623,225.66888463093179,4,856,0,0,639.163,29.58907699584961,-0.9469133019447327,29.60224114524004,EXPLORING
7164.748000,LIDAR_ONLY,MIXED,run02,LIDAR_ONLY,0.07198730856180191,0.2580404579639435,0.2187744528055191,0.21434159576892853,0.2187744528055191,0.0,5.508581161499023,1605,6119160,70288,16636,225.81800926965232,4,857,0,0,640.164,29.582782745361328,-0.9979912042617798,29.5976268640087,EXPLORING
7165.746000,LIDAR_ONLY,MIXED,run02,LIDAR_ONLY,0.07018355280160904,0.2563346028327942,0.21596243977546692,0.2157016098499298,0.21596243977546692,0.0,2.2084410190582275,1606,6122994,70454,16644,226.12930642488664,4,858,0,0,641.162,29.78825569152832,-1.121661901473999,29.807377919532875,EXPLORING
7166.747000,LIDAR_ONLY,MIXED,run02,LIDAR_ONLY,0.07218263298273087,0.2565132677555084,0.21622326970100403,0.2175273895263672,0.21622326970100403,0.0,0.7715349793434143,1608,6130662,70479,16661,226.457292528018,4,860,0,0,642.163,29.749507904052734,-1.1399353742599487,29.76935116879433,EXPLORING
7167.746000,LIDAR_ONLY,MIXED,run02,LIDAR_ONLY,0.0750962495803833,0.2576448619365692,0.21642763912677765,0.2161668837070465,0.21642763912677765,0.0,0.6326299905776978,1610,6138331,70514,16661,226.72213774502927,4,861,0,0,643.162,29.664836883544922,-0.9622696042060852,29.67845591551127,EXPLORING
7168.746000,LIDAR_ONLY,MIXED,run02,LIDAR_ONLY,0.08196716010570526,0.2690129280090332,0.21857067942619324,0.21726655960083008,0.21857067942619324,0.0,1.3245710134506226,1612,6145999,70530,16664,227.0128956507266,4,862,0,0,644.162,29.686317443847656,-0.826231062412262,29.695832847124397,EXPLORING
7169.746000,LIDAR_ONLY,MIXED,run02,LIDAR_ONLY,0.08207482844591141,0.268819123506546,0.21961398422718048,0.2177882045507431,0.21961398422718048,0.0,7.239436149597168,1615,6157501,70530,16665,227.52457281587257,4,863,0,0,645.162,29.734045028686523,-0.869855523109436,29.7447845389179,EXPLORING
7170.749000,LIDAR_ONLY,MIXED,run02,LIDAR_ONLY,0.08098293095827103,0.2685365080833435,0.21298226714134216,0.21298226714134216,0.21298226714134216,0.0,2.061466932296753,1617,6165171,70638,16669,227.83343608345157,4,864,0,0,646.165,29.80098533630371,-0.8119159936904907,29.810063703218976,EXPLORING
7171.748000,LIDAR_ONLY,MIXED,run02,LIDAR_ONLY,0.08386554569005966,0.27098873257637024,0.21413667500019073,0.2177882045507431,0.21413667500019073,0.0,1.198315978050232,1619,6172839,70638,16670,228.09829438977263,4,866,0,0,647.164,29.717668533325195,-0.6063029766082764,29.721878684282853,EXPLORING
7172.746000,LIDAR_ONLY,MIXED,run02,LIDAR_ONLY,0.08310599625110626,0.2710321247577667,0.21387584507465363,0.22352634370326996,0.21387584507465363,0.0,6.329040050506592,1621,6180507,70734,16678,228.4721147751474,4,868,0,0,648.162,29.682754516601562,-0.2833016514778137,29.68214140972235,EXPLORING
7173.746000,LIDAR_ONLY,MIXED,run02,LIDAR_ONLY,0.080836720764637,0.2695406377315521,0.21596243977546692,0.21622326970100403,0.21596243977546692,0.0,1.2484630346298218,1624,6192009,70774,16690,228.81100685462027,4,869,0,0,649.162,29.686309814453125,-0.16169922053813934,29.684788650506754,EXPLORING
7174.746000,LIDAR_ONLY,MIXED,run02,LIDAR_ONLY,0.08391042798757553,0.2718750238418579,0.2153846174478531,0.2200782299041748,0.2153846174478531,0.0,0.8263599872589111,1625,6195844,70786,16697,229.11823906164045,4,870,0,0,650.162,29.698261260986328,-0.13109102845191956,29.696589927046432,EXPLORING
7175.746000,LIDAR_ONLY,MIXED,run02,LIDAR_ONLY,0.08594679832458496,0.27388525009155273,0.21465831995010376,0.2154407948255539,0.21465831995010376,0.0,1.2724360227584839,1626,6199678,70786,16700,229.43160911464787,4,871,0,0,651.162,29.622121810913086,0.15170502662658691,29.62055789625885,EXPLORING
7176.747000,LIDAR_ONLY,MIXED,run02,LIDAR_ONLY,0.08503330498933792,0.2728250324726105,0.2044861763715744,0.20631194114685059,0.2044861763715744,0.0,1.4506590366363525,1631,6218849,70838,16701,230.0206975389833,4,872,0,0,652.163,29.510820388793945,-0.03290071338415146,29.508880916057837,EXPLORING
7177.746000,LIDAR_ONLY,MIXED,run02,LIDAR_ONLY,0.0771414041519165,0.2591550648212433,0.2175273895263672,0.21648408472537994,0.2175273895263672,0.0,1.5446670055389404,1633,6226517,70838,16707,230.54418443373,4,872,0,0,653.162,29.782840728759766,-0.1650964468717575,29.781336692813703,EXPLORING
7178.746000,LIDAR_ONLY,MIXED,run02,LIDAR_ONLY,0.08075003325939178,0.26987650990486145,0.21622326970100403,0.21622326970100403,0.21622326970100403,0.0,11.124164581298828,1636,6238019,70872,16709,230.80374434810312,4,874,0,0,654.162,29.876123428344727,-0.12360351532697678,29.87441869447733,EXPLORING
7179.746000,LIDAR_ONLY,MIXED,run02,LIDAR_ONLY,0.0861988216638565,0.27359750866889954,0.21413667500019073,0.21491914987564087,0.21413667500019073,0.0,1.1974380016326904,1638,6245687,70872,16714,231.06022578994225,4,877,0,0,655.162,29.79188346862793,0.007892469875514507,29.78992789696268,EXPLORING
7180.746000,LIDAR_ONLY,MIXED,run02,LIDAR_ONLY,0.08589065819978714,0.27455681562423706,0.21199478209018707,0.21590612828731537,0.21199478209018707,0.0,0.8364390134811401,1640,6253356,70915,16714,231.4018265633314,4,878,0,0,656.162,29.73255729675293,0.3320639729499817,29.732464506781106,EXPLORING
7181.747000,LIDAR_ONLY,MIXED,run02,LIDAR_ONLY,0.08393789082765579,0.2733491361141205,0.20860496163368225,0.2109517604112625,0.20860496163368225,0.0,1.3337559700012207,1642,6261025,70944,16717,231.720754516896,4,879,0,0,657.163,29.644290924072266,0.6038892865180969,29.6485024820718,EXPLORING
7182.748000,LIDAR_ONLY,MIXED,run02,LIDAR_ONLY,0.0819469690322876,0.2735340893268585,0.21465831995010376,0.21674491465091705,0.21465831995010376,0.0,0.7014380097389221,1645,6272529,70967,16725,232.09319894513894,4,880,0,0,658.164,29.598024368286133,0.8106754422187805,29.60719192611466,EXPLORING
7183.749000,LIDAR_ONLY,MIXED,run02,LIDAR_ONLY,0.0743713453412056,0.2575766444206238,0.2180490344762802,0.2154407948255539,0.2180490344762802,0.0,1.1117579936981201,1647,6280198,70981,16731,232.39351669500448,4,881,0,0,659.165,29.67365837097168,0.6529052257537842,29.678903099930505,EXPLORING
7184.747000,LIDAR_ONLY,MIXED,run02,LIDAR_ONLY,0.07449642568826675,0.2656172215938568,0.2161668837070465,0.21590612828731537,0.2161668837070465,0.0,1.2996690273284912,1649,6287867,71020,16739,232.69763312790593,4,881,0,0,660.163,29.695810317993164,0.6630799770355225,29.701275381989475,EXPLORING
7185.746000,LIDAR_ONLY,MIXED,run02,LIDAR_ONLY,0.07306776940822601,0.2602900564670563,0.21434159576892853,0.21564537286758423,0.21434159576892853,0.0,3.679434061050415,1650,6291702,71020,16746,233.0854935344835,4,882,0,0,661.162,29.708566665649414,0.6337857246398926,29.713388409044608,EXPLORING
7186.746000,LIDAR_ONLY,MIXED,run02,LIDAR_ONLY,0.07463044673204422,0.26590144634246826,0.2148631066083908,0.21590612828731537,0.2148631066083908,0.0,1.2280219793319702,1653,6303206,71049,16746,233.48755739172668,4,884,0,0,662.162,29.749969482421875,0.5928158164024353,29.753936122115796,EXPLORING
7187.747000,LIDAR_ONLY,MIXED,run02,LIDAR_ONLY,0.08241467922925949,0.27218568325042725,0.21022431552410126,0.21178925037384033,0.21022431552410126,0.0,1.2369029521942139,1655,6310874,71049,16750,233.84564654392628,4,885,0,0,663.163,29.715423583984375,0.634476900100708,29.72025853100906,EXPLORING
7188.746000,LIDAR_ONLY,MIXED,run02,LIDAR_ONLY,0.0857187956571579,0.2756164073944092,0.21387584507465363,0.21700574457645416,0.21387584507465363,0.0,1.2814140319824219,1658,6322377,71119,16756,234.08974259654778,4,886,0,0,664.162,29.753700256347656,0.7813168168067932,29.762023575048644,EXPLORING
7189.748000,LIDAR_ONLY,MIXED,run02,LIDAR_ONLY,0.0846753865480423,0.2763332426548004,0.21413667500019073,0.21674491465091705,0.21413667500019073,0.0,3.6463379859924316,1660,6330046,71142,16759,234.44695953169932,4,886,0,0,665.164,29.76009750366211,1.130998134613037,29.779658395643754,EXPLORING
7190.746000,LIDAR_ONLY,MIXED,run02,LIDAR_ONLY,0.0848829448223114,0.27860546112060547,0.2133542001247406,0.21517996490001678,0.2133542001247406,0.0,14.632633209228516,1662,6337714,71167,16761,234.81876480631314,4,888,0,0,666.162,29.76348114013672,1.470962643623352,29.797896086026906,EXPLORING
7191.747000,LIDAR_ONLY,MIXED,run02,LIDAR_ONLY,0.09502546489238739,0.2852964401245117,0.21512386202812195,0.2174706608057022,0.21512386202812195,0.0,1.4882659912109375,1664,6345384,71180,16763,235.18276502042866,4,889,0,0,667.163,29.690696716308594,1.7959473133087158,29.743063348674372,EXPLORING
7192.748000,LIDAR_ONLY,MIXED,run02,LIDAR_ONLY,0.08452353626489639,0.2796478569507599,0.2109517604112625,0.21382008492946625,0.2109517604112625,0.0,1.1291420459747314,1666,6353054,71191,16766,235.5401276204219,4,891,0,0,668.164,29.614660263061523,2.1167685985565186,29.688324052536515,EXPLORING
7193.746000,LIDAR_ONLY,MIXED,run02,LIDAR_ONLY,0.08715561777353287,0.28164559602737427,0.20938722789287567,0.2109517604112625,0.20938722789287567,0.0,1.9960169792175293,1671,6372232,71215,16767,235.7971950267428,4,894,0,0,669.162,29.656402587890625,2.0256335735321045,29.72360774895986,EXPLORING
7194.746000,LIDAR_ONLY,MIXED,run02,LIDAR_ONLY,0.09450465440750122,0.28520432114601135,0.21402502059936523,0.21611052751541138,0.21402502059936523,0.0,0.9307370185852051,1673,6379904,71219,16773,236.077675234463,4,895,0,0,670.162,29.54249382019043,2.2116904258728027,29.62328030478596,EXPLORING
7195.747000,LIDAR_ONLY,MIXED,run02,LIDAR_ONLY,0.0997077152132988,0.290906697511673,0.2113630473613739,0.21266613900661469,0.2113630473613739,0.0,3.1455390453338623,1675,6387576,71226,16776,236.40884621883885,4,897,0,0,671.163,29.44340705871582,2.506462574005127,29.548023510613202,EXPLORING
7196.746000,LIDAR_ONLY,MIXED,run02,LIDAR_ONLY,0.09899700433015823,0.2892098128795624,0.21318738162517548,0.21527235209941864,0.21318738162517548,0.0,1.0208090543746948,1678,6399085,71251,16777,236.72677579447156,4,898,0,0,672.162,29.3587646484375,2.7745742797851562,29.48771337391863,EXPLORING
7197.746000,LIDAR_ONLY,MIXED,run02,LIDAR_ONLY,0.10039529949426651,0.29323968291282654,0.21480709314346313,0.21454639732837677,0.21480709314346313,0.0,0.8294010162353516,1680,6406757,71265,16782,237.05438642065693,4,899,0,0,673.162,29.230239868164062,3.0484635829925537,29.386917957175267,EXPLORING
7198.746000,LIDAR_ONLY,MIXED,run02,LIDAR_ONLY,0.09323954582214355,0.2900764048099518,0.2150677740573883,0.21480709314346313,0.2150677740573883,0.0,1.310789942741394,1683,6418265,71282,16784,237.41503185527552,4,901,0,0,674.162,29.2351131439209,2.993088722229004,29.386071523010337,EXPLORING
7199.752000,LIDAR_ONLY,MIXED,run02,LIDAR_ONLY,0.09287688881158829,0.2801118791103363,0.21246089041233063,0.21480709314346313,0.21246089041233063,0.0,1.6396069526672363,1685,6425937,71291,16793,237.8110339901118,4,902,0,0,675.168,29.164875030517578,3.0518457889556885,29.322258678464728,EXPLORING
7200.747000,LIDAR_ONLY,MIXED,run02,LIDAR_ONLY,0.0953400582075119,0.28436726331710815,0.21257172524929047,0.21231089532375336,0.21257172524929047,0.0,1.0925079584121704,1688,6437443,71301,16797,238.09611334278307,4,903,0,0,676.163,29.01121711730957,3.2670252323150635,29.192744011165505,EXPLORING
7201.747000,LIDAR_ONLY,MIXED,run02,LIDAR_ONLY,0.09969484061002731,0.2960973083972931,0.21376433968544006,0.21532846987247467,0.21376433968544006,0.0,1.109179973602295,1690,6445114,71325,16798,238.3442185764693,4,904,0,0,677.163,28.9335994720459,3.404613494873047,29.131379032289743,EXPLORING
7202.746000,LIDAR_ONLY,MIXED,run02,LIDAR_ONLY,0.09048531949520111,0.2900051474571228,0.2136150300502777,0.21413667500019073,0.2136150300502777,0.0,1.150215983390808,1693,6456620,71342,16803,238.66222495911057,4,905,0,0,678.162,29.075777053833008,3.3141424655914307,29.262199354121517,EXPLORING
7203.748000,LIDAR_ONLY,MIXED,run02,LIDAR_ONLY,0.08704905211925507,0.2835002541542053,0.21273818612098694,0.21404333412647247,0.21273818612098694,0.0,1.0167839527130127,1695,6464283,71389,16805,239.00892739080206,4,905,0,0,679.164,29.283935546875,3.2860262393951416,29.46587764828971,EXPLORING
7204.746000,LIDAR_ONLY,MIXED,run02,LIDAR_ONLY,0.09049557149410248,0.2909863591194153,0.21273818612098694,0.21456538140773773,0.21273818612098694,0.0,0.6522639989852905,1697,6471946,71403,16814,239.44778448197755,4,907,0,0,680.162,28.977088928222656,3.298184394836426,29.162339088012025,EXPLORING
7205.747000,LIDAR_ONLY,MIXED,run02,LIDAR_ONLY,0.09963945299386978,0.29686397314071655,0.21163883805274963,0.2147703617811203,0.21163883805274963,0.0,0.9002349972724915,1700,6483440,71437,16816,239.70424297008393,4,909,0,0,681.163,28.883777618408203,3.3938217163085938,29.080637621685288,EXPLORING
7206.747000,LIDAR_ONLY,MIXED,run02,LIDAR_ONLY,0.09003116935491562,0.29046690464019775,0.2152361124753952,0.21601878106594086,0.2152361124753952,0.0,0.9323059916496277,1703,6494939,71458,16820,240.1068339843888,4,910,0,0,682.163,28.955291748046875,3.348778486251831,29.14645310616808,EXPLORING
7207.749000,LIDAR_ONLY,MIXED,run02,LIDAR_ONLY,0.0906078964471817,0.2874332368373871,0.21445342898368835,0.21445342898368835,0.21445342898368835,0.0,0.7407900094985962,1705,6502607,71465,16822,240.388234848762,4,912,0,0,683.165,29.089479446411133,3.2951951026916504,29.273674149395767,EXPLORING
7208.746000,LIDAR_ONLY,MIXED,run02,LIDAR_ONLY,0.09305146336555481,0.29248759150505066,0.2133159339427948,0.2159268856048584,0.2133159339427948,0.0,1.0023289918899536,1708,6514099,71490,16823,240.64407905471063,4,913,0,0,684.162,28.967315673828125,3.237605333328247,29.14583532560963,EXPLORING
7209.748000,LIDAR_ONLY,MIXED,run02,LIDAR_ONLY,0.10191502422094345,0.2982577681541443,0.2072025090456009,0.2165970802307129,0.2072025090456009,0.0,0.9483069777488708,1710,6521762,71502,16825,241.13497481319223,4,914,0,0,685.164,29.089815139770508,3.5770580768585205,29.30708190839997,EXPLORING
7210.749000,LIDAR_ONLY,MIXED,run02,LIDAR_ONLY,0.09847630560398102,0.29605960845947266,0.20882275700569153,0.20803967118263245,0.20882275700569153,0.0,0.696956992149353,1712,6529425,71502,16826,241.4794115550134,4,916,0,0,686.165,28.87290382385254,3.488405227661133,29.081035092044576,EXPLORING
7211.747000,LIDAR_ONLY,MIXED,run02,LIDAR_ONLY,0.09025143831968307,0.28936874866485596,0.21534846723079681,0.2171756774187088,0.21534846723079681,0.0,0.7251719832420349,1715,6540922,71510,16827,241.8807214941882,4,917,0,0,687.163,28.9915771484375,3.321122169494629,29.179336852222754,EXPLORING
7212.747000,LIDAR_ONLY,MIXED,run02,LIDAR_ONLY,0.08910506218671799,0.28567230701446533,0.21268267929553986,0.21555323898792267,0.21268267929553986,0.0,1.616286039352417,1718,6552415,71619,16829,242.07447785064943,4,918,0,0,688.163,29.087682723999023,3.220399856567383,29.263561159632452,EXPLORING
7213.746000,LIDAR_ONLY,MIXED,run02,LIDAR_ONLY,0.0925707295536995,0.2921108603477478,0.21456538140773773,0.21639259159564972,0.21456538140773773,0.0,1.1372120380401611,1721,6563908,71664,16851,242.4963282036153,4,921,0,0,689.162,28.912372589111328,3.2787210941314697,29.095838848354152,EXPLORING
7214.747000,LIDAR_ONLY,MIXED,run02,LIDAR_ONLY,0.09185086935758591,0.29309579730033875,0.2120104432106018,0.2148825079202652,0.2120104432106018,0.0,1.1776089668273926,1723,6571569,71706,16855,242.69534847629032,4,922,0,0,690.163,29.026165008544922,3.3496322631835938,29.21695580669683,EXPLORING
7215.746000,LIDAR_ONLY,MIXED,run02,LIDAR_ONLY,0.09076683968305588,0.29099175333976746,0.21314896643161774,0.21575789153575897,0.21314896643161774,0.0,4.429783821105957,1725,6579235,71710,16860,243.0083503478267,4,923,0,0,691.162,29.110069274902344,3.3064184188842773,29.295398065474195,EXPLORING
7216.747000,LIDAR_ONLY,MIXED,run02,LIDAR_ONLY,0.10016394406557083,0.2923435568809509,0.21273818612098694,0.21587052941322327,0.21273818612098694,0.0,0.8650799989700317,1728,6590729,71729,16860,243.2361325307688,4,924,0,0,692.163,28.966781616210938,3.3497071266174316,29.157973571285783,EXPLORING
7217.747000,LIDAR_ONLY,MIXED,run02,LIDAR_ONLY,0.10124890506267548,0.294605016708374,0.2118997871875763,0.2147703617811203,0.2118997871875763,0.0,0.8816670179367065,1731,6602226,71737,16862,243.62806456413205,4,925,0,0,693.163,28.800386428833008,3.6095728874206543,29.023866466461605,EXPLORING
7218.747000,LIDAR_ONLY,MIXED,run02,LIDAR_ONLY,0.09315599501132965,0.2944735586643219,0.21450939774513245,0.21555323898792267,0.21450939774513245,0.0,0.8406270146369934,1734,6613728,71743,16864,243.97413086922214,4,926,0,0,694.163,28.90093421936035,3.5344064235687256,29.114413155492045,EXPLORING
7219.749000,LIDAR_ONLY,MIXED,run02,LIDAR_ONLY,0.10024911165237427,0.30009543895721436,0.212421715259552,0.21450939774513245,0.212421715259552,0.0,1.395758032798767,1736,6621392,71748,16866,244.25786654417493,4,926,0,0,695.165,29.07365608215332,3.5704448223114014,29.290236711511493,EXPLORING
7220.747000,LIDAR_ONLY,MIXED,run02,LIDAR_ONLY,0.10077708959579468,0.29209035634994507,0.21221613883972168,0.21378229558467865,0.21221613883972168,0.0,1.057026982307434,1738,6629055,71748,16866,244.54695690511556,4,929,0,0,696.163,28.980100631713867,3.6861929893493652,29.211765279260824,EXPLORING
7221.746000,LIDAR_ONLY,MIXED,run02,LIDAR_ONLY,0.10170543938875198,0.29686424136161804,0.21294362843036652,0.2142484337091446,0.21294362843036652,0.0,1.684196949005127,1740,6636717,71806,16867,245.16896364454712,4,930,0,0,697.162,29.176475524902344,3.508357048034668,29.384812327464772,EXPLORING
7222.746000,LIDAR_ONLY,MIXED,run02,LIDAR_ONLY,0.10168728232383728,0.299573689699173,0.21257172524929047,0.21491914987564087,0.21257172524929047,0.0,1.2642769813537598,1743,6648218,71817,16873,245.8612746881184,4,932,0,0,698.162,29.255596160888672,3.5567281246185303,29.46916860427947,EXPLORING
7223.748000,LIDAR_ONLY,MIXED,run02,LIDAR_ONLY,0.0972253829240799,0.28855958580970764,0.21216075122356415,0.21398746967315674,0.21216075122356415,0.0,0.767166018486023,1745,6655882,71832,16874,246.13910807408934,4,934,0,0,699.164,29.14224624633789,3.5235166549682617,29.352644658549238,EXPLORING
7224.746000,LIDAR_ONLY,MIXED,run02,LIDAR_ONLY,0.08981640636920929,0.2720124423503876,0.21000520884990692,0.21104742586612701,0.21000520884990692,0.0,2.545706033706665,1747,6663554,72065,16876,246.47450164298232,4,935,0,0,700.162,29.098407745361328,3.5444791316986084,29.31165188313884,EXPLORING
7225.746000,LIDAR_ONLY,MIXED,run02,LIDAR_ONLY,0.09236989170312881,0.27597880363464355,0.21501173079013824,0.2173573076725006,0.21501173079013824,0.0,1.0549490451812744,1750,6675061,72282,16937,246.7838970716635,4,938,0,0,701.162,28.882915496826172,3.639695167541504,29.10950819840045,EXPLORING
7226.747000,LIDAR_ONLY,MIXED,run02,LIDAR_ONLY,0.09316718578338623,0.2760528028011322,0.2133542001247406,0.21439749002456665,0.2133542001247406,0.0,0.8928319811820984,1752,6682731,72289,16966,247.1009155201016,4,938,0,0,702.163,28.664939880371094,3.696606159210205,28.90048280407297,EXPLORING
7227.748000,LIDAR_ONLY,MIXED,run02,LIDAR_ONLY,0.0930122509598732,0.2783448398113251,0.21830986440181732,0.21674491465091705,0.21830986440181732,0.0,1.2871149778366089,1755,6694234,72291,16968,247.40980508775633,4,939,0,0,703.164,28.54608154296875,3.765374183654785,28.791520097824954,EXPLORING
7228.746000,LIDAR_ONLY,MIXED,run02,LIDAR_ONLY,0.10085098445415497,0.2980206608772278,0.2182767689228058,0.2164490818977356,0.2182767689228058,0.0,0.9590830206871033,1757,6701894,72299,16968,247.6433681096552,4,940,0,0,704.162,28.563554763793945,3.8261406421661377,28.816850371474644,EXPLORING
7229.748000,LIDAR_ONLY,MIXED,run02,LIDAR_ONLY,0.09922384470701218,0.2914600372314453,0.21460235118865967,0.2140808403491974,0.21460235118865967,0.0,1.2418830394744873,1763,6724885,72439,16970,247.98200806037164,4,942,0,0,705.164,28.639665603637695,4.088688850402832,28.928235901372954,EXPLORING
7230.746000,LIDAR_ONLY,MIXED,run02,LIDAR_ONLY,0.0932048112154007,0.2780987322330475,0.21169407665729523,0.21456538140773773,0.21169407665729523,0.0,2.3757638931274414,1766,6736384,72511,17007,248.244208675858,4,943,0,0,706.162,28.569480895996094,4.206249237060547,28.87565167918971,EXPLORING
7231.749000,LIDAR_ONLY,MIXED,run02,LIDAR_ONLY,0.09587060660123825,0.27826717495918274,0.21012790501117706,0.21404333412647247,0.21012790501117706,0.0,0.7128750085830688,1768,6744048,72543,17034,248.65439724157778,4,943,0,0,707.165,28.2933406829834,4.424461841583252,28.635396582984214,EXPLORING
7232.746000,LIDAR_ONLY,MIXED,run02,LIDAR_ONLY,0.09407767653465271,0.27930498123168945,0.20876826345920563,0.212421715259552,0.20876826345920563,0.0,1.3077809810638428,1771,6755545,72543,17046,248.81206937901874,4,945,0,0,708.162,28.249544143676758,4.471534252166748,28.599450411422776,EXPLORING
7233.747000,LIDAR_ONLY,MIXED,run02,LIDAR_ONLY,0.0968201756477356,0.27965936064720154,0.21314896643161774,0.21340985596179962,0.21314896643161774,0.0,1.0831520557403564,1773,6763211,72702,17068,249.05805524235788,4,947,0,0,709.163,28.11053466796875,4.559355735778809,28.476091399301062,EXPLORING
7234.748000,LIDAR_ONLY,MIXED,run02,LIDAR_ONLY,0.09360888600349426,0.2810201048851013,0.21892103552818298,0.21709668636322021,0.21892103552818298,0.0,0.7251449823379517,1776,6774717,72820,17090,249.32119547239515,4,948,0,0,710.164,27.99785614013672,4.660608768463135,28.38132725080986,EXPLORING
7235.746000,LIDAR_ONLY,MIXED,run02,LIDAR_ONLY,0.092664435505867,0.28120744228363037,0.2178785502910614,0.21631482243537903,0.2178785502910614,0.0,4.3609538078308105,1778,6782391,72820,17141,249.56618705747152,5,949,0,0,711.162,27.998149871826172,4.786245822906494,28.402522354662782,EXPLORING
7236.746000,LIDAR_ONLY,MIXED,run02,LIDAR_ONLY,0.09256528317928314,0.28105589747428894,0.22010940313339233,0.21672309935092926,0.22010940313339233,0.0,1.2984189987182617,1780,6790068,72975,17172,249.67536000004026,7,949,0,0,712.162,28.016138076782227,4.831939220428467,28.42798566587502,EXPLORING
7237.746000,LIDAR_ONLY,MIXED,run02,LIDAR_ONLY,0.09256400913000107,0.2810482680797577,0.21802552044391632,0.2164626270532608,0.21802552044391632,0.0,2.5306460857391357,1782,6797746,73065,17211,249.68263298878736,9,949,0,0,713.162,28.016483306884766,4.833907127380371,28.428660480504604,EXPLORING
7238.748000,LIDAR_ONLY,MIXED,run02,LIDAR_ONLY,0.09439697116613388,0.28110599517822266,0.21880698204040527,0.21802552044391632,0.21880698204040527,0.0,1.4438270330429077,1784,6805425,73065,17250,249.68923600346525,10,950,0,0,714.164,28.016048431396484,4.833374500274658,28.428141361386245,EXPLORING
7239.746000,LIDAR_ONLY,MIXED,run02,LIDAR_ONLY,0.09607735276222229,0.2771409749984741,0.21328124403953552,0.21406249701976776,0.21328124403953552,0.0,1.0407359600067139,1787,6816943,73149,17273,249.88153127692854,10,951,0,0,715.162,28.00825309753418,4.680755138397217,28.394897754369126,EXPLORING
7240.746000,LIDAR_ONLY,MIXED,run02,LIDAR_ONLY,0.08936186134815216,0.2711006700992584,0.21328124403953552,0.21458333730697632,0.21328124403953552,0.0,0.9768139719963074,1789,6824622,73149,17282,250.18642098767157,10,953,0,0,716.162,27.987642288208008,4.505486011505127,28.346178047550197,EXPLORING
7241.746000,LIDAR_ONLY,MIXED,run02,LIDAR_ONLY,0.08436232060194016,0.2624053955078125,0.21328124403953552,0.21510416269302368,0.21328124403953552,0.0,1.0435359477996826,1792,6836142,73149,17282,250.54344611069345,10,955,0,0,717.162,28.05527114868164,4.491522312164307,28.410737545041194,EXPLORING
7242.751000,LIDAR_ONLY,MIXED,run02,LIDAR_ONLY,0.07809321582317352,0.2602348029613495,0.21958842873573303,0.2175045609474182,0.21958842873573303,0.0,3.6643550395965576,1794,6843820,73192,17282,251.005330169956,10,956,0,0,718.167,28.136091232299805,4.36536169052124,28.47092329552023,EXPLORING
7243.746000,LIDAR_ONLY,MIXED,run02,LIDAR_ONLY,0.07375402748584747,0.25906747579574585,0.21802552044391632,0.21099244058132172,0.21802552044391632,0.0,1.0591939687728882,1797,6855338,73282,17298,251.39315696050036,10,957,0,0,719.162,28.26924705505371,4.130168437957764,28.5675541833693,EXPLORING
7244.749000,LIDAR_ONLY,MIXED,run02,LIDAR_ONLY,0.07880008220672607,0.2597448229789734,0.21333681046962738,0.21229486167430878,0.21333681046962738,0.0,0.8806430101394653,1799,6863016,73350,17321,251.65176778315995,10,957,0,0,720.165,28.21356201171875,4.040504455566406,28.49960265805054,EXPLORING
7245.746000,LIDAR_ONLY,MIXED,run02,LIDAR_ONLY,0.08372841775417328,0.26134538650512695,0.21527235209941864,0.21657544374465942,0.21527235209941864,0.0,0.7825000286102295,1802,6874528,73384,17348,251.8563668702178,10,958,0,0,721.162,28.2081298828125,3.9419548511505127,28.480415092725515,EXPLORING
7246.751000,LIDAR_ONLY,MIXED,run02,LIDAR_ONLY,0.07629571855068207,0.2600835859775543,0.21475110948085785,0.21579359471797943,0.21475110948085785,0.0,1.7608859539031982,1803,6878365,73410,17356,252.3465356573834,10,959,0,0,722.167,28.298566818237305,4.00782585144043,28.57914898433264,EXPLORING
7247.746000,LIDAR_ONLY,MIXED,run02,LIDAR_ONLY,0.07313670963048935,0.2586780786514282,0.21756123006343842,0.21860343217849731,0.21756123006343842,0.0,0.7918339967727661,1806,6889879,73460,17368,252.64862284967225,10,960,0,0,723.162,28.348134994506836,3.850187063217163,28.606580279202127,EXPLORING
7248.746000,LIDAR_ONLY,MIXED,run02,LIDAR_ONLY,0.07214003801345825,0.2578786313533783,0.21553297340869904,0.21631482243537903,0.21553297340869904,0.0,1.017820954322815,1808,6897554,73540,17383,253.0405757436583,10,962,0,0,724.162,28.512435913085938,3.6289665699005127,28.74061778124949,EXPLORING
7249.756000,LIDAR_ONLY,MIXED,run02,LIDAR_ONLY,0.07158815115690231,0.2579738199710846,0.21370862424373627,0.21657544374465942,0.21370862424373627,0.0,1.677940011024475,1811,6909066,73540,17407,253.44741345728295,10,964,0,0,725.172,28.50383949279785,3.633335828781128,28.73264252873666,EXPLORING
7250.747000,LIDAR_ONLY,MIXED,run02,LIDAR_ONLY,0.07352211326360703,0.2591388523578644,0.21715328097343445,0.21637122333049774,0.21715328097343445,0.0,0.7885400056838989,1813,6916739,73611,17426,253.67669930238105,10,965,0,0,726.163,28.486228942871094,3.555182456970215,28.705387066539785,EXPLORING
7251.746000,LIDAR_ONLY,MIXED,run02,LIDAR_ONLY,0.07237499207258224,0.2585761249065399,0.22028154134750366,0.2174139767885208,0.22028154134750366,0.0,0.8147270083427429,1815,6924410,73649,17429,254.0423834031913,10,967,0,0,727.162,28.400306701660156,3.2290220260620117,28.58143557281251,EXPLORING
7252.746000,LIDAR_ONLY,MIXED,run02,LIDAR_ONLY,0.07230760902166367,0.25947579741477966,0.2213820070028305,0.21851368248462677,0.2213820070028305,0.0,5.821812152862549,1818,6935915,73699,17432,254.3904717820469,10,968,0,0,728.162,28.32346534729004,3.001702308654785,28.480225908928634,EXPLORING
7253.748000,LIDAR_ONLY,MIXED,run02,LIDAR_ONLY,0.07351666688919067,0.26019585132598877,0.21935315430164337,0.2177882045507431,0.21935315430164337,0.0,1.1537270545959473,1819,6939749,73763,17448,254.7853179010066,10,970,0,0,729.164,28.370683670043945,2.625091791152954,28.490003904447434,EXPLORING
7254.746000,LIDAR_ONLY,MIXED,run02,LIDAR_ONLY,0.07250486314296722,0.25930923223495483,0.21553297340869904,0.2173573076725006,0.21553297340869904,0.0,2.316448926925659,1822,6951259,73763,17465,255.18471465717423,10,970,0,0,730.162,28.48137092590332,2.3142552375793457,28.573358541627073,EXPLORING
7255.750000,LIDAR_ONLY,MIXED,run02,LIDAR_ONLY,0.07022060453891754,0.25950297713279724,0.21501173079013824,0.21683606505393982,0.21501173079013824,0.0,1.6154530048370361,1824,6958933,73802,17468,255.45030842749668,10,971,0,0,731.166,28.47624397277832,2.0772011280059814,28.55001568083843,EXPLORING
7256.746000,LIDAR_ONLY,MIXED,run02,LIDAR_ONLY,0.06992954760789871,0.2587701976299286,0.2173573076725006,0.21892103552818298,0.2173573076725006,0.0,0.8102579712867737,1827,6970444,73820,17481,255.85459039018411,10,973,0,0,732.162,28.44062042236328,1.6864612102508545,28.488676049385187,EXPLORING
7257.746000,LIDAR_ONLY,MIXED,run02,LIDAR_ONLY,0.06919589638710022,0.2578732967376709,0.2166319042444229,0.21767465770244598,0.2166319042444229,0.0,3.430917978286743,1829,6978117,73844,17487,256.2717040651766,10,975,0,0,733.162,28.50148582458496,1.358302116394043,28.531920597421376,EXPLORING
7258.746000,LIDAR_ONLY,MIXED,run02,LIDAR_ONLY,0.0704779326915741,0.26061737537384033,0.2161668837070465,0.21720990538597107,0.2161668837070465,0.0,1.363716959953308,1831,6985788,73856,17496,256.5263133614406,10,975,0,0,734.162,28.53437614440918,1.142813801765442,28.555331497222102,EXPLORING
7259.746000,LIDAR_ONLY,MIXED,run02,LIDAR_ONLY,0.07335113734006882,0.2597438097000122,0.2141740471124649,0.21704012155532837,0.2141740471124649,0.0,2.730452060699463,1833,6993463,73865,17501,256.8570386099743,10,976,0,0,735.162,28.537824630737305,1.0405378341674805,28.554864284322964,EXPLORING
7260.750000,LIDAR_ONLY,MIXED,run02,LIDAR_ONLY,0.07106524705886841,0.2618485391139984,0.2178785502910614,0.21553297340869904,0.2178785502910614,0.0,2.989835023880005,1835,7001137,73874,17505,257.23288400381597,10,977,0,0,736.166,28.47340965270996,0.9730982184410095,28.48810687216391,EXPLORING
7261.747000,LIDAR_ONLY,MIXED,run02,LIDAR_ONLY,0.06815340369939804,0.25704795122146606,0.21642763912677765,0.2174706608057022,0.21642763912677765,0.0,1.8961310386657715,1836,7004972,73881,17507,257.52135936892586,10,980,0,0,737.163,28.50271987915039,0.7171409130096436,28.50980583276581,EXPLORING
7262.746000,LIDAR_ONLY,MIXED,run02,LIDAR_ONLY,0.06964234262704849,0.26092529296875,0.21396924555301666,0.21683606505393982,0.21396924555301666,0.0,1.0844049453735352,1842,7027991,73953,17508,257.93071841170894,10,980,0,0,738.162,28.480926513671875,0.3276020586490631,28.48086383411081,EXPLORING
7263.746000,LIDAR_ONLY,MIXED,run02,LIDAR_ONLY,0.06676821410655975,0.2566719353199005,0.2158498466014862,0.21715328097343445,0.2158498466014862,0.0,1.4963209629058838,1844,7035664,73953,17526,258.31109762193717,10,982,0,0,739.162,28.501489639282227,-0.018022166565060616,28.499537942680426,EXPLORING
7264.746000,LIDAR_ONLY,MIXED,run02,LIDAR_ONLY,0.06644747406244278,0.2576412856578827,0.21605421602725983,0.217617928981781,0.21605421602725983,0.0,1.9395469427108765,1846,7043338,73968,17529,258.58131295179,10,984,0,0,740.162,28.533048629760742,-0.23645128309726715,28.532064372684587,EXPLORING
7265.746000,LIDAR_ONLY,MIXED,run02,LIDAR_ONLY,0.06761673092842102,0.2542012929916382,0.21266613900661469,0.217617928981781,0.21266613900661469,0.0,1.2847830057144165,1848,7051012,73978,17532,258.9052968010772,10,985,0,0,741.162,28.475873947143555,-0.5054712295532227,28.47838793438415,EXPLORING
7266.747000,LIDAR_ONLY,MIXED,run02,LIDAR_ONLY,0.0672469362616539,0.25749388337135315,0.21631482243537903,0.2173573076725006,0.21631482243537903,0.0,6.516233921051025,1850,7058686,73985,17533,259.1525034324757,10,986,0,0,742.163,28.47943115234375,-0.497664213180542,28.481807336886295,EXPLORING
7267.746000,LIDAR_ONLY,MIXED,run02,LIDAR_ONLY,0.06419548392295837,0.2567993402481079,0.2158498466014862,0.21793535351753235,0.2158498466014862,0.0,2.261770009994507,1853,7070192,74000,17535,259.4108781016539,10,988,0,0,743.162,28.53718376159668,-0.6863735914230347,28.54345972544477,EXPLORING
7268.746000,LIDAR_ONLY,MIXED,run02,LIDAR_ONLY,0.06229386106133461,0.2541135847568512,0.2121449112892151,0.21683606505393982,0.2121449112892151,0.0,4.796288013458252,1855,7077865,74003,17541,259.76577438574947,10,990,0,0,744.162,28.657991409301758,-0.9380848407745361,28.671356658873705,EXPLORING
7269.746000,LIDAR_ONLY,MIXED,run02,LIDAR_ONLY,0.06284242868423462,0.255031555891037,0.21318738162517548,0.21605421602725983,0.21318738162517548,0.0,12.170920372009277,1857,7085538,74013,17543,260.0445358112517,10,991,0,0,745.162,28.699129104614258,-1.0939995050430298,28.71798448145392,EXPLORING
7270.746000,LIDAR_ONLY,MIXED,run02,LIDAR_ONLY,0.06356512010097504,0.25571516156196594,0.21266613900661469,0.21579359471797943,0.21266613900661469,0.0,8.103845596313477,1859,7093212,74013,17543,260.16905601206577,10,993,0,0,746.162,28.7219181060791,-1.1910374164581299,28.744611298239587,EXPLORING
7271.747000,LIDAR_ONLY,MIXED,run02,LIDAR_ONLY,0.06357701122760773,0.25582754611968994,0.21897810697555542,0.21819603443145752,0.21897810697555542,0.0,1.2830610275268555,1861,7100885,74036,17543,260.9349771880009,10,993,0,0,747.163,28.74248695373535,-1.4606670141220093,28.77757955473862,EXPLORING
7272.746000,LIDAR_ONLY,MIXED,run02,LIDAR_ONLY,0.06406620144844055,0.25645700097084045,0.2161668837070465,0.2166883945465088,0.2161668837070465,0.0,1.0325419902801514,1863,7108556,74048,17554,261.19732838746046,10,994,0,0,748.162,28.810226440429688,-1.6268386840820312,28.85411892408418,EXPLORING
7273.747000,LIDAR_ONLY,MIXED,run02,LIDAR_ONLY,0.06621263176202774,0.25781068205833435,0.21512386202812195,0.2161668837070465,0.21512386202812195,0.0,0.8075640201568604,1865,7116226,74059,17557,261.48671844546175,10,996,0,0,749.163,28.80286407470703,-1.859564185142517,28.860821370552525,EXPLORING
7274.752000,LIDAR_ONLY,MIXED,run02,LIDAR_ONLY,0.06648226082324982,0.25887441635131836,0.2161668837070465,0.21773141622543335,0.2161668837070465,0.0,0.7383999824523926,1868,7127732,74096,17560,261.7907683509404,10,996,0,0,750.168,28.79937171936035,-2.075230598449707,28.872029463105726,EXPLORING
7275.746000,LIDAR_ONLY,MIXED,run02,LIDAR_ONLY,0.06660079210996628,0.25851646065711975,0.2161668837070465,0.21773141622543335,0.2161668837070465,0.0,4.983808994293213,1870,7135402,74109,17566,262.0462781279479,10,998,0,0,751.162,28.7579345703125,-2.2663919925689697,28.845083737370523,EXPLORING
7276.746000,LIDAR_ONLY,MIXED,run02,LIDAR_ONLY,0.06538160890340805,0.2602487802505493,0.21329855918884277,0.21564537286758423,0.21329855918884277,0.0,1.1808170080184937,1872,7143073,74109,17571,262.2863703090748,10,999,0,0,752.162,28.75368881225586,-2.4528098106384277,28.856093150371912,EXPLORING
7277.746000,LIDAR_ONLY,MIXED,run02,LIDAR_ONLY,0.06363070011138916,0.2597247064113617,0.2148631066083908,0.21694914996623993,0.2148631066083908,0.0,1.2716599702835083,1876,7158412,74127,17572,262.58656685916134,10,1000,0,0,753.162,28.78774070739746,-2.7367444038391113,28.91550405504711,EXPLORING
7278.754000,LIDAR_ONLY,MIXED,run02,LIDAR_ONLY,0.06016870588064194,0.25917693972587585,0.2148631066083908,0.21694914996623993,0.2148631066083908,0.0,3.4024031162261963,1878,7166082,74136,17574,262.9824283120949,10,1002,0,0,754.170,28.745943069458008,-3.0910918712615967,28.90962176449847,EXPLORING
7279.746000,LIDAR_ONLY,MIXED,run02,LIDAR_ONLY,0.05732463300228119,0.25687411427497864,0.21434159576892853,0.21590612828731537,0.21434159576892853,0.0,1.0219039916992188,1880,7173752,74147,17578,263.3132915146198,10,1004,0,0,755.162,28.8095645904541,-3.399155616760254,29.007354688684046,EXPLORING
7280.747000,LIDAR_ONLY,MIXED,run02,LIDAR_ONLY,0.06274216622114182,0.25763317942619324,0.21512386202812195,0.21460235118865967,0.21512386202812195,0.0,14.979126930236816,1882,7181421,74151,17581,263.6277004591676,10,1004,0,0,756.163,28.819133758544922,-3.6884613037109375,29.052160561389492,EXPLORING
7281.746000,LIDAR_ONLY,MIXED,run02,LIDAR_ONLY,0.05732542648911476,0.26158323884010315,0.21251629292964935,0.21382008492946625,0.21251629292964935,0.0,0.5515949726104736,1884,7189091,74153,17582,264.0425913658467,10,1007,0,0,757.162,28.746849060058594,-4.0510663986206055,29.02882945644577,EXPLORING
7282.746000,LIDAR_ONLY,MIXED,run02,LIDAR_ONLY,0.05809241533279419,0.26010191440582275,0.21596243977546692,0.2175273895263672,0.21596243977546692,0.0,1.1246700286865234,1886,7196760,74156,17583,264.464031117389,10,1008,0,0,758.162,28.771451950073242,-4.152485370635986,29.067503841980574,EXPLORING
7283.746000,LIDAR_ONLY,MIXED,run02,LIDAR_ONLY,0.0568724200129509,0.26155832409858704,0.21329855918884277,0.21512386202812195,0.21329855918884277,0.0,1.2747479677200317,1888,7204429,74161,17583,264.89389972483644,10,1009,0,0,759.162,28.943763732910156,-4.246523857116699,29.25156036716815,EXPLORING
7284.746000,LIDAR_ONLY,MIXED,run02,LIDAR_ONLY,0.06059788912534714,0.2628288269042969,0.21413667500019073,0.2177882045507431,0.21413667500019073,0.0,6.140826225280762,1890,7212097,74167,17584,265.3303286786894,10,1011,0,0,760.162,28.958364486694336,-4.250523567199707,29.26658709648555,EXPLORING
7285.746000,LIDAR_ONLY,MIXED,run02,LIDAR_ONLY,0.05878782272338867,0.2635745406150818,0.2177882045507431,0.21700574457645416,0.2177882045507431,0.0,0.9171220064163208,1892,7219765,74169,17584,265.5281770214417,10,1011,0,0,761.162,29.031009674072266,-4.338430881500244,29.351326449297513,EXPLORING
7286.746000,LIDAR_ONLY,MIXED,run02,LIDAR_ONLY,0.05914699658751488,0.2657480239868164,0.21596243977546692,0.21517996490001678,0.21596243977546692,0.0,1.1248739957809448,1893,7223599,74169,17584,265.90340286539254,10,1013,0,0,762.162,28.99131965637207,-4.6846747398376465,29.365306173052282,EXPLORING
7287.747000,LIDAR_ONLY,MIXED,run02,LIDAR_ONLY,0.05910947918891907,0.2740001082420349,0.21929596364498138,0.2187744528055191,0.21929596364498138,0.0,2.821537971496582,1895,7231268,74185,17584,266.31379351920793,10,1013,0,0,763.163,29.00954246520996,-5.053628921508789,29.444361459261852,EXPLORING
7288.748000,LIDAR_ONLY,MIXED,run02,LIDAR_ONLY,0.0610797256231308,0.2749367356300354,0.21888859570026398,0.2183668166399002,0.21888859570026398,0.0,1.777796983718872,1897,7238935,74188,17585,266.6230340120664,10,1015,0,0,764.164,29.093976974487305,-5.307651996612549,29.57207461791784,EXPLORING
7289.746000,LIDAR_ONLY,MIXED,run02,LIDAR_ONLY,0.058051228523254395,0.26556679606437683,0.21439749002456665,0.2175273895263672,0.21439749002456665,0.0,0.8685479760169983,1900,7250436,74189,17585,266.8706650939059,10,1017,0,0,765.162,29.055158615112305,-5.504544258117676,29.569900089384806,EXPLORING
7290.747000,LIDAR_ONLY,MIXED,run02,LIDAR_ONLY,0.06317174434661865,0.28665846586227417,0.21393164992332458,0.21601878106594086,0.21393164992332458,0.0,0.8455029726028442,1902,7258104,74192,17585,267.1071940274931,10,1019,0,0,766.163,29.06285285949707,-5.653184413909912,29.605478615218356,EXPLORING
7291.746000,LIDAR_ONLY,MIXED,run02,LIDAR_ONLY,0.07253974676132202,0.30151137709617615,0.21419253945350647,0.2170623540878296,0.21419253945350647,0.0,1.1891930103302002,1904,7265770,74194,17585,267.43471450626055,10,1020,0,0,767.162,29.1947078704834,-5.939136505126953,29.79059837678097,EXPLORING
7292.746000,LIDAR_ONLY,MIXED,run02,LIDAR_ONLY,0.06687252223491669,0.2921353578567505,0.21199478209018707,0.21512386202812195,0.21199478209018707,0.0,0.8493070006370544,1906,7273438,74194,17585,267.68706204052796,10,1021,0,0,768.162,29.23932647705078,-6.14762544631958,29.87651948820702,EXPLORING
7293.746000,LIDAR_ONLY,MIXED,run02,LIDAR_ONLY,0.06824035942554474,0.2947515547275543,0.21633611619472504,0.21842379868030548,0.21633611619472504,0.0,1.172659993171692,1909,7284936,74202,17585,268.12618715756787,10,1023,0,0,769.162,29.223867416381836,-6.086415767669678,29.848851830926,EXPLORING
7294.746000,LIDAR_ONLY,MIXED,run02,LIDAR_ONLY,0.08062711358070374,0.3118191361427307,0.21471431851387024,0.2170623540878296,0.21471431851387024,0.0,11.901874542236328,1912,7296434,74203,17585,268.40705765407967,10,1024,0,0,770.162,29.353466033935547,-6.211141586303711,30.00130991111909,EXPLORING
7295.747000,LIDAR_ONLY,MIXED,run02,LIDAR_ONLY,0.07621254771947861,0.3052036762237549,0.21497520804405212,0.2201930582523346,0.21497520804405212,0.0,4.763245105743408,1914,7304099,74206,17585,268.7236466939919,10,1025,0,0,771.163,29.383148193359375,-6.353845119476318,30.060185132502856,EXPLORING
7296.746000,LIDAR_ONLY,MIXED,run02,LIDAR_ONLY,0.0944024920463562,0.3276464641094208,0.2142857164144516,0.2166319042444229,0.2142857164144516,0.0,1.1874710321426392,1916,7311768,74217,17585,269.0487335635621,10,1026,0,0,772.162,29.463428497314453,-6.523195266723633,30.174808565571844,EXPLORING
7297.748000,LIDAR_ONLY,MIXED,run02,LIDAR_ONLY,0.1024070456624031,0.3391892910003662,0.21790188550949097,0.21737995743751526,0.21790188550949097,0.0,1.4553300142288208,1919,7323265,74219,17587,269.36513213472585,10,1027,0,0,773.164,29.53096580505371,-6.680717945098877,30.27511804627971,EXPLORING
7298.746000,LIDAR_ONLY,MIXED,run02,LIDAR_ONLY,0.10912135988473892,0.3431592881679535,0.21503131091594696,0.21842379868030548,0.21503131091594696,0.0,0.6638569831848145,1921,7330928,74227,17587,269.6286578245677,10,1028,0,0,774.162,29.61452865600586,-6.826306343078613,30.388995134357923,EXPLORING
7299.748000,LIDAR_ONLY,MIXED,run02,LIDAR_ONLY,0.10579082369804382,0.34064435958862305,0.2147703617811203,0.21842379868030548,0.2147703617811203,0.0,1.1738779544830322,1924,7342424,74240,17588,269.94033953953357,10,1028,0,0,775.164,29.66389274597168,-7.028748989105225,30.48313566997514,EXPLORING
7300.748000,LIDAR_ONLY,MIXED,run02,LIDAR_ONLY,0.10920856148004532,0.3445601761341095,0.21471431851387024,0.2186277061700821,0.21471431851387024,0.0,2.909929037094116,1926,7350089,74241,17591,270.1997608623622,10,1030,0,0,776.164,29.75982666015625,-7.206648349761963,30.617872138379628,EXPLORING
7301.746000,LIDAR_ONLY,MIXED,run02,LIDAR_ONLY,0.11711952090263367,0.3518334925174713,0.21691463887691498,0.2182197868824005,0.21691463887691498,0.0,1.120879054069519,1929,7361585,74246,17591,270.5976503569106,10,1031,0,0,777.162,29.912141799926758,-7.410842418670654,30.814394251138758,EXPLORING
7302.747000,LIDAR_ONLY,MIXED,run02,LIDAR_ONLY,0.1214291900396347,0.35602787137031555,0.21639259159564972,0.2190028727054596,0.21639259159564972,0.0,2.8293659687042236,1932,7373080,74247,17591,271.01846250814,10,1032,0,0,778.163,29.970827102661133,-7.3921380043029785,30.8668765007718,EXPLORING
7303.749000,LIDAR_ONLY,MIXED,run02,LIDAR_ONLY,0.10669190436601639,0.34111952781677246,0.21685804426670074,0.21816283464431763,0.21685804426670074,0.0,1.6843899488449097,1934,7380744,74249,17591,271.4596453353038,10,1033,0,0,779.165,29.94021224975586,-7.437152862548828,30.847973635392783,EXPLORING
7304.748000,LIDAR_ONLY,MIXED,run02,LIDAR_ONLY,0.10356847196817398,0.34150230884552,0.2171189934015274,0.21816283464431763,0.2171189934015274,0.0,0.7555019855499268,1936,7388407,74249,17591,271.8683316101023,10,1034,0,0,780.164,29.99752426147461,-7.496829032897949,30.918012625109775,EXPLORING
7305.746000,LIDAR_ONLY,MIXED,run02,LIDAR_ONLY,0.1096746176481247,0.3474253714084625,0.21790188550949097,0.21555323898792267,0.21790188550949097,0.0,3.4176011085510254,1939,7399904,74256,17591,272.2303168707313,10,1035,0,0,781.162,30.038700103759766,-7.536982536315918,30.967708604096302,EXPLORING
7306.746000,LIDAR_ONLY,MIXED,run02,LIDAR_ONLY,0.10743789374828339,0.33886027336120605,0.2176409214735031,0.2194676399230957,0.2176409214735031,0.0,1.324357032775879,1941,7407567,74262,17593,272.9368199008973,10,1036,0,0,782.162,29.88752555847168,-7.761668682098389,30.876807689975998,EXPLORING
7307.747000,LIDAR_ONLY,MIXED,run02,LIDAR_ONLY,0.09968651086091995,0.333763062953949,0.21633611619472504,0.21790188550949097,0.21633611619472504,0.0,7.118778228759766,1944,7419064,74262,17594,273.6010197525265,10,1038,0,0,783.163,29.94156265258789,-8.045893669128418,31.001652259899924,EXPLORING
7308.746000,LIDAR_ONLY,MIXED,run02,LIDAR_ONLY,0.09403571486473083,0.33090677857398987,0.21607515215873718,0.21816283464431763,0.21607515215873718,0.0,0.9987249970436096,1946,7426727,74267,17594,273.91836825547233,10,1038,0,0,784.162,29.96392822265625,-8.238335609436035,31.073712533241707,EXPLORING
7309.746000,LIDAR_ONLY,MIXED,run02,LIDAR_ONLY,0.13449212908744812,0.358292818069458,0.2159268856048584,0.2172323763370514,0.2159268856048584,0.0,1.2102940082550049,1949,7438234,74282,17594,274.57820210178846,10,1040,0,0,785.162,29.96685791015625,-8.26889705657959,31.084652314424947,EXPLORING
7310.746000,LIDAR_ONLY,MIXED,run02,LIDAR_ONLY,0.13361141085624695,0.3584854304790497,0.21581420302391052,0.21790188550949097,0.21581420302391052,0.0,1.20039701461792,1951,7445897,74284,17594,275.3781003826555,10,1040,0,0,786.162,29.79619789123535,-8.33171558380127,30.937030081291734,EXPLORING
7311.746000,LIDAR_ONLY,MIXED,run02,LIDAR_ONLY,0.11491275578737259,0.3474912941455841,0.21573735773563385,0.21052631735801697,0.21573735773563385,0.0,1.3015450239181519,1954,7457397,74286,17594,275.7234364299243,10,1041,0,0,787.162,29.7944278717041,-8.416826248168945,30.958354162981106,EXPLORING
7312.747000,LIDAR_ONLY,MIXED,run02,LIDAR_ONLY,0.11530464142560959,0.3478921353816986,0.21529227495193481,0.21633611619472504,0.21529227495193481,0.0,1.500223994255066,1956,7465060,74296,17594,276.04118669668446,10,1042,0,0,788.163,29.921552658081055,-8.682422637939453,31.153677379046577,EXPLORING
7313.747000,LIDAR_ONLY,MIXED,run02,LIDAR_ONLY,0.12470363825559616,0.3543762266635895,0.21958224475383759,0.21749347448349,0.21958224475383759,0.0,1.478801965713501,1958,7472720,74488,17594,276.3959227733014,10,1044,0,0,789.163,30.116580963134766,-8.893884658813477,31.40026020608903,EXPLORING
7314.747000,LIDAR_ONLY,MIXED,run02,LIDAR_ONLY,0.12262839078903198,0.35460394620895386,0.2164490818977356,0.2182767689228058,0.2164490818977356,0.0,2.7589480876922607,1960,7480379,74495,17663,276.7139923995957,10,1046,0,0,790.163,30.39093017578125,-8.987197875976562,31.68980648069556,EXPLORING
7315.747000,LIDAR_ONLY,MIXED,run02,LIDAR_ONLY,0.11867841333150864,0.35214680433273315,0.2154047042131424,0.2182767689228058,0.2154047042131424,0.0,0.7681260108947754,1962,7488039,74497,17663,277.06214476378824,10,1048,0,0,791.163,30.363529205322266,-9.299400329589844,31.75354767740555,EXPLORING
7316.746000,LIDAR_ONLY,MIXED,run02,LIDAR_ONLY,0.1282338947057724,0.35698625445365906,0.2159268856048584,0.2167101800441742,0.2159268856048584,0.0,9.16856861114502,1964,7495698,74502,17663,277.4406343852516,10,1050,0,0,792.162,30.585264205932617,-9.552556037902832,32.040184834578554,EXPLORING
7317.747000,LIDAR_ONLY,MIXED,run02,LIDAR_ONLY,0.1158088967204094,0.3483520746231079,0.2167101800441742,0.2169712781906128,0.2167101800441742,0.0,5.26066780090332,1966,7503358,74505,17663,277.8088039869722,10,1050,0,0,793.163,30.923078536987305,-9.622995376586914,32.383655024488,EXPLORING
7318.746000,LIDAR_ONLY,MIXED,run02,LIDAR_ONLY,0.12508924305438995,0.3548019230365753,0.215665802359581,0.215665802359581,0.215665802359581,0.0,1.1938179731369019,1969,7514848,74509,17663,278.18026597194967,10,1051,0,0,794.162,31.011831283569336,-9.52715015411377,32.440135250327195,EXPLORING
7319.748000,LIDAR_ONLY,MIXED,run02,LIDAR_ONLY,0.11580058932304382,0.35109102725982666,0.2144162952899933,0.21676677465438843,0.2144162952899933,0.0,1.5637999773025513,1971,7522507,74512,17663,278.4269602654877,10,1052,0,0,795.164,31.064687728881836,-9.595175743103027,32.5106751975247,EXPLORING
7320.746000,LIDAR_ONLY,MIXED,run02,LIDAR_ONLY,0.09835708141326904,0.3260311186313629,0.21755027770996094,0.21728910505771637,0.21755027770996094,0.0,0.7910439968109131,1972,7526336,74512,17663,278.6120937967172,10,1052,0,0,796.162,30.981786727905273,-9.68858528137207,32.45923191603158,EXPLORING
7321.746000,LIDAR_ONLY,MIXED,run02,LIDAR_ONLY,0.08690125495195389,0.32197603583335876,0.22016191482543945,0.2178114354610443,0.22016191482543945,0.0,2.947671890258789,1974,7533995,74523,17663,279.0481095627382,10,1053,0,0,797.162,31.02828598022461,-9.902432441711426,32.56799178857419,EXPLORING
7322.746000,LIDAR_ONLY,MIXED,run02,LIDAR_ONLY,0.10954680293798447,0.34507155418395996,0.2148825079202652,0.21958224475383759,0.2148825079202652,0.0,1.4590580463409424,1976,7541654,74527,17665,279.51474569721495,10,1055,0,0,798.162,31.16301727294922,-9.792088508605957,32.66312442256947,EXPLORING
7323.747000,LIDAR_ONLY,MIXED,run02,LIDAR_ONLY,0.11343073844909668,0.3499663174152374,0.20950888097286224,0.21551723778247833,0.20950888097286224,0.0,1.6453629732131958,1978,7549312,74531,17665,279.844425254187,10,1056,0,0,799.163,31.14733123779297,-9.934035301208496,32.69101053617028,EXPLORING
7324.746000,LIDAR_ONLY,MIXED,run02,LIDAR_ONLY,0.11498138308525085,0.3488430678844452,0.21378229558467865,0.21665361523628235,0.21378229558467865,0.0,1.3014949560165405,1980,7556972,74533,17665,280.18134595712513,10,1056,0,0,800.162,31.298789978027344,-10.042767524719238,32.868397002651776,EXPLORING
7325.746000,LIDAR_ONLY,MIXED,run02,LIDAR_ONLY,0.10625042021274567,0.34308868646621704,0.21572211384773254,0.2159832864999771,0.21572211384773254,0.0,3.2937450408935547,1982,7564629,74533,17665,280.4234804087578,10,1058,0,0,801.162,31.34851837158203,-10.192110061645508,32.961619283371014,EXPLORING
7326.753000,LIDAR_ONLY,MIXED,run02,LIDAR_ONLY,0.11079124361276627,0.3471350073814392,0.2151997983455658,0.21807260811328888,0.2151997983455658,0.0,1.3819780349731445,1984,7572287,74544,17666,280.691898066827,10,1060,0,0,802.169,31.40607452392578,-10.36093807220459,33.06886255648314,EXPLORING
7327.746000,LIDAR_ONLY,MIXED,run02,LIDAR_ONLY,0.11621725559234619,0.35103628039360046,0.21546095609664917,0.21650561690330505,0.21546095609664917,0.0,14.776082992553711,1986,7579945,74549,17666,280.9764432325628,10,1062,0,0,803.162,31.567657470703125,-10.5357666015625,33.2772828883528,EXPLORING
7328.746000,LIDAR_ONLY,MIXED,run02,LIDAR_ONLY,0.10434799641370773,0.3381030559539795,0.215256005525589,0.21708464622497559,0.215256005525589,0.0,4.469468116760254,1988,7587602,74551,17666,281.34513915861,10,1063,0,0,804.162,31.647933959960938,-10.867730140686035,33.459775442186796,EXPLORING
7329.747000,LIDAR_ONLY,MIXED,run02,LIDAR_ONLY,0.11832357943058014,0.35165244340896606,0.21447230875492096,0.2165621668100357,0.21447230875492096,0.0,1.1670889854431152,1991,7599086,74551,17667,281.71456528188537,10,1064,0,0,805.163,31.749643325805664,-11.18382740020752,33.6596819727708,EXPLORING
7330.752000,LIDAR_ONLY,MIXED,run02,LIDAR_ONLY,0.13363192975521088,0.3603757917881012,0.21478965878486633,0.21661876142024994,0.21478965878486633,0.0,0.8246660232543945,1993,7606741,74554,17667,282.05651993625503,10,1064,0,0,806.168,31.974464416503906,-11.379019737243652,33.93675868839523,EXPLORING
7331.746000,LIDAR_ONLY,MIXED,run02,LIDAR_ONLY,0.13405726850032806,0.3623015880584717,0.2147335410118103,0.21734587848186493,0.2147335410118103,0.0,8.86076831817627,1995,7614397,74555,17667,282.4706726480927,10,1065,0,0,807.162,32.24991989135742,-11.590139389038086,34.267219687706884,EXPLORING
7332.749000,LIDAR_ONLY,MIXED,run02,LIDAR_ONLY,0.1361265629529953,0.3635556697845459,0.2158912718296051,0.21693675220012665,0.2158912718296051,0.0,0.646577000617981,1998,7625876,74564,17667,282.86715958216024,10,1068,0,0,808.165,32.492897033691406,-11.829252243041992,34.57704269580509,EXPLORING
7333.746000,LIDAR_ONLY,MIXED,run02,LIDAR_ONLY,0.12599854171276093,0.3553328514099121,0.21928907930850983,0.2177208513021469,0.21928907930850983,0.0,1.2450029850006104,2000,7633529,74569,17667,283.23318362347965,10,1070,0,0,809.162,32.79008483886719,-11.961981773376465,34.90171333381834,EXPLORING
7334.747000,LIDAR_ONLY,MIXED,run02,LIDAR_ONLY,0.1274847686290741,0.3584003448486328,0.21818657219409943,0.21714136004447937,0.21818657219409943,0.0,1.6357170343399048,2002,7641183,74569,17667,283.54760063025964,10,1071,0,0,810.163,33.04034423828125,-12.084388732910156,35.17877952099767,EXPLORING
7335.746000,LIDAR_ONLY,MIXED,run02,LIDAR_ONLY,0.13577838242053986,0.3643397092819214,0.21478965878486633,0.21635745465755463,0.21478965878486633,0.0,1.001418948173523,2004,7648836,74581,17667,283.93270880810917,10,1072,0,0,811.162,33.25748062133789,-12.361839294433594,35.47849330294845,EXPLORING
7336.746000,LIDAR_ONLY,MIXED,run02,LIDAR_ONLY,0.13391831517219543,0.3623514771461487,0.21995820105075836,0.21865203976631165,0.21995820105075836,0.0,1.3771979808807373,2006,7656490,74593,17667,284.3347095224305,10,1074,0,0,812.162,33.500022888183594,-12.623870849609375,35.79749493963802,EXPLORING
7337.748000,LIDAR_ONLY,MIXED,run02,LIDAR_ONLY,0.13563236594200134,0.36454635858535767,0.21856209635734558,0.21803921461105347,0.21856209635734558,0.0,1.4804940223693848,2009,7667966,74610,17667,284.7200000888672,10,1076,0,0,813.164,33.76088333129883,-12.84416675567627,36.11946089124185,EXPLORING
7338.753000,LIDAR_ONLY,MIXED,run02,LIDAR_ONLY,0.1345149576663971,0.36459702253341675,0.22059592604637146,0.21955044567584991,0.22059592604637146,0.0,4.203886985778809,2010,7671792,74610,17669,285.14662218319404,10,1079,0,0,814.169,33.978355407714844,-13.136277198791504,36.42711420220165,EXPLORING
7339.746000,LIDAR_ONLY,MIXED,run02,LIDAR_ONLY,0.12136703729629517,0.3541104793548584,0.21920667588710785,0.21790188550949097,0.21920667588710785,0.0,0.77988600730896,2013,7683281,74615,17669,285.57631084323214,10,1079,0,0,815.162,34.12310791015625,-13.466608047485352,36.68213625763101,EXPLORING
7340.749000,LIDAR_ONLY,MIXED,run02,LIDAR_ONLY,0.12638334929943085,0.3586519956588745,0.21784502267837524,0.21627967059612274,0.21784502267837524,0.0,1.1306860446929932,2015,7690946,74624,17669,285.80084413530165,10,1080,0,0,816.165,34.139671325683594,-13.52619457244873,36.719450218022246,EXPLORING
7341.747000,LIDAR_ONLY,MIXED,run02,LIDAR_ONLY,0.12737417221069336,0.35729771852493286,0.21926389634609222,0.21926389634609222,0.21926389634609222,0.0,0.985725998878479,2019,7706273,74631,17669,286.11945158488044,10,1081,0,0,817.163,34.19013977050781,-13.80655574798584,36.87043370697222,EXPLORING
7342.749000,LIDAR_ONLY,MIXED,run02,LIDAR_ONLY,0.12593679130077362,0.3560967445373535,0.2180156707763672,0.2187989503145218,0.2180156707763672,0.0,3.39725399017334,2021,7713934,74631,17669,286.5440769393565,10,1083,0,0,818.165,34.21975326538086,-14.176484107971191,37.03789546064614,EXPLORING
7343.746000,LIDAR_ONLY,MIXED,run02,LIDAR_ONLY,0.12660230696201324,0.35647284984588623,0.2176409214735031,0.21972860395908356,0.2176409214735031,0.0,1.4051949977874756,2023,7721597,74640,17669,286.88943489605794,10,1084,0,0,819.162,34.3204231262207,-14.477989196777344,37.24706945052028,EXPLORING
7344.746000,LIDAR_ONLY,MIXED,run02,LIDAR_ONLY,0.11649865657091141,0.35192087292671204,0.22062663733959198,0.21958224475383759,0.22062663733959198,0.0,3.156532049179077,2026,7733090,74644,17669,287.28961019844894,10,1085,0,0,820.162,34.37199020385742,-14.827388763427734,37.4316033328966,EXPLORING
7345.746000,LIDAR_ONLY,MIXED,run02,LIDAR_ONLY,0.13343854248523712,0.36210519075393677,0.21984334290027618,0.22219321131706238,0.21984334290027618,0.0,1.1780610084533691,2028,7740750,74661,17669,287.6283616926087,10,1087,0,0,821.162,34.2115478515625,-15.109399795532227,37.397377812283295,EXPLORING
7346.746000,LIDAR_ONLY,MIXED,run02,LIDAR_ONLY,0.133587047457695,0.3623586893081665,0.22016191482543945,0.21911726891994476,0.22016191482543945,0.0,0.7015910148620605,2029,7744579,74669,17669,288.0184403189943,10,1088,0,0,822.162,33.967445373535156,-15.341297149658203,37.269064854766064,EXPLORING
7347.747000,LIDAR_ONLY,MIXED,run02,LIDAR_ONLY,0.14128409326076508,0.3668975532054901,0.22138002514839172,0.22138002514839172,0.22138002514839172,0.0,1.0431139469146729,2032,7756060,74669,17669,288.4173873555677,10,1088,0,0,823.163,33.71347427368164,-15.516037940979004,37.11046919041571,EXPLORING
7348.747000,LIDAR_ONLY,MIXED,run02,LIDAR_ONLY,0.11833065003156662,0.3544022738933563,0.22073841094970703,0.21969102323055267,0.22073841094970703,0.0,1.734218955039978,2034,7763705,74727,17672,288.73009701093116,10,1090,0,0,824.163,33.616668701171875,-15.764436721801758,37.12733454230838,EXPLORING
7349.746000,LIDAR_ONLY,MIXED,run02,LIDAR_ONLY,0.12828969955444336,0.35678720474243164,0.21677587926387787,0.21598951518535614,0.21677587926387787,0.0,1.7897499799728394,2036,7771340,74739,17672,289.0246397024272,10,1090,0,0,825.162,33.41066360473633,-15.820189476013184,36.96474858009189,EXPLORING
7350.746000,LIDAR_ONLY,MIXED,run02,LIDAR_ONLY,0.1326574683189392,0.3603994846343994,0.22193074226379395,0.2206190973520279,0.22193074226379395,0.0,1.762326955795288,2038,7778967,74818,17672,289.42918728442487,10,1092,0,0,826.162,33.106658935546875,-15.892918586730957,36.72163654744076,EXPLORING
7351.746000,LIDAR_ONLY,MIXED,run02,LIDAR_ONLY,0.1264633685350418,0.35980623960494995,0.21668416261672974,0.21432319283485413,0.21668416261672974,0.0,3.3656980991363525,2040,7786593,74818,17675,289.7585959493633,10,1092,0,0,827.162,32.95201110839844,-16.11981964111328,36.68142168206237,EXPLORING
7352.746000,LIDAR_ONLY,MIXED,run02,LIDAR_ONLY,0.12696221470832825,0.35858792066574097,0.21563483774662018,0.21615949273109436,0.21563483774662018,0.0,3.767209053039551,2041,7790405,74818,17675,290.0171591936198,10,1094,0,0,828.162,32.73814010620117,-16.202438354492188,36.52599889417253,EXPLORING
7353.747000,LIDAR_ONLY,MIXED,run02,LIDAR_ONLY,0.1277192384004593,0.3613710105419159,0.21111690998077393,0.21450939774513245,0.21111690998077393,0.0,0.735351026058197,2043,7798063,74866,17676,290.44280067591876,10,1096,0,0,829.163,32.380584716796875,-16.28739356994629,36.24398538887797,EXPLORING
7354.747000,LIDAR_ONLY,MIXED,run02,LIDAR_ONLY,0.13446103036403656,0.36642420291900635,0.2194676399230957,0.21842379868030548,0.2194676399230957,0.0,3.0376720428466797,2045,7805726,74905,17681,290.8380148237859,10,1099,0,0,830.163,32.0856819152832,-16.458768844604492,36.058673487551424,EXPLORING
7355.747000,LIDAR_ONLY,MIXED,run02,LIDAR_ONLY,0.12278968840837479,0.35679781436920166,0.2143043577671051,0.21560950577259064,0.2143043577671051,0.0,1.518265962600708,2046,7809557,74918,17686,291.14508739434973,10,1100,0,0,831.163,31.835376739501953,-16.58074188232422,35.89232312590874,EXPLORING
7356.746000,LIDAR_ONLY,MIXED,run02,LIDAR_ONLY,0.12473028898239136,0.3557099997997284,0.21299920976161957,0.21534846723079681,0.21299920976161957,0.0,0.7791360020637512,2047,7813388,74918,17686,291.41070769049355,10,1101,0,0,832.162,31.59542465209961,-16.649965286254883,35.71189812734458,EXPLORING
7357.746000,LIDAR_ONLY,MIXED,run02,LIDAR_ONLY,0.1326361447572708,0.36528265476226807,0.21639259159564972,0.21665361523628235,0.21639259159564972,0.0,1.4617329835891724,2049,7821050,74930,17686,291.8123551019239,10,1102,0,0,833.162,31.2563419342041,-16.688783645629883,35.430539585073646,EXPLORING
7358.746000,LIDAR_ONLY,MIXED,run02,LIDAR_ONLY,0.13028790056705475,0.3631211817264557,0.21085594594478607,0.21346555650234222,0.21085594594478607,0.0,1.0509610176086426,2052,7832543,74972,17686,292.2534428343916,10,1103,0,0,834.162,30.90164566040039,-16.907360076904297,35.222439763605735,EXPLORING
7359.748000,LIDAR_ONLY,MIXED,run02,LIDAR_ONLY,0.12594620883464813,0.3626791834831238,0.21221613883972168,0.21195510029792786,0.21221613883972168,0.0,3.416879892349243,2054,7840204,74988,17687,292.5511840522738,10,1105,0,0,835.164,30.726612091064453,-16.960803985595703,35.094784346979225,EXPLORING
7360.750000,LIDAR_ONLY,MIXED,run02,LIDAR_ONLY,0.13005582988262177,0.36390313506126404,0.21169407665729523,0.2143043577671051,0.21169407665729523,0.0,0.8236839771270752,2056,7847866,75019,17687,292.81341764806257,10,1107,0,0,836.166,30.524417877197266,-17.096487045288086,34.98400831680887,EXPLORING
7361.749000,LIDAR_ONLY,MIXED,run02,LIDAR_ONLY,0.12619571387767792,0.35822293162345886,0.2161315530538559,0.21508744359016418,0.2161315530538559,0.0,1.5581949949264526,2059,7859357,75039,17687,293.22817774889137,10,1108,0,0,837.165,30.149911880493164,-17.21846580505371,34.71807723744187,EXPLORING
7362.747000,LIDAR_ONLY,MIXED,run02,LIDAR_ONLY,0.12001894414424896,0.35502609610557556,0.21769772469997406,0.21769772469997406,0.21769772469997406,0.0,1.1021130084991455,2061,7867018,75063,17687,293.62067784974397,10,1110,0,0,838.163,29.79315185546875,-17.201383590698242,34.4001897784524,EXPLORING
7363.746000,LIDAR_ONLY,MIXED,run02,LIDAR_ONLY,0.12027333676815033,0.35385334491729736,0.217027947306633,0.21650561690330505,0.217027947306633,0.0,1.3623110055923462,2063,7874677,75074,17687,294.0136945364897,10,1110,0,0,839.162,29.48336410522461,-17.158363342285156,34.110600118971526,EXPLORING
7364.746000,LIDAR_ONLY,MIXED,run02,LIDAR_ONLY,0.11793860048055649,0.3536618649959564,0.2165970802307129,0.21685804426670074,0.2165970802307129,0.0,2.1510229110717773,2065,7882340,75074,17687,294.3799293564674,10,1112,0,0,840.162,29.153215408325195,-17.14383316040039,33.818296088376876,EXPLORING
7365.747000,LIDAR_ONLY,MIXED,run02,LIDAR_ONLY,0.12470167875289917,0.35809633135795593,0.2133159339427948,0.2159268856048584,0.2133159339427948,0.0,3.924945116043091,2068,7893832,75127,17687,294.75963053886903,10,1113,0,0,841.163,28.838287353515625,-17.116653442382812,33.533328025812594,EXPLORING
7366.747000,LIDAR_ONLY,MIXED,run02,LIDAR_ONLY,0.11759448051452637,0.35422390699386597,0.21070496737957,0.2130548357963562,0.21070496737957,0.0,1.5181599855422974,2070,7901493,75142,17688,295.1628474784037,10,1114,0,0,842.163,28.48192596435547,-17.173025131225586,33.256452631611936,EXPLORING
7367.747000,LIDAR_ONLY,MIXED,run02,LIDAR_ONLY,0.11667542904615402,0.3527444303035736,0.21587052941322327,0.21587052941322327,0.21587052941322327,0.0,1.6777290105819702,2072,7909154,75142,17688,295.53598597755274,10,1114,0,0,843.163,28.1566104888916,-17.188676834106445,32.986441372381094,EXPLORING
7368.746000,LIDAR_ONLY,MIXED,run02,LIDAR_ONLY,0.1164725124835968,0.349722683429718,0.2154047042131424,0.2154047042131424,0.2154047042131424,0.0,0.7151250243186951,2075,7920642,75216,17691,295.88574194327595,10,1116,0,0,844.162,27.920000076293945,-17.091365814208984,32.73380933192242,EXPLORING
7369.746000,LIDAR_ONLY,MIXED,run02,LIDAR_ONLY,0.11983434110879898,0.35335639119148254,0.215256005525589,0.21551723778247833,0.215256005525589,0.0,0.988519012928009,2077,7928298,75227,17693,296.17544406483074,10,1117,0,0,845.162,27.726688385009766,-17.01100730895996,32.5269979887553,EXPLORING
7370.747000,LIDAR_ONLY,MIXED,run02,LIDAR_ONLY,0.11637174338102341,0.3519015312194824,0.21128231287002563,0.21284930408000946,0.21128231287002563,0.0,0.8477510213851929,2080,7939784,75258,17693,296.429321935821,10,1119,0,0,846.163,27.53337287902832,-17.007278442382812,32.36042158037041,EXPLORING
7371.748000,LIDAR_ONLY,MIXED,run02,LIDAR_ONLY,0.12888681888580322,0.3602316975593567,0.2147335410118103,0.215256005525589,0.2147335410118103,0.0,1.0989179611206055,2083,7951268,75272,17693,296.8284221821157,10,1119,0,0,847.164,27.1513729095459,-17.040205001831055,32.05354610717465,EXPLORING
7372.746000,LIDAR_ONLY,MIXED,run02,LIDAR_ONLY,0.12011194974184036,0.3545616865158081,0.21296054124832153,0.21452835202217102,0.21296054124832153,0.0,1.5493249893188477,2085,7958921,75318,17695,297.25380458703665,10,1120,0,0,848.162,26.798927307128906,-17.051807403564453,31.76180379722827,EXPLORING
7373.746000,LIDAR_ONLY,MIXED,run02,LIDAR_ONLY,0.12402641028165817,0.356513112783432,0.2123824506998062,0.2147335410118103,0.2123824506998062,0.0,0.7499769926071167,2087,7966576,75338,17697,297.5826976963944,10,1122,0,0,849.162,26.52579689025879,-17.10033416748047,31.557976075592773,EXPLORING
7374.746000,LIDAR_ONLY,MIXED,run02,LIDAR_ONLY,0.11699499934911728,0.3484829366207123,0.21264368295669556,0.21577847003936768,0.21264368295669556,0.0,1.3860759735107422,2090,7978059,75350,17697,298.0130982310636,10,1123,0,0,850.162,26.1231746673584,-17.044513702392578,31.18980441304547,EXPLORING
7375.746000,LIDAR_ONLY,MIXED,run02,LIDAR_ONLY,0.12137092649936676,0.353761225938797,0.21421107649803162,0.21499477326869965,0.21421107649803162,0.0,2.310744047164917,2092,7985712,75362,17697,298.4517181930544,10,1125,0,0,851.162,25.76425552368164,-17.03986358642578,30.88726960708758,EXPLORING
7376.748000,LIDAR_ONLY,MIXED,run02,LIDAR_ONLY,0.1132451593875885,0.34810906648635864,0.21254901587963104,0.21490195393562317,0.21254901587963104,0.0,0.7352910041809082,2095,7997188,75375,17697,298.79215712316585,10,1125,0,0,852.164,25.52712059020996,-17.128522872924805,30.73907229826026,EXPLORING
7377.747000,LIDAR_ONLY,MIXED,run02,LIDAR_ONLY,0.12452714145183563,0.3536017835140228,0.2118200808763504,0.21417364478111267,0.2118200808763504,0.0,1.4861810207366943,2098,8008664,75384,17697,299.0909600526621,10,1126,0,0,853.163,25.243637084960938,-17.089094161987305,30.481960480780078,EXPLORING
7378.746000,LIDAR_ONLY,MIXED,run02,LIDAR_ONLY,0.11942525207996368,0.3504793047904968,0.2126045972108841,0.21051254868507385,0.2126045972108841,0.0,11.295550346374512,2100,8016313,75390,17697,299.55338179304755,10,1128,0,0,854.162,24.874542236328125,-17.140256881713867,30.20602879248987,EXPLORING
7379.746000,LIDAR_ONLY,MIXED,run02,LIDAR_ONLY,0.11147398501634598,0.34028828144073486,0.2126045972108841,0.2136506289243698,0.2126045972108841,0.0,2.4669361114501953,2103,8027787,75410,17697,299.97303434584296,10,1129,0,0,855.162,24.50223159790039,-17.074466705322266,29.862539339011768,EXPLORING
7380.746000,LIDAR_ONLY,MIXED,run02,LIDAR_ONLY,0.11124303191900253,0.3416191637516022,0.21155858039855957,0.21417364478111267,0.21155858039855957,0.0,7.363556861877441,2105,8035435,75426,17697,300.3550994966439,10,1131,0,0,856.162,24.211030960083008,-16.983917236328125,29.57200112991182,EXPLORING
7381.746000,LIDAR_ONLY,MIXED,run02,LIDAR_ONLY,0.11858885735273361,0.34584423899650574,0.2128104567527771,0.2133333384990692,0.2128104567527771,0.0,0.8652480244636536,2107,8043084,75446,17697,300.7174818963631,10,1133,0,0,857.162,23.88429832458496,-16.923009872436523,29.269867440564127,EXPLORING
7382.746000,LIDAR_ONLY,MIXED,run02,LIDAR_ONLY,0.11617173254489899,0.345515638589859,0.2102094292640686,0.21413612365722656,0.2102094292640686,0.0,0.9160379767417908,2110,8054551,75455,17697,301.15977034260095,10,1135,0,0,858.162,23.506046295166016,-17.001707077026367,29.008115592036727,EXPLORING
7383.750000,LIDAR_ONLY,MIXED,run02,LIDAR_ONLY,0.11809098720550537,0.34956783056259155,0.2083660066127777,0.2109803855419159,0.2083660066127777,0.0,0.8358550071716309,2113,8066019,75461,17698,301.6029851130797,10,1136,0,0,859.166,23.135873794555664,-17.087879180908203,28.76011273687363,EXPLORING
7384.746000,LIDAR_ONLY,MIXED,run02,LIDAR_ONLY,0.11597678065299988,0.3499211370944977,0.2139863818883896,0.2139863818883896,0.2139863818883896,0.0,1.3567509651184082,2116,8077477,75469,17698,301.98064220066453,10,1139,0,0,860.162,23.014083862304688,-17.225439071655273,28.744457878802297,EXPLORING
7385.748000,LIDAR_ONLY,MIXED,run02,LIDAR_ONLY,0.11098113656044006,0.34204182028770447,0.21099476516246796,0.21256545186042786,0.21099476516246796,0.0,3.1855831146240234,2118,8085120,75474,17699,302.1514936659937,10,1140,0,0,861.164,22.884471893310547,-17.261165618896484,28.662299090607927,EXPLORING
7386.746000,LIDAR_ONLY,MIXED,run02,LIDAR_ONLY,0.11228115111589432,0.342459112405777,0.21361257135868073,0.21282722055912018,0.21361257135868073,0.0,0.9559130072593689,2121,8096580,75486,17699,302.589852332224,10,1142,0,0,862.162,22.490976333618164,-17.2058162689209,28.315477442032805,EXPLORING
7387.746000,LIDAR_ONLY,MIXED,run02,LIDAR_ONLY,0.1187209039926529,0.3491417169570923,0.21544502675533295,0.21413612365722656,0.21544502675533295,0.0,2.136120080947876,2122,8100400,75486,17699,302.958730202568,10,1143,0,0,863.162,22.19954490661621,-17.162946701049805,28.058329981044274,EXPLORING
7388.750000,LIDAR_ONLY,MIXED,run02,LIDAR_ONLY,0.13068681955337524,0.3581084907054901,0.21152843534946442,0.2154407948255539,0.21152843534946442,0.0,1.5441919565200806,2125,8111894,75572,17699,303.3930979527868,10,1145,0,0,864.166,21.873308181762695,-17.400659561157227,27.948323316390407,EXPLORING
7389.746000,LIDAR_ONLY,MIXED,run02,LIDAR_ONLY,0.11456230282783508,0.34777769446372986,0.21141813695430756,0.21637122333049774,0.21141813695430756,0.0,1.545747995376587,2127,8119561,75578,17703,303.84764919505096,10,1146,0,0,865.162,21.619537353515625,-17.663576126098633,27.915785252198113,EXPLORING
7390.752000,LIDAR_ONLY,MIXED,run02,LIDAR_ONLY,0.1162586435675621,0.3489639461040497,0.21491914987564087,0.21622326970100403,0.21491914987564087,0.0,3.1384360790252686,2130,8131063,75590,17703,304.09534462784046,10,1146,0,0,866.168,21.563892364501953,-17.655433654785156,27.867557708829366,EXPLORING
7391.746000,LIDAR_ONLY,MIXED,run02,LIDAR_ONLY,0.1161561980843544,0.3490968346595764,0.2147703617811203,0.21633611619472504,0.2147703617811203,0.0,0.6771450042724609,2131,8134895,75590,17703,304.3204207315012,10,1149,0,0,867.162,21.44936752319336,-17.765378952026367,27.849044779839513,EXPLORING
7392.746000,LIDAR_ONLY,MIXED,run02,LIDAR_ONLY,0.11114172637462616,0.3448733985424042,0.2165970802307129,0.21737995743751526,0.2165970802307129,0.0,0.9518229961395264,2134,8146387,75606,17704,304.5689785618903,10,1151,0,0,868.162,21.293420791625977,-17.897846221923828,27.814174221392268,EXPLORING
7393.754000,LIDAR_ONLY,MIXED,run02,LIDAR_ONLY,0.12235310673713684,0.3522900938987732,0.21848081052303314,0.2171756774187088,0.21848081052303314,0.0,4.353217124938965,2137,8157882,75636,17704,304.9703417749026,10,1153,0,0,869.170,20.92281723022461,-17.977487564086914,27.58335134586007,EXPLORING
7394.747000,LIDAR_ONLY,MIXED,run02,LIDAR_ONLY,0.11464199423789978,0.3476029634475708,0.21630093455314636,0.21394984424114227,0.21630093455314636,0.0,0.9903669953346252,2140,8169370,75642,17705,305.28839419638314,10,1155,0,0,870.163,20.673810958862305,-18.029611587524414,27.42920285351696,EXPLORING
7395.746000,LIDAR_ONLY,MIXED,run02,LIDAR_ONLY,0.11392149329185486,0.3474765121936798,0.21572211384773254,0.21624444425106049,0.21572211384773254,0.0,1.2548969984054565,2142,8177028,75645,17705,305.64588520080457,10,1156,0,0,871.162,20.49906349182129,-18.17780876159668,27.395849646562052,EXPLORING
7396.747000,LIDAR_ONLY,MIXED,run02,LIDAR_ONLY,0.1049579605460167,0.33951878547668457,0.21493862569332123,0.21728910505771637,0.21493862569332123,0.0,0.7782149910926819,2144,8184685,75645,17705,305.969463012569,10,1158,0,0,872.163,20.415891647338867,-18.219635009765625,27.361509955389064,EXPLORING
7397.748000,LIDAR_ONLY,MIXED,run02,LIDAR_ONLY,0.10672454535961151,0.3382171392440796,0.21546095609664917,0.2159832864999771,0.21546095609664917,0.0,1.2218660116195679,2147,8196171,75646,17705,306.2888190072053,10,1158,0,0,873.164,20.265993118286133,-18.248659133911133,27.269269681459736,EXPLORING
7398.746000,LIDAR_ONLY,MIXED,run02,LIDAR_ONLY,0.1089591309428215,0.3391801416873932,0.21665361523628235,0.21665361523628235,0.21665361523628235,0.0,2.677428960800171,2150,8207660,75650,17705,306.57566626232904,10,1159,0,0,874.162,20.0534610748291,-18.22527313232422,27.095973610335044,EXPLORING
7399.748000,LIDAR_ONLY,MIXED,run02,LIDAR_ONLY,0.11216386407613754,0.3437070846557617,0.21531225740909576,0.21688006818294525,0.21531225740909576,0.0,1.677780032157898,2152,8215314,75654,17705,306.8440989648306,10,1161,0,0,875.164,19.833831787109375,-18.232616424560547,26.938818384207455,EXPLORING
7400.746000,LIDAR_ONLY,MIXED,run02,LIDAR_ONLY,0.1170649603009224,0.34208834171295166,0.2124379426240921,0.21531225740909576,0.2124379426240921,0.0,1.129402995109558,2154,8222969,75656,17705,307.21245489221957,10,1163,0,0,876.162,19.47823715209961,-18.182035446166992,26.643580199674926,EXPLORING
7401.747000,LIDAR_ONLY,MIXED,run02,LIDAR_ONLY,0.1157958060503006,0.3451938033103943,0.21275483071804047,0.2161526381969452,0.21275483071804047,0.0,0.7494609951972961,2156,8230623,75670,17705,307.6943469089786,10,1165,0,0,877.163,19.08899688720703,-18.15274429321289,26.340192331546916,EXPLORING
7402.747000,LIDAR_ONLY,MIXED,run02,LIDAR_ONLY,0.12673717737197876,0.35272619128227234,0.21368861198425293,0.21542483568191528,0.21307189762592316,0.0,6.314262866973877,2159,8242103,75670,17706,308.0201575318176,10,1166,0,0,878.163,18.833332061767578,-18.263246536254883,26.232330891935987,EXPLORING
7403.746000,LIDAR_ONLY,MIXED,run02,LIDAR_ONLY,0.12340258061885834,0.3508301079273224,0.21071895956993103,0.21620914340019226,0.21071895956993103,0.0,1.4232670068740845,2162,8253577,75698,17706,308.4460967780862,10,1167,0,0,879.162,18.45985984802246,-18.355871200561523,26.030757721454666,EXPLORING
7404.746000,LIDAR_ONLY,MIXED,run02,LIDAR_ONLY,0.13145217299461365,0.3579061031341553,0.2119707316160202,0.21458442509174347,0.2119707316160202,0.0,1.943071961402893,2165,8265051,75705,17706,308.82861230750746,10,1169,0,0,880.162,18.1855525970459,-18.564510345458984,25.985611281192572,EXPLORING
7405.746000,LIDAR_ONLY,MIXED,run02,LIDAR_ONLY,0.13818830251693726,0.36294445395469666,0.21501438319683075,0.21763013303279877,0.21501438319683075,0.0,8.695428848266602,2170,8284166,75722,17706,309.18158172222974,10,1170,0,0,881.162,18.0999698638916,-18.846967697143555,26.12878817369995,EXPLORING
7406.746000,LIDAR_ONLY,MIXED,run02,LIDAR_ONLY,0.12475123256444931,0.3534342348575592,0.21396808326244354,0.21579910814762115,0.21396808326244354,0.0,1.7008990049362183,2172,8291812,75722,17706,309.439475939612,10,1172,0,0,882.162,17.951374053955078,-18.862445831298828,26.03729476827201,EXPLORING
7407.746000,LIDAR_ONLY,MIXED,run02,LIDAR_ONLY,0.13385266065597534,0.36091622710227966,0.21969102323055267,0.2191673219203949,0.21969102323055267,0.0,6.572534084320068,2175,8303273,75732,17706,309.8203469144598,10,1174,0,0,883.162,17.59140396118164,-18.962533950805664,25.863747757001157,EXPLORING
7408.747000,LIDAR_ONLY,MIXED,run02,LIDAR_ONLY,0.12554767727851868,0.35709330439567566,0.21826747059822083,0.21826747059822083,0.21826747059822083,0.0,1.6711180210113525,2178,8314728,75732,17706,310.2113209263121,10,1175,0,0,884.163,17.322824478149414,-19.1723690032959,25.837161784965385,EXPLORING
7409.747000,LIDAR_ONLY,MIXED,run02,LIDAR_ONLY,0.11642270535230637,0.34883636236190796,0.21088434755802155,0.21297749876976013,0.21088434755802155,0.0,0.8597739934921265,2182,8330013,75763,17706,310.5920839534304,10,1177,0,0,885.163,17.03236961364746,-19.28145408630371,25.725006936074696,EXPLORING
7410.746000,LIDAR_ONLY,MIXED,run02,LIDAR_ONLY,0.11214761435985565,0.3432462215423584,0.21907757222652435,0.2154088020324707,0.21907757222652435,0.0,0.9714540243148804,2185,8341474,75763,17716,310.96148445116535,10,1179,0,0,886.162,16.68491554260254,-19.315113067626953,25.521778865286297,EXPLORING
7411.747000,LIDAR_ONLY,MIXED,run02,LIDAR_ONLY,0.11840683221817017,0.3544282019138336,0.2152959704399109,0.2171293944120407,0.2152959704399109,0.0,1.2744499444961548,2188,8352923,75764,17716,311.3593887601238,10,1180,0,0,887.163,16.352943420410156,-19.363380432128906,25.34288209245975,EXPLORING
7412.746000,LIDAR_ONLY,MIXED,run02,LIDAR_ONLY,0.13581091165542603,0.36302870512008667,0.21247053146362305,0.21640031039714813,0.21247053146362305,0.0,0.8164610266685486,2191,8364375,75765,17717,311.71467623200493,10,1181,0,0,888.162,16.237674713134766,-19.565275192260742,25.42370128061554,EXPLORING
7413.748000,LIDAR_ONLY,MIXED,run02,LIDAR_ONLY,0.1242789551615715,0.3557033836841583,0.21201784908771515,0.21149304509162903,0.21201784908771515,0.0,1.9385069608688354,2194,8375818,75765,17717,312.0524815288547,10,1183,0,0,889.164,16.16291618347168,-19.67181396484375,25.458254954946405,EXPLORING
7414.747000,LIDAR_ONLY,MIXED,run02,LIDAR_ONLY,0.12869437038898468,0.3623669445514679,0.21598951518535614,0.2144167721271515,0.21598951518535614,0.0,1.9486780166625977,2197,8387262,75776,17717,312.34042857554476,10,1184,0,0,890.163,15.972729682922363,-19.669858932495117,25.33643251931467,EXPLORING
7415.746000,LIDAR_ONLY,MIXED,run02,LIDAR_ONLY,0.11629991233348846,0.3553208112716675,0.21986372768878937,0.21776729822158813,0.21986372768878937,0.0,0.8364369869232178,2200,8398713,75778,17717,312.68446832735583,10,1186,0,0,891.162,15.675456047058105,-19.81403350830078,25.263018987108648,EXPLORING
7416.746000,LIDAR_ONLY,MIXED,run02,LIDAR_ONLY,0.13038714230060577,0.36489754915237427,0.21811023354530334,0.21732284128665924,0.21811023354530334,0.0,1.099787950515747,2204,8413959,75794,17717,313.05056012896796,10,1188,0,0,892.162,15.547722816467285,-19.943572998046875,25.286010877298494,EXPLORING
7417.747000,LIDAR_ONLY,MIXED,run02,LIDAR_ONLY,0.12705616652965546,0.360930860042572,0.2146981656551361,0.21679790318012238,0.2146981656551361,0.0,3.0957770347595215,2207,8425403,75844,17720,313.4476117450491,10,1190,0,0,893.163,15.497154235839844,-19.97707176208496,25.28141378119037,EXPLORING
7418.748000,LIDAR_ONLY,MIXED,run02,LIDAR_ONLY,0.12030640989542007,0.3480282723903656,0.21928216516971588,0.21823421120643616,0.21928216516971588,0.0,0.840241014957428,2210,8436853,75844,17730,313.6556502777568,10,1192,0,0,894.164,15.320021629333496,-20.01481819152832,25.203200886146288,EXPLORING
7419.747000,LIDAR_ONLY,MIXED,run02,LIDAR_ONLY,0.1254921406507492,0.3515003025531769,0.2195121943950653,0.21872541308403015,0.2195121943950653,0.0,0.7151240110397339,2212,8444479,75852,17730,314.0486994231499,10,1194,0,0,895.163,14.945093154907227,-19.926992416381836,24.90678182421665,EXPLORING
7420.748000,LIDAR_ONLY,MIXED,run02,LIDAR_ONLY,0.11658959835767746,0.3457304537296295,0.21825812757015228,0.2174711376428604,0.21825812757015228,0.0,2.0535600185394287,2215,8455921,75861,17730,314.50214217799817,10,1196,0,0,896.164,14.589322090148926,-19.930261611938477,24.697610782317675,EXPLORING
7421.746000,LIDAR_ONLY,MIXED,run02,LIDAR_ONLY,0.12684054672718048,0.35489025712013245,0.2143605798482895,0.2159329205751419,0.2143605798482895,0.0,0.937628984451294,2221,8478812,75865,17730,314.9187380013289,10,1196,0,0,897.162,14.22722339630127,-19.853153228759766,24.422765220102974,EXPLORING
7422.746000,LIDAR_ONLY,MIXED,run02,LIDAR_ONLY,0.12148670107126236,0.35527822375297546,0.2153523713350296,0.21718627214431763,0.2153523713350296,0.0,0.8825820088386536,2223,8486445,75867,17730,315.3478170639467,10,1198,0,0,898.162,13.871664047241211,-19.897493362426758,24.253752338342657,EXPLORING
7423.746000,LIDAR_ONLY,MIXED,run02,LIDAR_ONLY,0.1290092021226883,0.3598182201385498,0.21200209856033325,0.2151467502117157,0.21200209856033325,0.0,12.358763694763184,2227,8501710,75868,17730,315.7371167667937,10,1200,0,0,899.162,13.563591003417969,-20.012128829956055,24.173715167527757,EXPLORING
7424.746000,LIDAR_ONLY,MIXED,run02,LIDAR_ONLY,0.12348012626171112,0.3528265953063965,0.21430443227291107,0.21718627214431763,0.21430443227291107,0.0,1.3379939794540405,2230,8513159,75876,17730,316.12269305739267,10,1201,0,0,900.162,13.19454574584961,-19.990036010742188,23.950182955498665,EXPLORING
7425.748000,LIDAR_ONLY,MIXED,run02,LIDAR_ONLY,0.14276045560836792,0.36687180399894714,0.21703800559043884,0.2186107486486435,0.21703800559043884,0.0,23.52333641052246,2231,8516974,75876,17730,316.31417446874303,10,1203,0,0,901.164,13.040023803710938,-20.009668350219727,23.881861431566435,EXPLORING
7426.795000,LIDAR_ONLY,MIXED,run02,LIDAR_ONLY,0.12581665813922882,0.3567025065422058,0.21346254646778107,0.21503405272960663,0.21346254646778107,0.0,1.1337790489196777,2233,8524607,75879,17730,316.85347184055104,10,1205,0,0,902.211,12.578655242919922,-20.09231948852539,23.703159907147313,EXPLORING
7427.746000,LIDAR_ONLY,MIXED,run02,LIDAR_ONLY,0.12842132151126862,0.35617777705192566,0.21494102478027344,0.21598951518535614,0.21494102478027344,0.0,1.08610200881958,2235,8532239,75879,17730,317.267710025732,10,1206,0,0,903.162,12.188353538513184,-20.056787490844727,23.46802494968146,EXPLORING
7428.746000,LIDAR_ONLY,MIXED,run02,LIDAR_ONLY,0.12527069449424744,0.35538649559020996,0.21473518013954163,0.215783953666687,0.21473518013954163,0.0,1.7576260566711426,2238,8543686,75890,17730,317.6928621865882,10,1208,0,0,904.162,11.835163116455078,-19.942150115966797,23.187917694484483,EXPLORING
7429.746000,LIDAR_ONLY,MIXED,run02,LIDAR_ONLY,0.12713482975959778,0.3617219626903534,0.21776729822158813,0.2161949723958969,0.21776729822158813,0.0,0.9171519875526428,2239,8547502,76507,17731,318.01033380353516,10,1210,0,0,905.162,11.558485984802246,-19.908802032470703,23.019105696847113,EXPLORING
7430.746000,LIDAR_ONLY,MIXED,run02,LIDAR_ONLY,0.12751783430576324,0.36206525564193726,0.21372446417808533,0.2158198058605194,0.21372446417808533,0.0,4.593862056732178,2241,8555136,76517,17975,318.4389879605619,10,1210,0,0,906.162,11.19479751586914,-19.925643920898438,22.853367403840164,EXPLORING
7431.749000,LIDAR_ONLY,MIXED,run02,LIDAR_ONLY,0.1256302297115326,0.363857239484787,0.2146226465702057,0.21750524640083313,0.2146226465702057,0.0,0.5579490065574646,2244,8566588,76568,17976,318.88550715637035,10,1211,0,0,907.165,10.822953224182129,-19.917221069335938,22.66616655137698,EXPLORING
7432.746000,LIDAR_ONLY,MIXED,run02,LIDAR_ONLY,0.11244867742061615,0.3458395302295685,0.21739129722118378,0.21765321493148804,0.21739129722118378,0.0,13.836642265319824,2247,8578041,76592,17991,319.2186934813043,10,1213,0,0,908.162,10.584964752197266,-19.80264663696289,22.45240560235542,EXPLORING
7433.746000,LIDAR_ONLY,MIXED,run02,LIDAR_ONLY,0.11842061579227448,0.35801059007644653,0.21969102323055267,0.21733437478542328,0.21969102323055267,0.0,0.8288329839706421,2249,8585676,76592,17997,319.47339052953527,10,1215,0,0,909.162,10.414051055908203,-19.753211975097656,22.328609945400903,EXPLORING
7434.747000,LIDAR_ONLY,MIXED,run02,LIDAR_ONLY,0.11058434844017029,0.3500024080276489,0.21262110769748688,0.217072531580925,0.21262110769748688,0.0,0.5872960090637207,2252,8597128,76592,17997,319.82548037144716,10,1217,0,0,910.163,10.09899616241455,-19.748708724975586,22.179437323940256,EXPLORING
7435.746000,LIDAR_ONLY,MIXED,run02,LIDAR_ONLY,0.11199787259101868,0.34915032982826233,0.21105001866817474,0.21576328575611115,0.21105001866817474,0.0,0.9877439737319946,2256,8612401,76594,17997,320.1811863967195,10,1219,0,0,911.162,9.766276359558105,-19.748817443847656,22.03005825137936,EXPLORING
7436.746000,LIDAR_ONLY,MIXED,run02,LIDAR_ONLY,0.12120864540338516,0.354544460773468,0.21733437478542328,0.22047656774520874,0.21733437478542328,0.0,1.419355034828186,2259,8623855,76601,17997,320.59383216402665,10,1220,0,0,912.162,9.415842056274414,-19.71122932434082,21.843067596188313,EXPLORING
7437.748000,LIDAR_ONLY,MIXED,run02,LIDAR_ONLY,0.10856867581605911,0.34158262610435486,0.21907757222652435,0.22117400169372559,0.21907757222652435,0.0,0.7486770153045654,2260,8627671,76601,17998,320.9265202754499,10,1221,0,0,913.164,9.131460189819336,-19.82103157043457,21.821703396579053,EXPLORING
7438.746000,LIDAR_ONLY,MIXED,run02,LIDAR_ONLY,0.0892496183514595,0.31595876812934875,0.2178010493516922,0.21884816884994507,0.2178010493516922,0.0,0.8958470225334167,2263,8639130,76611,17998,321.19114081349613,10,1223,0,0,914.162,8.904928207397461,-19.792861938476562,21.702210646824174,EXPLORING
7439.746000,LIDAR_ONLY,MIXED,run02,LIDAR_ONLY,0.08087576180696487,0.3030971884727478,0.21634364128112793,0.21765321493148804,0.21634364128112793,0.0,1.1046370267868042,2265,8646766,76611,17998,321.508184644677,10,1224,0,0,915.162,8.699284553527832,-19.73573112487793,21.56637094140922,EXPLORING
7440.746000,LIDAR_ONLY,MIXED,run02,LIDAR_ONLY,0.07709228992462158,0.2988532781600952,0.21634364128112793,0.21948663890361786,0.21634364128112793,0.0,0.7910140156745911,2268,8658221,76664,17998,321.8191243287189,10,1226,0,0,916.162,8.494372367858887,-19.673664093017578,21.42755355181931,EXPLORING
7441.746000,LIDAR_ONLY,MIXED,run02,LIDAR_ONLY,0.08912232518196106,0.31735074520111084,0.22027239203453064,0.21896280348300934,0.22027239203453064,0.0,0.901669979095459,2270,8665858,76706,17999,322.07950994989744,10,1229,0,0,917.162,8.389920234680176,-19.500722885131836,21.227394890711594,EXPLORING
7442.746000,LIDAR_ONLY,MIXED,run02,LIDAR_ONLY,0.10933076590299606,0.3353157937526703,0.21963350474834442,0.2130890041589737,0.21963350474834442,0.0,1.0855859518051147,2272,8673496,76729,18002,322.47053879084024,10,1231,0,0,918.162,8.422643661499023,-19.1682071685791,20.93549331489012,EXPLORING
7443.746000,LIDAR_ONLY,MIXED,run02,LIDAR_ONLY,0.09834541380405426,0.32177403569221497,0.218619242310524,0.21312761306762695,0.218619242310524,0.0,1.1789849996566772,2274,8681141,76741,18002,322.88354112561586,10,1232,0,0,919.162,8.326743125915527,-18.870559692382812,20.62443584445614,EXPLORING
7444.750000,LIDAR_ONLY,MIXED,run02,LIDAR_ONLY,0.08756283670663834,0.31040456891059875,0.21557354927062988,0.21531225740909576,0.21557354927062988,0.0,1.1082910299301147,2276,8688794,76752,18003,323.16959962951387,12,1232,0,0,920.166,8.234835624694824,-18.68927574157715,20.42148132267375,EXPLORING
7445.746000,LIDAR_ONLY,MIXED,run02,LIDAR_ONLY,0.07166912406682968,0.28700295090675354,0.21941038966178894,0.21627967059612274,0.21941038966178894,0.0,0.9859849810600281,2279,8700284,76771,18003,323.245228207793,12,1234,0,0,921.162,8.257030487060547,-18.740360260009766,20.477178359237687,EXPLORING
7446.749000,LIDAR_ONLY,MIXED,run02,LIDAR_ONLY,0.07068688422441483,0.2820826470851898,0.22028154134750366,0.21715328097343445,0.22028154134750366,0.0,0.6428139805793762,2282,8711790,76775,18006,323.41313217059115,12,1235,0,0,922.165,8.227469444274902,-18.87723159790039,20.59068194416039,EXPLORING
7447.746000,LIDAR_ONLY,MIXED,run02,LIDAR_ONLY,0.09300506860017776,0.3176439702510834,0.21901041269302368,0.2135416716337204,0.21901041269302368,0.0,5.65526819229126,2286,8727149,76843,18006,323.6100944367563,12,1237,0,0,923.162,8.269757270812988,-18.9249267578125,20.651308591263835,EXPLORING
7448.747000,LIDAR_ONLY,MIXED,run02,LIDAR_ONLY,0.12288416177034378,0.34796208143234253,0.22063037753105164,0.2138577699661255,0.22063037753105164,0.0,1.529052972793579,2288,8734828,76843,18008,323.84688787342463,12,1239,0,0,924.163,8.338866233825684,-18.914813995361328,20.669819400275543,EXPLORING
7449.748000,LIDAR_ONLY,MIXED,run02,LIDAR_ONLY,0.1332627236843109,0.35590794682502747,0.20860496163368225,0.2140808403491974,0.20860496163368225,0.0,0.8512120246887207,2292,8750172,76854,18008,323.98933681706853,12,1240,0,0,925.164,8.434803009033203,-18.926403045654297,20.719285556430467,EXPLORING
7450.746000,LIDAR_ONLY,MIXED,run02,LIDAR_ONLY,0.12357819825410843,0.34610316157341003,0.20730116963386536,0.2135593146085739,0.20730116963386536,0.0,1.0241990089416504,2294,8757841,76865,18008,324.29701647582374,12,1242,0,0,926.162,8.587873458862305,-19.13109016418457,20.968628643146292,EXPLORING
7451.746000,LIDAR_ONLY,MIXED,run02,LIDAR_ONLY,0.12544861435890198,0.34746161103248596,0.21251629292964935,0.2148631066083908,0.21251629292964935,0.0,0.6835060119628906,2297,8769346,76871,18008,324.55560338861926,12,1242,0,0,927.162,8.632394790649414,-19.23639678955078,21.08293267306702,EXPLORING
7452.746000,LIDAR_ONLY,MIXED,run02,LIDAR_ONLY,0.13108238577842712,0.35029467940330505,0.2175273895263672,0.2180490344762802,0.2175273895263672,0.0,0.7379480004310608,2300,8780849,76871,18008,324.9123713137558,12,1244,0,0,928.162,8.896171569824219,-19.311702728271484,21.260654192840427,EXPLORING
7453.746000,LIDAR_ONLY,MIXED,run02,LIDAR_ONLY,0.1201549768447876,0.3409101366996765,0.21995820105075836,0.21943573653697968,0.21995820105075836,0.0,1.0812439918518066,2306,8803822,76911,18008,325.2334797794925,12,1246,0,0,929.162,9.002832412719727,-19.439443588256836,21.42134461867156,EXPLORING
7454.749000,LIDAR_ONLY,MIXED,run02,LIDAR_ONLY,0.12607094645500183,0.34602662920951843,0.21562990546226501,0.2177208513021469,0.21562990546226501,0.0,0.6432679891586304,2309,8815301,76949,18014,325.5935221950912,12,1248,0,0,930.165,9.171685218811035,-19.59392738342285,21.632658598072545,EXPLORING
7455.746000,LIDAR_ONLY,MIXED,run02,LIDAR_ONLY,0.12434796988964081,0.3507966995239258,0.21606068313121796,0.21972273290157318,0.21606068313121796,0.0,0.6334519982337952,2311,8822950,76961,18020,325.94605873499665,12,1248,0,0,931.162,9.478927612304688,-19.736244201660156,21.892877208775513,EXPLORING
7456.747000,LIDAR_ONLY,MIXED,run02,LIDAR_ONLY,0.11774102598428726,0.34605205059051514,0.21649214625358582,0.21753926575183868,0.21649214625358582,0.0,2.105513095855713,2315,8838234,76988,18021,326.28718730889165,12,1249,0,0,932.163,9.671514511108398,-19.779233932495117,22.015542877650685,EXPLORING
7457.752000,LIDAR_ONLY,MIXED,run02,LIDAR_ONLY,0.11664320528507233,0.3453136682510376,0.21424829959869385,0.2171293944120407,0.21424829959869385,0.0,1.6466909646987915,2318,8849692,77043,18022,326.61397742506045,12,1250,0,0,933.168,9.742119789123535,-19.743192672729492,22.014317645464917,EXPLORING
7458.747000,LIDAR_ONLY,MIXED,run02,LIDAR_ONLY,0.12233840674161911,0.34961315989494324,0.2075471729040146,0.20990565419197083,0.2075471729040146,0.0,1.165789008140564,2321,8861147,77050,18036,326.9112822442771,12,1251,0,0,934.163,9.849820137023926,-19.844139099121094,22.152558389160355,EXPLORING
7459.746000,LIDAR_ONLY,MIXED,run02,LIDAR_ONLY,0.12415558844804764,0.35035765171051025,0.21031953394412994,0.2105814516544342,0.21031953394412994,0.0,0.7973330020904541,2323,8868783,77052,18036,327.17370398711415,12,1251,0,0,935.162,10.01164722442627,-19.89234161376953,22.268018500233396,EXPLORING
7460.747000,LIDAR_ONLY,MIXED,run02,LIDAR_ONLY,0.1284010261297226,0.3539254069328308,0.20816968381404877,0.21314480900764465,0.20816968381404877,0.0,0.8476439714431763,2327,8884059,77074,18036,327.51497428484424,12,1254,0,0,936.163,10.345587730407715,-19.851470947265625,22.383859388218625,EXPLORING
7461.746000,LIDAR_ONLY,MIXED,run02,LIDAR_ONLY,0.12756192684173584,0.35286852717399597,0.21366849541664124,0.2123592495918274,0.21366849541664124,0.0,17.869836807250977,2329,8891698,77076,18042,327.91302108310697,12,1256,0,0,937.162,10.681172370910645,-19.85055923461914,22.540095611945578,EXPLORING
7462.746000,LIDAR_ONLY,MIXED,run02,LIDAR_ONLY,0.12791389226913452,0.35399433970451355,0.21325647830963135,0.21220853924751282,0.21325647830963135,0.0,1.1162159442901611,2332,8903154,77087,18042,328.2447382989169,12,1256,0,0,938.162,10.990127563476562,-19.8882999420166,22.721132649159475,EXPLORING
7463.746000,LIDAR_ONLY,MIXED,run02,LIDAR_ONLY,0.11975008994340897,0.34675249457359314,0.21363040804862976,0.21363040804862976,0.21363040804862976,0.0,10.99555778503418,2336,8918423,77090,18042,328.6550413418878,12,1259,0,0,939.162,11.360054016113281,-19.90220069885254,22.914393695207142,EXPLORING
7464.746000,LIDAR_ONLY,MIXED,run02,LIDAR_ONLY,0.12996822595596313,0.35350725054740906,0.2143605798482895,0.21200209856033325,0.2143605798482895,0.0,2.924288034439087,2338,8926057,77091,18042,328.99547726297214,12,1260,0,0,940.162,11.670939445495605,-19.860288619995117,23.033926415454367,EXPLORING
7465.749000,LIDAR_ONLY,MIXED,run02,LIDAR_ONLY,0.13389059901237488,0.3546869158744812,0.21497774124145508,0.21288295090198517,0.21497774124145508,0.0,4.393824100494385,2342,8941324,77091,18042,329.4078141747109,12,1261,0,0,941.165,12.03034782409668,-19.888715744018555,23.24239018000032,EXPLORING
7466.746000,LIDAR_ONLY,MIXED,run02,LIDAR_ONLY,0.12471602112054825,0.3469800353050232,0.2145664095878601,0.21168456971645355,0.2145664095878601,0.0,1.7509100437164307,2344,8948959,77091,18042,329.83067575838277,12,1262,0,0,942.162,12.396607398986816,-19.899822235107422,23.443458914018144,EXPLORING
7467.748000,LIDAR_ONLY,MIXED,run02,LIDAR_ONLY,0.10369039326906204,0.3291400969028473,0.2130890041589737,0.21073298156261444,0.2130890041589737,0.0,0.9559810161590576,2347,8960417,77115,18042,330.2531169302721,12,1264,0,0,943.164,12.70711898803711,-19.75783348083496,23.489547755477705,EXPLORING
7468.747000,LIDAR_ONLY,MIXED,run02,LIDAR_ONLY,0.09818208962678909,0.3233236074447632,0.21278825402259827,0.21147798001766205,0.21278825402259827,0.0,1.3003580570220947,2349,8968048,77143,18047,330.58511877318193,12,1265,0,0,944.163,12.878186225891113,-19.655603408813477,23.49693449357854,EXPLORING
7469.750000,LIDAR_ONLY,MIXED,run02,LIDAR_ONLY,0.11136817932128906,0.3402835726737976,0.21278825402259827,0.20938155055046082,0.21278825402259827,0.0,2.1974799633026123,2352,8979493,77150,18052,330.93336223267613,12,1265,0,0,945.166,12.980473518371582,-19.638639450073242,23.53898863754349,EXPLORING
7470.746000,LIDAR_ONLY,MIXED,run02,LIDAR_ONLY,0.10876167565584183,0.33465537428855896,0.2131061553955078,0.20838794112205505,0.2131061553955078,0.0,1.6048979759216309,2354,8987123,77165,18053,331.27114953787725,12,1267,0,0,946.162,13.143808364868164,-19.5841064453125,23.5841368893843,EXPLORING
7471.748000,LIDAR_ONLY,MIXED,run02,LIDAR_ONLY,0.12146999686956406,0.34635066986083984,0.2145102173089981,0.2105814516544342,0.2145102173089981,0.0,0.9790520071983337,2356,8994757,77168,18053,331.59738208890553,12,1268,0,0,947.164,13.321203231811523,-19.558897018432617,23.662604396041953,EXPLORING
7472.748000,LIDAR_ONLY,MIXED,run02,LIDAR_ONLY,0.12229741364717484,0.3475510776042938,0.21331237256526947,0.21200209856033325,0.21331237256526947,0.0,1.111598014831543,2358,9002390,77176,18054,331.85837659408105,12,1270,0,0,948.164,13.541526794433594,-19.592809677124023,23.81520851337223,EXPLORING
7473.749000,LIDAR_ONLY,MIXED,run02,LIDAR_ONLY,0.12438817322254181,0.34771525859832764,0.21424829959869385,0.21084336936473846,0.21424829959869385,0.0,5.626033782958984,2361,9013841,77176,18054,332.17781101928813,12,1271,0,0,949.165,13.84060001373291,-19.55369758605957,23.954565597327136,EXPLORING
7474.746000,LIDAR_ONLY,MIXED,run02,LIDAR_ONLY,0.13081176578998566,0.3538479208946228,0.21231979131698608,0.21258191764354706,0.21231979131698608,0.0,4.627517223358154,2364,9025290,77196,18056,332.58837710692774,12,1272,0,0,950.162,14.204663276672363,-19.557737350463867,24.169982047020767,EXPLORING
7475.746000,LIDAR_ONLY,MIXED,run02,LIDAR_ONLY,0.1220032125711441,0.34919050335884094,0.21321794390678406,0.21033306419849396,0.21321794390678406,0.0,1.7433780431747437,2367,9036736,77198,18056,333.0131692588943,12,1274,0,0,951.162,14.579591751098633,-19.613277435302734,24.43673600847711,EXPLORING
7476.746000,LIDAR_ONLY,MIXED,run02,LIDAR_ONLY,0.10017235577106476,0.3257514238357544,0.21174004673957825,0.21200209856033325,0.21174004673957825,0.0,2.6380960941314697,2369,9044368,77201,18056,333.46254859984634,12,1276,0,0,952.162,14.879465103149414,-19.53868293762207,24.557412075442873,EXPLORING
7477.747000,LIDAR_ONLY,MIXED,run02,LIDAR_ONLY,0.10010795295238495,0.32572758197784424,0.21052631735801697,0.21157370507717133,0.21052631735801697,0.0,0.9996389746665955,2373,9059635,77202,18056,333.7871713482668,12,1278,0,0,953.163,14.966130256652832,-19.371994018554688,24.477888639554994,EXPLORING
7478.746000,LIDAR_ONLY,MIXED,run02,LIDAR_ONLY,0.1323215663433075,0.35449597239494324,0.2137804627418518,0.21142257750034332,0.2137804627418518,0.0,1.1147749423980713,2377,9074897,77214,18056,334.00042146760774,12,1279,0,0,954.162,15.07077407836914,-19.372591018676758,24.54247193443226,EXPLORING
7479.749000,LIDAR_ONLY,MIXED,run02,LIDAR_ONLY,0.13613955676555634,0.3563186228275299,0.21404244005680084,0.20854073762893677,0.21404244005680084,0.0,1.506667971611023,2379,9082530,77238,18056,334.38784324816606,12,1280,0,0,955.165,15.4144287109375,-19.434680938720703,24.803576305613383,EXPLORING
7480.746000,LIDAR_ONLY,MIXED,run02,LIDAR_ONLY,0.1282837986946106,0.353515625,0.21366849541664124,0.21262110769748688,0.21366849541664124,0.0,1.1185280084609985,2381,9090167,77245,18060,334.79035940824474,12,1282,0,0,956.162,15.739616394042969,-19.45159339904785,25.02008532828593,EXPLORING
7481.747000,LIDAR_ONLY,MIXED,run02,LIDAR_ONLY,0.12229029089212418,0.34708455204963684,0.2120974063873291,0.21314480900764465,0.2120974063873291,0.0,1.0594209432601929,2384,9101617,77245,18060,335.15773219314013,12,1282,0,0,957.163,16.088228225708008,-19.377967834472656,25.18412492093207,EXPLORING
7482.746000,LIDAR_ONLY,MIXED,run02,LIDAR_ONLY,0.11415045708417892,0.3417147099971771,0.2113266885280609,0.21316203474998474,0.2113266885280609,0.0,0.7457910180091858,2386,9109245,77245,18060,335.5617880919765,12,1284,0,0,958.162,16.357460021972656,-19.16898536682129,25.19760366388627,EXPLORING
7483.747000,LIDAR_ONLY,MIXED,run02,LIDAR_ONLY,0.12734681367874146,0.3542673885822296,0.21346254646778107,0.21424829959869385,0.21346254646778107,0.0,1.224593997001648,2389,9120699,77249,18060,335.93345006704567,12,1286,0,0,959.163,16.64838218688965,-19.072402954101562,25.314559938595046,EXPLORING
7484.746000,LIDAR_ONLY,MIXED,run02,LIDAR_ONLY,0.13362303376197815,0.35889527201652527,0.21677587926387787,0.21284404397010803,0.21677587926387787,0.0,1.2204409837722778,2392,9132146,77251,18060,336.3430009534803,12,1288,0,0,960.162,17.006860733032227,-19.070724487304688,25.550463897768974,EXPLORING
7485.746000,LIDAR_ONLY,MIXED,run02,LIDAR_ONLY,0.11563927680253983,0.34587591886520386,0.2175622582435608,0.21153342723846436,0.2175622582435608,0.0,1.420727014541626,2394,9139779,77251,18060,336.774096192608,12,1291,0,0,961.162,17.340789794921875,-19.031444549560547,25.744863458950896,EXPLORING
7486.748000,LIDAR_ONLY,MIXED,run02,LIDAR_ONLY,0.09964923560619354,0.32128623127937317,0.21346254646778107,0.21110528707504272,0.21346254646778107,0.0,0.9807850122451782,2397,9151234,77254,18060,337.10857088545106,12,1292,0,0,962.164,17.429170608520508,-18.80915069580078,25.640969168454223,EXPLORING
7487.747000,LIDAR_ONLY,MIXED,run02,LIDAR_ONLY,0.12587891519069672,0.3519468605518341,0.2137804627418518,0.2137804627418518,0.2137804627418518,0.0,1.4388229846954346,2400,9162689,77258,18060,337.33455236223534,12,1294,0,0,963.163,17.504384994506836,-18.71886444091797,25.62612737328547,EXPLORING
7488.748000,LIDAR_ONLY,MIXED,run02,LIDAR_ONLY,0.12445023655891418,0.35262203216552734,0.21409852802753448,0.2148846983909607,0.21409852802753448,0.0,1.3920409679412842,2402,9170326,77286,18060,337.5898394225998,12,1295,0,0,964.164,17.67339324951172,-18.767871856689453,25.777511917781524,EXPLORING
7489.747000,LIDAR_ONLY,MIXED,run02,LIDAR_ONLY,0.10870035737752914,0.33671391010284424,0.21527595818042755,0.2097828984260559,0.21527595818042755,0.0,0.9531430006027222,2404,9177971,77295,18069,337.9961807007432,12,1297,0,0,965.163,17.955110549926758,-18.71653938293457,25.93438076206394,EXPLORING
7490.749000,LIDAR_ONLY,MIXED,run02,LIDAR_ONLY,0.0942915678024292,0.31665492057800293,0.21383647620677948,0.21331237256526947,0.21383647620677948,0.0,8.67041015625,2406,9185605,77304,18074,338.309993262529,12,1299,0,0,966.165,17.9482479095459,-18.474876403808594,25.755744435534698,EXPLORING
7491.748000,LIDAR_ONLY,MIXED,run02,LIDAR_ONLY,0.13080739974975586,0.35300689935684204,0.21507064998149872,0.21559393405914307,0.21507064998149872,0.0,0.857014000415802,2409,9197068,77313,18076,338.59016377442936,12,1300,0,0,967.164,17.976648330688477,-18.388628005981445,25.713795400303706,EXPLORING
7492.747000,LIDAR_ONLY,MIXED,run02,LIDAR_ONLY,0.12852832674980164,0.35347506403923035,0.21424829959869385,0.21424829959869385,0.21424829959869385,0.0,0.7954660058021545,2411,9204708,77321,18076,338.89732759705555,12,1300,0,0,968.163,18.173809051513672,-18.438251495361328,25.887320152353322,EXPLORING
7493.747000,LIDAR_ONLY,MIXED,run02,LIDAR_ONLY,0.11433964967727661,0.34498775005340576,0.2189054787158966,0.21497774124145508,0.2189054787158966,0.0,1.1102670431137085,2415,9219986,77341,18077,339.3119014643478,12,1301,0,0,969.163,18.47503089904785,-18.41185760498047,26.081008897283226,EXPLORING
7494.748000,LIDAR_ONLY,MIXED,run02,LIDAR_ONLY,0.10660577565431595,0.3341004252433777,0.22294996678829193,0.21980613470077515,0.22294996678829193,0.0,1.0887789726257324,2418,9231447,77344,18079,339.57732423299893,12,1303,0,0,970.164,18.63107681274414,-18.28569221496582,26.10323598801279,EXPLORING
7495.748000,LIDAR_ONLY,MIXED,run02,LIDAR_ONLY,0.11234159022569656,0.3405451476573944,0.21454735100269318,0.2142857164144516,0.21454735100269318,0.0,1.1692819595336914,2421,9242905,77349,18079,339.84222371036554,12,1305,0,0,971.164,18.815908432006836,-18.14841079711914,26.13997141199998,EXPLORING
7496.747000,LIDAR_ONLY,MIXED,run02,LIDAR_ONLY,0.12051232904195786,0.3466339409351349,0.21553753316402435,0.21501438319683075,0.21553753316402435,0.0,1.211758017539978,2423,9250550,77351,18080,340.1412754398489,12,1307,0,0,972.163,19.080747604370117,-18.054176330566406,26.26637051296987,EXPLORING
7497.746000,LIDAR_ONLY,MIXED,run02,LIDAR_ONLY,0.10593051463365555,0.3314887583255768,0.21809624135494232,0.2152196615934372,0.21809624135494232,0.0,3.4478421211242676,2426,9262020,77356,18082,340.572154338274,12,1308,0,0,973.162,19.419660568237305,-17.899715423583984,26.40863453843528,EXPLORING
7498.747000,LIDAR_ONLY,MIXED,run02,LIDAR_ONLY,0.10120449960231781,0.32196471095085144,0.2172549068927765,0.21437908709049225,0.2172549068927765,0.0,5.687918186187744,2429,9273494,77358,18082,340.8979829647409,12,1309,0,0,974.163,19.46809959411621,-17.685029983520508,26.299435726536714,EXPLORING
7499.748000,LIDAR_ONLY,MIXED,run02,LIDAR_ONLY,0.12271447479724884,0.34675130248069763,0.21678870916366577,0.2144351452589035,0.21678870916366577,0.0,1.0800199508666992,2432,9284963,77361,18082,341.09631977346953,12,1310,0,0,975.164,19.558908462524414,-17.57022476196289,26.28985877487501,EXPLORING
7500.747000,LIDAR_ONLY,MIXED,run02,LIDAR_ONLY,0.12798114120960236,0.35509946942329407,0.21757322549819946,0.2152196615934372,0.21757322549819946,0.0,0.6490640044212341,2435,9296437,77366,18082,341.4873256902879,12,1312,0,0,976.163,19.91962432861328,-17.63593292236328,26.602800861501574,EXPLORING
7501.746000,LIDAR_ONLY,MIXED,run02,LIDAR_ONLY,0.1170375719666481,0.3435402512550354,0.21955044567584991,0.21484579145908356,0.21955044567584991,0.0,1.5600999593734741,2438,9307916,77366,18082,341.8596636355966,12,1313,0,0,977.162,20.234899520874023,-17.62875747680664,26.834948809094683,EXPLORING
7502.747000,LIDAR_ONLY,MIXED,run02,LIDAR_ONLY,0.10801029205322266,0.33388227224349976,0.21647058427333832,0.21490195393562317,0.21647058427333832,0.0,1.5387589931488037,2440,9315565,77387,18082,342.2131001020411,12,1315,0,0,978.163,20.540136337280273,-17.4698543548584,26.962609698916996,EXPLORING
7503.746000,LIDAR_ONLY,MIXED,run02,LIDAR_ONLY,0.11215909570455551,0.3390938341617584,0.21505095064640045,0.21478965878486633,0.21505095064640045,0.0,1.2618910074234009,2442,9323219,77388,18082,342.5584998745313,12,1316,0,0,979.162,20.741132736206055,-17.33121109008789,27.02691674506692,EXPLORING
7504.746000,LIDAR_ONLY,MIXED,run02,LIDAR_ONLY,0.12144172936677933,0.34970593452453613,0.21714136004447937,0.21452835202217102,0.21714136004447937,0.0,1.5899959802627563,2444,9330872,77390,18082,342.89769343542554,12,1316,0,0,980.162,20.94162940979004,-17.298765182495117,27.16039680287648,EXPLORING
7505.746000,LIDAR_ONLY,MIXED,run02,LIDAR_ONLY,0.11704635620117188,0.34549418091773987,0.21917450428009033,0.2134273797273636,0.21917450428009033,0.0,0.6333919763565063,2447,9342356,77400,18082,343.16464378579855,12,1317,0,0,981.162,21.141700744628906,-17.283164978027344,27.30506512328286,EXPLORING
7506.746000,LIDAR_ONLY,MIXED,run02,LIDAR_ONLY,0.12630483508110046,0.35001492500305176,0.21842379868030548,0.2147703617811203,0.21842379868030548,0.0,3.519002914428711,2450,9353848,77416,18082,343.52156202706743,12,1319,0,0,982.162,21.482717514038086,-17.224885940551758,27.53343228266624,EXPLORING
7507.746000,LIDAR_ONLY,MIXED,run02,LIDAR_ONLY,0.1269860714673996,0.3536781668663025,0.21786834299564362,0.21603970229625702,0.21786834299564362,0.0,3.083372116088867,2452,9361505,77426,18087,343.9203834363837,12,1320,0,0,983.162,21.818140029907227,-17.22895622253418,27.798433281090325,EXPLORING
7508.748000,LIDAR_ONLY,MIXED,run02,LIDAR_ONLY,0.12675841152668,0.350959450006485,0.22344034910202026,0.22135213017463684,0.22344034910202026,0.0,1.331171989440918,2457,9380658,77440,18088,344.3269635351188,12,1322,0,0,984.164,22.183216094970703,-17.240949630737305,28.09321442760165,EXPLORING
7509.750000,LIDAR_ONLY,MIXED,run02,LIDAR_ONLY,0.08770819753408432,0.30590111017227173,0.2177545726299286,0.2151436060667038,0.2177545726299286,0.0,2.2759499549865723,2460,9392151,77445,18089,344.7303576422631,12,1324,0,0,985.166,22.361896514892578,-17.130571365356445,28.16724444480049,EXPLORING
7510.746000,LIDAR_ONLY,MIXED,run02,LIDAR_ONLY,0.11803022772073746,0.34391355514526367,0.2189457267522812,0.21816283464431763,0.2189457267522812,0.0,1.1834479570388794,2463,9403650,77447,18090,345.0851543058556,12,1324,0,0,986.162,22.49092674255371,-16.967052459716797,28.170999310608646,EXPLORING
7511.747000,LIDAR_ONLY,MIXED,run02,LIDAR_ONLY,0.1260802149772644,0.3518599569797516,0.21903520822525024,0.2174706608057022,0.21903520822525024,0.0,0.6295760273933411,2465,9411316,77447,18090,345.39951619348756,12,1326,0,0,987.163,22.760305404663086,-16.949338912963867,28.37592492598934,EXPLORING
7512.747000,LIDAR_ONLY,MIXED,run02,LIDAR_ONLY,0.12478205561637878,0.35047605633735657,0.21720990538597107,0.21512386202812195,0.21720990538597107,0.0,0.7878000140190125,2468,9422818,77451,18090,345.7710750202113,12,1328,0,0,988.163,23.116783142089844,-16.94371223449707,28.659294922179992,EXPLORING
7513.749000,LIDAR_ONLY,MIXED,run02,LIDAR_ONLY,0.12575654685497284,0.3478863537311554,0.21883150935173035,0.21387584507465363,0.21883150935173035,0.0,2.5227930545806885,2470,9430488,77474,18092,346.1744109295325,12,1330,0,0,989.165,23.43037986755371,-16.856910705566406,28.862037364646785,EXPLORING
7514.753000,LIDAR_ONLY,MIXED,run02,LIDAR_ONLY,0.13594205677509308,0.3586455285549164,0.2175273895263672,0.21622326970100403,0.2175273895263672,0.0,0.908951997756958,2472,9438154,77479,18097,346.50647110652375,12,1333,0,0,990.169,23.74071502685547,-16.809589385986328,29.087141048998834,EXPLORING
7515.746000,LIDAR_ONLY,MIXED,run02,LIDAR_ONLY,0.13218501210212708,0.3572427034378052,0.21910995244979858,0.2193717211484909,0.21910995244979858,0.0,2.892401933670044,2474,9445797,77482,18097,347.01908558997366,12,1333,0,0,991.162,24.170597076416016,-16.955129623413086,29.522367414407928,EXPLORING
7516.747000,LIDAR_ONLY,MIXED,run02,LIDAR_ONLY,0.12982596457004547,0.3530902564525604,0.2218153327703476,0.21815328299999237,0.2218153327703476,0.0,1.3123780488967896,2477,9457261,77482,18097,347.36593172491627,12,1335,0,0,992.163,24.455055236816406,-16.904712677001953,29.7269911978147,EXPLORING
7517.746000,LIDAR_ONLY,MIXED,run02,LIDAR_ONLY,0.13315413892269135,0.35669228434562683,0.2193143218755722,0.217482328414917,0.2193143218755722,0.0,7.959465026855469,2479,9464900,77493,18097,347.80205863008536,12,1337,0,0,993.162,24.832365036010742,-16.854799270629883,30.010068143649328,EXPLORING
7518.748000,LIDAR_ONLY,MIXED,run02,LIDAR_ONLY,0.13278183341026306,0.3575258255004883,0.218619242310524,0.21914225816726685,0.218619242310524,0.0,8.931286811828613,2482,9476366,77498,18097,348.25939640884064,12,1339,0,0,994.164,25.25785255432129,-16.918254852294922,30.398326694642815,EXPLORING
7519.747000,LIDAR_ONLY,MIXED,run02,LIDAR_ONLY,0.13424129784107208,0.35499683022499084,0.22062286734580994,0.21852917969226837,0.22062286734580994,0.0,2.332266092300415,2484,9484011,77499,18097,348.605145056832,12,1339,0,0,995.163,25.55609130859375,-16.883893966674805,30.627608032104813,EXPLORING
7520.746000,LIDAR_ONLY,MIXED,run02,LIDAR_ONLY,0.1371994912624359,0.35793930292129517,0.22187335789203644,0.21847200393676758,0.22187335789203644,0.0,0.898015022277832,2487,9495480,77503,18097,349.0476157133457,12,1340,0,0,996.162,25.932363510131836,-16.880550384521484,30.940421571138724,EXPLORING
7521.746000,LIDAR_ONLY,MIXED,run02,LIDAR_ONLY,0.1350519210100174,0.35465478897094727,0.2196652740240097,0.2222803384065628,0.2196652740240097,0.0,2.9696409702301025,2488,9499304,77504,18097,349.4725944407266,12,1340,0,0,997.162,26.303936004638672,-16.902477264404297,31.264333084760274,EXPLORING
7522.754000,LIDAR_ONLY,MIXED,run02,LIDAR_ONLY,0.13159245252609253,0.35000699758529663,0.21960784494876862,0.21673202514648438,0.21960784494876862,0.0,1.650581955909729,2491,9510782,77510,18097,349.91932929293426,12,1342,0,0,998.170,26.662948608398438,-16.854278564453125,31.541178627106934,EXPLORING
7523.746000,LIDAR_ONLY,MIXED,run02,LIDAR_ONLY,0.12068574130535126,0.34649357199668884,0.21960784494876862,0.21751633286476135,0.21960784494876862,0.0,4.053506851196289,2493,9518432,77516,18097,350.23427059034697,12,1344,0,0,999.162,26.927356719970703,-16.799358367919922,31.735885945072976,EXPLORING
7524.746000,LIDAR_ONLY,MIXED,run02,LIDAR_ONLY,0.11997507512569427,0.34651413559913635,0.21688006818294525,0.21661876142024994,0.21688006818294525,0.0,0.7506880164146423,2498,9537561,77520,18097,350.537477603874,12,1346,0,0,1000.162,27.1544189453125,-16.850034713745117,31.955447685207186,EXPLORING
7525.749000,LIDAR_ONLY,MIXED,run02,LIDAR_ONLY,0.1260601282119751,0.34943220019340515,0.2202194333076477,0.21917450428009033,0.2202194333076477,0.0,5.761707782745361,2500,9545214,77520,18097,350.8163526281648,12,1347,0,0,1001.165,27.362947463989258,-16.82758140563965,32.12105402006719,EXPLORING
7526.746000,LIDAR_ONLY,MIXED,run02,LIDAR_ONLY,0.13853558897972107,0.3575590252876282,0.21995820105075836,0.2165621668100357,0.21995820105075836,0.0,0.8723639845848083,2503,9556696,77534,18097,351.16202756534557,12,1348,0,0,1002.162,27.70009994506836,-16.855321884155273,32.42313628600735,EXPLORING
7527.747000,LIDAR_ONLY,MIXED,run02,LIDAR_ONLY,0.13529245555400848,0.3578074872493744,0.22065359354019165,0.21803921461105347,0.22065359354019165,0.0,1.146672010421753,2505,9564347,77538,18097,351.5984672451272,12,1349,0,0,1003.163,28.05528450012207,-16.891021728515625,32.745480684021274,EXPLORING
7528.746000,LIDAR_ONLY,MIXED,run02,LIDAR_ONLY,0.12570933997631073,0.3554456830024719,0.22184479236602783,0.21870917081832886,0.22184479236602783,0.0,0.7819389700889587,2506,9568174,77538,18097,351.9952650127546,12,1350,0,0,1004.162,28.289718627929688,-17.078285217285156,33.04293669532211,EXPLORING
7529.748000,LIDAR_ONLY,MIXED,run02,LIDAR_ONLY,0.14246279001235962,0.3632931411266327,0.21812957525253296,0.21786834299564362,0.21812957525253296,0.0,1.0250550508499146,2509,9579657,77558,18097,352.2849458140366,12,1352,0,0,1005.164,28.437685012817383,-17.277267456054688,33.272580825463294,EXPLORING
7530.748000,LIDAR_ONLY,MIXED,run02,LIDAR_ONLY,0.1433873176574707,0.36206233501434326,0.2194930762052536,0.21844786405563354,0.2194930762052536,0.0,7.319756984710693,2511,9587311,77563,18097,352.62279407508925,12,1354,0,0,1006.164,28.754377365112305,-17.271991729736328,33.540921585808974,EXPLORING
7531.747000,LIDAR_ONLY,MIXED,run02,LIDAR_ONLY,0.13617713749408722,0.3561711609363556,0.2197543829679489,0.22027698159217834,0.2197543829679489,0.0,1.1569989919662476,2513,9594967,77567,18097,353.07014992923104,12,1356,0,0,1007.163,29.030254364013672,-17.17165184020996,33.72651619396243,EXPLORING
7532.750000,LIDAR_ONLY,MIXED,run02,LIDAR_ONLY,0.11571218073368073,0.3448531925678253,0.21928907930850983,0.21928907930850983,0.21928907930850983,0.0,1.0895910263061523,2515,9602622,77567,18097,353.39660225764857,12,1358,0,0,1008.166,29.181726455688477,-17.096580505371094,33.818964510248165,EXPLORING
7533.746000,LIDAR_ONLY,MIXED,run02,LIDAR_ONLY,0.12485182285308838,0.35357773303985596,0.218913272023201,0.21917450428009033,0.218913272023201,0.0,1.9474220275878906,2518,9614109,77619,18097,353.7489380446552,12,1360,0,0,1009.162,29.229488372802734,-17.10062026977539,33.862223005086,EXPLORING
7534.750000,LIDAR_ONLY,MIXED,run02,LIDAR_ONLY,0.12945035099983215,0.35681864619255066,0.2206842452287674,0.21546095609664917,0.2206842452287674,0.0,1.2852319478988647,2520,9621766,77666,18098,354.0669709597071,12,1362,0,0,1010.166,29.399538040161133,-17.085905075073242,34.00171013213355,EXPLORING
7535.746000,LIDAR_ONLY,MIXED,run02,LIDAR_ONLY,0.1227273941040039,0.35205915570259094,0.2187989503145218,0.2154047042131424,0.2187989503145218,0.0,1.0509309768676758,2523,9633253,77684,18123,354.4016111610332,12,1362,0,0,1011.162,29.608600616455078,-17.00846290588379,34.14398423908782,EXPLORING
7536.747000,LIDAR_ONLY,MIXED,run02,LIDAR_ONLY,0.12788937985897064,0.35648125410079956,0.21865203976631165,0.21708464622497559,0.21865203976631165,0.0,1.4479479789733887,2526,9644739,77768,18126,354.67327133334743,12,1364,0,0,1012.163,29.807518005371094,-16.983808517456055,34.304398617303605,EXPLORING
7537.747000,LIDAR_ONLY,MIXED,run02,LIDAR_ONLY,0.13608822226524353,0.359987735748291,0.21749347448349,0.2180156707763672,0.21749347448349,0.0,13.609260559082031,2527,9648569,77768,18134,354.93271396961245,12,1366,0,0,1013.163,30.03470802307129,-16.957490921020508,34.48903048741377,EXPLORING
7538.746000,LIDAR_ONLY,MIXED,run02,LIDAR_ONLY,0.13375729322433472,0.35851049423217773,0.2183908075094223,0.21969696879386902,0.2183908075094223,0.0,4.8565168380737305,2529,9656227,77780,18134,355.34734541275526,12,1367,0,0,1014.162,30.39997100830078,-16.863353729248047,34.76179957465191,EXPLORING
7539.746000,LIDAR_ONLY,MIXED,run02,LIDAR_ONLY,0.13966268301010132,0.3574002981185913,0.21760711073875427,0.2183908075094223,0.21760711073875427,0.0,10.33072566986084,2532,9667715,77791,18135,355.6587584989001,12,1368,0,0,1015.162,30.638118743896484,-16.697551727294922,34.89059590782284,EXPLORING
7540.748000,LIDAR_ONLY,MIXED,run02,LIDAR_ONLY,0.12449613958597183,0.3524901568889618,0.2171756774187088,0.21769772469997406,0.2171756774187088,0.0,2.4341330528259277,2533,9671546,77791,18135,356.0396351061501,12,1369,0,0,1016.164,30.888248443603516,-16.589441299438477,35.05914705329052,EXPLORING
7541.746000,LIDAR_ONLY,MIXED,run02,LIDAR_ONLY,0.13344117999076843,0.36121511459350586,0.2182197868824005,0.21952493488788605,0.2182197868824005,0.0,0.869159996509552,2535,9679206,77819,18135,356.318930411664,12,1371,0,0,1017.162,31.038759231567383,-16.63802719116211,35.214743896116275,EXPLORING
7542.746000,LIDAR_ONLY,MIXED,run02,LIDAR_ONLY,0.14213435351848602,0.3609216511249542,0.218913272023201,0.21760711073875427,0.218913272023201,0.0,0.9580680131912231,2537,9686865,77836,18135,356.65292889330755,12,1373,0,0,1018.162,31.347421646118164,-16.569385528564453,35.45495671883008,EXPLORING
7543.753000,LIDAR_ONLY,MIXED,run02,LIDAR_ONLY,0.12198808044195175,0.346841424703598,0.22140991687774658,0.21749347448349,0.22140991687774658,0.0,3.1178500652313232,2539,9694521,77883,18135,357.0397505160003,12,1375,0,0,1019.169,31.54494285583496,-16.39388084411621,35.54842972072651,EXPLORING
7544.746000,LIDAR_ONLY,MIXED,run02,LIDAR_ONLY,0.11557161062955856,0.3443228602409363,0.21769772469997406,0.2182197868824005,0.21769772469997406,0.0,5.087968826293945,2541,9702178,77911,18147,357.29423892638977,12,1377,0,0,1020.162,31.621021270751953,-16.336284637451172,35.58948005842483,EXPLORING
7545.746000,LIDAR_ONLY,MIXED,run02,LIDAR_ONLY,0.12357258051633835,0.3555414378643036,0.21795876324176788,0.21848081052303314,0.21795876324176788,0.0,1.4766030311584473,2543,9709840,77937,18149,357.54380266543876,12,1378,0,0,1021.162,31.693195343017578,-16.326475143432617,35.6491243241112,EXPLORING
7546.748000,LIDAR_ONLY,MIXED,run02,LIDAR_ONLY,0.1326000690460205,0.3598681092262268,0.2122715413570404,0.20757180452346802,0.2122715413570404,0.0,0.6806340217590332,2545,9717500,77937,18151,357.85581773230695,12,1381,0,0,1022.164,31.936010360717773,-16.37095832824707,35.88542392508034,EXPLORING
7547.747000,LIDAR_ONLY,MIXED,run02,LIDAR_ONLY,0.14418193697929382,0.36137494444847107,0.21990075707435608,0.21467746794223785,0.21990075707435608,0.0,1.2450419664382935,2547,9725160,77974,18151,358.1840635821354,12,1382,0,0,1023.163,32.17133331298828,-16.199045181274414,36.01735338836169,EXPLORING
7548.747000,LIDAR_ONLY,MIXED,run02,LIDAR_ONLY,0.12946704030036926,0.35639187693595886,0.21688006818294525,0.21714136004447937,0.21688006818294525,0.0,0.7725329995155334,2549,9732818,77988,18151,358.61701992489714,12,1383,0,0,1024.163,32.50156021118164,-16.052736282348633,36.247575269145436,EXPLORING
7549.746000,LIDAR_ONLY,MIXED,run02,LIDAR_ONLY,0.13482293486595154,0.35812824964523315,0.2161526381969452,0.2177208513021469,0.2161526381969452,0.0,7.954339027404785,2551,9740468,78001,18153,358.87430063318993,12,1385,0,0,1025.162,32.69306564331055,-15.982982635498047,36.388687818800115,EXPLORING
7550.747000,LIDAR_ONLY,MIXED,run02,LIDAR_ONLY,0.1387222558259964,0.3611162602901459,0.21868476271629333,0.21816283464431763,0.21868476271629333,0.0,0.858364999294281,2554,9751960,78001,18154,359.2736103297066,12,1386,0,0,1026.163,33.04914093017578,-15.838828086853027,36.646382822529446,EXPLORING
7551.747000,LIDAR_ONLY,MIXED,run02,LIDAR_ONLY,0.14545097947120667,0.3630743622779846,0.21856209635734558,0.21830065548419952,0.21856209635734558,0.0,1.5707030296325684,2556,9759616,78088,18165,359.7115584813824,12,1388,0,0,1027.163,33.43156814575195,-15.777472496032715,36.965391643548486,EXPLORING
7552.748000,LIDAR_ONLY,MIXED,run02,LIDAR_ONLY,0.1324458122253418,0.35256925225257874,0.21978595852851868,0.21952493488788605,0.21978595852851868,0.0,0.7025910019874573,2558,9767279,78092,18165,360.11845180062977,12,1389,0,0,1028.164,33.59432601928711,-15.6009521484375,37.03795229460911,EXPLORING
7553.746000,LIDAR_ONLY,MIXED,run02,LIDAR_ONLY,0.13824839890003204,0.3600059151649475,0.21874184906482697,0.21952493488788605,0.21874184906482697,0.0,1.047395944595337,2559,9771110,78094,18165,360.35654083698967,12,1390,0,0,1029.162,33.67589569091797,-15.4217529296875,37.03697972554871,EXPLORING
7554.747000,LIDAR_ONLY,MIXED,run02,LIDAR_ONLY,0.13650453090667725,0.36251315474510193,0.218880757689476,0.22175732254981995,0.218880757689476,0.0,1.012902021408081,2561,9778760,78100,18165,360.6069681947814,12,1392,0,0,1030.163,33.89357376098633,-15.363041877746582,37.21072561950015,EXPLORING
7555.746000,LIDAR_ONLY,MIXED,run02,LIDAR_ONLY,0.13796208798885345,0.3613833785057068,0.22166842222213745,0.2203567624092102,0.22166842222213745,0.0,1.691635012626648,2563,9786385,78118,18165,360.96737768302614,12,1393,0,0,1031.162,34.091026306152344,-15.432543754577637,37.41926363652968,EXPLORING
7556.747000,LIDAR_ONLY,MIXED,run02,LIDAR_ONLY,0.1258319467306137,0.3499729633331299,0.22108575701713562,0.22029897570610046,0.22108575701713562,0.0,0.7697619795799255,2565,9794009,78142,18169,361.11699504191574,12,1394,0,0,1032.163,34.0115966796875,-15.345985412597656,37.31123487325242,EXPLORING
7557.746000,LIDAR_ONLY,MIXED,run02,LIDAR_ONLY,0.12328293174505234,0.34817445278167725,0.21907757222652435,0.21881552040576935,0.21907757222652435,0.0,1.01780104637146,2567,9801639,78148,18171,361.4912700088496,12,1394,0,0,1033.162,34.072593688964844,-15.03597640991211,37.240606831087554,EXPLORING
7558.748000,LIDAR_ONLY,MIXED,run02,LIDAR_ONLY,0.13583682477474213,0.35788220167160034,0.22038784623146057,0.21960167586803436,0.22038784623146057,0.0,1.2799550294876099,2571,9816905,78312,18171,361.68192095962524,12,1396,0,0,1034.164,34.121150970458984,-15.00783920288086,37.273698632087765,EXPLORING
7559.746000,LIDAR_ONLY,MIXED,run02,LIDAR_ONLY,0.13938912749290466,0.36406174302101135,0.21980613470077515,0.21954414248466492,0.21980613470077515,0.0,10.477897644042969,2573,9824537,78312,18211,361.7526329011622,12,1398,0,0,1035.162,34.127716064453125,-15.060783386230469,37.30105241235939,EXPLORING
7560.746000,LIDAR_ONLY,MIXED,run02,LIDAR_ONLY,0.11381103843450546,0.3491649925708771,0.21538864076137543,0.21591205894947052,0.21538864076137543,0.0,0.7283959984779358,2575,9832176,78319,18211,362.151510018444,12,1399,0,0,1036.162,34.20832824707031,-15.216879844665527,37.43798710489117,EXPLORING
7561.747000,LIDAR_ONLY,MIXED,run02,LIDAR_ONLY,0.12838181853294373,0.3570307791233063,0.21815328299999237,0.21266020834445953,0.21815328299999237,0.0,5.7454681396484375,2577,9839822,78354,18212,362.6254852526728,12,1400,0,0,1037.163,34.19643783569336,-15.002985000610352,37.34067570325473,EXPLORING
7562.746000,LIDAR_ONLY,MIXED,run02,LIDAR_ONLY,0.1339549422264099,0.35415688157081604,0.2193143218755722,0.21538864076137543,0.2193143218755722,0.0,3.819711923599243,2579,9847464,78354,18212,363.02347238140067,12,1402,0,0,1038.162,34.07917022705078,-14.99016284942627,37.2281539860551,EXPLORING
7563.747000,LIDAR_ONLY,MIXED,run02,LIDAR_ONLY,0.13096286356449127,0.3515050411224365,0.218880757689476,0.218619242310524,0.218880757689476,0.0,3.069477081298828,2580,9851288,78385,18212,363.3720108012857,12,1404,0,0,1039.163,34.078651428222656,-14.837149620056152,37.16633400111295,EXPLORING
7564.746000,LIDAR_ONLY,MIXED,run02,LIDAR_ONLY,0.14226388931274414,0.35883066058158875,0.21989528834819794,0.21963350474834442,0.21989528834819794,0.0,2.759704113006592,2582,9858934,78385,18219,363.61640465705875,12,1405,0,0,1040.162,34.206424713134766,-14.730704307556152,37.24129048127713,EXPLORING
7565.747000,LIDAR_ONLY,MIXED,run02,LIDAR_ONLY,0.14020419120788574,0.3566014766693115,0.2193143218755722,0.21852917969226837,0.2193143218755722,0.0,1.1852359771728516,2584,9866569,78564,18257,363.87987584694054,12,1407,0,0,1041.163,34.331573486328125,-14.586732864379883,37.29973256371813,EXPLORING
7566.746000,LIDAR_ONLY,MIXED,run02,LIDAR_ONLY,0.12529438734054565,0.3499171733856201,0.21490195393562317,0.21437908709049225,0.21490195393562317,0.0,1.7695070505142212,2586,9874216,78623,18265,364.40979996565915,12,1407,0,0,1042.162,34.22257614135742,-14.186552047729492,37.044357643060216,EXPLORING
7567.747000,LIDAR_ONLY,MIXED,run02,LIDAR_ONLY,0.12338835746049881,0.3466154634952545,0.2182767689228058,0.21749347448349,0.2182767689228058,0.0,2.949704885482788,2589,9885704,78623,18267,364.67462332880484,12,1409,0,0,1043.163,34.17360305786133,-14.054427146911621,36.9486663587755,EXPLORING
7568.747000,LIDAR_ONLY,MIXED,run02,LIDAR_ONLY,0.12519967555999756,0.34298720955848694,0.2158912718296051,0.21510715782642365,0.2158912718296051,0.0,4.7880659103393555,2590,9889530,78633,18267,365.0230143586363,12,1411,0,0,1044.163,34.178077697753906,-13.776252746582031,36.847910079396016,EXPLORING
7569.746000,LIDAR_ONLY,MIXED,run02,LIDAR_ONLY,0.13411426544189453,0.34844884276390076,0.2135770171880722,0.2148825079202652,0.2135770171880722,0.0,1.713165044784546,2593,9901021,78633,18267,365.2307881128267,12,1413,0,0,1045.162,34.191246032714844,-13.596772193908691,36.79342497720549,EXPLORING
7570.749000,LIDAR_ONLY,MIXED,run02,LIDAR_ONLY,0.14237162470817566,0.354419469833374,0.2140992134809494,0.2146214097738266,0.2140992134809494,0.0,0.6080589890480042,2595,9908681,78662,18268,365.7032916891466,12,1415,0,0,1046.165,34.15968704223633,-13.161998748779297,36.60554479621556,EXPLORING
7571.748000,LIDAR_ONLY,MIXED,run02,LIDAR_ONLY,0.1269405633211136,0.3530510663986206,0.2135770171880722,0.2164490818977356,0.2135770171880722,0.0,1.4417539834976196,2597,9916340,78671,18268,366.14134720168767,12,1416,0,0,1047.164,34.067081451416016,-12.824088096618652,36.398732157901726,EXPLORING
7572.746000,LIDAR_ONLY,MIXED,run02,LIDAR_ONLY,0.12211180478334427,0.3571425676345825,0.21216075122356415,0.21555323898792267,0.21216075122356415,0.0,4.528682231903076,2599,9924003,78680,18268,366.34879114980237,12,1419,0,0,1048.162,33.99843978881836,-12.86097240447998,36.34753296299531,EXPLORING
7573.750000,LIDAR_ONLY,MIXED,run02,LIDAR_ONLY,0.13004690408706665,0.36233434081077576,0.21121251583099365,0.2148631066083908,0.21121251583099365,0.0,4.6614298820495605,2601,9931672,78695,18268,366.63546061572043,12,1420,0,0,1049.166,33.729026794433594,-12.794756889343262,36.07213404924543,EXPLORING
7574.746000,LIDAR_ONLY,MIXED,run02,LIDAR_ONLY,0.1378355622291565,0.36090919375419617,0.21121251583099365,0.2153846174478531,0.21121251583099365,0.0,1.2763919830322266,2604,9943177,78702,18268,366.94576859305533,12,1421,0,0,1050.162,33.57393264770508,-12.6873779296875,35.88906669094715,EXPLORING
7575.749000,LIDAR_ONLY,MIXED,run02,LIDAR_ONLY,0.1381407082080841,0.3522927761077881,0.21231089532375336,0.21413667500019073,0.21231089532375336,0.0,27.360172271728516,2606,9950845,78702,18269,367.1479630035925,12,1423,0,0,1051.165,33.52560043334961,-12.495210647583008,35.77629511080354,EXPLORING
7576.746000,LIDAR_ONLY,MIXED,run02,LIDAR_ONLY,0.14440956711769104,0.3654952943325043,0.21914948523044586,0.21654057502746582,0.21914948523044586,0.0,1.6122820377349854,2608,9958510,78722,18269,367.6887678672109,12,1425,0,0,1052.162,33.519466400146484,-12.051981925964355,35.61815277801837,EXPLORING
7577.747000,LIDAR_ONLY,MIXED,run02,LIDAR_ONLY,0.13509781658649445,0.3667691946029663,0.2140992134809494,0.2140992134809494,0.2140992134809494,0.0,3.1661479473114014,2610,9966170,78727,18269,368.03628377628075,12,1425,0,0,1053.163,33.28187561035156,-11.823022842407227,35.317366146939534,EXPLORING
7578.746000,LIDAR_ONLY,MIXED,run02,LIDAR_ONLY,0.14548079669475555,0.3690375089645386,0.2168014645576477,0.22071485221385956,0.2168014645576477,0.0,5.01994514465332,2612,9973833,79265,18269,368.40934951415227,12,1427,0,0,1054.162,32.996829986572266,-11.648354530334473,34.9903645209554,EXPLORING
7579.750000,LIDAR_ONLY,MIXED,run02,LIDAR_ONLY,0.1361953765153885,0.362323135137558,0.21132272481918335,0.21445342898368835,0.21132272481918335,0.0,1.3111640214920044,2614,9981497,79322,18519,368.78883785207864,12,1429,0,0,1055.166,32.85337448120117,-11.401628494262695,34.77345242374188,EXPLORING
7580.746000,LIDAR_ONLY,MIXED,run02,LIDAR_ONLY,0.13895666599273682,0.35738813877105713,0.21732324361801147,0.21288807690143585,0.21732324361801147,0.0,8.962966918945312,2615,9985330,79322,18526,369.08666820060495,12,1431,0,0,1056.162,32.680912017822266,-11.226944923400879,34.553421349854034,EXPLORING
7581.748000,LIDAR_ONLY,MIXED,run02,LIDAR_ONLY,0.14382542669773102,0.3567975163459778,0.2121766358613968,0.2140057533979416,0.2121766358613968,0.0,1.27224600315094,2617,9992984,79327,18526,369.4011746737384,12,1431,0,0,1057.164,32.70369338989258,-10.999969482421875,34.50193934981748,EXPLORING
7582.747000,LIDAR_ONLY,MIXED,run02,LIDAR_ONLY,0.14193886518478394,0.36985671520233154,0.21368861198425293,0.21421107649803162,0.21368861198425293,0.0,1.910531997680664,2620,10004467,79330,18526,369.6214326001716,12,1434,0,0,1058.163,32.558048248291016,-10.905593872070312,34.333833839526015,EXPLORING
7583.748000,LIDAR_ONLY,MIXED,run02,LIDAR_ONLY,0.12566739320755005,0.3580899238586426,0.21191534399986267,0.21478965878486633,0.21191534399986267,0.0,1.1303770542144775,2621,10008294,79343,18526,369.93192030511045,12,1436,0,0,1059.164,32.346466064453125,-10.708852767944336,34.07092934629733,EXPLORING
7584.746000,LIDAR_ONLY,MIXED,run02,LIDAR_ONLY,0.13028112053871155,0.36015522480010986,0.21049882471561432,0.21467746794223785,0.21049882471561432,0.0,5.43654203414917,2624,10019779,79365,18526,370.3207790711773,12,1437,0,0,1060.162,32.128868103027344,-10.731575012207031,33.871618090660526,EXPLORING
7585.746000,LIDAR_ONLY,MIXED,run02,LIDAR_ONLY,0.15351980924606323,0.36781221628189087,0.21102115511894226,0.21650561690330505,0.21102115511894226,0.0,2.0073471069335938,2625,10023608,79365,18526,370.62819384754823,12,1439,0,0,1061.162,32.10829544067383,-10.717462539672852,33.84763490478767,EXPLORING
7586.746000,LIDAR_ONLY,MIXED,run02,LIDAR_ONLY,0.14884740114212036,0.35489532351493835,0.21859493851661682,0.21676677465438843,0.21859493851661682,0.0,1.089269995689392,2628,10035094,79375,18526,370.9203554850167,12,1440,0,0,1062.162,32.2003288269043,-10.48635482788086,33.86267272556746,EXPLORING
7587.746000,LIDAR_ONLY,MIXED,run02,LIDAR_ONLY,0.14584174752235413,0.3632834553718567,0.22016191482543945,0.21755027770996094,0.22016191482543945,0.0,2.252190113067627,2630,10042751,79378,18526,371.26898831788475,12,1441,0,0,1063.162,32.22214126586914,-10.289573669433594,33.82303593770319,EXPLORING
7588.749000,LIDAR_ONLY,MIXED,run02,LIDAR_ONLY,0.13554780185222626,0.36469271779060364,0.21128231287002563,0.21284930408000946,0.21128231287002563,0.0,0.896103024482727,2632,10050409,79386,18526,371.5152329243121,12,1442,0,0,1064.165,32.1339111328125,-10.23687744140625,33.722965278178094,EXPLORING
7589.747000,LIDAR_ONLY,MIXED,run02,LIDAR_ONLY,0.12261214852333069,0.35430482029914856,0.2107599824666977,0.21363280713558197,0.2107599824666977,0.0,3.0849969387054443,2634,10058067,79389,18526,371.8929430952419,12,1444,0,0,1065.163,31.83796501159668,-10.042293548583984,33.382055873146214,EXPLORING
7590.747000,LIDAR_ONLY,MIXED,run02,LIDAR_ONLY,0.12698157131671906,0.35439345240592957,0.21128231287002563,0.21284930408000946,0.21128231287002563,0.0,2.77325701713562,2636,10065726,79389,18526,372.31610274642895,12,1445,0,0,1066.163,31.559215545654297,-9.87041187286377,33.06461074992303,EXPLORING
7591.746000,LIDAR_ONLY,MIXED,run02,LIDAR_ONLY,0.10506536811590195,0.33470475673675537,0.212532639503479,0.214360311627388,0.212532639503479,0.0,0.8765760064125061,2639,10077215,79392,18526,372.63257141000065,12,1447,0,0,1067.162,31.360843658447266,-9.946725845336914,32.89832642616346,EXPLORING
7592.748000,LIDAR_ONLY,MIXED,run02,LIDAR_ONLY,0.1111762747168541,0.3399328589439392,0.21760711073875427,0.21708464622497559,0.21760711073875427,0.0,1.6545629501342773,2640,10081043,79396,18526,372.9194567616125,12,1448,0,0,1068.164,31.24850845336914,-9.822636604309082,32.75384156045731,EXPLORING
7593.747000,LIDAR_ONLY,MIXED,run02,LIDAR_ONLY,0.10343952476978302,0.3316393792629242,0.2188560962677002,0.2159832864999771,0.2188560962677002,0.0,0.9260990023612976,2644,10096361,79412,18526,373.20013890994795,12,1449,0,0,1069.163,31.059968948364258,-9.721434593200684,32.543655935134694,EXPLORING
7594.746000,LIDAR_ONLY,MIXED,run02,LIDAR_ONLY,0.11693935096263885,0.3424258828163147,0.21990075707435608,0.217027947306633,0.21990075707435608,0.0,1.9564650058746338,2646,10104020,79422,18527,373.4356189524336,12,1451,0,0,1070.162,30.9860897064209,-9.615405082702637,32.44157553635254,EXPLORING
7595.746000,LIDAR_ONLY,MIXED,run02,LIDAR_ONLY,0.10698586702346802,0.3321901559829712,0.21937842667102814,0.21755027770996094,0.21937842667102814,0.0,0.7244899868965149,2648,10111678,79431,18529,373.81126440118726,12,1454,0,0,1071.162,30.914325714111328,-9.460150718688965,32.32727314911244,EXPLORING
7596.746000,LIDAR_ONLY,MIXED,run02,LIDAR_ONLY,0.10473062843084335,0.33251410722732544,0.21937842667102814,0.217027947306633,0.21937842667102814,0.0,3.618901014328003,2650,10119337,79437,18529,374.2042008015618,12,1454,0,0,1072.162,30.92068099975586,-9.39351749420166,32.31391926713309,EXPLORING
7597.746000,LIDAR_ONLY,MIXED,run02,LIDAR_ONLY,0.08459190279245377,0.30897367000579834,0.2159268856048584,0.2169712781906128,0.2159268856048584,0.0,1.2056989669799805,2652,10126996,79443,18530,374.5447572138762,12,1455,0,0,1073.162,30.62308120727539,-9.294086456298828,32.0002683879079,EXPLORING
7598.749000,LIDAR_ONLY,MIXED,run02,LIDAR_ONLY,0.10647747665643692,0.3322250545024872,0.2178114354610443,0.21572211384773254,0.2178114354610443,0.0,5.315083980560303,2654,10134655,79453,18530,374.88132722826697,12,1456,0,0,1074.165,30.477556228637695,-9.437780380249023,31.903251929156887,EXPLORING
7599.746000,LIDAR_ONLY,MIXED,run02,LIDAR_ONLY,0.1189032644033432,0.3403494656085968,0.21807260811328888,0.21676677465438843,0.21807260811328888,0.0,0.9049559831619263,2656,10142315,79453,18533,375.1416507710226,12,1458,0,0,1075.162,30.48693084716797,-9.23513412475586,31.85286990397624,EXPLORING
7600.746000,LIDAR_ONLY,MIXED,run02,LIDAR_ONLY,0.1069001629948616,0.328753799200058,0.2169712781906128,0.2151436060667038,0.2169712781906128,0.0,1.0449379682540894,2658,10149975,79465,18534,375.48141324221484,12,1459,0,0,1076.162,30.336061477661133,-8.966012001037598,31.631182729160376,EXPLORING
7601.746000,LIDAR_ONLY,MIXED,run02,LIDAR_ONLY,0.09957099705934525,0.31873929500579834,0.2172323763370514,0.216187983751297,0.2172323763370514,0.0,0.6743389964103699,2660,10157634,79474,18534,375.7839235069867,12,1459,0,0,1077.162,30.244802474975586,-8.893495559692383,31.523143032529862,EXPLORING
7602.746000,LIDAR_ONLY,MIXED,run02,LIDAR_ONLY,0.10328075289726257,0.3268776535987854,0.21691463887691498,0.21508744359016418,0.21691463887691498,0.0,0.8196750283241272,2663,10169125,79474,18535,376.1371026727495,12,1461,0,0,1078.162,30.193750381469727,-8.701509475708008,31.420464171315956,EXPLORING
7603.746000,LIDAR_ONLY,MIXED,run02,LIDAR_ONLY,0.09218426048755646,0.3112465441226959,0.2169712781906128,0.2148825079202652,0.2169712781906128,0.0,1.3236360549926758,2664,10172955,79481,18536,376.43007299021855,12,1462,0,0,1079.162,30.200366973876953,-8.525430679321289,31.378530122911272,EXPLORING
7604.748000,LIDAR_ONLY,MIXED,run02,LIDAR_ONLY,0.08383078128099442,0.2974857985973358,0.2146214097738266,0.2148825079202652,0.2146214097738266,0.0,0.6674849987030029,2666,10180615,79490,18536,376.78281227524906,12,1465,0,0,1080.164,30.13934326171875,-8.47996997833252,31.307463005248064,EXPLORING
7605.747000,LIDAR_ONLY,MIXED,run02,LIDAR_ONLY,0.10192779451608658,0.3208135962486267,0.21389396488666534,0.21572211384773254,0.21389396488666534,0.0,1.0339820384979248,2668,10188274,79494,18536,377.2884019770936,12,1465,0,0,1081.163,30.110427856445312,-8.384398460388184,31.253857665050916,EXPLORING
7606.747000,LIDAR_ONLY,MIXED,run02,LIDAR_ONLY,0.08727815002202988,0.30338552594184875,0.21346555650234222,0.21398746967315674,0.21346555650234222,0.0,1.7827539443969727,2671,10199766,79500,18536,377.822931078972,12,1467,0,0,1082.163,30.162086486816406,-8.393048286437988,31.305943833403717,EXPLORING
7607.748000,LIDAR_ONLY,MIXED,run02,LIDAR_ONLY,0.09457983821630478,0.3144789934158325,0.21404333412647247,0.21404333412647247,0.21404333412647247,0.0,1.326172947883606,2673,10207428,79506,18536,378.30507671369645,12,1469,0,0,1083.164,30.05402183532715,-8.45095157623291,31.217471582925256,EXPLORING
7608.749000,LIDAR_ONLY,MIXED,run02,LIDAR_ONLY,0.07023992389440536,0.2683410048484802,0.2265726923942566,0.21743670105934143,0.2265726923942566,0.0,3.3913729190826416,2676,10218922,79528,18537,378.6653851015745,12,1471,0,0,1084.165,30.11295509338379,-8.11732006072998,31.185718182579393,EXPLORING
7609.746000,LIDAR_ONLY,MIXED,run02,LIDAR_ONLY,0.06774713844060898,0.2640429437160492,0.21508744359016418,0.2143043577671051,0.21508744359016418,0.0,1.5802960395812988,2677,10222753,79639,18540,379.07193137194,12,1471,0,0,1085.162,30.059675216674805,-7.789065361022949,31.05032142252845,EXPLORING
7610.746000,LIDAR_ONLY,MIXED,run02,LIDAR_ONLY,0.0662728026509285,0.262846440076828,0.2135770171880722,0.2148825079202652,0.2135770171880722,0.0,0.6204000115394592,2683,10245737,79729,18571,379.4509744112282,12,1472,0,0,1086.162,30.042085647583008,-7.4603800773620605,30.952442021686956,EXPLORING
7611.747000,LIDAR_ONLY,MIXED,run02,LIDAR_ONLY,0.06625103950500488,0.2552551031112671,0.2151436060667038,0.2154047042131424,0.2151436060667038,0.0,1.0154919624328613,2685,10253399,79733,18588,379.82624043654965,12,1473,0,0,1087.163,30.091896057128906,-7.109531402587891,30.91823968033134,EXPLORING
7612.746000,LIDAR_ONLY,MIXED,run02,LIDAR_ONLY,0.07145503908395767,0.2610253095626831,0.2147703617811203,0.21503131091594696,0.2147703617811203,0.0,0.9896330237388611,2688,10264894,79748,18588,380.2792099542079,12,1474,0,0,1088.162,30.071088790893555,-6.805742263793945,30.82951535665346,EXPLORING
7613.747000,LIDAR_ONLY,MIXED,run02,LIDAR_ONLY,0.06853198260068893,0.2542092204093933,0.21534846723079681,0.21482641994953156,0.21534846723079681,0.0,1.2602100372314453,2690,10272556,79750,18589,380.62635052079554,12,1475,0,0,1089.163,29.99971580505371,-6.696694850921631,30.73596666957059,EXPLORING
7614.746000,LIDAR_ONLY,MIXED,run02,LIDAR_ONLY,0.06556426733732224,0.25354331731796265,0.21216075122356415,0.21503131091594696,0.21216075122356415,0.0,1.5864659547805786,2692,10280220,79760,18589,380.978243096752,12,1476,0,0,1090.162,29.994382858276367,-6.669510841369629,30.724850247717065,EXPLORING
7615.746000,LIDAR_ONLY,MIXED,run02,LIDAR_ONLY,0.06645911186933517,0.25286242365837097,0.21503131091594696,0.21529227495193481,0.21503131091594696,0.0,6.334590911865234,2694,10287885,79764,18592,381.4266096098,12,1478,0,0,1091.162,29.911649703979492,-6.5596418380737305,30.620373091836615,EXPLORING
7616.746000,LIDAR_ONLY,MIXED,run02,LIDAR_ONLY,0.06918013840913773,0.25811266899108887,0.21419253945350647,0.21627967059612274,0.21419253945350647,0.0,0.9937649965286255,2697,10299384,79764,18592,381.8059253579685,12,1479,0,0,1092.162,30.07852554321289,-6.585272312164307,30.788867662459722,EXPLORING
7617.747000,LIDAR_ONLY,MIXED,run02,LIDAR_ONLY,0.0681249126791954,0.2543221712112427,0.21262718737125397,0.21471431851387024,0.21262718737125397,0.0,1.253169059753418,2698,10303217,79792,18595,382.46274985091503,12,1481,0,0,1093.163,29.91657257080078,-6.5991716384887695,30.633671867436206,EXPLORING
7618.747000,LIDAR_ONLY,MIXED,run02,LIDAR_ONLY,0.07345414161682129,0.2593458592891693,0.2136707603931427,0.2170623540878296,0.2136707603931427,0.0,1.3007400035858154,2700,10310883,79792,18596,382.73376925713404,12,1482,0,0,1094.163,29.91200828552246,-6.483485698699951,30.604501571097654,EXPLORING
7619.746000,LIDAR_ONLY,MIXED,run02,LIDAR_ONLY,0.07466751337051392,0.2624979317188263,0.21393164992332458,0.2168014645576477,0.21393164992332458,0.0,2.0994350910186768,2702,10318549,79796,18596,383.0062951091758,12,1483,0,0,1095.162,29.896467208862305,-6.229300022125244,30.53645562362536,EXPLORING
7620.749000,LIDAR_ONLY,MIXED,run02,LIDAR_ONLY,0.07586851716041565,0.2621612548828125,0.2152361124753952,0.21627967059612274,0.2152361124753952,0.0,1.0038490295410156,2704,10326214,79834,18597,383.4729599043339,12,1485,0,0,1096.165,29.909360885620117,-5.8581461906433105,30.475572685413177,EXPLORING
7621.747000,LIDAR_ONLY,MIXED,run02,LIDAR_ONLY,0.07757004350423813,0.26290401816368103,0.2168014645576477,0.2154970020055771,0.2168014645576477,0.0,6.595272064208984,2706,10333879,79843,18598,383.8943583081215,12,1486,0,0,1097.163,29.894763946533203,-5.484742641448975,30.391656803984258,EXPLORING
7622.747000,LIDAR_ONLY,MIXED,run02,LIDAR_ONLY,0.07881470769643784,0.2638216018676758,0.21575789153575897,0.21340985596179962,0.21575789153575897,0.0,1.260172963142395,2708,10341545,79846,18598,384.2748309835899,12,1487,0,0,1098.163,29.940725326538086,-5.198927402496338,30.386669531103884,EXPLORING
7623.746000,LIDAR_ONLY,MIXED,run02,LIDAR_ONLY,0.07964207977056503,0.2639732360839844,0.21575789153575897,0.21732324361801147,0.21575789153575897,0.0,0.9477689862251282,2710,10349212,79846,18599,384.70993963980095,12,1488,0,0,1099.162,29.90397834777832,-4.862868309020996,30.294718054460613,EXPLORING
7624.746000,LIDAR_ONLY,MIXED,run02,LIDAR_ONLY,0.07829681038856506,0.26432493329048157,0.21622326970100403,0.21622326970100403,0.21622326970100403,0.0,1.7302130460739136,2713,10360714,79846,18599,385.099942550578,12,1489,0,0,1100.162,29.84276580810547,-4.521397113800049,30.181270146720976,EXPLORING
7625.746000,LIDAR_ONLY,MIXED,run02,LIDAR_ONLY,0.07729502767324448,0.2643339931964874,0.2166883945465088,0.2174706608057022,0.2166883945465088,0.0,1.6206879615783691,2715,10368383,79847,18599,385.48262541298345,12,1491,0,0,1101.162,29.793142318725586,-4.17300271987915,30.081912244011615,EXPLORING
7626.746000,LIDAR_ONLY,MIXED,run02,LIDAR_ONLY,0.07318437099456787,0.2626715302467346,0.2157016098499298,0.2154407948255539,0.2157016098499298,0.0,0.7917190194129944,2718,10379886,79851,18599,385.90346087821115,12,1492,0,0,1102.162,29.834604263305664,-3.8135690689086914,30.075297923594672,EXPLORING
7627.746000,LIDAR_ONLY,MIXED,run02,LIDAR_ONLY,0.0725322887301445,0.26251256465911865,0.2174706608057022,0.21642763912677765,0.2174706608057022,0.0,3.118468999862671,2720,10387554,79852,18600,386.32069624871383,12,1493,0,0,1103.162,29.80171012878418,-3.4718432426452637,30.00121611304887,EXPLORING
7628.746000,LIDAR_ONLY,MIXED,run02,LIDAR_ONLY,0.07440557330846786,0.26431697607040405,0.2161668837070465,0.21590612828731537,0.2161668837070465,0.0,3.911745071411133,2726,10410561,79869,18600,386.62765403267423,12,1495,0,0,1104.162,29.7474365234375,-3.1965558528900146,29.916650634262524,EXPLORING
7629.746000,LIDAR_ONLY,MIXED,run02,LIDAR_ONLY,0.07779987156391144,0.266458123922348,0.21622326970100403,0.21413667500019073,0.21622326970100403,0.0,1.425421953201294,2728,10418229,79873,18605,387.1025429705779,12,1496,0,0,1105.162,29.80653190612793,-2.7781929969787598,29.933697252788907,EXPLORING
7630.746000,LIDAR_ONLY,MIXED,run02,LIDAR_ONLY,0.08023025840520859,0.2664133906364441,0.2166883945465088,0.2153846174478531,0.2166883945465088,0.0,2.703933000564575,2730,10425898,79877,18606,387.35203775137046,12,1498,0,0,1106.162,29.847002029418945,-2.5910046100616455,29.95722837644107,EXPLORING
7631.748000,LIDAR_ONLY,MIXED,run02,LIDAR_ONLY,0.08104187995195389,0.26681116223335266,0.2140808403491974,0.2161668837070465,0.2140808403491974,0.0,1.7516800165176392,2732,10433568,79879,18606,387.82875738556453,12,1500,0,0,1107.164,29.88245964050293,-2.167931318283081,29.95898216731034,EXPLORING
7632.747000,LIDAR_ONLY,MIXED,run02,LIDAR_ONLY,0.08268874138593674,0.26817068457603455,0.2130933701992035,0.2154407948255539,0.2130933701992035,0.0,1.5644479990005493,2734,10441236,79879,18607,388.2255182831978,12,1500,0,0,1108.163,29.82158851623535,-1.8238937854766846,29.875305142702597,EXPLORING
7633.746000,LIDAR_ONLY,MIXED,run02,LIDAR_ONLY,0.0827091783285141,0.26883113384246826,0.2136150300502777,0.2154407948255539,0.2136150300502777,0.0,1.309561014175415,2736,10448903,79906,18608,388.5840657903192,12,1502,0,0,1109.162,29.759552001953125,-1.485771656036377,29.79462047635818,EXPLORING
7634.751000,LIDAR_ONLY,MIXED,run02,LIDAR_ONLY,0.08337341994047165,0.27005475759506226,0.21419253945350647,0.2154970020055771,0.21419253945350647,0.0,1.1243419647216797,2738,10456570,79906,18614,388.9031543678436,12,1504,0,0,1110.167,29.778400421142578,-1.1943411827087402,29.80035185804585,EXPLORING
7635.749000,LIDAR_ONLY,MIXED,run02,LIDAR_ONLY,0.08419051021337509,0.27116045355796814,0.21465831995010376,0.21596243977546692,0.21465831995010376,0.0,0.6465210318565369,2741,10468072,79907,18614,389.26503482279895,12,1506,0,0,1111.165,29.712438583374023,-0.8531588315963745,29.722703863494907,EXPLORING
7636.747000,LIDAR_ONLY,MIXED,run02,LIDAR_ONLY,0.08396509289741516,0.27159059047698975,0.21648408472537994,0.21622326970100403,0.21648408472537994,0.0,2.0691709518432617,2743,10475739,79909,18615,389.6024269666505,12,1508,0,0,1112.163,29.71385383605957,-0.5322426557540894,29.716648223021092,EXPLORING
7637.746000,LIDAR_ONLY,MIXED,run02,LIDAR_ONLY,0.08447276800870895,0.2725490927696228,0.2154970020055771,0.21601878106594086,0.2154970020055771,0.0,3.259542942047119,2746,10487239,79912,18615,389.92094798523453,12,1509,0,0,1113.162,29.736900329589844,-0.2861279845237732,29.736311754639274,EXPLORING
7638.746000,LIDAR_ONLY,MIXED,run02,LIDAR_ONLY,0.08524377644062042,0.2731319069862366,0.21439749002456665,0.2157016098499298,0.21439749002456665,0.0,0.577023983001709,2748,10494907,79915,18615,390.2459747171761,12,1511,0,0,1114.162,29.681373596191406,-0.07417251169681549,29.67950726451957,EXPLORING
7639.747000,LIDAR_ONLY,MIXED,run02,LIDAR_ONLY,0.08179976046085358,0.2715933620929718,0.21465831995010376,0.21726655960083008,0.21465831995010376,0.0,1.2941999435424805,2751,10506409,79918,18615,390.6020078497666,12,1511,0,0,1115.163,29.667194366455078,0.07913866639137268,29.665345393358297,EXPLORING
7640.746000,LIDAR_ONLY,MIXED,run02,LIDAR_ONLY,0.07927750051021576,0.2678213119506836,0.21883150935173035,0.21857067942619324,0.21883150935173035,0.0,5.287525177001953,2753,10514077,79920,18617,390.9667266554737,12,1513,0,0,1116.162,29.691072463989258,0.07563517987728119,29.68921416969535,EXPLORING
7641.750000,LIDAR_ONLY,MIXED,run02,LIDAR_ONLY,0.0839308574795723,0.272681325674057,0.21387584507465363,0.21596243977546692,0.21387584507465363,0.0,4.03835391998291,2756,10525579,79935,18619,391.2135154501059,12,1513,0,0,1117.166,29.819677352905273,0.18553297221660614,29.81830311255717,EXPLORING
7642.746000,LIDAR_ONLY,MIXED,run02,LIDAR_ONLY,0.08608631044626236,0.2756902277469635,0.20996348559856415,0.21231089532375336,0.20996348559856415,0.0,1.0419189929962158,2757,10529413,79935,18622,391.5593520618981,12,1514,0,0,1118.162,29.717119216918945,0.4821730852127075,29.719088176186617,EXPLORING
7643.752000,LIDAR_ONLY,MIXED,run02,LIDAR_ONLY,0.08525975048542023,0.2750832438468933,0.21387584507465363,0.21596243977546692,0.21387584507465363,0.0,1.573938012123108,2759,10537081,79935,18622,391.8795810607876,12,1515,0,0,1119.168,29.648515701293945,0.7378095388412476,29.655759891824246,EXPLORING
7644.746000,LIDAR_ONLY,MIXED,run02,LIDAR_ONLY,0.08340507000684738,0.27438586950302124,0.2154407948255539,0.21517996490001678,0.2154407948255539,0.0,2.8480629920959473,2761,10544750,79943,18623,392.16221774791256,12,1517,0,0,1120.162,29.70899200439453,0.937879204750061,29.721863707819562,EXPLORING
7645.747000,LIDAR_ONLY,MIXED,run02,LIDAR_ONLY,0.08522611111402512,0.2772669792175293,0.2157016098499298,0.21674491465091705,0.2157016098499298,0.0,0.983834981918335,2763,10552418,79950,18623,392.5992377268131,12,1517,0,0,1121.163,29.619604110717773,1.2132283449172974,29.642521099749874,EXPLORING
7646.747000,LIDAR_ONLY,MIXED,run02,LIDAR_ONLY,0.08304979652166367,0.27462121844291687,0.21648408472537994,0.21674491465091705,0.21648408472537994,0.0,3.1139628887176514,2765,10560086,79951,18624,392.9510317436917,12,1517,0,0,1122.163,29.655187606811523,1.2372901439666748,29.679068850459227,EXPLORING
7647.748000,LIDAR_ONLY,MIXED,run02,LIDAR_ONLY,0.0728359967470169,0.2599344253540039,0.21497520804405212,0.2154970020055771,0.21497520804405212,0.0,0.6740440130233765,2771,10583091,79983,18624,393.2889174217515,12,1519,0,0,1123.164,29.679384231567383,1.0730925798416138,29.69685312349898,EXPLORING
7648.746000,LIDAR_ONLY,MIXED,run02,LIDAR_ONLY,0.08467750251293182,0.27478599548339844,0.2154407948255539,0.21648408472537994,0.2154407948255539,0.0,8.032917022705078,2773,10590760,79994,18631,393.63412900521394,12,1520,0,0,1124.162,29.85889434814453,1.0963934659957886,29.87709319168257,EXPLORING
7649.746000,LIDAR_ONLY,MIXED,run02,LIDAR_ONLY,0.085546113550663,0.27854040265083313,0.21491914987564087,0.2157016098499298,0.21491914987564087,0.0,1.7085469961166382,2775,10598427,79998,18634,393.85695146442913,12,1521,0,0,1125.162,29.91813087463379,1.2203155755996704,29.941088082052126,EXPLORING
7650.746000,LIDAR_ONLY,MIXED,run02,LIDAR_ONLY,0.08931268006563187,0.281335711479187,0.21465831995010376,0.21439749002456665,0.21465831995010376,0.0,0.9193210005760193,2777,10606095,79998,18635,394.281243897048,12,1524,0,0,1126.162,29.809358596801758,1.563077688217163,29.848402344777796,EXPLORING
7651.747000,LIDAR_ONLY,MIXED,run02,LIDAR_ONLY,0.08907251060009003,0.281762033700943,0.21382008492946625,0.2166883945465088,0.21382008492946625,0.0,5.987351894378662,2779,10613765,80003,18637,394.5454779692605,12,1525,0,0,1127.163,29.754220962524414,1.7788535356521606,29.805446244423575,EXPLORING
7652.746000,LIDAR_ONLY,MIXED,run02,LIDAR_ONLY,0.08502921462059021,0.2791927754878998,0.2127770483493805,0.2166883945465088,0.2127770483493805,0.0,1.0080909729003906,2781,10621435,80026,18644,394.8397793894418,12,1528,0,0,1128.162,29.75848388671875,1.9266782999038696,29.81889221799954,EXPLORING
7653.746000,LIDAR_ONLY,MIXED,run02,LIDAR_ONLY,0.08459720760583878,0.2802785038948059,0.2161668837070465,0.2153846174478531,0.2161668837070465,0.0,1.1590900421142578,2783,10629106,80038,18645,395.2051057871118,12,1529,0,0,1129.162,29.723112106323242,2.0760509967803955,29.79363454149289,EXPLORING
7654.746000,LIDAR_ONLY,MIXED,run02,LIDAR_ONLY,0.09185229241847992,0.2855098247528076,0.2119395136833191,0.21454639732837677,0.2119395136833191,0.0,2.8984289169311523,2786,10640613,80047,18646,395.57682943159085,12,1530,0,0,1130.162,29.633594512939453,2.275665521621704,29.71895947243189,EXPLORING
7655.750000,LIDAR_ONLY,MIXED,run02,LIDAR_ONLY,0.08615284413099289,0.2832549512386322,0.21434159576892853,0.21720990538597107,0.21434159576892853,0.0,5.742929935455322,2788,10648283,80050,18649,395.91259743144434,12,1530,0,0,1131.166,29.577064514160156,2.360078811645508,29.66919378334577,EXPLORING
7656.748000,LIDAR_ONLY,MIXED,run02,LIDAR_ONLY,0.07994356751441956,0.2696306109428406,0.21376433968544006,0.2166319042444229,0.21376433968544006,0.0,2.029503107070923,2791,10659790,80070,18649,396.41725090060316,12,1531,0,0,1132.164,29.6339054107666,2.491379737854004,29.73657126659972,EXPLORING
7657.746000,LIDAR_ONLY,MIXED,run02,LIDAR_ONLY,0.08605443686246872,0.2803039848804474,0.21376433968544006,0.2174139767885208,0.21376433968544006,0.0,1.1652100086212158,2792,10663626,80070,18656,396.78535097186716,12,1534,0,0,1133.162,29.68143653869629,2.4279770851135254,29.77869707549754,EXPLORING
7658.747000,LIDAR_ONLY,MIXED,run02,LIDAR_ONLY,0.09307163208723068,0.2867005467414856,0.2140808403491974,0.21564537286758423,0.2140808403491974,0.0,0.8915129899978638,2794,10671296,80071,18656,397.1584360378337,12,1536,0,0,1134.163,29.432165145874023,2.509610891342163,29.537089582132314,EXPLORING
7659.746000,LIDAR_ONLY,MIXED,run02,LIDAR_ONLY,0.09478259831666946,0.2892886698246002,0.20119884610176086,0.2173573076725006,0.20119884610176086,0.0,1.1224260330200195,2797,10682804,80088,18657,397.4731813947549,12,1537,0,0,1135.162,29.31117820739746,2.752786636352539,29.438292520460656,EXPLORING
7660.746000,LIDAR_ONLY,MIXED,run02,LIDAR_ONLY,0.08804462105035782,0.2850598692893982,0.21292676031589508,0.21501173079013824,0.21292676031589508,0.0,2.470755100250244,2799,10690478,80089,18660,397.90603731216254,12,1539,0,0,1136.162,29.39552879333496,2.803532838821411,29.527050846239515,EXPLORING
7661.747000,LIDAR_ONLY,MIXED,run02,LIDAR_ONLY,0.0953381136059761,0.28976333141326904,0.21413667500019073,0.2157016098499298,0.21413667500019073,0.0,1.3259320259094238,2802,10701982,80098,18660,398.25302822725274,12,1540,0,0,1137.163,29.428497314453125,2.826716423034668,29.56207897578027,EXPLORING
7662.749000,LIDAR_ONLY,MIXED,run02,LIDAR_ONLY,0.09932806342840195,0.29184436798095703,0.21460235118865967,0.21642763912677765,0.21460235118865967,0.0,2.090941905975342,2804,10709650,80108,18662,398.4356176300996,12,1542,0,0,1138.165,29.400129318237305,2.932948350906372,29.54420110138638,EXPLORING
7663.747000,LIDAR_ONLY,MIXED,run02,LIDAR_ONLY,0.10027560591697693,0.29220351576805115,0.2130933701992035,0.2157016098499298,0.2130933701992035,0.0,1.4704079627990723,2807,10721153,80119,18663,398.7856497944803,12,1543,0,0,1139.163,29.218374252319336,3.2091550827026367,29.392231789225878,EXPLORING
7664.746000,LIDAR_ONLY,MIXED,run02,LIDAR_ONLY,0.0939478874206543,0.28309890627861023,0.2232072949409485,0.22033898532390594,0.2232072949409485,0.0,0.7598469853401184,2809,10728824,80122,18665,399.16928563427643,12,1544,0,0,1140.162,29.176301956176758,3.5207698345184326,29.386124966845486,EXPLORING
7665.746000,LIDAR_ONLY,MIXED,run02,LIDAR_ONLY,0.0942167192697525,0.2842683494091034,0.2136150300502777,0.2133542001247406,0.2136150300502777,0.0,1.1393460035324097,2812,10740327,80122,18667,399.5073480036557,12,1545,0,0,1141.162,29.041406631469727,3.6193909645080566,29.2642429189354,EXPLORING
7666.747000,LIDAR_ONLY,MIXED,run02,LIDAR_ONLY,0.09276856482028961,0.28245243430137634,0.2183668166399002,0.2136707603931427,0.2183668166399002,0.0,0.7376909852027893,2814,10747995,80125,18667,399.8388292420338,12,1547,0,0,1142.163,28.921955108642578,3.64178466796875,29.14850275318198,EXPLORING
7667.747000,LIDAR_ONLY,MIXED,run02,LIDAR_ONLY,0.09352577477693558,0.2836478352546692,0.21216075122356415,0.21868476271629333,0.21216075122356415,0.0,0.9456409811973572,2817,10759491,80133,18667,400.20696778302175,12,1547,0,0,1143.163,28.79134750366211,3.678215980529785,29.023519223485845,EXPLORING
7668.750000,LIDAR_ONLY,MIXED,run02,LIDAR_ONLY,0.09972601383924484,0.29177504777908325,0.21665361523628235,0.21534846723079681,0.21665361523628235,0.0,1.7527509927749634,2820,10770984,80143,18669,400.4930995686528,12,1549,0,0,1144.166,28.72153663635254,3.7234835624694824,28.960059609450067,EXPLORING
7669.749000,LIDAR_ONLY,MIXED,run02,LIDAR_ONLY,0.10075043886899948,0.2944178283214569,0.21790188550949097,0.21581420302391052,0.21790188550949097,0.0,1.2918319702148438,2822,10778648,80159,18673,400.7898944799742,12,1550,0,0,1145.165,28.787899017333984,3.8324739933013916,29.040058059208423,EXPLORING
7670.746000,LIDAR_ONLY,MIXED,run02,LIDAR_ONLY,0.0985935628414154,0.28938934206962585,0.21720990538597107,0.2174706608057022,0.21720990538597107,0.0,0.755952000617981,2825,10790150,80196,18677,401.0659548791938,12,1552,0,0,1146.162,28.722902297973633,3.95576548576355,28.992199823416076,EXPLORING
7671.747000,LIDAR_ONLY,MIXED,run02,LIDAR_ONLY,0.09464918076992035,0.28394815325737,0.21178925037384033,0.21465831995010376,0.21178925037384033,0.0,6.155220031738281,2828,10801652,80236,18691,401.35723874042105,12,1553,0,0,1147.163,28.718164443969727,4.0921220779418945,29.006432749082407,EXPLORING
7672.747000,LIDAR_ONLY,MIXED,run02,LIDAR_ONLY,0.09521864354610443,0.28440022468566895,0.21257172524929047,0.2157016098499298,0.21257172524929047,0.0,2.218364953994751,2830,10809320,80246,18700,401.69964748884456,12,1554,0,0,1148.163,28.71042251586914,4.2273945808410645,29.0181701636311,EXPLORING
7673.746000,LIDAR_ONLY,MIXED,run02,LIDAR_ONLY,0.09450452774763107,0.28180423378944397,0.21080094575881958,0.2136707603931427,0.21080094575881958,0.0,0.9742209911346436,2832,10816987,80292,18703,402.0240779098769,12,1555,0,0,1149.162,28.633947372436523,4.317953109741211,28.955881807512945,EXPLORING
7674.749000,LIDAR_ONLY,MIXED,run02,LIDAR_ONLY,0.09448614716529846,0.28247207403182983,0.21413667500019073,0.21465831995010376,0.21413667500019073,0.0,0.7368879914283752,2835,10828486,80312,18711,402.3181400946495,12,1557,0,0,1150.165,28.599681854248047,4.42062520980835,28.937509770098416,EXPLORING
7675.746000,LIDAR_ONLY,MIXED,run02,LIDAR_ONLY,0.09403900057077408,0.28116974234580994,0.21413667500019073,0.21465831995010376,0.21413667500019073,0.0,0.7368879914283752,2835,10828486,80312,18716,402.61095201267324,12,1557,0,0,1151.162,28.566987991333008,4.54042387008667,28.923767560279693,EXPLORING
7676.750000,LIDAR_ONLY,MIXED,run02,LIDAR_ONLY,0.09352095425128937,0.2803598642349243,0.2180490344762802,0.2175273895263672,0.2180490344762802,0.0,0.9315879940986633,2838,10839989,80349,18716,402.9900294807493,12,1558,0,0,1152.166,28.553993225097656,4.673002243041992,28.932055543619718,EXPLORING
7677.746000,LIDAR_ONLY,MIXED,run02,LIDAR_ONLY,0.09639974683523178,0.2783670723438263,0.21976016461849213,0.21976016461849213,0.21976016461849213,0.0,1.5563570261001587,2841,10851495,80408,18730,403.1923406677251,12,1559,0,0,1153.162,28.45925521850586,4.672348976135254,28.838460102928916,EXPLORING
7678.746000,LIDAR_ONLY,MIXED,run02,LIDAR_ONLY,0.0948895663022995,0.280083566904068,0.2166883945465088,0.21512386202812195,0.2166883945465088,0.0,1.1262749433517456,2843,10859165,80457,18743,403.5185419428324,12,1560,0,0,1154.162,28.33127784729004,4.7439398765563965,28.723920756684823,EXPLORING
7679.747000,LIDAR_ONLY,MIXED,run02,LIDAR_ONLY,0.09708143025636673,0.280100554227829,0.21825292706489563,0.22059974074363708,0.21825292706489563,0.0,1.7269920110702515,2846,10870669,80470,18760,403.92816995373903,12,1561,0,0,1155.163,28.222217559814453,4.856348037719727,28.63521705375564,EXPLORING
7680.749000,LIDAR_ONLY,MIXED,run02,LIDAR_ONLY,0.09741183370351791,0.2805825173854828,0.22288842499256134,0.2192387878894806,0.22288842499256134,0.0,0.5868600010871887,2849,10882177,80591,18767,404.4690701649329,12,1563,0,0,1156.165,28.070066452026367,4.827884674072266,28.48044280914527,EXPLORING
7681.746000,LIDAR_ONLY,MIXED,run02,LIDAR_ONLY,0.09595834463834763,0.27636954188346863,0.2196456491947174,0.217300683259964,0.2196456491947174,0.0,2.723928928375244,2852,10893691,80591,18791,404.72136667994124,12,1565,0,0,1157.162,28.01856231689453,4.70574426651001,28.40919524820689,EXPLORING
7682.746000,LIDAR_ONLY,MIXED,run02,LIDAR_ONLY,0.09463248401880264,0.2749600112438202,0.22016675770282745,0.217300683259964,0.22016675770282745,0.0,3.8807709217071533,2854,10901367,80639,18796,405.25800617077846,12,1568,0,0,1158.162,27.989765167236328,4.621223449707031,28.366902150412063,EXPLORING
7683.746000,LIDAR_ONLY,MIXED,run02,LIDAR_ONLY,0.09309007972478867,0.28202876448631287,0.21927084028720856,0.21640625596046448,0.21927084028720856,0.0,0.749875009059906,2857,10912887,80829,18806,405.63862834286414,12,1569,0,0,1159.162,28.14212989807129,4.78201961517334,28.543744441741712,EXPLORING
7684.748000,LIDAR_ONLY,MIXED,run02,LIDAR_ONLY,0.0925225093960762,0.2820051908493042,0.21901041269302368,0.2161458283662796,0.21901041269302368,0.0,1.0163160562515259,2859,10920567,80878,18877,405.9628927358012,12,1571,0,0,1160.164,28.17774200439453,4.887522220611572,28.596699486605385,EXPLORING
7685.746000,LIDAR_ONLY,MIXED,run02,LIDAR_ONLY,0.09667815268039703,0.2832350432872772,0.21796874701976776,0.20546874403953552,0.21796874701976776,0.0,2.794650077819824,2862,10932087,80948,18891,406.18898287318206,12,1572,0,0,1161.162,28.118310928344727,5.053783416748047,28.56709402291737,EXPLORING
7686.749000,LIDAR_ONLY,MIXED,run02,LIDAR_ONLY,0.0956239327788353,0.28328967094421387,0.21828600764274597,0.21724407374858856,0.21828600764274597,0.0,4.332313060760498,2864,10939766,80978,18921,406.52078620531296,12,1573,0,0,1162.165,28.155963897705078,5.215847969055176,28.63323648239313,EXPLORING
7687.748000,LIDAR_ONLY,MIXED,run02,LIDAR_ONLY,0.09586414694786072,0.28360649943351746,0.21984891593456268,0.21672309935092926,0.21984891593456268,0.0,1.7901819944381714,2866,10947445,80978,18935,406.77630007680756,12,1575,0,0,1163.164,28.098724365234375,5.357415676116943,28.603138668691006,EXPLORING
7688.746000,LIDAR_ONLY,MIXED,run02,LIDAR_ONLY,0.100923091173172,0.28150707483291626,0.22109374403953552,0.21718749403953552,0.22109374403953552,0.0,0.998121976852417,2868,10955124,81032,18950,407.101673756349,13,1575,0,0,1164.162,28.060768127441406,5.468717575073242,28.5869419398602,EXPLORING
7689.746000,LIDAR_ONLY,MIXED,run02,LIDAR_ONLY,0.10087592899799347,0.28140947222709656,0.21906746923923492,0.2169835865497589,0.21906746923923492,0.0,1.1031880378723145,2870,10962803,81047,18957,407.2452353355575,15,1575,0,0,1165.162,28.0700626373291,5.526469707489014,28.607167237559604,EXPLORING
7690.748000,LIDAR_ONLY,MIXED,run02,LIDAR_ONLY,0.10142869502305984,0.2835359275341034,0.21901041269302368,0.21588541567325592,0.21901041269302368,0.0,1.8662869930267334,2871,10966643,81047,18964,407.2528031291067,16,1576,0,0,1166.164,28.068307876586914,5.526497840881348,28.605450980939175,EXPLORING
7691.749000,LIDAR_ONLY,MIXED,run02,LIDAR_ONLY,0.09538622945547104,0.2842286229133606,0.21770833432674408,0.2161458283662796,0.21770833432674408,0.0,1.5618549585342407,2873,10974323,81128,18964,407.4209164314996,16,1576,0,0,1167.165,28.071680068969727,5.667083740234375,28.636253789287267,EXPLORING
7692.747000,LIDAR_ONLY,MIXED,run02,LIDAR_ONLY,0.1024816483259201,0.2874683439731598,0.21927084028720856,0.21666666865348816,0.21927084028720856,0.0,3.232151985168457,2876,10985843,81138,18996,407.68431340703364,16,1577,0,0,1168.163,28.07798957824707,5.836266994476318,28.67639710738899,EXPLORING
7693.748000,LIDAR_ONLY,MIXED,run02,LIDAR_ONLY,0.09865835309028625,0.28561797738075256,0.21848958730697632,0.21692708134651184,0.21848958730697632,0.0,1.1442400217056274,2877,10989683,81138,19000,408.0952137506172,16,1579,0,0,1169.164,28.082361221313477,5.95938777923584,28.705988065556117,EXPLORING
7694.746000,LIDAR_ONLY,MIXED,run02,LIDAR_ONLY,0.09940850734710693,0.28474199771881104,0.21796874701976776,0.21536459028720856,0.21796874701976776,0.0,1.1941100358963013,2879,10997362,81166,19000,408.41048719045244,16,1582,0,0,1170.162,28.067899703979492,6.190694808959961,28.740782700345253,EXPLORING
7695.748000,LIDAR_ONLY,MIXED,run02,LIDAR_ONLY,0.09747014194726944,0.28438135981559753,0.21927084028720856,0.21562500298023224,0.21927084028720856,0.0,1.4004240036010742,2885,11020402,81255,19018,408.6940634302318,16,1582,0,0,1171.164,27.985965728759766,6.405324459075928,28.70790912654577,EXPLORING
7696.746000,LIDAR_ONLY,MIXED,run02,LIDAR_ONLY,0.092354916036129,0.2812406122684479,0.21958842873573303,0.2159416526556015,0.21958842873573303,0.0,1.6936039924621582,2887,11028081,81271,19063,409.0163231718802,16,1583,0,0,1172.162,28.00723648071289,6.654130935668945,28.78514702748373,EXPLORING
7697.746000,LIDAR_ONLY,MIXED,run02,LIDAR_ONLY,0.1007891371846199,0.2882619798183441,0.21979166567325592,0.21562500298023224,0.21979166567325592,0.0,1.2229119539260864,2890,11039601,81302,19078,409.36106941982445,16,1584,0,0,1173.162,27.939605712890625,6.981156349182129,28.796890091950324,EXPLORING
7698.747000,LIDAR_ONLY,MIXED,run02,LIDAR_ONLY,0.09283553063869476,0.28278443217277527,0.2200520783662796,0.21692708134651184,0.2200520783662796,0.0,0.961188018321991,2892,11047281,81324,19094,409.731451542428,16,1586,0,0,1174.163,27.916711807250977,7.086502552032471,28.8004228529128,EXPLORING
7699.749000,LIDAR_ONLY,MIXED,run02,LIDAR_ONLY,0.08485051244497299,0.27504193782806396,0.21692708134651184,0.21588541567325592,0.21692708134651184,0.0,0.8132330179214478,2894,11054961,81324,19109,410.1450279144472,16,1587,0,0,1175.165,27.95182228088379,7.300962448120117,28.887916090943964,EXPLORING
7700.747000,LIDAR_ONLY,MIXED,run02,LIDAR_ONLY,0.08694389462471008,0.2766495645046234,0.21901041269302368,0.21536459028720856,0.21901041269302368,0.0,1.0178430080413818,2896,11062641,81357,19114,410.47158778464757,16,1587,0,0,1176.163,27.966981887817383,7.611988544464111,28.98272244516502,EXPLORING
7701.746000,LIDAR_ONLY,MIXED,run02,LIDAR_ONLY,0.0878618136048317,0.2775452136993408,0.21822915971279144,0.21484375,0.21822915971279144,0.0,0.8671920299530029,2899,11074161,81478,19128,410.6949884414226,18,1588,0,0,1177.162,27.940818786621094,7.825582504272461,29.014364093517138,EXPLORING
7702.747000,LIDAR_ONLY,MIXED,run02,LIDAR_ONLY,0.09787893295288086,0.28681761026382446,0.20885416865348816,0.20911458134651184,0.20885416865348816,0.0,1.0057209730148315,2901,11081841,81502,19160,410.7985313293283,18,1590,0,0,1178.163,27.994796752929688,7.76552152633667,29.050230328168695,EXPLORING
7703.746000,LIDAR_ONLY,MIXED,run02,LIDAR_ONLY,0.10460756719112396,0.28821873664855957,0.2161458283662796,0.2174479216337204,0.2161458283662796,0.0,1.287451982498169,2903,11089521,81502,19179,410.99542752744304,18,1590,0,0,1179.162,28.0098876953125,7.615338325500488,29.02500265675493,EXPLORING
7704.748000,LIDAR_ONLY,MIXED,run02,LIDAR_ONLY,0.1080264002084732,0.2883000075817108,0.21718749403953552,0.21510416269302368,0.21718749403953552,0.0,1.3316179513931274,2905,11097201,81528,19184,411.2452215732925,18,1591,0,0,1180.164,28.072866439819336,7.444255828857422,29.04145010893894,EXPLORING
7705.746000,LIDAR_ONLY,MIXED,run02,LIDAR_ONLY,0.1023951843380928,0.2816861569881439,0.21822915971279144,0.2161458283662796,0.21822915971279144,0.0,1.7205510139465332,2907,11104881,81538,19191,411.5542116616122,18,1593,0,0,1181.162,28.12561798095703,7.377620220184326,29.075460345582066,EXPLORING
7706.747000,LIDAR_ONLY,MIXED,run02,LIDAR_ONLY,0.08143838495016098,0.2671278119087219,0.21692708134651184,0.2174479216337204,0.21692708134651184,0.0,1.106484055519104,2910,11116401,81554,19193,411.9502206639127,18,1595,0,0,1182.163,28.126405715942383,7.262822151184082,29.04730295996991,EXPLORING
7707.746000,LIDAR_ONLY,MIXED,run02,LIDAR_ONLY,0.08412567526102066,0.2681712210178375,0.21359729766845703,0.21411825716495514,0.21359729766845703,0.0,0.9989539980888367,2913,11127919,81554,19200,412.2454411952653,18,1597,0,0,1183.162,28.182188034057617,7.029566287994385,29.043974018207408,EXPLORING
7708.747000,LIDAR_ONLY,MIXED,run02,LIDAR_ONLY,0.09756539016962051,0.27739641070365906,0.21255534887313843,0.21672309935092926,0.21255534887313843,0.0,0.8073899745941162,2915,11135597,81606,19200,412.50176532759076,18,1598,0,0,1184.163,28.177377700805664,7.152876377105713,29.069406417892793,EXPLORING
7709.746000,LIDAR_ONLY,MIXED,run02,LIDAR_ONLY,0.10491205751895905,0.2843749225139618,0.2159416526556015,0.2169835865497589,0.2159416526556015,0.0,1.5143699645996094,2918,11147114,81627,19208,412.7169525143829,18,1599,0,0,1185.162,28.050167083740234,7.1219329833984375,28.93849308379622,EXPLORING
7710.746000,LIDAR_ONLY,MIXED,run02,LIDAR_ONLY,0.088344506919384,0.26951146125793457,0.21724407374858856,0.21776504814624786,0.21724407374858856,0.0,5.744748115539551,2920,11154792,81653,19223,413.01618150600933,18,1601,0,0,1186.162,27.850460052490234,6.918837547302246,28.69532098665432,EXPLORING
7711.746000,LIDAR_ONLY,MIXED,run02,LIDAR_ONLY,0.07844625413417816,0.2634955942630768,0.21171875298023224,0.21510416269302368,0.21171875298023224,0.0,1.6281499862670898,2925,11173987,81683,19229,413.33462529088354,18,1602,0,0,1187.162,27.946022033691406,6.681849956512451,28.73202898525998,EXPLORING
7712.749000,LIDAR_ONLY,MIXED,run02,LIDAR_ONLY,0.07816026359796524,0.2632724642753601,0.21432290971279144,0.21718749403953552,0.21432290971279144,0.0,0.7989709973335266,2927,11181667,81693,19235,413.70080683647166,18,1604,0,0,1188.165,28.03620719909668,6.367441654205322,28.748470432382625,EXPLORING
7713.746000,LIDAR_ONLY,MIXED,run02,LIDAR_ONLY,0.08092308789491653,0.2666025459766388,0.21588541567325592,0.21666666865348816,0.21588541567325592,0.0,5.769179821014404,2930,11193187,81695,19236,414.07398981677215,18,1605,0,0,1189.162,28.000102996826172,6.216145992279053,28.680087910219093,EXPLORING
7714.746000,LIDAR_ONLY,MIXED,run02,LIDAR_ONLY,0.0779542624950409,0.2632754147052765,0.2161458283662796,0.2174479216337204,0.2161458283662796,0.0,0.6854389905929565,2933,11204707,81697,19236,414.49852108309796,18,1606,0,0,1190.162,28.150577545166016,5.986521244049072,28.778354177666547,EXPLORING
7715.747000,LIDAR_ONLY,MIXED,run02,LIDAR_ONLY,0.07830686122179031,0.26325011253356934,0.21848958730697632,0.21822915971279144,0.21848958730697632,0.0,1.3387680053710938,2934,11208547,81704,19238,414.9461937067569,18,1606,0,0,1191.163,28.21415138244629,5.9001946449279785,28.822741940261245,EXPLORING
7716.746000,LIDAR_ONLY,MIXED,run02,LIDAR_ONLY,0.07911483943462372,0.263177752494812,0.21510416269302368,0.21901041269302368,0.21510416269302368,0.0,1.175426959991455,2937,11220067,81706,19240,415.3583061374376,18,1608,0,0,1192.162,28.25063133239746,5.67926025390625,28.814084395314413,EXPLORING
7717.746000,LIDAR_ONLY,MIXED,run02,LIDAR_ONLY,0.0765598937869072,0.26187336444854736,0.2154206782579422,0.2175045609474182,0.2154206782579422,0.0,1.086374044418335,2939,11227745,81740,19241,415.701963242234,18,1610,0,0,1193.162,28.323057174682617,5.415955066680908,28.834470492839515,EXPLORING
7718.748000,LIDAR_ONLY,MIXED,run02,LIDAR_ONLY,0.07603156566619873,0.2607439160346985,0.21573735773563385,0.21756123006343842,0.21573735773563385,0.0,3.226430892944336,2941,11235422,81841,19242,416.01275237210604,18,1611,0,0,1194.164,28.384479522705078,5.15484094619751,28.846991544821048,EXPLORING
7719.750000,LIDAR_ONLY,MIXED,run02,LIDAR_ONLY,0.07056663185358047,0.2590005397796631,0.2148997187614441,0.21776504814624786,0.2148997187614441,0.0,2.59277606010437,2944,11246938,81856,19298,416.4572432465998,18,1613,0,0,1195.166,28.497732162475586,4.942959308624268,28.92145626614691,EXPLORING
7720.749000,LIDAR_ONLY,MIXED,run02,LIDAR_ONLY,0.09589270502328873,0.28971338272094727,0.21579359471797943,0.21683606505393982,0.21579359471797943,0.0,1.1807080507278442,2946,11254614,81856,19299,417.3068660617819,18,1615,0,0,1196.165,28.855478286743164,5.118921756744385,29.304230746958236,EXPLORING
7721.746000,LIDAR_ONLY,MIXED,run02,LIDAR_ONLY,0.09776582568883896,0.2882688641548157,0.21845673024654388,0.21845673024654388,0.21845673024654388,0.0,0.6624709963798523,2948,11262288,81864,19300,418.2486746210704,18,1616,0,0,1197.162,28.721792221069336,4.887181758880615,29.132833155878085,EXPLORING
7722.748000,LIDAR_ONLY,MIXED,run02,LIDAR_ONLY,0.0961458832025528,0.2808578610420227,0.22033898532390594,0.2148631066083908,0.22033898532390594,0.0,0.9782299995422363,2950,11269957,81875,19302,418.5559830394188,18,1618,0,0,1198.164,28.642057418823242,4.760047912597656,29.033113415149746,EXPLORING
7723.748000,LIDAR_ONLY,MIXED,run02,LIDAR_ONLY,0.09603314101696014,0.2766838073730469,0.20938722789287567,0.21329855918884277,0.20938722789287567,0.0,1.711637020111084,2952,11277627,82594,19302,418.95766570692433,18,1619,0,0,1199.164,28.693634033203125,4.749245643615723,29.08222675247491,EXPLORING
7724.746000,LIDAR_ONLY,MIXED,run02,LIDAR_ONLY,0.08582057058811188,0.2684626281261444,0.2165970802307129,0.21581420302391052,0.2165970802307129,0.0,1.3835259675979614,2955,11289125,82606,19505,419.324511278108,18,1621,0,0,1200.162,28.68363380432129,4.5918660163879395,29.0470616847721,EXPLORING
7725.746000,LIDAR_ONLY,MIXED,run02,LIDAR_ONLY,0.07948543131351471,0.26183322072029114,0.22103340923786163,0.21842379868030548,0.22103340923786163,0.0,1.0401140451431274,2959,11304458,82625,19510,419.6567219100924,18,1622,0,0,1201.162,28.78102684020996,4.444063186645508,29.120306948845613,EXPLORING
7726.747000,LIDAR_ONLY,MIXED,run02,LIDAR_ONLY,0.07546825706958771,0.2615261673927307,0.21941038966178894,0.2152361124753952,0.21941038966178894,0.0,1.708327054977417,2962,11315956,82639,19514,420.0658238846589,18,1622,0,0,1202.163,28.882539749145508,4.344573974609375,29.20566603773606,EXPLORING
7727.746000,LIDAR_ONLY,MIXED,run02,LIDAR_ONLY,0.07299590110778809,0.25872260332107544,0.21491914987564087,0.2157016098499298,0.21491914987564087,0.0,1.348196029663086,2965,11327456,82656,19517,420.31304612128474,18,1624,0,0,1203.162,28.949254989624023,4.179293155670166,29.247560774021977,EXPLORING
7728.746000,LIDAR_ONLY,MIXED,run02,LIDAR_ONLY,0.07217811793088913,0.2579330503940582,0.21503131091594696,0.2165970802307129,0.21503131091594696,0.0,1.2164210081100464,2967,11335120,82667,19519,420.6743689948941,18,1626,0,0,1204.162,28.992280960083008,3.9150664806365967,29.253605411015293,EXPLORING
7729.751000,LIDAR_ONLY,MIXED,run02,LIDAR_ONLY,0.07252945005893707,0.2582813501358032,0.2169712781906128,0.2187989503145218,0.2169712781906128,0.0,1.6005009412765503,2969,11342782,82672,19523,421.069600702332,18,1628,0,0,1205.167,29.083019256591797,3.5809526443481445,29.300812700472786,EXPLORING
7730.746000,LIDAR_ONLY,MIXED,run02,LIDAR_ONLY,0.07052868604660034,0.2576192319393158,0.2172323763370514,0.2187989503145218,0.2172323763370514,0.0,1.0650670528411865,2972,11354272,82681,19525,421.375980165548,18,1630,0,0,1206.162,29.156837463378906,3.3449766635894775,29.3462388639965,EXPLORING
7731.746000,LIDAR_ONLY,MIXED,run02,LIDAR_ONLY,0.07149388641119003,0.2571277618408203,0.21848081052303314,0.21769772469997406,0.21848081052303314,0.0,1.3848960399627686,2974,11361933,82684,19530,421.73982425931337,18,1631,0,0,1207.162,29.408306121826172,3.2260680198669434,29.582874929294324,EXPLORING
7732.746000,LIDAR_ONLY,MIXED,run02,LIDAR_ONLY,0.07100686430931091,0.2578488886356354,0.21952493488788605,0.21795876324176788,0.21952493488788605,0.0,1.6851710081100464,2977,11373426,82685,19530,421.9990462072811,18,1634,0,0,1208.162,29.470958709716797,3.0537848472595215,29.626896063256144,EXPLORING
7733.746000,LIDAR_ONLY,MIXED,run02,LIDAR_ONLY,0.07258929312229156,0.2588586211204529,0.21929596364498138,0.21720990538597107,0.21929596364498138,0.0,1.0895709991455078,2979,11381093,82685,19530,422.41263847547634,18,1634,0,0,1209.162,29.402666091918945,2.7007482051849365,29.524573327933275,EXPLORING
7734.746000,LIDAR_ONLY,MIXED,run02,LIDAR_ONLY,0.07215562462806702,0.2590159475803375,0.22346805036067963,0.21825292706489563,0.22346805036067963,0.0,1.232638955116272,2981,11388762,82727,19530,422.74106200581184,18,1636,0,0,1210.162,29.398035049438477,2.4579172134399414,29.4987293739473,EXPLORING
7735.746000,LIDAR_ONLY,MIXED,run02,LIDAR_ONLY,0.06965337693691254,0.25775450468063354,0.21944227814674377,0.2173573076725006,0.21944227814674377,0.0,0.8646950125694275,2983,11396436,82727,19531,422.9837167414867,18,1636,0,0,1211.162,29.416444778442383,2.312098741531372,29.505286168092145,EXPLORING
7736.754000,LIDAR_ONLY,MIXED,run02,LIDAR_ONLY,0.06767439097166061,0.25703686475753784,0.21851368248462677,0.21773141622543335,0.21851368248462677,0.0,1.0001729726791382,2985,11404107,82728,19531,423.2777578228196,18,1638,0,0,1212.170,29.468610763549805,2.2480757236480713,29.552350793651602,EXPLORING
7737.749000,LIDAR_ONLY,MIXED,run02,LIDAR_ONLY,0.07119175046682358,0.2587819993495941,0.21512386202812195,0.21694914996623993,0.21512386202812195,0.0,16.846782684326172,2986,11407942,82728,19531,423.4187452749243,18,1640,0,0,1213.165,29.48724365234375,2.1554739475250244,29.56403127486858,EXPLORING
7738.759000,LIDAR_ONLY,MIXED,run02,LIDAR_ONLY,0.07112453132867813,0.2593044936656952,0.2180490344762802,0.2177882045507431,0.2180490344762802,0.0,0.8630040287971497,2988,11415609,82728,19531,423.86230135546464,18,1642,0,0,1214.175,29.284143447875977,1.8232192993164062,29.33894585098039,EXPLORING
7739.771000,LIDAR_ONLY,MIXED,run02,LIDAR_ONLY,0.07016031444072723,0.2578149437904358,0.2187744528055191,0.21720990538597107,0.2187744528055191,0.0,5.976627826690674,2990,11423278,82734,19531,424.1617453683686,18,1643,0,0,1215.187,29.168764114379883,1.7305467128753662,29.218152580866747,EXPLORING
7740.746000,LIDAR_ONLY,MIXED,run02,LIDAR_ONLY,0.06925570219755173,0.2582292854785919,0.21601878106594086,0.21758413314819336,0.21601878106594086,0.0,1.5834369659423828,2994,11438612,83003,19533,424.3010442861245,18,1645,0,0,1216.162,29.22022247314453,1.7795850038528442,29.27246242112672,EXPLORING
7741.746000,LIDAR_ONLY,MIXED,run02,LIDAR_ONLY,0.07662678509950638,0.2600802481174469,0.2152361124753952,0.21810592710971832,0.2152361124753952,0.0,6.700300216674805,2996,11446277,83006,19651,424.60863449697354,18,1647,0,0,1217.162,29.32651710510254,1.7519478797912598,29.376899001900917,EXPLORING
7742.746000,LIDAR_ONLY,MIXED,run02,LIDAR_ONLY,0.07585178315639496,0.26077890396118164,0.21633611619472504,0.21737995743751526,0.21633611619472504,0.0,1.1254559755325317,2999,11457773,83007,19652,425.05776007121113,18,1648,0,0,1218.162,29.6270809173584,1.7924237251281738,29.67935087678089,EXPLORING
7743.748000,LIDAR_ONLY,MIXED,run02,LIDAR_ONLY,0.06900277733802795,0.25843316316604614,0.21810592710971832,0.21732324361801147,0.21810592710971832,0.0,4.1187639236450195,3001,11465439,83007,19652,425.3053491945416,18,1650,0,0,1219.164,29.575069427490234,1.7715342044830322,29.62617751872597,EXPLORING
7744.749000,LIDAR_ONLY,MIXED,run02,LIDAR_ONLY,0.06937510520219803,0.2559300661087036,0.21935315430164337,0.21674491465091705,0.21935315430164337,0.0,1.1050430536270142,3003,11473108,83007,19652,425.62958870584197,18,1652,0,0,1220.165,29.499988555908203,1.6406224966049194,29.543668746613292,EXPLORING
7745.746000,LIDAR_ONLY,MIXED,run02,LIDAR_ONLY,0.06901443749666214,0.2558966279029846,0.21935315430164337,0.2175273895263672,0.21935315430164337,0.0,0.8998990058898926,3005,11480776,83010,19652,425.9897767047588,18,1654,0,0,1221.162,29.460237503051758,1.3155423402786255,29.487679343254772,EXPLORING
7746.749000,LIDAR_ONLY,MIXED,run02,LIDAR_ONLY,0.06838042289018631,0.2560902535915375,0.21857067942619324,0.2175273895263672,0.21857067942619324,0.0,3.134403944015503,3007,11488444,83010,19652,426.3179893723934,18,1655,0,0,1222.165,29.394115447998047,1.0915746688842773,29.412453419275916,EXPLORING
7747.750000,LIDAR_ONLY,MIXED,run02,LIDAR_ONLY,0.06680227816104889,0.2559652030467987,0.21883150935173035,0.2175273895263672,0.21883150935173035,0.0,1.5820800065994263,3008,11492278,83010,19652,426.5654348357091,18,1657,0,0,1223.166,29.421001434326172,0.9612402319908142,29.43477254488455,EXPLORING
7748.746000,LIDAR_ONLY,MIXED,run02,LIDAR_ONLY,0.06666863709688187,0.2561626136302948,0.21700574457645416,0.2180490344762802,0.21700574457645416,0.0,1.1778780221939087,3010,11499946,83015,19652,426.87765845869916,18,1658,0,0,1224.162,29.44247817993164,0.6901907324790955,29.44863081611254,EXPLORING
7749.746000,LIDAR_ONLY,MIXED,run02,LIDAR_ONLY,0.06917302310466766,0.25892922282218933,0.21758413314819336,0.2183668166399002,0.21758413314819336,0.0,1.7887639999389648,3012,11507613,83015,19652,427.2155019605395,18,1659,0,0,1225.162,29.54935073852539,0.40468162298202515,29.550176903691494,EXPLORING
7750.746000,LIDAR_ONLY,MIXED,run02,LIDAR_ONLY,0.07696401327848434,0.259906142950058,0.21857067942619324,0.2175273895263672,0.21857067942619324,0.0,1.6652560234069824,3014,11515281,83016,19652,427.51177476601157,18,1660,0,0,1226.162,29.49523162841797,0.4051770567893982,29.49606971586111,EXPLORING
7751.747000,LIDAR_ONLY,MIXED,run02,LIDAR_ONLY,0.07736659795045853,0.26117125153541565,0.2180490344762802,0.2175273895263672,0.2180490344762802,0.0,1.4017529487609863,3016,11522948,83016,19652,427.8885762556064,18,1661,0,0,1227.163,29.77644920349121,0.46034324169158936,29.778064235013385,EXPLORING
7752.747000,LIDAR_ONLY,MIXED,run02,LIDAR_ONLY,0.07313717901706696,0.25644025206565857,0.21758413314819336,0.21654057502746582,0.21758413314819336,0.0,0.7520049810409546,3018,11530614,83018,19652,428.4522448518839,18,1662,0,0,1228.163,29.70130729675293,0.4125846326351166,29.702228181822257,EXPLORING
7753.746000,LIDAR_ONLY,MIXED,run02,LIDAR_ONLY,0.06594587862491608,0.2569669485092163,0.2198747992515564,0.2180490344762802,0.2198747992515564,0.0,1.0040069818496704,3021,11542116,83018,19652,428.8012506255735,18,1662,0,0,1229.162,29.558528900146484,0.2536463737487793,29.557667838390273,EXPLORING
7754.746000,LIDAR_ONLY,MIXED,run02,LIDAR_ONLY,0.07686366885900497,0.25938349962234497,0.21726655960083008,0.21622326970100403,0.21726655960083008,0.0,1.0579489469528198,3023,11549784,83019,19652,429.1220069754977,18,1663,0,0,1230.162,29.648115158081055,0.14516091346740723,29.64651794265727,EXPLORING
7755.746000,LIDAR_ONLY,MIXED,run02,LIDAR_ONLY,0.07787898927927017,0.26020002365112305,0.2180490344762802,0.2154407948255539,0.2180490344762802,0.0,0.6562560200691223,3027,11565123,83023,19652,429.4315488016939,18,1664,0,0,1231.162,29.643205642700195,0.23593203723430634,29.642194645318945,EXPLORING
7756.746000,LIDAR_ONLY,MIXED,run02,LIDAR_ONLY,0.07363607734441757,0.2575690746307373,0.22039645910263062,0.21700574457645416,0.22039645910263062,0.0,3.9883880615234375,3029,11572791,83023,19652,429.7107573767495,18,1664,0,0,1232.162,29.813316345214844,0.30520737171173096,29.812930686887324,EXPLORING
7757.751000,LIDAR_ONLY,MIXED,run02,LIDAR_ONLY,0.07425691932439804,0.2572353482246399,0.2177882045507431,0.21674491465091705,0.2177882045507431,0.0,0.8298069834709167,3031,11580459,83024,19652,430.1598329825488,18,1666,0,0,1233.167,29.663541793823242,0.16206634044647217,29.662032435607017,EXPLORING
7758.748000,LIDAR_ONLY,MIXED,run02,LIDAR_ONLY,0.0655568465590477,0.25619038939476013,0.21622326970100403,0.21622326970100403,0.21622326970100403,0.0,2.1573519706726074,3033,11588127,83025,19652,430.4638086180669,18,1667,0,0,1234.164,29.595909118652344,0.08155292272567749,29.594067030725796,EXPLORING
7759.746000,LIDAR_ONLY,MIXED,run02,LIDAR_ONLY,0.06538275629281998,0.25725802779197693,0.2177882045507431,0.2177882045507431,0.2177882045507431,0.0,7.71146297454834,3035,11595796,83032,19653,430.862964257171,18,1668,0,0,1235.162,29.628711700439453,-0.257923424243927,29.627869990987552,EXPLORING
7760.747000,LIDAR_ONLY,MIXED,run02,LIDAR_ONLY,0.0768512636423111,0.2598552107810974,0.21674491465091705,0.21726655960083008,0.21674491465091705,0.0,7.417069911956787,3037,11603463,83033,19653,431.099581756926,18,1669,0,0,1236.163,29.684293746948242,-0.2678055167198181,29.683537172251086,EXPLORING
7761.746000,LIDAR_ONLY,MIXED,run02,LIDAR_ONLY,0.07584301382303238,0.2580011785030365,0.21596243977546692,0.21596243977546692,0.21596243977546692,0.0,8.501729011535645,3039,11611131,83035,19653,431.49120040899794,18,1670,0,0,1237.162,29.79596519470215,-0.21742257475852966,29.79479533105126,EXPLORING
7762.746000,LIDAR_ONLY,MIXED,run02,LIDAR_ONLY,0.07373147457838058,0.2578851580619812,0.21935315430164337,0.21700574457645416,0.21935315430164337,0.0,2.686372995376587,3040,11614965,83035,19653,431.7935966854195,18,1672,0,0,1238.162,29.97892189025879,-0.22569969296455383,29.977808158916805,EXPLORING
7763.748000,LIDAR_ONLY,MIXED,run02,LIDAR_ONLY,0.06411731243133545,0.25620293617248535,0.21883150935173035,0.21726655960083008,0.21883150935173035,0.0,0.7484530210494995,3043,11626468,83035,19653,432.02947726515714,18,1674,0,0,1239.164,30.013500213623047,-0.33823052048683167,30.01343946252838,EXPLORING
7764.746000,LIDAR_ONLY,MIXED,run02,LIDAR_ONLY,0.06239352002739906,0.25541844964027405,0.2180490344762802,0.21648408472537994,0.2180490344762802,0.0,3.475466012954712,3045,11634136,83035,19653,432.3716800654718,18,1676,0,0,1240.162,30.0324649810791,-0.6563117504119873,30.03766011761524,EXPLORING
7765.746000,LIDAR_ONLY,MIXED,run02,LIDAR_ONLY,0.0641818717122078,0.256536602973938,0.21720990538597107,0.21694914996623993,0.21720990538597107,0.0,2.682173013687134,3048,11645639,83035,19653,432.76356842449326,18,1676,0,0,1241.162,30.231468200683594,-0.9597399234771729,30.244715116077362,EXPLORING
7766.750000,LIDAR_ONLY,MIXED,run02,LIDAR_ONLY,0.06443537026643753,0.25759008526802063,0.2200782299041748,0.2161668837070465,0.2200782299041748,0.0,1.4170750379562378,3050,11653309,83036,19653,433.1909493620576,18,1677,0,0,1242.166,30.40275001525879,-1.2181766033172607,30.425155155062317,EXPLORING
7767.746000,LIDAR_ONLY,MIXED,run02,LIDAR_ONLY,0.061135634779930115,0.25442367792129517,0.21851368248462677,0.2174706608057022,0.21851368248462677,0.0,1.4877959489822388,3053,11664813,83036,19653,433.5574335017424,18,1677,0,0,1243.162,30.485065460205078,-1.4618571996688843,30.51809956689713,EXPLORING
7768.746000,LIDAR_ONLY,MIXED,run02,LIDAR_ONLY,0.06362948566675186,0.2565387785434723,0.21851368248462677,0.21929596364498138,0.21851368248462677,0.0,0.9533780217170715,3055,11672482,83038,19653,433.8541852808859,18,1677,0,0,1244.162,30.420177459716797,-1.727325439453125,30.467175810498002,EXPLORING
7769.752000,LIDAR_ONLY,MIXED,run02,LIDAR_ONLY,0.06392348557710648,0.258100688457489,0.22028154134750366,0.21819603443145752,0.22028154134750366,0.0,2.066519021987915,3057,11680153,83039,19653,434.1225817858117,18,1680,0,0,1245.168,30.322717666625977,-1.9450019598007202,30.38302478581648,EXPLORING
7770.746000,LIDAR_ONLY,MIXED,run02,LIDAR_ONLY,0.06374955177307129,0.258842796087265,0.21897810697555542,0.2166319042444229,0.21897810697555542,0.0,0.7132189869880676,3060,11691661,83040,19653,434.42148202801076,18,1681,0,0,1246.162,30.264652252197266,-2.0825119018554688,30.334204724890345,EXPLORING
7771.746000,LIDAR_ONLY,MIXED,run02,LIDAR_ONLY,0.06454569846391678,0.2595381438732147,0.21590612828731537,0.21825292706489563,0.21590612828731537,0.0,2.093837022781372,3063,11703166,83041,19653,434.78358116780936,18,1683,0,0,1247.162,30.246490478515625,-2.243687391281128,30.32757912158517,EXPLORING
7772.746000,LIDAR_ONLY,MIXED,run02,LIDAR_ONLY,0.0736682116985321,0.259113073348999,0.21434159576892853,0.21642763912677765,0.21434159576892853,0.0,2.1906630992889404,3064,11707001,83041,19653,435.08192093490976,18,1685,0,0,1248.162,30.280723571777344,-2.2505695819854736,30.362227743615982,EXPLORING
7773.748000,LIDAR_ONLY,MIXED,run02,LIDAR_ONLY,0.06880279630422592,0.2571219205856323,0.22216427326202393,0.2179921716451645,0.22216427326202393,0.0,0.9395740032196045,3067,11718506,83042,19653,435.48350281498494,18,1687,0,0,1249.164,30.14085578918457,-2.1141977310180664,30.212901115426966,EXPLORING
7774.746000,LIDAR_ONLY,MIXED,run02,LIDAR_ONLY,0.0704374685883522,0.2586565911769867,0.21627967059612274,0.22201929986476898,0.21627967059612274,0.0,2.0495800971984863,3068,11722339,83043,19653,435.69180649583075,18,1687,0,0,1250.162,30.0843505859375,-2.128666877746582,30.15755200540956,EXPLORING
7775.746000,LIDAR_ONLY,MIXED,run02,LIDAR_ONLY,0.06727343797683716,0.26130250096321106,0.2187744528055191,0.2174706608057022,0.2187744528055191,0.0,1.1280959844589233,3070,11730009,83043,19653,436.00361439762895,18,1689,0,0,1251.162,30.1917724609375,-2.253164768218994,30.273714828458143,EXPLORING
7776.748000,LIDAR_ONLY,MIXED,run02,LIDAR_ONLY,0.06316553801298141,0.25958409905433655,0.21329855918884277,0.21303780376911163,0.21329855918884277,0.0,0.7347270250320435,3072,11737680,83043,19653,436.30265889614566,18,1689,0,0,1252.164,30.264333724975586,-2.5379393100738525,30.368539435751416,EXPLORING
7777.746000,LIDAR_ONLY,MIXED,run02,LIDAR_ONLY,0.06322016566991806,0.2591092586517334,0.21694914996623993,0.2140808403491974,0.21694914996623993,0.0,0.8717730045318604,3074,11745350,83045,19653,436.8751515523978,18,1690,0,0,1253.162,30.18010902404785,-2.608812093734741,30.290629634083338,EXPLORING
7778.748000,LIDAR_ONLY,MIXED,run02,LIDAR_ONLY,0.06399153918027878,0.2596413195133209,0.22065727412700653,0.21700574457645416,0.22065727412700653,0.0,11.718708038330078,3076,11753018,83045,19654,437.34964748093864,18,1691,0,0,1254.164,30.098661422729492,-2.6715478897094727,30.214965826267555,EXPLORING
7779.748000,LIDAR_ONLY,MIXED,run02,LIDAR_ONLY,0.06870962679386139,0.2619033753871918,0.2187744528055191,0.21694914996623993,0.2187744528055191,0.0,0.7385050058364868,3078,11760688,83045,19654,437.7226688237318,18,1693,0,0,1255.164,30.165363311767578,-2.586639404296875,30.274036825299042,EXPLORING
7780.751000,LIDAR_ONLY,MIXED,run02,LIDAR_ONLY,0.06726805120706558,0.26232507824897766,0.21830986440181732,0.21726655960083008,0.21830986440181732,0.0,2.5305368900299072,3080,11768356,83045,19654,438.1580493391447,18,1694,0,0,1256.167,30.105030059814453,-2.8051528930664062,30.233409223413936,EXPLORING
7781.746000,LIDAR_ONLY,MIXED,run02,LIDAR_ONLY,0.07205279171466827,0.26073604822158813,0.2133542001247406,0.21205008029937744,0.2133542001247406,0.0,0.818310022354126,3083,11779858,83046,19654,438.3801355798397,18,1695,0,0,1257.162,30.16086769104004,-2.766324043273926,30.285436318967786,EXPLORING
7782.746000,LIDAR_ONLY,MIXED,run02,LIDAR_ONLY,0.07079152017831802,0.2595975697040558,0.22143974900245667,0.2177882045507431,0.22143974900245667,0.0,1.015462040901184,3085,11787525,83046,19654,438.6552444867835,18,1696,0,0,1258.162,30.35755729675293,-2.7793474197387695,30.482493814746448,EXPLORING
7783.748000,LIDAR_ONLY,MIXED,run02,LIDAR_ONLY,0.0708664208650589,0.25906267762184143,0.2177882045507431,0.2175273895263672,0.2177882045507431,0.0,0.9816539883613586,3087,11795197,83046,19654,439.1327277390803,18,1697,0,0,1259.164,30.285415649414062,-2.7784323692321777,30.41056960134989,EXPLORING
7784.747000,LIDAR_ONLY,MIXED,run02,LIDAR_ONLY,0.06706652790307999,0.26202458143234253,0.21825292706489563,0.2166883945465088,0.21825292706489563,0.0,0.9253749847412109,3090,11806701,83046,19654,439.55076698413893,18,1699,0,0,1260.163,30.172693252563477,-2.898792266845703,30.30959094206725,EXPLORING
7785.747000,LIDAR_ONLY,MIXED,run02,LIDAR_ONLY,0.06379139423370361,0.2616335451602936,0.21700574457645416,0.21596243977546692,0.21700574457645416,0.0,0.8727560043334961,3094,11822039,83048,19654,439.8522659166405,18,1699,0,0,1261.163,30.12680435180664,-3.08878755569458,30.28269617071238,EXPLORING
7786.750000,LIDAR_ONLY,MIXED,run02,LIDAR_ONLY,0.07008890062570572,0.2601904273033142,0.21935315430164337,0.21857067942619324,0.21935315430164337,0.0,1.0540269613265991,3096,11829707,83062,19654,440.13229915798837,18,1700,0,0,1262.166,30.128660202026367,-3.071528434753418,30.282787413374866,EXPLORING
7787.746000,LIDAR_ONLY,MIXED,run02,LIDAR_ONLY,0.06856585294008255,0.25922220945358276,0.21941038966178894,0.21810592710971832,0.21941038966178894,0.0,1.8174409866333008,3098,11837374,83071,19654,440.44034484018044,18,1701,0,0,1263.162,30.23433494567871,-3.0052294731140137,30.38129155015658,EXPLORING
7788.747000,LIDAR_ONLY,MIXED,run02,LIDAR_ONLY,0.0685325339436531,0.26178163290023804,0.21830986440181732,0.21726655960083008,0.21830986440181732,0.0,0.9225239753723145,3100,11845041,83073,19654,440.7148837730647,18,1702,0,0,1264.163,30.277130126953125,-3.1250510215759277,30.4359432204951,EXPLORING
7789.746000,LIDAR_ONLY,MIXED,run02,LIDAR_ONLY,0.07002592086791992,0.25879743695259094,0.21903520822525024,0.2174706608057022,0.21903520822525024,0.0,1.4940119981765747,3102,11852710,83074,19655,441.1243730832143,18,1703,0,0,1265.162,30.2958927154541,-3.0458669662475586,30.44658555646859,EXPLORING
7790.746000,LIDAR_ONLY,MIXED,run02,LIDAR_ONLY,0.0681394413113594,0.26110193133354187,0.21830986440181732,0.2175273895263672,0.21830986440181732,0.0,1.5493030548095703,3104,11860379,83077,19655,441.62389708580025,18,1704,0,0,1266.162,30.305688858032227,-3.0222184658050537,30.4539773321247,EXPLORING
7791.748000,LIDAR_ONLY,MIXED,run02,LIDAR_ONLY,0.06565771251916885,0.26253145933151245,0.2180490344762802,0.21622326970100403,0.2180490344762802,0.0,1.4005980491638184,3106,11868048,83078,19655,441.9783169994642,18,1706,0,0,1267.164,30.196624755859375,-3.1231162548065186,30.3556651603672,EXPLORING
7792.746000,LIDAR_ONLY,MIXED,run02,LIDAR_ONLY,0.07187667489051819,0.25986814498901367,0.2200208604335785,0.2166319042444229,0.2200208604335785,0.0,0.8398039937019348,3108,11875718,83078,19655,442.16980224153554,18,1707,0,0,1268.162,30.2603702545166,-3.144442319869995,30.42126960707675,EXPLORING
7793.746000,LIDAR_ONLY,MIXED,run02,LIDAR_ONLY,0.07099620252847672,0.25926411151885986,0.21961398422718048,0.2177882045507431,0.21961398422718048,0.0,1.6885470151901245,3110,11883387,83080,19656,442.4761625747267,18,1708,0,0,1269.162,30.27629280090332,-3.0079030990600586,30.423308176988133,EXPLORING
7794.746000,LIDAR_ONLY,MIXED,run02,LIDAR_ONLY,0.06799887865781784,0.258555144071579,0.21857067942619324,0.21726655960083008,0.21857067942619324,0.0,1.6565430164337158,3112,11891055,83080,19656,442.76698349715394,18,1709,0,0,1270.162,30.38951301574707,-3.0533182621002197,30.540481748966606,EXPLORING
7795.747000,LIDAR_ONLY,MIXED,run02,LIDAR_ONLY,0.06837300956249237,0.26404255628585815,0.21871741116046906,0.21689260005950928,0.21871741116046906,0.0,1.6276459693908691,3115,11902560,83080,19656,443.06145114646057,18,1710,0,0,1271.163,30.29279136657715,-3.0824496746063232,30.447180567257185,EXPLORING
7796.750000,LIDAR_ONLY,MIXED,run02,LIDAR_ONLY,0.0625879168510437,0.26049983501434326,0.21773141622543335,0.2174706608057022,0.21773141622543335,0.0,3.4926259517669678,3116,11906395,83080,19656,443.5250809411735,18,1711,0,0,1272.166,30.163780212402344,-3.3437936305999756,30.346511229532492,EXPLORING
7797.748000,LIDAR_ONLY,MIXED,run02,LIDAR_ONLY,0.059716299176216125,0.2588644325733185,0.21871741116046906,0.21689260005950928,0.21871741116046906,0.0,3.261085033416748,3118,11914066,83082,19657,443.9287225188668,18,1713,0,0,1273.164,30.07361602783203,-3.4268434047698975,30.26618569909672,EXPLORING
7798.747000,LIDAR_ONLY,MIXED,run02,LIDAR_ONLY,0.06889984756708145,0.2622261345386505,0.21955671906471252,0.21773141622543335,0.21955671906471252,0.0,0.7136459946632385,3121,11925571,83098,19657,444.27763421165065,18,1715,0,0,1274.163,30.252038955688477,-3.30946683883667,30.430483024780404,EXPLORING
7799.746000,LIDAR_ONLY,MIXED,run02,LIDAR_ONLY,0.0681200623512268,0.2585962116718292,0.21732324361801147,0.2170623540878296,0.21732324361801147,0.0,4.3175811767578125,3125,11940908,83108,19657,444.6224476422218,18,1716,0,0,1275.162,30.287141799926758,-3.360152244567871,30.470924199837857,EXPLORING
7800.746000,LIDAR_ONLY,MIXED,run02,LIDAR_ONLY,0.07021533697843552,0.26584240794181824,0.2180490344762802,0.21674491465091705,0.2180490344762802,0.0,1.954058051109314,3127,11948576,83108,19658,444.94504329671963,18,1717,0,0,1276.162,30.399383544921875,-3.4684033393859863,30.594564135443626,EXPLORING
7801.746000,LIDAR_ONLY,MIXED,run02,LIDAR_ONLY,0.0584905743598938,0.25764521956443787,0.21883150935173035,0.21648408472537994,0.21883150935173035,0.0,3.2516350746154785,3128,11952410,83108,19658,445.3230161961906,18,1717,0,0,1277.162,30.256885528564453,-3.5293197631835938,30.45998497868501,EXPLORING
7802.746000,LIDAR_ONLY,MIXED,run02,LIDAR_ONLY,0.060030143707990646,0.25934070348739624,0.21517996490001678,0.2133542001247406,0.21517996490001678,0.0,0.6103699803352356,3130,11960079,83108,19658,445.60813354510435,18,1718,0,0,1278.162,30.299192428588867,-3.6661148071289062,30.518134309601432,EXPLORING
7803.753000,LIDAR_ONLY,MIXED,run02,LIDAR_ONLY,0.05888327211141586,0.2579551935195923,0.21955671906471252,0.2179921716451645,0.21955671906471252,0.0,0.9878090023994446,3133,11971583,83112,19658,446.0021096388086,18,1719,0,0,1279.169,30.332487106323242,-3.6623241901397705,30.55073372169634,EXPLORING
7804.752000,LIDAR_ONLY,MIXED,run02,LIDAR_ONLY,0.05531209334731102,0.2552204132080078,0.2200782299041748,0.2166883945465088,0.2200782299041748,0.0,4.701825141906738,3135,11979253,83112,19658,446.2820224225265,18,1721,0,0,1280.168,30.30079460144043,-3.8274097442626953,30.539515302016316,EXPLORING
7805.748000,LIDAR_ONLY,MIXED,run02,LIDAR_ONLY,0.05501313507556915,0.2578813135623932,0.21830986440181732,0.2180490344762802,0.21830986440181732,0.0,2.762331008911133,3138,11990756,83113,19658,446.5608950949663,18,1722,0,0,1281.164,30.31374740600586,-4.07591438293457,30.584483878426102,EXPLORING
7806.746000,LIDAR_ONLY,MIXED,run02,LIDAR_ONLY,0.053863704204559326,0.2615494132041931,0.21857067942619324,0.2180490344762802,0.21857067942619324,0.0,1.0359129905700684,3140,11998426,83113,19659,446.9402444874823,18,1724,0,0,1282.162,30.365633010864258,-4.352529525756836,30.67392692088172,EXPLORING
7807.748000,LIDAR_ONLY,MIXED,run02,LIDAR_ONLY,0.05421949923038483,0.26529213786125183,0.2175273895263672,0.21674491465091705,0.2175273895263672,0.0,0.9403430223464966,3142,12006095,83115,19660,447.2029824793381,18,1726,0,0,1283.164,30.388994216918945,-4.555261611938477,30.726447013414862,EXPLORING
7808.748000,LIDAR_ONLY,MIXED,run02,LIDAR_ONLY,0.05532299727201462,0.26213014125823975,0.21720990538597107,0.21642763912677765,0.21720990538597107,0.0,1.6375010013580322,3144,12013764,83115,19660,447.8295540004978,18,1726,0,0,1284.164,30.236907958984375,-4.517552375793457,30.570454874395534,EXPLORING
7809.748000,LIDAR_ONLY,MIXED,run02,LIDAR_ONLY,0.054371606558561325,0.26267459988594055,0.2198747992515564,0.2175273895263672,0.2198747992515564,0.0,0.7283490300178528,3147,12025267,83116,19660,448.3093535839272,18,1727,0,0,1285.164,30.361623764038086,-4.538428783416748,30.6968864533813,EXPLORING
7810.746000,LIDAR_ONLY,MIXED,run02,LIDAR_ONLY,0.0549389086663723,0.2580012381076813,0.21848958730697632,0.21718749403953552,0.21848958730697632,0.0,1.632627010345459,3150,12036778,83123,19660,449.13638197834763,18,1730,0,0,1286.162,30.250274658203125,-4.179350852966309,30.535560477599276,EXPLORING
7811.747000,LIDAR_ONLY,MIXED,run02,LIDAR_ONLY,0.05611780658364296,0.2609572410583496,0.21497520804405212,0.21810592710971832,0.21497520804405212,0.0,0.6902649998664856,3152,12044451,83136,19660,449.4437730385953,18,1730,0,0,1287.163,30.197900772094727,-4.277491569519043,30.49728747158655,EXPLORING
7812.746000,LIDAR_ONLY,MIXED,run02,LIDAR_ONLY,0.06101261079311371,0.2559032142162323,0.21822915971279144,0.21770833432674408,0.21822915971279144,0.0,2.8591809272766113,3155,12055958,83146,19662,449.66348522718204,18,1732,0,0,1288.162,30.177427291870117,-4.246213436126709,30.472643122077447,EXPLORING
7813.748000,LIDAR_ONLY,MIXED,run02,LIDAR_ONLY,0.0583626888692379,0.2615162432193756,0.21715328097343445,0.21793535351753235,0.21715328097343445,0.0,1.7232199907302856,3158,12067474,83185,19663,450.0144381062145,18,1735,0,0,1289.164,30.181848526000977,-4.370668411254883,30.49460644025362,EXPLORING
7814.746000,LIDAR_ONLY,MIXED,run02,LIDAR_ONLY,0.06040613725781441,0.25480321049690247,0.21857067942619324,0.2177882045507431,0.21857067942619324,0.0,0.7031919956207275,3160,12075143,83186,19663,450.415389613435,18,1736,0,0,1290.162,30.140697479248047,-4.494262218475342,30.471860514374065,EXPLORING
7815.747000,LIDAR_ONLY,MIXED,run02,LIDAR_ONLY,0.06919316947460175,0.2574879825115204,0.2201356291770935,0.2180490344762802,0.2201356291770935,0.0,1.4354820251464844,3162,12082811,83186,19663,450.77444080244874,18,1736,0,0,1291.163,30.129192352294922,-4.482151985168457,30.458697116582474,EXPLORING
7816.746000,LIDAR_ONLY,MIXED,run02,LIDAR_ONLY,0.07099822908639908,0.25811344385147095,0.21976016461849213,0.21819603443145752,0.21976016461849213,0.0,0.9043740034103394,3165,12094321,83193,19663,451.2150231548883,18,1738,0,0,1292.162,30.099842071533203,-4.414536476135254,30.419782527450167,EXPLORING
7817.746000,LIDAR_ONLY,MIXED,run02,LIDAR_ONLY,0.06854572892189026,0.2565690875053406,0.2213820070028305,0.2135593146085739,0.2213820070028305,0.0,0.8293750286102295,3167,12101991,83212,19665,451.7412977477483,18,1740,0,0,1293.162,30.028682708740234,-4.50316047668457,30.36239299268557,EXPLORING
7818.746000,LIDAR_ONLY,MIXED,run02,LIDAR_ONLY,0.06372657418251038,0.2555384933948517,0.2168014645576477,0.22306287288665771,0.2168014645576477,0.0,0.9006549715995789,3169,12109659,83214,19665,452.2840546784452,18,1742,0,0,1294.162,30.025972366333008,-4.592134475708008,30.37303476086962,EXPLORING
7819.747000,LIDAR_ONLY,MIXED,run02,LIDAR_ONLY,0.05710596591234207,0.2590448260307312,0.2153846174478531,0.2174706608057022,0.2153846174478531,0.0,0.8832129836082458,3170,12113494,83232,19665,452.51414857072496,18,1744,0,0,1295.163,30.022016525268555,-4.700284004211426,30.38566271826241,EXPLORING
7820.747000,LIDAR_ONLY,MIXED,run02,LIDAR_ONLY,0.060982100665569305,0.25310125946998596,0.21303780376911163,0.2148631066083908,0.21303780376911163,0.0,0.8935080170631409,3172,12121163,83232,19665,452.79487638467543,18,1747,0,0,1296.163,30.142196655273438,-4.816430568695068,30.52251142439102,EXPLORING
7821.747000,LIDAR_ONLY,MIXED,run02,LIDAR_ONLY,0.058502424508333206,0.2631319761276245,0.21961398422718048,0.2177882045507431,0.21961398422718048,0.0,1.1722090244293213,3174,12128832,83240,19666,453.0736449543702,18,1748,0,0,1297.163,30.101667404174805,-4.946737289428711,30.50334742142571,EXPLORING
7822.747000,LIDAR_ONLY,MIXED,run02,LIDAR_ONLY,0.05908382311463356,0.25960487127304077,0.21694914996623993,0.21590612828731537,0.21694914996623993,0.0,1.2408299446105957,3176,12136501,83240,19666,453.31122618845006,18,1750,0,0,1298.163,30.13418197631836,-5.014176368713379,30.54642789891065,EXPLORING
7823.746000,LIDAR_ONLY,MIXED,run02,LIDAR_ONLY,0.06169619411230087,0.2690996825695038,0.21857067942619324,0.2175273895263672,0.21857067942619324,0.0,7.957817077636719,3179,12148003,83241,19666,453.61891401419155,18,1751,0,0,1299.162,30.118322372436523,-5.21774959564209,30.5648708754401,EXPLORING
7824.748000,LIDAR_ONLY,MIXED,run02,LIDAR_ONLY,0.06542874872684479,0.25449395179748535,0.21857067942619324,0.21726655960083008,0.21857067942619324,0.0,0.8352280259132385,3181,12155671,83241,19666,454.0574997526826,18,1754,0,0,1300.164,30.12950897216797,-5.319265842437744,30.593377688252357,EXPLORING
7825.748000,LIDAR_ONLY,MIXED,run02,LIDAR_ONLY,0.06662344187498093,0.25444427132606506,0.22039645910263062,0.21857067942619324,0.22039645910263062,0.0,0.832772970199585,3183,12163340,83256,19668,454.3017817815727,18,1754,0,0,1301.164,30.13884735107422,-5.301432132720947,30.599479653559676,EXPLORING
7826.752000,LIDAR_ONLY,MIXED,run02,LIDAR_ONLY,0.0653308853507042,0.2539694905281067,0.21857067942619324,0.21648408472537994,0.21857067942619324,0.0,0.8250200152397156,3185,12171008,83256,19668,454.5078155310119,18,1755,0,0,1302.168,30.183391571044922,-5.2505669593811035,30.634593955067732,EXPLORING
7827.749000,LIDAR_ONLY,MIXED,run02,LIDAR_ONLY,0.06625250726938248,0.25413569808006287,0.21949948370456696,0.21819603443145752,0.21949948370456696,0.0,7.430324077606201,3187,12178678,83257,19669,454.88912596951263,18,1757,0,0,1303.165,30.140356063842773,-5.326745986938477,30.605360468474633,EXPLORING
7828.746000,LIDAR_ONLY,MIXED,run02,LIDAR_ONLY,0.06667842715978622,0.2536819279193878,0.21857067942619324,0.21674491465091705,0.21857067942619324,0.0,1.0466699600219727,3189,12186347,83260,19669,455.349967904756,18,1757,0,0,1304.162,30.201257705688477,-5.340328216552734,30.667696579502756,EXPLORING
7829.746000,LIDAR_ONLY,MIXED,run02,LIDAR_ONLY,0.06474826484918594,0.2534883916378021,0.21622326970100403,0.21726655960083008,0.21622326970100403,0.0,1.6657190322875977,3191,12194015,83263,19669,455.97906271407146,18,1760,0,0,1305.162,30.38852882385254,-5.385100364685059,30.85990473811973,EXPLORING
7830.746000,LIDAR_ONLY,MIXED,run02,LIDAR_ONLY,0.0631604865193367,0.26766687631607056,0.2157016098499298,0.21674491465091705,0.2157016098499298,0.0,0.723334014415741,3193,12201684,83263,19669,456.1849213372978,18,1760,0,0,1306.162,30.239084243774414,-5.450404644012451,30.724279140622297,EXPLORING
7831.747000,LIDAR_ONLY,MIXED,run02,LIDAR_ONLY,0.06664508581161499,0.28815340995788574,0.2180490344762802,0.2180490344762802,0.2180490344762802,0.0,1.0107790231704712,3195,12209352,83270,19669,456.6173402613066,18,1761,0,0,1307.163,30.121112823486328,-5.622503280639648,30.639294150558857,EXPLORING
7832.747000,LIDAR_ONLY,MIXED,run02,LIDAR_ONLY,0.06958317756652832,0.2903198003768921,0.21961398422718048,0.2175273895263672,0.21961398422718048,0.0,1.4734660387039185,3197,12217020,83275,19669,456.8574839588608,18,1762,0,0,1308.163,30.0837345123291,-5.694530010223389,30.61586420079546,EXPLORING
7833.752000,LIDAR_ONLY,MIXED,run02,LIDAR_ONLY,0.07136719673871994,0.2894592583179474,0.21726655960083008,0.21674491465091705,0.21726655960083008,0.0,2.914994955062866,3200,12228522,83275,19670,457.26563061919427,18,1765,0,0,1309.168,30.185232162475586,-5.9326677322387695,30.76063008601968,EXPLORING
7834.747000,LIDAR_ONLY,MIXED,run02,LIDAR_ONLY,0.08245058357715607,0.31011277437210083,0.21857067942619324,0.2175273895263672,0.21857067942619324,0.0,1.063277006149292,3202,12236191,83286,19671,457.5764624336965,18,1765,0,0,1310.163,30.16806983947754,-6.176751136779785,30.79181567149328,EXPLORING
7835.746000,LIDAR_ONLY,MIXED,run02,LIDAR_ONLY,0.08864253014326096,0.3183991312980652,0.2175273895263672,0.2177882045507431,0.2175273895263672,0.0,1.163862943649292,3205,12247693,83287,19671,458.10884996394356,18,1767,0,0,1311.162,30.121488571166992,-6.306601047515869,30.772527804226947,EXPLORING
7836.752000,LIDAR_ONLY,MIXED,run02,LIDAR_ONLY,0.06720956414937973,0.2725415527820587,0.22404798865318298,0.2222222238779068,0.22404798865318298,0.0,3.168407917022705,3207,12255360,83290,19671,458.3727602569552,18,1767,0,0,1312.168,30.20831871032715,-6.267868995666504,30.849628933926002,EXPLORING
7837.746000,LIDAR_ONLY,MIXED,run02,LIDAR_ONLY,0.07657432556152344,0.3002881407737732,0.21883150935173035,0.2175273895263672,0.21883150935173035,0.0,1.0238640308380127,3209,12263028,83303,19671,458.6345656436909,18,1769,0,0,1313.162,30.201412200927734,-6.241601943969727,30.837539958052478,EXPLORING
7838.747000,LIDAR_ONLY,MIXED,run02,LIDAR_ONLY,0.09265366941690445,0.3260631859302521,0.2183668166399002,0.21758413314819336,0.2183668166399002,0.0,2.0032730102539062,3213,12278361,83308,19673,458.9391394627793,18,1771,0,0,1314.163,30.18048667907715,-6.342173099517822,30.837571566918424,EXPLORING
7839.746000,LIDAR_ONLY,MIXED,run02,LIDAR_ONLY,0.09021878242492676,0.3210413455963135,0.22097574174404144,0.2183668166399002,0.22097574174404144,0.0,1.0996160507202148,3216,12289859,83308,19673,459.237789653721,18,1774,0,0,1315.162,30.189977645874023,-6.4601593017578125,30.87133056691258,EXPLORING
7840.750000,LIDAR_ONLY,MIXED,run02,LIDAR_ONLY,0.07784242928028107,0.2951633036136627,0.2199321687221527,0.2186277061700821,0.2199321687221527,0.0,1.7854160070419312,3219,12301358,83308,19673,459.46096442946043,18,1775,0,0,1316.166,30.245994567871094,-6.5457658767700195,30.944103042081128,EXPLORING
7841.749000,LIDAR_ONLY,MIXED,run02,LIDAR_ONLY,0.07345441728830338,0.2804398834705353,0.2199321687221527,0.2186277061700821,0.2199321687221527,0.0,1.7854160070419312,3219,12301358,83313,19674,459.6917123627401,18,1777,0,0,1317.165,30.283737182617188,-6.584212779998779,30.989137710379172,EXPLORING
7842.746000,LIDAR_ONLY,MIXED,run02,LIDAR_ONLY,0.07721178233623505,0.29772621393203735,0.2175273895263672,0.21622326970100403,0.2175273895263672,0.0,1.1140609979629517,3221,12309026,83314,19674,460.0316089024762,18,1779,0,0,1318.162,30.151107788085938,-6.6558732986450195,30.874915470812812,EXPLORING
7843.747000,LIDAR_ONLY,MIXED,run02,LIDAR_ONLY,0.07935502380132675,0.2962080240249634,0.2170623540878296,0.2136707603931427,0.2170623540878296,0.0,0.9835730195045471,3222,12312859,83314,19674,460.37694322490563,18,1780,0,0,1319.163,30.199403762817383,-6.625216007232666,30.915494400906507,EXPLORING
7844.748000,LIDAR_ONLY,MIXED,run02,LIDAR_ONLY,0.10754885524511337,0.34072965383529663,0.2183668166399002,0.21810592710971832,0.2183668166399002,0.0,2.429023027420044,3224,12320525,83330,19674,460.74511762329973,18,1782,0,0,1320.164,30.28810691833496,-6.820004463195801,31.04434756569699,EXPLORING
7845.747000,LIDAR_ONLY,MIXED,run02,LIDAR_ONLY,0.07999104261398315,0.2982131242752075,0.22051148116588593,0.21842379868030548,0.22051148116588593,0.0,1.0211039781570435,3226,12328190,83330,19676,461.0300689106341,18,1783,0,0,1321.163,30.21234703063965,-6.971765518188477,31.0042109232934,EXPLORING
7846.746000,LIDAR_ONLY,MIXED,run02,LIDAR_ONLY,0.07431614398956299,0.27880749106407166,0.22097574174404144,0.21888859570026398,0.22097574174404144,0.0,4.569153785705566,3228,12335857,83342,19676,461.47759098737737,18,1785,0,0,1322.162,30.20638656616211,-7.040033340454102,31.013826451318234,EXPLORING
7847.746000,LIDAR_ONLY,MIXED,run02,LIDAR_ONLY,0.07334563881158829,0.27385082840919495,0.22077244520187378,0.21868476271629333,0.22077244520187378,0.0,1.186972975730896,3229,12339689,83342,19677,461.7793384835929,18,1786,0,0,1323.162,30.2613525390625,-7.042759895324707,31.067978320428494,EXPLORING
7848.746000,LIDAR_ONLY,MIXED,run02,LIDAR_ONLY,0.07276108860969543,0.27301591634750366,0.22097574174404144,0.2183668166399002,0.22097574174404144,0.0,1.1703109741210938,3231,12347355,83348,19677,462.24379580805385,18,1788,0,0,1324.162,30.253896713256836,-7.031280994415283,31.058116174910708,EXPLORING
7849.747000,LIDAR_ONLY,MIXED,run02,LIDAR_ONLY,0.07044242322444916,0.26712724566459656,0.2100730687379837,0.2194676399230957,0.2100730687379837,0.0,1.0248130559921265,3233,12355019,83348,19677,462.37515633652157,18,1790,0,0,1325.163,30.315507888793945,-7.0255866050720215,31.11684521326027,EXPLORING
7850.747000,LIDAR_ONLY,MIXED,run02,LIDAR_ONLY,0.07900644093751907,0.2881329655647278,0.21627967059612274,0.21784502267837524,0.21627967059612274,0.0,1.2301310300827026,3238,12374185,83366,19677,462.68600230197677,18,1791,0,0,1326.163,30.280826568603516,-7.049938678741455,31.088572769819105,EXPLORING
7851.749000,LIDAR_ONLY,MIXED,run02,LIDAR_ONLY,0.10975106805562973,0.3398444950580597,0.21555323898792267,0.21816283464431763,0.21555323898792267,0.0,4.794119834899902,3240,12381849,83367,19679,463.13733608127535,18,1794,0,0,1327.165,30.157379150390625,-7.0542097091674805,30.969325652700697,EXPLORING
7852.749000,LIDAR_ONLY,MIXED,run02,LIDAR_ONLY,0.10340502113103867,0.33854585886001587,0.21497520804405212,0.2170623540878296,0.21497520804405212,0.0,1.3634580373764038,3242,12389514,83369,19679,463.44428822356383,18,1796,0,0,1328.165,30.199193954467773,-7.3068413734436035,31.06847894547312,EXPLORING
7853.753000,LIDAR_ONLY,MIXED,run02,LIDAR_ONLY,0.10686708986759186,0.34000030159950256,0.21810592710971832,0.21784502267837524,0.21810592710971832,0.0,1.9242089986801147,3245,12401013,83372,19679,463.6562795626003,18,1797,0,0,1329.169,30.25753402709961,-7.418650150299072,31.151620355802134,EXPLORING
7854.749000,LIDAR_ONLY,MIXED,run02,LIDAR_ONLY,0.11356096714735031,0.3497355282306671,0.21868476271629333,0.21737995743751526,0.21868476271629333,0.0,0.9119529724121094,3247,12408676,83372,19680,464.0674819460757,18,1798,0,0,1330.165,30.328922271728516,-7.702478408813477,31.28960919166446,EXPLORING
7855.750000,LIDAR_ONLY,MIXED,run02,LIDAR_ONLY,0.11493108421564102,0.351028710603714,0.21790188550949097,0.2171189934015274,0.21790188550949097,0.0,1.8417710065841675,3250,12420174,83379,19680,464.39668549257675,18,1799,0,0,1331.166,30.190933227539062,-7.755207061767578,31.168960166526208,EXPLORING
7856.746000,LIDAR_ONLY,MIXED,run02,LIDAR_ONLY,0.12082922458648682,0.3549255132675171,0.2176409214735031,0.2236430048942566,0.2176409214735031,0.0,0.9769880175590515,3252,12427839,83382,19682,464.5673454520549,18,1800,0,0,1332.162,30.17630386352539,-7.663427829742432,31.132074289704594,EXPLORING
7857.748000,LIDAR_ONLY,MIXED,run02,LIDAR_ONLY,0.10711775720119476,0.3416135013103485,0.2147703617811203,0.21868476271629333,0.2147703617811203,0.0,1.3692879676818848,3254,12435503,83386,19682,464.85405471482824,18,1802,0,0,1333.164,30.186824798583984,-7.6824469566345215,31.14695678723772,EXPLORING
7858.746000,LIDAR_ONLY,MIXED,run02,LIDAR_ONLY,0.09552693367004395,0.31588613986968994,0.21445342898368835,0.2186277061700821,0.21445342898368835,0.0,0.8684319853782654,3257,12447001,83388,19682,465.06556772902235,18,1802,0,0,1334.162,30.264263153076172,-7.805723667144775,31.25256731342638,EXPLORING
7859.749000,LIDAR_ONLY,MIXED,run02,LIDAR_ONLY,0.08224445581436157,0.2960664629936218,0.21737995743751526,0.21790188550949097,0.21737995743751526,0.0,2.9173009395599365,3258,12450833,83388,19682,465.3524260695731,18,1804,0,0,1335.165,30.322322845458984,-7.760868549346924,31.29763907202659,EXPLORING
7860.746000,LIDAR_ONLY,MIXED,run02,LIDAR_ONLY,0.09362761676311493,0.3148864507675171,0.21555323898792267,0.2171189934015274,0.21555323898792267,0.0,2.152297019958496,3261,12462327,83419,19682,465.7272517837127,18,1805,0,0,1336.162,30.2857608795166,-7.7357707023620605,31.255999666331867,EXPLORING
7861.748000,LIDAR_ONLY,MIXED,run02,LIDAR_ONLY,0.08347699791193008,0.29476267099380493,0.21978595852851868,0.2171756774187088,0.21978595852851868,0.0,2.1289730072021484,3262,12466158,83419,19682,465.9141631554436,18,1807,0,0,1337.164,30.32268524169922,-7.7847185134887695,31.303912022412455,EXPLORING
7862.746000,LIDAR_ONLY,MIXED,run02,LIDAR_ONLY,0.08504408597946167,0.3022664487361908,0.21795876324176788,0.21769772469997406,0.21795876324176788,0.0,0.9770320057868958,3265,12477652,83422,19682,466.3470269374721,18,1809,0,0,1338.162,30.29555892944336,-7.729372978210449,31.263910903251865,EXPLORING
7863.746000,LIDAR_ONLY,MIXED,run02,LIDAR_ONLY,0.0892011821269989,0.30716586112976074,0.2212943583726883,0.2176409214735031,0.2212943583726883,0.0,0.9104269742965698,3268,12489150,83422,19682,466.6688231286161,18,1809,0,0,1339.162,30.292692184448242,-7.695061206817627,31.252668125847013,EXPLORING
7864.749000,LIDAR_ONLY,MIXED,run02,LIDAR_ONLY,0.08440233767032623,0.3031045198440552,0.2212943583726883,0.21790188550949097,0.2212943583726883,0.0,1.7910939455032349,3270,12496813,83425,19682,466.87034222312315,18,1811,0,0,1340.165,30.323936462402344,-7.7198944091796875,31.28906878015184,EXPLORING
7865.746000,LIDAR_ONLY,MIXED,run02,LIDAR_ONLY,0.08868785202503204,0.30234313011169434,0.22109109163284302,0.2200469821691513,0.22109109163284302,0.0,2.0007541179656982,3274,12512142,83434,19682,467.18323595759415,18,1812,0,0,1341.162,30.289064407348633,-7.647397041320801,31.237450268726366,EXPLORING
7866.746000,LIDAR_ONLY,MIXED,run02,LIDAR_ONLY,0.09538349509239197,0.3312308192253113,0.22097574174404144,0.2183668166399002,0.22097574174404144,0.0,3.5658180713653564,3276,12519808,83436,19682,467.4490479543481,18,1814,0,0,1342.162,30.34679412841797,-7.713554859161377,31.30965820384358,EXPLORING
7867.747000,LIDAR_ONLY,MIXED,run02,LIDAR_ONLY,0.11452753841876984,0.34932148456573486,0.22025051712989807,0.21790188550949097,0.22025051712989807,0.0,1.306907057762146,3279,12531303,83436,19682,467.8285146817557,18,1815,0,0,1343.163,30.18121337890625,-7.981016635894775,31.216506947726234,EXPLORING
7868.747000,LIDAR_ONLY,MIXED,run02,LIDAR_ONLY,0.11099234223365784,0.3402184247970581,0.22025051712989807,0.2176409214735031,0.22025051712989807,0.0,2.9937729835510254,3281,12538970,83440,19682,468.02556625946033,18,1818,0,0,1344.163,30.204471588134766,-7.860830307006836,31.208507060689207,EXPLORING
7869.749000,LIDAR_ONLY,MIXED,run02,LIDAR_ONLY,0.10250487923622131,0.3261522948741913,0.2168014645576477,0.21654057502746582,0.2168014645576477,0.0,0.7908880114555359,3284,12550465,83448,19682,468.36344250347855,18,1819,0,0,1345.165,30.35275650024414,-7.885593891143799,31.358251717806024,EXPLORING
7870.747000,LIDAR_ONLY,MIXED,run02,LIDAR_ONLY,0.0967908576130867,0.31398826837539673,0.2165970802307129,0.21842379868030548,0.2165970802307129,0.0,0.9229130148887634,3285,12554297,83448,19682,468.58960963070814,18,1820,0,0,1346.163,30.321590423583984,-7.872480392456055,31.32479003421515,EXPLORING
7871.747000,LIDAR_ONLY,MIXED,run02,LIDAR_ONLY,0.0897037461400032,0.30656805634498596,0.22025051712989807,0.21816283464431763,0.22025051712989807,0.0,0.5952640175819397,3288,12565792,83448,19682,468.9593598055619,18,1821,0,0,1347.163,30.305505752563477,-7.907498359680176,31.31804414026808,EXPLORING
7872.749000,LIDAR_ONLY,MIXED,run02,LIDAR_ONLY,0.07379937916994095,0.2850130498409271,0.2212943583726883,0.2189457267522812,0.2212943583726883,0.0,0.8805980086326599,3290,12573456,83463,19682,469.16344437476613,18,1824,0,0,1348.165,30.347108840942383,-7.84363317489624,31.342259393677576,EXPLORING
7873.747000,LIDAR_ONLY,MIXED,run02,LIDAR_ONLY,0.10133054852485657,0.3217695653438568,0.21732324361801147,0.21810592710971832,0.21732324361801147,0.0,8.7365083694458,3291,12577289,83463,19682,469.4274065318839,18,1826,0,0,1349.163,30.242456436157227,-7.601815223693848,31.181119649303504,EXPLORING
7874.751000,LIDAR_ONLY,MIXED,run02,LIDAR_ONLY,0.10547342151403427,0.33137044310569763,0.21732324361801147,0.21810592710971832,0.21732324361801147,0.0,6.837900161743164,3292,12581122,83463,19683,469.7719939860299,18,1827,0,0,1350.167,30.353750228881836,-7.750123977661133,31.32542638762276,EXPLORING
7875.746000,LIDAR_ONLY,MIXED,run02,LIDAR_ONLY,0.09548654407262802,0.31443074345588684,0.2174479216337204,0.2174479216337204,0.2174479216337204,0.0,2.3879129886627197,3295,12592625,83463,19683,470.09698184553486,18,1828,0,0,1351.162,30.377092361450195,-7.873067378997803,31.37866137035645,EXPLORING
7876.748000,LIDAR_ONLY,MIXED,run02,LIDAR_ONLY,0.1023150160908699,0.32589924335479736,0.2212943583726883,0.2176409214735031,0.2212943583726883,0.0,1.9823919534683228,3297,12600289,83655,19683,470.501327286998,18,1829,0,0,1352.164,30.303049087524414,-7.689617156982422,31.26136694321031,EXPLORING
7877.746000,LIDAR_ONLY,MIXED,run02,LIDAR_ONLY,0.09804132580757141,0.3219764530658722,0.2212943583726883,0.21868476271629333,0.2212943583726883,0.0,1.3181079626083374,3299,12607952,83655,19709,470.9021030190966,18,1830,0,0,1353.162,30.287464141845703,-7.872024059295654,31.291645188908205,EXPLORING
7878.747000,LIDAR_ONLY,MIXED,run02,LIDAR_ONLY,0.10099200159311295,0.32560497522354126,0.22051148116588593,0.2189457267522812,0.22051148116588593,0.0,7.911325931549072,3301,12615615,83679,19709,471.21800574269184,18,1833,0,0,1354.163,30.325271606445312,-7.839871406555176,31.320175625000747,EXPLORING
7879.748000,LIDAR_ONLY,MIXED,run02,LIDAR_ONLY,0.09354666620492935,0.3116462528705597,0.22051148116588593,0.21790188550949097,0.22051148116588593,0.0,1.52559494972229,3306,12634776,83692,19709,471.5857116625518,18,1833,0,0,1355.164,30.264875411987305,-7.860311985015869,31.266837202114946,EXPLORING
7880.748000,LIDAR_ONLY,MIXED,run02,LIDAR_ONLY,0.09280362725257874,0.3109731376171112,0.22213521599769592,0.2190028727054596,0.22213521599769592,0.0,1.144534945487976,3309,12646268,83692,19710,471.93043324790824,18,1836,0,0,1356.164,30.301982879638672,-7.860890865325928,31.302899958641213,EXPLORING
7881.747000,LIDAR_ONLY,MIXED,run02,LIDAR_ONLY,0.10372228175401688,0.32794344425201416,0.22213521599769592,0.2182197868824005,0.22213521599769592,0.0,1.2982749938964844,3311,12653931,83695,19710,472.2477326033298,18,1837,0,0,1357.163,30.36882781982422,-7.824048042297363,31.358396122992623,EXPLORING
7882.746000,LIDAR_ONLY,MIXED,run02,LIDAR_ONLY,0.10011012107133865,0.32240861654281616,0.22123663127422333,0.2183668166399002,0.22123663127422333,0.0,1.0065909624099731,3312,12657764,83695,19710,472.7318550278056,18,1840,0,0,1358.162,30.271089553833008,-7.831026077270508,31.26550461934095,EXPLORING
7883.746000,LIDAR_ONLY,MIXED,run02,LIDAR_ONLY,0.0877714455127716,0.30118033289909363,0.2237013876438141,0.22109109163284302,0.2237013876438141,0.0,3.282711982727051,3314,12665425,83695,19710,473.0796114239975,18,1842,0,0,1359.162,30.32006072998047,-7.869948387145996,31.32267322576088,EXPLORING
7884.749000,LIDAR_ONLY,MIXED,run02,LIDAR_ONLY,0.0927543118596077,0.3126322627067566,0.22155532240867615,0.2189457267522812,0.22155532240867615,0.0,1.0678980350494385,3316,12673088,83696,19710,473.42138119581045,18,1843,0,0,1360.165,30.283466339111328,-7.856682777404785,31.283920018625217,EXPLORING
7885.746000,LIDAR_ONLY,MIXED,run02,LIDAR_ONLY,0.09075812995433807,0.31037643551826477,0.22097574174404144,0.21941038966178894,0.22097574174404144,0.0,1.1967660188674927,3319,12684586,83726,19710,473.6585052672886,18,1844,0,0,1361.162,30.394386291503906,-7.862751007080078,31.392817343379186,EXPLORING
7886.746000,LIDAR_ONLY,MIXED,run02,LIDAR_ONLY,0.0987415611743927,0.3194619417190552,0.222918301820755,0.22030802071094513,0.222918301820755,0.0,1.312237024307251,3321,12692248,83727,19710,474.2397005961714,18,1846,0,0,1362.162,30.2203426361084,-7.862101078033447,31.2241866829027,EXPLORING
7887.746000,LIDAR_ONLY,MIXED,run02,LIDAR_ONLY,0.08791583776473999,0.2988366484642029,0.22155532240867615,0.2194676399230957,0.22155532240867615,0.0,3.2770841121673584,3324,12703751,83731,19711,474.51034848549153,18,1846,0,0,1363.162,30.354745864868164,-7.8918256759643555,31.361744579057728,EXPLORING
7888.747000,LIDAR_ONLY,MIXED,run02,LIDAR_ONLY,0.09126482158899307,0.3049331605434418,0.22016675770282745,0.21651901304721832,0.22016675770282745,0.0,1.0879360437393188,3326,12711421,83742,19712,474.9419315032631,18,1848,0,0,1364.163,30.278217315673828,-7.945180892944336,31.30118311198159,EXPLORING
7889.751000,LIDAR_ONLY,MIXED,run02,LIDAR_ONLY,0.08951592445373535,0.3018132448196411,0.22135213017463684,0.21848081052303314,0.22135213017463684,0.0,1.1598689556121826,3328,12719083,83786,19713,475.1945450869033,18,1849,0,0,1365.167,30.357864379882812,-7.935268402099609,31.375720561821698,EXPLORING
7890.747000,LIDAR_ONLY,MIXED,run02,LIDAR_ONLY,0.0940280631184578,0.30979764461517334,0.21874184906482697,0.21795876324176788,0.21874184906482697,0.0,1.286175012588501,3330,12726745,83789,19713,475.5941948899246,18,1850,0,0,1366.163,30.274736404418945,-7.908305644989014,31.288476490531067,EXPLORING
7891.748000,LIDAR_ONLY,MIXED,run02,LIDAR_ONLY,0.10115675628185272,0.32389044761657715,0.22025051712989807,0.21816283464431763,0.22025051712989807,0.0,1.543267011642456,3332,12734417,83789,19713,475.8945535343019,18,1852,0,0,1367.164,30.3248348236084,-7.934176445007324,31.34348928494022,EXPLORING
7892.754000,LIDAR_ONLY,MIXED,run02,LIDAR_ONLY,0.09125379472970963,0.30602726340293884,0.2212943583726883,0.21790188550949097,0.2212943583726883,0.0,0.6843469738960266,3335,12745912,83857,19715,476.28250470146514,18,1853,0,0,1368.170,30.318391799926758,-7.898489475250244,31.32824064746334,EXPLORING
7893.751000,LIDAR_ONLY,MIXED,run02,LIDAR_ONLY,0.08431664854288101,0.291861891746521,0.2186277061700821,0.21810592710971832,0.2186277061700821,0.0,5.458856105804443,3336,12749745,83858,19715,476.4985250242485,18,1854,0,0,1369.167,30.319934844970703,-7.863720893859863,31.3209874416114,EXPLORING
7894.749000,LIDAR_ONLY,MIXED,run02,LIDAR_ONLY,0.09035047888755798,0.304669588804245,0.21888859570026398,0.2183668166399002,0.21888859570026398,0.0,1.7117160558700562,3338,12757410,83862,19715,476.8720193197409,18,1855,0,0,1370.165,30.286087036132812,-7.9409284591674805,31.307716465817602,EXPLORING
7895.748000,LIDAR_ONLY,MIXED,run02,LIDAR_ONLY,0.09535510092973709,0.31551504135131836,0.22103340923786163,0.21842379868030548,0.22103340923786163,0.0,2.842089891433716,3339,12761242,83862,19715,477.23325620234556,18,1856,0,0,1371.164,30.376699447631836,-7.959171772003174,31.39999356526169,EXPLORING
7896.747000,LIDAR_ONLY,MIXED,run02,LIDAR_ONLY,0.10968514531850815,0.33015313744544983,0.21842379868030548,0.21737995743751526,0.21842379868030548,0.0,2.638021945953369,3342,12772737,83862,19715,477.5916087617806,18,1856,0,0,1372.163,30.2708797454834,-7.894697189331055,31.28130818148839,EXPLORING
7897.746000,LIDAR_ONLY,MIXED,run02,LIDAR_ONLY,0.09387870877981186,0.3040327727794647,0.21926389634609222,0.21874184906482697,0.21926389634609222,0.0,17.686189651489258,3344,12780399,83862,19715,478.001284561698,18,1859,0,0,1373.162,30.356332778930664,-7.902937889099121,31.366078103544204,EXPLORING
7898.749000,LIDAR_ONLY,MIXED,run02,LIDAR_ONLY,0.09334001690149307,0.30843526124954224,0.21848081052303314,0.21848081052303314,0.21848081052303314,0.0,1.5475289821624756,3347,12791894,83868,19715,478.3869722034696,18,1860,0,0,1374.165,30.27300453186035,-7.895203590393066,31.283491991687626,EXPLORING
7899.746000,LIDAR_ONLY,MIXED,run02,LIDAR_ONLY,0.09522467851638794,0.314770370721817,0.21972860395908356,0.21920667588710785,0.21972860395908356,0.0,1.4099539518356323,3349,12799558,83889,19715,478.8224763398751,18,1860,0,0,1375.162,30.291059494018555,-7.90231466293335,31.30275718492144,EXPLORING
7900.752000,LIDAR_ONLY,MIXED,run02,LIDAR_ONLY,0.09473744034767151,0.3119361698627472,0.21790188550949097,0.21868476271629333,0.21790188550949097,0.0,2.624389886856079,3351,12807222,83889,19718,479.1356243920555,18,1863,0,0,1376.168,30.325088500976562,-7.932528495788574,31.343317635663468,EXPLORING
7901.747000,LIDAR_ONLY,MIXED,run02,LIDAR_ONLY,0.10488084703683853,0.3337129056453705,0.21926389634609222,0.21795876324176788,0.21926389634609222,0.0,1.3725759983062744,3353,12814885,83894,19718,479.66817660922305,18,1863,0,0,1377.163,30.311965942382812,-7.96968412399292,31.340049309325856,EXPLORING
7902.748000,LIDAR_ONLY,MIXED,run02,LIDAR_ONLY,0.11974772065877914,0.3462955355644226,0.22056904435157776,0.21874184906482697,0.22056904435157776,0.0,1.5079269409179688,3355,12822548,83895,19718,480.1370261693328,18,1865,0,0,1378.164,30.307106018066406,-8.057621002197266,31.357827479863552,EXPLORING
7903.746000,LIDAR_ONLY,MIXED,run02,LIDAR_ONLY,0.11396431177854538,0.3337443768978119,0.2200469821691513,0.2182197868824005,0.2200469821691513,0.0,1.1126290559768677,3357,12830211,83898,19719,480.5375175982973,18,1866,0,0,1379.162,30.221765518188477,-7.954220294952393,31.248882504260873,EXPLORING
7904.746000,LIDAR_ONLY,MIXED,run02,LIDAR_ONLY,0.10127778351306915,0.31807470321655273,0.22077244520187378,0.2176409214735031,0.22077244520187378,0.0,1.2778170108795166,3359,12837874,83898,19719,480.85967853918163,18,1867,0,0,1380.162,30.40471076965332,-7.854917526245117,31.400852676813397,EXPLORING
7905.747000,LIDAR_ONLY,MIXED,run02,LIDAR_ONLY,0.08748925477266312,0.297858864068985,0.21883150935173035,0.21700574457645416,0.21883150935173035,0.0,1.0408990383148193,3361,12845540,83926,19719,481.3660377188931,18,1867,0,0,1381.163,30.39109230041504,-7.803636074066162,31.374874532823934,EXPLORING
7906.756000,LIDAR_ONLY,MIXED,run02,LIDAR_ONLY,0.10509636253118515,0.3297228217124939,0.21560950577259064,0.21534846723079681,0.21560950577259064,0.0,1.684594988822937,3363,12853203,83930,19734,481.6797446109973,18,1868,0,0,1382.172,30.34322738647461,-7.979558944702148,31.37279420266333,EXPLORING
7907.747000,LIDAR_ONLY,MIXED,run02,LIDAR_ONLY,0.10157888382673264,0.3183320462703705,0.21790188550949097,0.21607515215873718,0.21790188550949097,0.0,1.4858200550079346,3365,12860867,83930,19735,481.9613978156975,18,1869,0,0,1383.163,30.360618591308594,-7.905798435211182,31.370946382643655,EXPLORING
7908.746000,LIDAR_ONLY,MIXED,run02,LIDAR_ONLY,0.09709086269140244,0.31655266880989075,0.2233237624168396,0.22358466684818268,0.2233237624168396,0.0,1.1350059509277344,3367,12868531,83935,19735,482.26068312379704,18,1870,0,0,1384.162,30.336687088012695,-7.927995681762695,31.353392495189667,EXPLORING
7909.747000,LIDAR_ONLY,MIXED,run02,LIDAR_ONLY,0.09645000100135803,0.31208616495132446,0.21978595852851868,0.21743670105934143,0.21978595852851868,0.0,1.6318680047988892,3371,12883858,83935,19735,482.49148670167926,18,1872,0,0,1385.163,30.362281799316406,-7.901737213134766,31.371532866281065,EXPLORING
7910.746000,LIDAR_ONLY,MIXED,run02,LIDAR_ONLY,0.09444376826286316,0.3160558044910431,0.2171189934015274,0.2176409214735031,0.2171189934015274,0.0,1.5405770540237427,3374,12895353,83940,19735,482.8614318313535,18,1873,0,0,1386.162,30.291732788085938,-7.874098777770996,31.296298475318594,EXPLORING
7911.747000,LIDAR_ONLY,MIXED,run02,LIDAR_ONLY,0.10313165187835693,0.3214241862297058,0.22056904435157776,0.21874184906482697,0.22056904435157776,0.0,1.575510025024414,3377,12906847,83948,19735,483.23557630485067,18,1875,0,0,1387.163,30.328536987304688,-7.90174674987793,31.338879317459703,EXPLORING
7912.747000,LIDAR_ONLY,MIXED,run02,LIDAR_ONLY,0.09689617156982422,0.31655654311180115,0.22109109163284302,0.2182197868824005,0.22109109163284302,0.0,0.7608749866485596,3378,12910678,83948,19735,483.46904944089414,18,1877,0,0,1388.163,30.34560775756836,-7.8412981033325195,31.340221817361396,EXPLORING
7913.746000,LIDAR_ONLY,MIXED,run02,LIDAR_ONLY,0.09365782141685486,0.31364718079566956,0.22155532240867615,0.21920667588710785,0.22155532240867615,0.0,10.36011791229248,3381,12922175,83963,19735,483.83978193681116,18,1879,0,0,1389.162,30.329971313476562,-7.836563587188721,31.323898154320947,EXPLORING
7914.747000,LIDAR_ONLY,MIXED,run02,LIDAR_ONLY,0.09171365201473236,0.3093611001968384,0.2212943583726883,0.21972860395908356,0.2212943583726883,0.0,0.9755190014839172,3382,12926007,83967,19735,484.10284019190954,18,1881,0,0,1390.163,30.37624740600586,-7.820652961730957,31.36473453671294,EXPLORING
7915.746000,LIDAR_ONLY,MIXED,run02,LIDAR_ONLY,0.08577067404985428,0.30069687962532043,0.22109109163284302,0.21848081052303314,0.22109109163284302,0.0,1.5120370388031006,3384,12933669,83967,19735,484.4102049716762,18,1881,0,0,1391.162,30.301279067993164,-7.892302989959717,31.310121080718243,EXPLORING
7916.746000,LIDAR_ONLY,MIXED,run02,LIDAR_ONLY,0.08793555945158005,0.30859291553497314,0.22109109163284302,0.21848081052303314,0.22109109163284302,0.0,6.16685676574707,3385,12937500,83967,19735,484.67431543772267,18,1883,0,0,1392.162,30.343652725219727,-7.8851799964904785,31.349336408472062,EXPLORING
7917.747000,LIDAR_ONLY,MIXED,run02,LIDAR_ONLY,0.08539052307605743,0.2989967167377472,0.22103340923786163,0.21868476271629333,0.22103340923786163,0.0,4.05056095123291,3387,12945166,83967,19735,485.13990397801854,18,1883,0,0,1393.163,30.282470703125,-7.843757152557373,31.279712889165076,EXPLORING
