sim_time_s,configuration,condition,run_id,mode,brightness,rgb_quality,thermal_quality,rgb_valid_fraction,thermal_valid_fraction,selected_valid_fraction,selector_processing_ms,active_cloud_messages,active_points,voxel_count,visible_voxel_count,distance_m,planner_failures,plans_succeeded,goals_reached,mode_switches,elapsed_s,robot_x,robot_y,distance_to_start,mission_phase
6521.781000,LIDAR_ONLY,MIXED,run04,UNKNOWN,0.13086798787117004,0.35925862193107605,nan,nan,nan,nan,nan,0,0,0,0,0.003815594701496648,0,0,0,0,1.080,0.0015156392473727465,-0.001005613710731268,0.000777656676969447,EXPLORING
6522.781000,LIDAR_ONLY,MIXED,run04,LIDAR_ONLY,0.130872443318367,0.35926195979118347,0.24281984567642212,0.24427038431167603,0.24281984567642212,0.0,1.9545379877090454,2,6894,1863,698,0.00803305740523888,0,1,0,0,2.080,0.000929355388507247,-0.0008182195015251637,0.000392560310009039,EXPLORING
6523.781000,LIDAR_ONLY,MIXED,run04,LIDAR_ONLY,0.1328735649585724,0.3604182004928589,0.24253839254379272,0.2434077113866806,0.24253839254379272,0.0,2.021074056625366,10,34474,2045,772,0.1451006739905531,0,1,0,0,3.080,0.11041245609521866,-0.012471956200897694,0.1100810197261651,EXPLORING
6524.781000,LIDAR_ONLY,MIXED,run04,LIDAR_ONLY,0.1277945190668106,0.35816189646720886,0.24203822016716003,0.24290677905082703,0.24203822016716003,0.0,1.4997719526290894,13,44869,3954,1196,0.5685684906445314,0,3,0,0,4.080,0.49665939807891846,-0.06858266890048981,0.5003307641759309,EXPLORING
6525.782000,LIDAR_ONLY,MIXED,run04,LIDAR_ONLY,0.13816118240356445,0.36434197425842285,0.24566048383712769,0.24624890089035034,0.24566048383712769,0.0,0.881820023059845,17,58658,4947,1346,0.9999147443014904,0,5,0,0,5.081,0.8590052723884583,-0.1515597254037857,0.8712214308424286,EXPLORING
6526.781000,LIDAR_ONLY,MIXED,run04,LIDAR_ONLY,0.1284237802028656,0.35734617710113525,0.24208079278469086,0.24353384971618652,0.24208079278469086,0.0,0.8058810234069824,20,69004,5779,1542,1.3789301901600064,0,6,0,0,6.080,1.169104814529419,-0.11174837499856949,1.1734049608503003,EXPLORING
6527.781000,LIDAR_ONLY,MIXED,run04,LIDAR_ONLY,0.125579833984375,0.3536313772201538,0.24089068174362183,0.24204742908477783,0.24089068174362183,0.0,0.7307969927787781,24,82631,6492,1715,1.6851574909412452,0,8,0,0,7.080,1.4614101648330688,-0.15672118961811066,1.4687572880264497,EXPLORING
6528.781000,LIDAR_ONLY,MIXED,run04,LIDAR_ONLY,0.11873412132263184,0.34570977091789246,0.23903818428516388,0.23875530064105988,0.23903818428516388,0.0,0.7635610103607178,28,96564,7011,1859,2.0034732333012513,0,9,0,0,8.080,1.6802177429199219,-0.33806753158569336,1.7128332589640274,EXPLORING
6529.781000,LIDAR_ONLY,MIXED,run04,LIDAR_ONLY,0.12293098121881485,0.3468073606491089,0.23997725546360016,0.23997725546360016,0.23997725546360016,0.0,3.5487120151519775,30,103580,7420,1963,2.352531130833797,0,11,0,0,9.080,1.880182147026062,-0.5978811383247375,1.971877961017439,EXPLORING
6530.782000,LIDAR_ONLY,MIXED,run04,LIDAR_ONLY,0.11587000638246536,0.3412824273109436,0.2367822676897049,0.2382035255432129,0.2367822676897049,0.0,1.1803059577941895,32,110572,7594,2004,2.7516405358295275,0,12,0,0,10.081,2.150271415710449,-0.8042979836463928,2.294690542534981,EXPLORING
6531.782000,LIDAR_ONLY,MIXED,run04,LIDAR_ONLY,0.10360301285982132,0.32862740755081177,0.23529411852359772,0.23672187328338623,0.23529411852359772,0.0,1.8000479936599731,34,117480,7722,2024,3.0255069464669853,0,13,0,0,11.081,2.3293426036834717,-0.9652053117752075,2.5203187621290324,EXPLORING
6532.784000,LIDAR_ONLY,MIXED,run04,LIDAR_ONLY,0.11859285086393356,0.340242862701416,0.23046432435512543,0.2366930991411209,0.23046432435512543,0.0,1.8550770282745361,36,124508,7864,2039,3.403053687566704,0,14,0,0,12.083,2.627805709838867,-1.1639578342437744,2.872968107656212,EXPLORING
6533.781000,LIDAR_ONLY,MIXED,run04,LIDAR_ONLY,0.111687071621418,0.33562177419662476,0.23843930661678314,0.2407514452934265,0.23843930661678314,0.0,1.3257299661636353,38,131427,8007,2071,3.7905426071403454,0,15,0,0,13.080,2.85445237159729,-1.3962663412094116,3.1765694278140564,EXPLORING
6534.783000,LIDAR_ONLY,MIXED,run04,LIDAR_ONLY,0.11482040584087372,0.3408276438713074,0.23025210201740265,0.23333333432674408,0.23025210201740265,0.0,6.623828887939453,41,141954,8139,2093,4.168517005623603,0,17,0,0,14.082,3.1935296058654785,-1.4946180582046509,3.524896074600768,EXPLORING
6535.783000,LIDAR_ONLY,MIXED,run04,LIDAR_ONLY,0.1102151870727539,0.33523786067962646,0.22748814523220062,0.23055477440357208,0.22748814523220062,0.0,3.1104888916015625,46,159679,8390,2142,4.4923010212043,0,19,0,0,15.082,3.479440212249756,-1.5810965299606323,3.820746857685127,EXPLORING
6536.781000,LIDAR_ONLY,MIXED,run04,LIDAR_ONLY,0.12308727204799652,0.34426066279411316,0.23083379864692688,0.23335199058055878,0.23083379864692688,0.0,1.1394809484481812,48,166757,8686,2178,4.860270626024506,0,21,0,0,16.080,3.7961199283599854,-1.7448570728302002,4.176843245008923,EXPLORING
6537.782000,LIDAR_ONLY,MIXED,run04,LIDAR_ONLY,0.12511569261550903,0.34640374779701233,0.22664456069469452,0.23051409423351288,0.22664456069469452,0.0,2.535978078842163,51,177534,8812,2188,5.283969102034773,0,23,0,0,17.081,4.142061233520508,-1.8393421173095703,4.531009792352837,EXPLORING
6538.782000,LIDAR_ONLY,MIXED,run04,LIDAR_ONLY,0.11884479224681854,0.34058302640914917,0.22703303396701813,0.2292533963918686,0.22703303396701813,0.0,5.751821994781494,55,192056,9289,2255,5.713684808800964,0,25,0,0,18.081,4.492832183837891,-1.961614727973938,4.9013132098165055,EXPLORING
6539.781000,LIDAR_ONLY,MIXED,run04,LIDAR_ONLY,0.12810570001602173,0.34824755787849426,0.22676172852516174,0.2281327098608017,0.22676172852516174,0.0,0.7734529972076416,59,206563,9529,2286,6.123952675126842,0,26,0,0,19.080,4.832234859466553,-2.0714614391326904,5.256431874583791,EXPLORING
6540.783000,LIDAR_ONLY,MIXED,run04,LIDAR_ONLY,0.11651687324047089,0.3412535488605499,0.2257976531982422,0.2334333211183548,0.2257976531982422,0.0,1.2486679553985596,62,217474,9631,2350,6.543066388658668,0,28,0,0,20.082,5.201067924499512,-2.0460333824157715,5.587958493529788,EXPLORING
6541.783000,LIDAR_ONLY,MIXED,run04,LIDAR_ONLY,0.11388278752565384,0.3377664089202881,0.22448979318141937,0.2282993197441101,0.22448979318141937,0.0,0.980991005897522,65,228409,9703,2359,6.767876534207743,0,30,0,0,21.082,5.398222923278809,-2.135117769241333,5.804049508754459,EXPLORING
6542.782000,LIDAR_ONLY,MIXED,run04,LIDAR_ONLY,0.12223092466592789,0.3419693410396576,0.22840847074985504,0.23058120906352997,0.22840847074985504,0.0,1.4742629528045654,68,239351,9911,2409,7.218810195656053,0,32,0,0,22.081,5.78726053237915,-2.3195865154266357,6.233729815755186,EXPLORING
6543.783000,LIDAR_ONLY,MIXED,run04,LIDAR_ONLY,0.09039663523435593,0.31536319851875305,0.22522279620170593,0.22765325009822845,0.22522279620170593,0.0,1.1698750257492065,70,246740,10039,2443,7.523398385067586,0,33,0,0,23.082,5.9994988441467285,-2.4682021141052246,6.486291722616875,EXPLORING
6544.784000,LIDAR_ONLY,MIXED,run04,LIDAR_ONLY,0.11453668028116226,0.33732590079307556,0.22392885386943817,0.22554567456245422,0.22392885386943817,0.0,1.9619859457015991,72,254162,10103,2467,7.9471842991618065,0,34,0,0,24.083,6.078144073486328,-2.3636474609375,6.520473217651077,EXPLORING
6545.782000,LIDAR_ONLY,MIXED,run04,LIDAR_ONLY,0.11591275781393051,0.3398135304450989,0.22529858350753784,0.22909881174564362,0.22529858350753784,0.0,1.880795955657959,75,265215,10183,2488,8.276034661040725,0,36,0,0,25.081,6.22734260559082,-2.313526153564453,6.642127117269037,EXPLORING
6546.781000,LIDAR_ONLY,MIXED,run04,LIDAR_ONLY,0.11399173736572266,0.33772075176239014,0.22626538574695587,0.22763337194919586,0.22626538574695587,0.0,1.6526319980621338,77,272564,10256,2500,8.743631675230903,0,38,0,0,26.080,6.3474650382995605,-2.307485342025757,6.752793596040765,EXPLORING
6547.781000,LIDAR_ONLY,MIXED,run04,LIDAR_ONLY,0.11151275783777237,0.3351517617702484,0.22505365312099457,0.22532188892364502,0.22505365312099457,0.0,1.52748703956604,79,279955,10517,2542,9.111423545930961,0,40,0,0,27.080,6.487829685211182,-2.3245866298675537,6.890628719345724,EXPLORING
6548.781000,LIDAR_ONLY,MIXED,run04,LIDAR_ONLY,0.11891224980354309,0.34054070711135864,0.22577181458473206,0.22657717764377594,0.22577181458473206,0.0,4.507805824279785,81,287361,10847,2614,9.44996231893823,0,42,0,0,28.080,6.696919918060303,-2.305413246154785,7.081553179466116,EXPLORING
6549.781000,LIDAR_ONLY,MIXED,run04,LIDAR_ONLY,0.1280968189239502,0.34403151273727417,0.22966377437114716,0.22803688049316406,0.22966377437114716,0.0,1.332334041595459,84,298500,11063,2663,9.856691146980117,0,44,0,0,29.080,6.84044075012207,-2.3603787422180176,7.235151289631415,EXPLORING
6550.783000,LIDAR_ONLY,MIXED,run04,LIDAR_ONLY,0.11957260221242905,0.3375079929828644,0.22302737832069397,0.22436930239200592,0.22302737832069397,0.0,4.242498874664307,86,305958,11242,2682,10.181297158388727,0,46,0,0,30.082,6.901101589202881,-2.594926118850708,7.3717649884445855,EXPLORING
6551.781000,LIDAR_ONLY,MIXED,run04,LIDAR_ONLY,0.12850739061832428,0.34307435154914856,0.22603294253349304,0.22630299627780914,0.22603294253349304,0.0,1.8107279539108276,89,317116,11433,2722,10.55618670675134,0,47,0,0,31.080,7.1823320388793945,-2.8094260692596436,7.711167225114065,EXPLORING
6552.784000,LIDAR_ONLY,MIXED,run04,LIDAR_ONLY,0.10675268620252609,0.3291970193386078,0.22348792850971222,0.22592893242835999,0.22348792850971222,0.0,0.6692960262298584,92,328290,11679,2800,10.929609413143062,0,49,0,0,32.083,7.488620281219482,-2.9253015518188477,8.038622209222815,EXPLORING
6553.781000,LIDAR_ONLY,MIXED,run04,LIDAR_ONLY,0.1122274175286293,0.33205196261405945,0.22411462664604187,0.22546634078025818,0.22411462664604187,0.0,3.0299549102783203,95,339433,12071,2904,11.417377392961868,0,51,0,0,33.080,7.437880992889404,-2.9148120880126953,7.987548873777967,EXPLORING
6554.782000,LIDAR_ONLY,MIXED,run04,LIDAR_ONLY,0.11365701258182526,0.3328835368156433,0.2257804125547409,0.2263186275959015,0.2257804125547409,0.0,0.8359240293502808,98,350567,12175,2941,11.687997058121864,0,53,0,0,34.081,7.587008476257324,-3.029695987701416,8.168481769044009,EXPLORING
6555.785000,LIDAR_ONLY,MIXED,run04,LIDAR_ONLY,0.11617383360862732,0.3336291015148163,0.22379301488399506,0.224326491355896,0.22379301488399506,0.0,1.5056910514831543,100,358024,12509,2968,11.938123766625859,0,54,0,0,35.084,7.7345499992370605,-3.1693432331085205,8.35762682983314,EXPLORING
6556.781000,LIDAR_ONLY,MIXED,run04,LIDAR_ONLY,0.11771076172590256,0.3329467475414276,0.22361741960048676,0.22335025668144226,0.22361741960048676,0.0,1.5323699712753296,102,365552,12821,3043,12.222482779690182,0,55,0,0,36.080,7.91024923324585,-3.37261962890625,8.598139823216323,EXPLORING
6557.781000,LIDAR_ONLY,MIXED,run04,LIDAR_ONLY,0.11339233070611954,0.3294036388397217,0.2274310141801834,0.2279667854309082,0.2274310141801834,0.0,2.9313759803771973,105,376763,12894,3055,12.62471824565249,0,56,0,0,37.080,8.034337997436523,-3.7185378074645996,8.85206013615089,EXPLORING
6558.782000,LIDAR_ONLY,MIXED,run04,LIDAR_ONLY,0.12324965000152588,0.33685895800590515,0.22234128415584564,0.22394856810569763,0.22234128415584564,0.0,5.718997001647949,108,387990,12946,3060,12.991266214884817,0,58,0,0,38.081,8.295469284057617,-3.841494083404541,9.140684964325962,EXPLORING
6559.787000,LIDAR_ONLY,MIXED,run04,LIDAR_ONLY,0.12229002267122269,0.3341825604438782,0.22269807755947113,0.22376874089241028,0.22269807755947113,0.0,1.7178230285644531,110,395460,13072,3079,13.35616270269556,0,59,0,0,39.086,8.596636772155762,-3.974640130996704,9.469923439327202,EXPLORING
6560.784000,LIDAR_ONLY,MIXED,run04,LIDAR_ONLY,0.11024019867181778,0.3279231786727905,0.22094576060771942,0.22361741960048676,0.22094576060771942,0.0,1.023522973060608,112,402937,13128,3097,13.681223665646947,0,62,0,0,40.083,8.797987937927246,-4.184628963470459,9.741388655931054,EXPLORING
6561.781000,LIDAR_ONLY,MIXED,run04,LIDAR_ONLY,0.1024928018450737,0.32023516297340393,0.22492645680904388,0.22385664284229279,0.22492645680904388,0.0,1.5796680450439453,114,410409,13232,3108,13.96840369773498,0,63,0,0,41.080,8.847012519836426,-4.446905612945557,9.900667578615785,EXPLORING
6562.786000,LIDAR_ONLY,MIXED,run04,LIDAR_ONLY,0.10348030179738998,0.3202837109565735,0.22405974566936493,0.22272606194019318,0.22405974566936493,0.0,2.3570919036865234,116,417907,13269,3117,14.403970521774255,0,63,0,0,42.085,8.800505638122559,-4.836198329925537,10.040721545779329,EXPLORING
6563.785000,LIDAR_ONLY,MIXED,run04,LIDAR_ONLY,0.10570307075977325,0.31961187720298767,0.21936339139938354,0.22148540616035461,0.21936339139938354,0.0,1.6928800344467163,119,429191,13492,3163,14.859651482947097,0,65,0,0,43.084,8.815447807312012,-5.221249580383301,10.244587902507071,EXPLORING
6564.784000,LIDAR_ONLY,MIXED,run04,LIDAR_ONLY,0.08403246849775314,0.29830142855644226,0.21838469803333282,0.22104144096374512,0.21838469803333282,0.0,1.1896350383758545,121,436720,13660,3176,15.215661334073701,0,65,0,0,44.083,8.802715301513672,-5.463021755218506,10.359065327039252,EXPLORING
6565.781000,LIDAR_ONLY,MIXED,run04,LIDAR_ONLY,0.09981773048639297,0.3186253309249878,0.21727609634399414,0.21966083347797394,0.21727609634399414,0.0,3.0134100914001465,123,444266,13767,3186,15.50759043782326,0,65,0,0,45.080,8.882808685302734,-5.532991409301758,10.464028668437928,EXPLORING
6566.782000,LIDAR_ONLY,MIXED,run04,LIDAR_ONLY,0.1111409142613411,0.3277214467525482,0.21413446962833405,0.2183695137500763,0.21413446962833405,0.0,1.465857982635498,126,455607,13838,3197,15.786474178078063,0,68,0,0,46.081,8.993436813354492,-5.684998512268066,10.638532571750865,EXPLORING
6567.789000,LIDAR_ONLY,MIXED,run04,LIDAR_ONLY,0.11201539635658264,0.3293941020965576,0.21121592819690704,0.21724317967891693,0.21121592819690704,0.0,3.8132529258728027,130,470780,14050,3229,16.19698539492381,0,70,0,0,47.088,9.033848762512207,-6.071979522705078,10.883758852323599,EXPLORING
6568.781000,LIDAR_ONLY,MIXED,run04,LIDAR_ONLY,0.12617889046669006,0.339333176612854,0.215303435921669,0.21846964955329895,0.215303435921669,0.0,1.153872013092041,133,482164,14159,3242,16.58506924446983,0,72,0,0,48.080,9.19260311126709,-6.290989398956299,11.13808080109603,EXPLORING
6569.782000,LIDAR_ONLY,MIXED,run04,LIDAR_ONLY,0.12566806375980377,0.33800309896469116,0.21795208752155304,0.22032113373279572,0.21795208752155304,0.0,1.2836120128631592,137,497350,14252,3260,16.89357909950752,0,74,0,0,49.081,9.170597076416016,-6.136341571807861,11.033179951669528,EXPLORING
6570.781000,LIDAR_ONLY,MIXED,run04,LIDAR_ONLY,0.11030589044094086,0.329363077878952,0.2156553715467453,0.21644338965415955,0.2156553715467453,0.0,0.6815729737281799,140,508766,14365,3274,17.11859866477051,0,75,0,0,50.080,9.276134490966797,-6.296188831329346,11.210032963554143,EXPLORING
6571.782000,LIDAR_ONLY,MIXED,run04,LIDAR_ONLY,0.11200428009033203,0.3321925401687622,0.21963350474834442,0.21989528834819794,0.21963350474834442,0.0,40.52378463745117,143,520205,14443,3286,17.356853098206106,0,75,0,0,51.081,9.319933891296387,-6.522526741027832,11.37455120504814,EXPLORING
6572.781000,LIDAR_ONLY,MIXED,run04,LIDAR_ONLY,0.13186684250831604,0.34571197628974915,0.21872541308403015,0.21872541308403015,0.21872541308403015,0.0,3.0818469524383545,145,527832,14542,3301,17.937920142877154,0,78,0,0,52.080,9.48844051361084,-6.908709526062012,11.736097989740328,EXPLORING
6573.784000,LIDAR_ONLY,MIXED,run04,LIDAR_ONLY,0.1336924433708191,0.3475579619407654,0.2179958075284958,0.22271773219108582,0.2179958075284958,0.0,1.7170710563659668,146,531644,14565,3311,18.233636449600944,0,79,0,0,53.083,9.723687171936035,-6.948361396789551,11.950085471157617,EXPLORING
6574.782000,LIDAR_ONLY,MIXED,run04,LIDAR_ONLY,0.12644270062446594,0.34332147240638733,0.20905284583568573,0.21585556864738464,0.20905284583568573,0.0,6.027041912078857,148,539273,14622,3311,18.53874636373211,0,81,0,0,54.081,9.726051330566406,-6.927721977233887,11.940022772860539,EXPLORING
6575.788000,LIDAR_ONLY,MIXED,run04,LIDAR_ONLY,0.10491354018449783,0.32892584800720215,0.21484579145908356,0.2177208513021469,0.21484579145908356,0.0,1.3219629526138306,150,546925,14690,3322,18.708638919329182,0,83,0,0,55.087,9.74377155303955,-6.9677510261535645,11.977700377847473,EXPLORING
6576.782000,LIDAR_ONLY,MIXED,run04,LIDAR_ONLY,0.10002391040325165,0.3235737383365631,0.21972273290157318,0.21893800795078278,0.21972273290157318,0.0,1.124511957168579,152,554575,15420,3633,19.01590244651388,0,83,0,0,56.081,9.727738380432129,-7.131541728973389,12.060776925865971,EXPLORING
6577.781000,LIDAR_ONLY,MIXED,run04,LIDAR_ONLY,0.09877080470323563,0.32175683975219727,0.22120419144630432,0.2193717211484909,0.22120419144630432,0.0,1.1657129526138306,154,562217,15483,3647,19.305309787873096,0,84,0,0,57.080,9.785727500915527,-7.2909088134765625,12.202135892943417,EXPLORING
6578.786000,LIDAR_ONLY,MIXED,run04,LIDAR_ONLY,0.09949890524148941,0.32188716530799866,0.21257172524929047,0.2154407948255539,0.21257172524929047,0.0,0.7653939723968506,157,573703,15625,3672,19.595106201352387,0,85,0,0,58.085,9.757445335388184,-7.483433723449707,12.29567876704857,EXPLORING
6579.781000,LIDAR_ONLY,MIXED,run04,LIDAR_ONLY,0.11614522337913513,0.3342368006706238,0.2236122041940689,0.22726088762283325,0.2236122041940689,0.0,1.3743000030517578,160,585196,15825,3726,19.870014656930394,0,87,0,0,59.080,9.80340576171875,-7.71268367767334,12.47261648420446,EXPLORING
6580.796000,LIDAR_ONLY,MIXED,run04,LIDAR_ONLY,0.12054430693387985,0.33753830194473267,0.21156851947307587,0.215216264128685,0.21156851947307587,0.0,0.8140980005264282,164,600535,15918,3746,20.309665917662098,0,88,0,0,60.095,9.861987113952637,-8.069219589233398,12.741451220361924,EXPLORING
6581.781000,LIDAR_ONLY,MIXED,run04,LIDAR_ONLY,0.11606442928314209,0.3355274200439453,0.21197916567325592,0.21536459028720856,0.21197916567325592,0.0,0.8386269807815552,166,608213,15978,3756,20.652654916760792,0,89,0,0,61.080,9.991029739379883,-8.36021900177002,13.026393012615552,EXPLORING
6582.785000,LIDAR_ONLY,MIXED,run04,LIDAR_ONLY,0.11753037571907043,0.3351082503795624,0.2135416716337204,0.21848958730697632,0.2135416716337204,0.0,1.3031439781188965,169,619732,16030,3765,20.998179214007497,0,90,0,0,62.084,10.10085391998291,-8.668547630310059,13.309525249411362,EXPLORING
6583.781000,LIDAR_ONLY,MIXED,run04,LIDAR_ONLY,0.11850765347480774,0.3369392454624176,0.21328124403953552,0.21718749403953552,0.21328124403953552,0.0,1.5965490341186523,171,627412,16070,3771,21.412818503273495,0,91,0,0,63.080,10.133718490600586,-8.990742683410645,13.546138052795046,EXPLORING
6584.781000,LIDAR_ONLY,MIXED,run04,LIDAR_ONLY,0.12313853949308395,0.3398572504520416,0.21953125298023224,0.22369791567325592,0.21953125298023224,0.0,1.1140190362930298,174,638932,16173,3793,21.7370406445628,0,93,0,0,64.080,10.327940940856934,-9.19785213470459,13.828898580044529,EXPLORING
6585.781000,LIDAR_ONLY,MIXED,run04,LIDAR_ONLY,0.10920798033475876,0.3287236988544464,0.2122395783662796,0.21484375,0.2122395783662796,0.0,3.6706008911132812,177,650452,16285,3816,22.047049347246205,0,94,0,0,65.080,10.3453369140625,-9.482172966003418,14.032423474574756,EXPLORING
6586.781000,LIDAR_ONLY,MIXED,run04,LIDAR_ONLY,0.11109943687915802,0.3302724361419678,0.21588541567325592,0.2161458283662796,0.21588541567325592,0.0,1.884552001953125,180,661972,16472,3850,22.491530392002616,0,96,0,0,66.080,10.296393394470215,-9.8447847366333,14.244528660128841,EXPLORING
6587.790000,LIDAR_ONLY,MIXED,run04,LIDAR_ONLY,0.13452540338039398,0.344845712184906,0.21640625596046448,0.2161458283662796,0.21640625596046448,0.0,0.9781550168991089,183,673492,16563,3866,22.88633896583762,0,98,0,0,67.089,10.378201484680176,-10.172826766967773,14.53148715443158,EXPLORING
6588.781000,LIDAR_ONLY,MIXED,run04,LIDAR_ONLY,0.13454832136631012,0.3454943895339966,0.21458333730697632,0.21640625596046448,0.21458333730697632,0.0,2.5482370853424072,185,681172,16589,3878,23.26880723149919,0,100,0,0,68.080,10.553145408630371,-10.457002639770508,14.855565919513438,EXPLORING
6589.783000,LIDAR_ONLY,MIXED,run04,LIDAR_ONLY,0.11949992924928665,0.33672618865966797,0.21432290971279144,0.21848958730697632,0.21432290971279144,0.0,2.166198968887329,186,685012,16637,3895,23.613003008486224,0,102,0,0,69.082,10.656702995300293,-10.764472007751465,15.14624582523062,EXPLORING
6590.781000,LIDAR_ONLY,MIXED,run04,LIDAR_ONLY,0.11767430603504181,0.3348904848098755,0.20989583432674408,0.21562500298023224,0.20989583432674408,0.0,3.2607409954071045,188,692692,16669,3898,24.0478867417189,0,103,0,0,70.080,10.603409767150879,-11.131021499633789,15.372095321512258,EXPLORING
6591.783000,LIDAR_ONLY,MIXED,run04,LIDAR_ONLY,0.12574739754199982,0.33989521861076355,0.21562500298023224,0.21484375,0.21562500298023224,0.0,2.549626111984253,191,704212,16750,3918,24.399484074302958,0,105,0,0,71.082,10.606040954589844,-11.468515396118164,15.619988170621555,EXPLORING
6592.783000,LIDAR_ONLY,MIXED,run04,LIDAR_ONLY,0.12776781618595123,0.3416427969932556,0.21510416269302368,0.21640625596046448,0.21510416269302368,0.0,1.8967139720916748,193,711892,16837,3924,24.81914758042855,0,106,0,0,72.082,10.646061897277832,-11.822794914245605,15.908670883057864,EXPLORING
6593.793000,LIDAR_ONLY,MIXED,run04,LIDAR_ONLY,0.1293308585882187,0.3430178761482239,0.20885416865348816,0.21250000596046448,0.20885416865348816,0.0,2.0538909435272217,195,719572,16907,3936,25.251384342727924,0,107,0,0,73.092,10.66006851196289,-12.173774719238281,16.180426979552845,EXPLORING
6594.785000,LIDAR_ONLY,MIXED,run04,LIDAR_ONLY,0.1341669112443924,0.3461558520793915,0.21458333730697632,0.21901041269302368,0.21458333730697632,0.0,1.4123129844665527,197,727252,16942,3942,25.649990416347755,0,107,0,0,74.084,10.702628135681152,-12.517254829406738,16.468026682584927,EXPLORING
6595.781000,LIDAR_ONLY,MIXED,run04,LIDAR_ONLY,0.12308208644390106,0.3412996530532837,0.2135416716337204,0.21458333730697632,0.2135416716337204,0.0,1.34580397605896,200,738772,17043,3954,25.996431143670428,0,108,0,0,75.080,10.741320610046387,-12.844772338867188,16.743111160947134,EXPLORING
6596.782000,LIDAR_ONLY,MIXED,run04,LIDAR_ONLY,0.12328347563743591,0.34126266837120056,0.21250000596046448,0.21510416269302368,0.21250000596046448,0.0,6.0618720054626465,201,742612,17043,3954,26.385536970325724,0,109,0,0,76.081,10.68520450592041,-13.218738555908203,16.996354315354086,EXPLORING
6597.784000,LIDAR_ONLY,MIXED,run04,LIDAR_ONLY,0.1333734691143036,0.3466636538505554,0.21536459028720856,0.21432290971279144,0.21536459028720856,0.0,0.9309179782867432,203,750292,17125,3969,26.805110124868378,0,111,0,0,77.083,10.684860229492188,-13.5693998336792,17.270262426268015,EXPLORING
6598.781000,LIDAR_ONLY,MIXED,run04,LIDAR_ONLY,0.12980394065380096,0.3452298939228058,0.2109375,0.21145834028720856,0.2109375,0.0,1.6298400163650513,206,761812,17210,3975,27.176885159157123,0,113,0,0,78.080,10.738972663879395,-13.921392440795898,17.581166204566024,EXPLORING
6599.781000,LIDAR_ONLY,MIXED,run04,LIDAR_ONLY,0.12928082048892975,0.34613579511642456,0.21145834028720856,0.21484375,0.21145834028720856,0.0,1.6908509731292725,208,769492,17309,3975,27.606669820152096,0,114,0,0,79.080,10.706493377685547,-14.297322273254395,17.86081938208189,EXPLORING
6600.782000,LIDAR_ONLY,MIXED,run04,LIDAR_ONLY,0.12414592504501343,0.3438624441623688,0.21640625596046448,0.21510416269302368,0.21640625596046448,0.0,2.029607057571411,212,784852,17425,3988,27.99490415911417,0,116,0,0,80.081,10.688642501831055,-14.648999214172363,18.133020525165932,EXPLORING
6601.781000,LIDAR_ONLY,MIXED,run04,LIDAR_ONLY,0.10656590759754181,0.3323933482170105,0.21510416269302368,0.21432290971279144,0.21510416269302368,0.0,0.9521920084953308,215,796372,17473,3991,28.383700307695072,0,116,0,0,81.080,10.586614608764648,-15.004521369934082,18.362411155820073,EXPLORING
6602.781000,LIDAR_ONLY,MIXED,run04,LIDAR_ONLY,0.10696807503700256,0.331739604473114,0.21562500298023224,0.21145834028720856,0.21562500298023224,0.0,1.8347059488296509,217,804052,17603,4003,28.77645634736233,0,117,0,0,82.080,10.400751113891602,-15.298304557800293,18.49810624922148,EXPLORING
6603.781000,LIDAR_ONLY,MIXED,run04,LIDAR_ONLY,0.12043464928865433,0.34249675273895264,0.21510416269302368,0.21562500298023224,0.21510416269302368,0.0,1.7835140228271484,220,815572,17690,4011,29.145178060162632,0,119,0,0,83.080,10.332979202270508,-15.643420219421387,18.747081940149986,EXPLORING
6604.781000,LIDAR_ONLY,MIXED,run04,LIDAR_ONLY,0.1367432028055191,0.3489542603492737,0.2096354216337204,0.21562500298023224,0.2096354216337204,0.0,0.9168350100517273,223,827092,17735,4011,29.50674195286952,0,119,0,0,84.080,10.350759506225586,-15.923898696899414,18.991432834477504,EXPLORING
6605.928000,LIDAR_ONLY,MIXED,run04,LIDAR_ONLY,0.11330641061067581,0.34210070967674255,0.2109375,0.21145834028720856,0.2109375,0.0,2.700443983078003,224,830932,17785,4016,29.915195824584593,0,121,0,0,85.227,10.417513847351074,-16.246784210205078,19.298910083460807,EXPLORING
6606.784000,LIDAR_ONLY,MIXED,run04,LIDAR_ONLY,0.09980069845914841,0.32942742109298706,0.21250000596046448,0.22239583730697632,0.21250000596046448,0.0,10.238213539123535,226,838612,17826,4028,30.15090842713536,0,122,0,0,86.083,10.372178077697754,-16.450510025024414,19.446506398227267,EXPLORING
6607.783000,LIDAR_ONLY,MIXED,run04,LIDAR_ONLY,0.11075672507286072,0.3389457166194916,0.22083333134651184,0.21432290971279144,0.22083333134651184,0.0,4.701275825500488,228,846292,17849,4028,30.419197326031817,0,124,0,0,87.082,10.327432632446289,-16.673343658447266,19.611766960123557,EXPLORING
6608.781000,LIDAR_ONLY,MIXED,run04,LIDAR_ONLY,0.11942537873983383,0.34461620450019836,0.21588541567325592,0.21302083134651184,0.21588541567325592,0.0,1.0907180309295654,230,853972,17931,4068,30.70642641039814,0,126,0,0,88.080,10.266571998596191,-16.938575744628906,19.806132659058914,EXPLORING
6609.782000,LIDAR_ONLY,MIXED,run04,LIDAR_ONLY,0.09882140159606934,0.32541877031326294,0.21250000596046448,0.21510416269302368,0.21250000596046448,0.0,0.9985430240631104,233,865492,17991,4085,31.03535573214158,0,127,0,0,89.081,10.139966011047363,-17.069263458251953,19.853056348427682,EXPLORING
6610.781000,LIDAR_ONLY,MIXED,run04,LIDAR_ONLY,0.13558927178382874,0.35480746626853943,0.21250000596046448,0.21484375,0.21250000596046448,0.0,1.4163659811019897,234,869332,18033,4096,31.36610329621312,0,129,0,0,90.080,10.067611694335938,-17.317834854125977,20.030709407307963,EXPLORING
6611.781000,LIDAR_ONLY,MIXED,run04,LIDAR_ONLY,0.13923631608486176,0.3603713810443878,0.21250000596046448,0.21718749403953552,0.21250000596046448,0.0,1.0665910243988037,236,877012,18221,4179,31.729594233680793,0,131,0,0,91.080,10.117563247680664,-17.600988388061523,20.30085331705191,EXPLORING
6612.781000,LIDAR_ONLY,MIXED,run04,LIDAR_ONLY,0.11267618834972382,0.34109121561050415,0.20859375596046448,0.21328124403953552,0.20859375596046448,0.0,1.408944010734558,239,888532,18365,4234,32.03707371706529,0,133,0,0,92.080,10.22973918914795,-17.872976303100586,20.592599546047197,EXPLORING
6613.781000,LIDAR_ONLY,MIXED,run04,LIDAR_ONLY,0.1321326643228531,0.35480624437332153,0.2122395783662796,0.22578124701976776,0.2122395783662796,0.0,1.1366430521011353,242,900052,18638,4342,32.398687251889925,0,135,0,0,93.080,10.28032398223877,-17.991926193237305,20.720969493673646,EXPLORING
6614.781000,LIDAR_ONLY,MIXED,run04,LIDAR_ONLY,0.15548363327980042,0.3654997944831848,0.21796874701976776,0.21822915971279144,0.21796874701976776,0.0,2.831115961074829,246,915412,19046,4436,32.825937036164845,0,136,0,0,94.080,10.295281410217285,-17.818096160888672,20.57769660596424,EXPLORING
6615.781000,LIDAR_ONLY,MIXED,run04,LIDAR_ONLY,0.11796492338180542,0.32298481464385986,0.21938510239124298,0.2183428853750229,0.21938510239124298,0.0,0.7671710252761841,249,926930,19458,4533,33.41920894650535,0,137,0,0,95.080,10.461867332458496,-17.55062484741211,20.431329570054537,EXPLORING
6616.781000,LIDAR_ONLY,MIXED,run04,LIDAR_ONLY,0.11124421656131744,0.3301607370376587,0.21694914996623993,0.21642763912677765,0.21694914996623993,0.0,1.1153069734573364,253,942273,19982,4654,33.83491381015148,0,138,0,0,96.080,10.443942070007324,-17.733652114868164,20.57965861195197,EXPLORING
6617.781000,LIDAR_ONLY,MIXED,run04,LIDAR_ONLY,0.10629487037658691,0.33210134506225586,0.21953125298023224,0.21432290971279144,0.21953125298023224,0.0,1.2368160486221313,256,953790,20612,4729,34.20526497300327,0,140,0,0,97.080,10.441617012023926,-17.73981475830078,20.583789691909846,EXPLORING
6618.782000,LIDAR_ONLY,MIXED,run04,LIDAR_ONLY,0.12603427469730377,0.3490966260433197,0.21979166567325592,0.20364584028720856,0.21979166567325592,0.0,0.8517540097236633,259,965310,20973,4847,34.58916762049737,0,142,0,0,98.081,10.509812355041504,-17.734912872314453,20.614246623326395,EXPLORING
6619.782000,LIDAR_ONLY,MIXED,run04,LIDAR_ONLY,0.12988190352916718,0.3553589880466461,0.21411825716495514,0.20630373060703278,0.21411825716495514,0.0,1.1019150018692017,262,976829,21536,4951,34.804446064931106,0,143,0,0,99.081,10.496211051940918,-17.76047134399414,20.62931572538209,EXPLORING
6620.784000,LIDAR_ONLY,MIXED,run04,LIDAR_ONLY,0.12775225937366486,0.3528774678707123,0.21536459028720856,0.2096354216337204,0.21536459028720856,0.0,3.809640884399414,264,984508,21723,4971,35.13988563376869,0,145,0,0,100.083,10.383437156677246,-18.05568504333496,20.827562927797544,EXPLORING
6621.785000,LIDAR_ONLY,MIXED,run04,LIDAR_ONLY,0.12975066900253296,0.35165995359420776,0.21536459028720856,0.21848958730697632,0.21536459028720856,0.0,3.407435894012451,266,992188,21871,5006,35.508005874839796,0,147,0,0,101.084,10.447855949401855,-18.366580963134766,21.129421254539757,EXPLORING
6622.781000,LIDAR_ONLY,MIXED,run04,LIDAR_ONLY,0.12636639177799225,0.34701547026634216,0.21666666865348816,0.21822915971279144,0.21666666865348816,0.0,0.9400169849395752,268,999868,21950,5013,35.818409040301276,0,147,0,0,102.080,10.641674041748047,-18.57528305053711,21.40675722415293,EXPLORING
6623.785000,LIDAR_ONLY,MIXED,run04,LIDAR_ONLY,0.12041573971509933,0.34216436743736267,0.2183428853750229,0.21704012155532837,0.2183428853750229,0.0,1.201449990272522,270,1007546,22025,5019,36.095991846779434,0,148,0,0,103.084,10.748470306396484,-18.753385543823242,21.614384238828354,EXPLORING
6624.781000,LIDAR_ONLY,MIXED,run04,LIDAR_ONLY,0.12264242768287659,0.34929704666137695,0.21603970229625702,0.21551723778247833,0.21603970229625702,0.0,2.06017804145813,272,1015208,22166,5019,36.38125428499853,0,150,0,0,104.080,10.896930694580078,-18.851924896240234,21.773844726541483,EXPLORING
6625.781000,LIDAR_ONLY,MIXED,run04,LIDAR_ONLY,0.1214592233300209,0.34460386633872986,0.21480900049209595,0.2182103544473648,0.21480900049209595,0.0,2.2326159477233887,274,1022857,22361,5098,36.70815651943371,0,151,0,0,105.080,11.114900588989258,-18.767494201660156,21.81104392988585,EXPLORING
6626.781000,LIDAR_ONLY,MIXED,run04,LIDAR_ONLY,0.12545469403266907,0.3514128029346466,0.21372446417808533,0.2171293944120407,0.21372446417808533,0.0,1.3397120237350464,277,1034316,22602,5098,36.942877840182994,0,152,0,0,106.080,11.338460922241211,-18.74978256225586,21.910645758030572,EXPLORING
6627.781000,LIDAR_ONLY,MIXED,run04,LIDAR_ONLY,0.12374988198280334,0.34916791319847107,0.20968586206436157,0.20157067477703094,0.20968586206436157,0.0,6.071000099182129,278,1038136,22820,5148,37.29146495686583,0,152,0,0,107.080,11.63735294342041,-18.82297134399414,22.129006598253433,EXPLORING
6628.782000,LIDAR_ONLY,MIXED,run04,LIDAR_ONLY,0.13033445179462433,0.3535034954547882,0.21492145955562592,0.21256545186042786,0.21492145955562592,0.0,1.2913830280303955,284,1061050,23323,5189,37.76409026163587,0,154,0,0,108.081,12.084264755249023,-18.782869338989258,22.333505825099717,EXPLORING
6629.784000,LIDAR_ONLY,MIXED,run04,LIDAR_ONLY,0.12975038588047028,0.3547373116016388,0.21220853924751282,0.22242598235607147,0.21220853924751282,0.0,1.1007269620895386,288,1076323,23639,5327,38.222825399032665,0,157,0,0,109.083,12.46868896484375,-18.76285171508789,22.527137205994176,EXPLORING
6630.781000,LIDAR_ONLY,MIXED,run04,LIDAR_ONLY,0.12870454788208008,0.35584020614624023,0.21393035352230072,0.2120974063873291,0.21393035352230072,0.0,1.2462149858474731,294,1099229,24174,5368,38.5250143008389,0,157,0,0,110.080,12.414261817932129,-18.77151107788086,22.504282411747546,EXPLORING
6631.781000,LIDAR_ONLY,MIXED,run04,LIDAR_ONLY,0.11887659877538681,0.3382956087589264,0.2123592495918274,0.2120974063873291,0.2123592495918274,0.0,5.245194911956787,296,1106867,24361,5368,38.85838513353755,0,159,0,0,111.080,12.390517234802246,-18.757953643798828,22.479879965696036,EXPLORING
6632.782000,LIDAR_ONLY,MIXED,run04,LIDAR_ONLY,0.1162235364317894,0.33160361647605896,0.2115183174610138,0.21439790725708008,0.2115183174610138,0.0,1.8042219877243042,300,1122139,24608,5404,39.233856185497494,0,160,0,0,112.081,12.35781478881836,-18.783523559570312,22.48323036279523,EXPLORING
6633.781000,LIDAR_ONLY,MIXED,run04,LIDAR_ONLY,0.1347324699163437,0.3574998676776886,0.21147798001766205,0.2146226465702057,0.21147798001766205,0.0,1.3718310594558716,303,1133591,24856,5534,39.4584178826091,0,161,0,0,113.080,12.260682106018066,-18.71762466430664,22.37483747718039,EXPLORING
6634.784000,LIDAR_ONLY,MIXED,run04,LIDAR_ONLY,0.12857291102409363,0.3628344237804413,0.21147798001766205,0.2146226465702057,0.21147798001766205,0.0,1.3718310594558716,303,1133591,24956,5534,39.68250329099183,0,163,0,0,114.083,12.13509750366211,-18.73604965209961,22.321736819229727,EXPLORING
6635.781000,LIDAR_ONLY,MIXED,run04,LIDAR_ONLY,0.1259831190109253,0.36392202973365784,0.21220853924751282,0.2161383330821991,0.21220853924751282,0.0,1.5736169815063477,305,1141225,25041,5563,40.058831150940726,0,165,0,0,115.080,11.828078269958496,-18.87681770324707,22.275501266286078,EXPLORING
6636.781000,LIDAR_ONLY,MIXED,run04,LIDAR_ONLY,0.10953310877084732,0.34819191694259644,0.2153523713350296,0.2177102416753769,0.2153523713350296,0.0,11.492876052856445,307,1148861,25119,5563,40.44834138674918,0,166,0,0,116.080,11.513809204101562,-18.857309341430664,22.09359257331912,EXPLORING
6637.781000,LIDAR_ONLY,MIXED,run04,LIDAR_ONLY,0.1194176971912384,0.3570328652858734,0.21969102323055267,0.21811991930007935,0.21969102323055267,0.0,0.9760569930076599,309,1156498,25190,5569,40.82732398029669,0,169,0,0,117.080,11.228832244873047,-19.0801944732666,22.138242543840306,EXPLORING
6638.781000,LIDAR_ONLY,MIXED,run04,LIDAR_ONLY,0.10897897183895111,0.3466161787509918,0.2186107486486435,0.21598951518535614,0.2186107486486435,0.0,1.3962680101394653,310,1160313,25209,5576,41.209578845215695,0,170,0,0,118.080,10.99656867980957,-19.224529266357422,22.146527333433514,EXPLORING
6639.800000,LIDAR_ONLY,MIXED,run04,LIDAR_ONLY,0.103668712079525,0.33941394090652466,0.2192247211933136,0.21948663890361786,0.2192247211933136,0.0,1.6558129787445068,314,1175583,25341,5583,41.51746096803791,0,172,0,0,119.099,10.940296173095703,-19.28504180908203,22.171256214750372,EXPLORING
6640.784000,LIDAR_ONLY,MIXED,run04,LIDAR_ONLY,0.10119474679231644,0.33501267433166504,0.21640031039714813,0.2177102416753769,0.21640031039714813,0.0,1.7815419435501099,316,1183220,25424,5583,41.820263316698835,0,173,0,0,120.083,10.792890548706055,-19.27614402770996,22.091133952199836,EXPLORING
6641.784000,LIDAR_ONLY,MIXED,run04,LIDAR_ONLY,0.1052146852016449,0.338284969329834,0.21640031039714813,0.21797223389148712,0.21640031039714813,0.0,1.2549569606781006,319,1194673,25544,5591,42.12804321481062,0,173,0,0,121.083,10.568920135498047,-19.37299156188965,22.067560357642662,EXPLORING
6642.782000,LIDAR_ONLY,MIXED,run04,LIDAR_ONLY,0.11599881201982498,0.34361186623573303,0.21645702421665192,0.21724317967891693,0.21645702421665192,0.0,1.3071340322494507,321,1202307,25709,5596,42.448449881280226,0,174,0,0,122.081,10.319023132324219,-19.510068893432617,22.07006455806755,EXPLORING
6643.781000,LIDAR_ONLY,MIXED,run04,LIDAR_ONLY,0.09928908944129944,0.3307095766067505,0.21666230261325836,0.21902017295360565,0.21666230261325836,0.0,1.068192958831787,324,1213754,25863,5609,42.92752852419424,0,175,0,0,123.080,9.960576057434082,-19.62488555908203,22.00710212223931,EXPLORING
6644.782000,LIDAR_ONLY,MIXED,run04,LIDAR_ONLY,0.09203951805830002,0.3234041631221771,0.21215295791625977,0.2145102173089981,0.21215295791625977,0.0,1.9574840068817139,325,1217572,25901,5609,43.48447120715711,0,176,0,0,124.081,10.175196647644043,-19.539409637451172,22.029211035320127,EXPLORING
6645.781000,LIDAR_ONLY,MIXED,run04,LIDAR_ONLY,0.10195641219615936,0.33210068941116333,0.20985066890716553,0.21194656193256378,0.20985066890716553,0.0,3.6938040256500244,327,1225206,26008,5643,43.95263965517822,0,177,0,0,125.080,10.180030822753906,-19.671972274780273,22.149094338033724,EXPLORING
6646.782000,LIDAR_ONLY,MIXED,run04,LIDAR_ONLY,0.09351950138807297,0.3231980800628662,0.21363040804862976,0.2165137678384781,0.21363040804862976,0.0,0.7908350229263306,330,1236657,26408,5643,44.212612199191504,0,178,0,0,126.081,10.028085708618164,-19.5623779296875,21.982092447353164,EXPLORING
6647.781000,LIDAR_ONLY,MIXED,run04,LIDAR_ONLY,0.11299261450767517,0.34390488266944885,0.21467889845371246,0.21677587926387787,0.21467889845371246,0.0,3.8783159255981445,333,1248105,26624,5770,44.519058434923544,0,179,0,0,127.080,9.800354957580566,-19.741498947143555,22.039448509826318,EXPLORING
6648.781000,LIDAR_ONLY,MIXED,run04,LIDAR_ONLY,0.1182968020439148,0.3500027656555176,0.2150537669658661,0.217938631772995,0.2150537669658661,0.0,1.0638190507888794,336,1259550,26797,5796,44.833344612097285,0,181,0,0,128.080,9.5890474319458,-19.92849349975586,22.114666957048364,EXPLORING
6649.781000,LIDAR_ONLY,MIXED,run04,LIDAR_ONLY,0.116620734333992,0.3508824110031128,0.2129945009946823,0.2161383330821991,0.2129945009946823,0.0,2.7605040073394775,340,1274817,26935,5796,45.22060619410771,0,183,0,0,129.080,9.361923217773438,-20.169178009033203,22.235228849375883,EXPLORING
6650.782000,LIDAR_ONLY,MIXED,run04,LIDAR_ONLY,0.1163930669426918,0.35079437494277954,0.21634364128112793,0.22210581600666046,0.21634364128112793,0.0,1.0583399534225464,342,1282450,27113,5841,45.499867032236324,0,184,0,0,130.081,9.17455768585205,-20.322235107421875,22.29641321984492,EXPLORING
6651.782000,LIDAR_ONLY,MIXED,run04,LIDAR_ONLY,0.13446761667728424,0.361962229013443,0.22006811201572418,0.22006811201572418,0.22006811201572418,0.0,0.6651870012283325,345,1293902,27458,5923,45.820697922798956,0,185,0,0,131.081,8.907136917114258,-20.452299118041992,22.306912376534065,EXPLORING
6652.781000,LIDAR_ONLY,MIXED,run04,LIDAR_ONLY,0.12828592956066132,0.3580310344696045,0.22079622745513916,0.21870088577270508,0.22079622745513916,0.0,1.4339159727096558,347,1301535,27775,6037,46.24183033028228,0,186,0,0,132.080,8.55209732055664,-20.492502212524414,22.20464811185229,EXPLORING
6653.786000,LIDAR_ONLY,MIXED,run04,LIDAR_ONLY,0.11258744448423386,0.34418782591819763,0.22041885554790497,0.21884816884994507,0.22041885554790497,0.0,1.2592580318450928,349,1309173,28118,6139,46.6592830231173,0,187,0,0,133.085,8.24413013458252,-20.702539443969727,22.282877584467442,EXPLORING
6654.781000,LIDAR_ONLY,MIXED,run04,LIDAR_ONLY,0.12454438209533691,0.35522162914276123,0.2191673219203949,0.21785807609558105,0.2191673219203949,0.0,2.705238103866577,350,1312992,28264,6178,46.9225409270486,0,188,0,0,134.080,8.111506462097168,-20.79840660095215,22.323446129733185,EXPLORING
6655.781000,LIDAR_ONLY,MIXED,run04,LIDAR_ONLY,0.11829822510480881,0.35325872898101807,0.21995286643505096,0.21838177740573883,0.21995286643505096,0.0,4.325169086456299,352,1320629,28547,6178,47.15874321849789,0,189,0,0,135.080,7.958681583404541,-20.772077560424805,22.243788739476226,EXPLORING
6656.782000,LIDAR_ONLY,MIXED,run04,LIDAR_ONLY,0.12316641211509705,0.35560178756713867,0.22027239203453064,0.21739129722118378,0.22027239203453064,0.0,2.1434640884399414,354,1328268,28841,6341,47.46734571835301,0,191,0,0,136.081,7.800144672393799,-20.80579948425293,22.21913934740992,EXPLORING
6657.781000,LIDAR_ONLY,MIXED,run04,LIDAR_ONLY,0.1255696713924408,0.35888761281967163,0.22059208154678345,0.21744826436042786,0.22059208154678345,0.0,3.681364059448242,356,1335901,29125,6341,47.73981777085904,0,192,0,0,137.080,7.635910511016846,-20.82653045654297,22.181488056926312,EXPLORING
6658.781000,LIDAR_ONLY,MIXED,run04,LIDAR_ONLY,0.12219011783599854,0.35508212447166443,0.2193717211484909,0.21753926575183868,0.2193717211484909,0.0,1.407120943069458,358,1343539,29512,6406,48.010947205228696,0,193,0,0,138.080,7.480532646179199,-20.84657096862793,22.147349571771272,EXPLORING
6659.782000,LIDAR_ONLY,MIXED,run04,LIDAR_ONLY,0.13004857301712036,0.36218830943107605,0.21919244527816772,0.21709491312503815,0.21919244527816772,0.0,3.0123300552368164,360,1351170,29753,6486,48.28120659363491,0,195,0,0,139.081,7.311307430267334,-20.941781997680664,22.1806426087773,EXPLORING
6660.783000,LIDAR_ONLY,MIXED,run04,LIDAR_ONLY,0.12742571532726288,0.36041566729545593,0.21963350474834442,0.21884816884994507,0.21963350474834442,0.0,6.377192974090576,362,1358808,29902,6542,48.54330587151117,0,195,0,0,140.082,7.084312438964844,-20.885988235473633,22.054023276432595,EXPLORING
6661.785000,LIDAR_ONLY,MIXED,run04,LIDAR_ONLY,0.13186252117156982,0.36342835426330566,0.21986372768878937,0.21698112785816193,0.21986372768878937,0.0,1.8525500297546387,365,1370258,30270,6583,48.84686215388071,0,197,0,0,141.084,6.8105645179748535,-20.917343139648438,21.997443136615836,EXPLORING
6662.782000,LIDAR_ONLY,MIXED,run04,LIDAR_ONLY,0.1322525590658188,0.364456444978714,0.21838177740573883,0.21759623289108276,0.21838177740573883,0.0,2.5599300861358643,367,1377895,30482,6664,49.25424897815297,0,199,0,0,142.081,6.444072246551514,-20.937875747680664,21.90638922422569,EXPLORING
6663.782000,LIDAR_ONLY,MIXED,run04,LIDAR_ONLY,0.13243499398231506,0.36561787128448486,0.21884816884994507,0.21963350474834442,0.21884816884994507,0.0,1.0897079706192017,369,1385534,30598,6761,49.6532982723189,0,201,0,0,143.081,6.089274883270264,-20.894752502441406,21.763268888117686,EXPLORING
6664.781000,LIDAR_ONLY,MIXED,run04,LIDAR_ONLY,0.13507318496704102,0.3680957555770874,0.2193717211484909,0.21858638525009155,0.2193717211484909,0.0,1.1298179626464844,372,1396992,30746,6781,50.091515877688934,0,202,0,0,144.080,5.726349353790283,-20.91229248046875,21.68145937412435,EXPLORING
6665.781000,LIDAR_ONLY,MIXED,run04,LIDAR_ONLY,0.11853164434432983,0.3497034013271332,0.21896280348300934,0.22079622745513916,0.21896280348300934,0.0,2.1426939964294434,375,1408451,30880,6815,50.45396674607695,0,204,0,0,145.080,5.532280921936035,-20.972246170043945,21.68898803269077,EXPLORING
6666.781000,LIDAR_ONLY,MIXED,run04,LIDAR_ONLY,0.1065433919429779,0.3259146213531494,0.22105814516544342,0.22236773371696472,0.22105814516544342,0.0,8.073097229003906,377,1416088,31011,6831,50.65838252512383,0,205,0,0,146.080,5.671202182769775,-21.03203582763672,21.782554909858437,EXPLORING
6667.781000,LIDAR_ONLY,MIXED,run04,LIDAR_ONLY,0.09757819771766663,0.31062623858451843,0.22216400504112244,0.21928216516971588,0.22216400504112244,0.0,0.7442460060119629,380,1427543,31354,6855,50.913251775362454,0,207,0,0,147.080,5.7128777503967285,-20.987140655517578,21.750118027768753,EXPLORING
6668.785000,LIDAR_ONLY,MIXED,run04,LIDAR_ONLY,0.11129309237003326,0.32941320538520813,0.22021470963954926,0.21628698706626892,0.22021470963954926,0.0,2.4425880908966064,384,1442820,31666,6922,51.10332032388166,0,208,0,0,148.084,5.769758701324463,-20.899524688720703,21.680654958791493,EXPLORING
6669.788000,LIDAR_ONLY,MIXED,run04,LIDAR_ONLY,0.12874341011047363,0.3509748876094818,0.2203301042318344,0.2161383330821991,0.2203301042318344,0.0,2.1067209243774414,386,1450453,31724,6985,51.36054269394597,0,209,0,0,149.087,5.868097305297852,-20.85967254638672,21.668661604015018,EXPLORING
6670.783000,LIDAR_ONLY,MIXED,run04,LIDAR_ONLY,0.11963680386543274,0.3427116870880127,0.2206806242465973,0.21727748215198517,0.2206806242465973,0.0,1.2410629987716675,387,1454273,31755,6992,51.77271180557398,0,210,0,0,150.082,6.227855682373047,-20.832021713256836,21.742332352118716,EXPLORING
6671.781000,LIDAR_ONLY,MIXED,run04,LIDAR_ONLY,0.13221342861652374,0.3512270152568817,0.21252620220184326,0.2159329205751419,0.21252620220184326,0.0,2.1876320838928223,389,1461909,31790,6995,52.121124413024255,0,213,0,0,151.080,6.492440700531006,-20.739240646362305,21.731018035849594,EXPLORING
6672.782000,LIDAR_ONLY,MIXED,run04,LIDAR_ONLY,0.13484828174114227,0.3540725111961365,0.20843152701854706,0.21026447415351868,0.20843152701854706,0.0,2.2199900150299072,391,1469549,31815,6997,52.418263200573776,0,214,0,0,152.081,6.756922721862793,-20.743284225463867,21.81532885278559,EXPLORING
6673.787000,LIDAR_ONLY,MIXED,run04,LIDAR_ONLY,0.1321246176958084,0.35149094462394714,0.21617378294467926,0.21591205894947052,0.21617378294467926,0.0,1.6724610328674316,392,1473370,31843,6999,52.76232775315789,0,215,0,0,153.086,7.084779262542725,-20.78706932067871,21.960518841641097,EXPLORING
6674.782000,LIDAR_ONLY,MIXED,run04,LIDAR_ONLY,0.12581630051136017,0.345002144575119,0.21503405272960663,0.21503405272960663,0.21503405272960663,0.0,1.9440029859542847,394,1481005,31904,7003,53.212862792446664,0,216,0,0,154.081,7.454763889312744,-20.775489807128906,22.071742046276572,EXPLORING
6675.783000,LIDAR_ONLY,MIXED,run04,LIDAR_ONLY,0.13228261470794678,0.3490883409976959,0.21424829959869385,0.21346254646778107,0.21424829959869385,0.0,2.1702959537506104,397,1492463,31957,7011,53.60572803135849,0,218,0,0,155.082,7.786885738372803,-20.75408363342285,22.166060815313884,EXPLORING
6676.781000,LIDAR_ONLY,MIXED,run04,LIDAR_ONLY,0.12206804007291794,0.34187352657318115,0.2130890041589737,0.2130890041589737,0.2130890041589737,0.0,1.256039023399353,399,1500104,32060,7015,54.02069049663348,0,219,0,0,156.080,8.174888610839844,-20.794797897338867,22.343193452021985,EXPLORING
6677.782000,LIDAR_ONLY,MIXED,run04,LIDAR_ONLY,0.12841349840164185,0.34736424684524536,0.2158198058605194,0.21503405272960663,0.2158198058605194,0.0,1.3576689958572388,402,1511560,32097,7036,54.41828299011409,0,222,0,0,157.081,8.473542213439941,-20.7436466217041,22.40680955851243,EXPLORING
6678.781000,LIDAR_ONLY,MIXED,run04,LIDAR_ONLY,0.12717702984809875,0.35077977180480957,0.2151467502117157,0.2148846983909607,0.2151467502117157,0.0,1.0946910381317139,405,1523012,32140,7042,54.7282894205843,0,223,0,0,158.080,8.628432273864746,-20.580835342407227,22.31559503176531,EXPLORING
6679.784000,LIDAR_ONLY,MIXED,run04,LIDAR_ONLY,0.13956260681152344,0.3553772270679474,0.21576328575611115,0.2144540399312973,0.21576328575611115,0.0,1.5086109638214111,407,1530650,32211,7049,54.96680465120741,0,225,0,0,159.083,8.76684856414795,-20.47499656677246,22.272137064819844,EXPLORING
6680.785000,LIDAR_ONLY,MIXED,run04,LIDAR_ONLY,0.12186872959136963,0.3423113226890564,0.2111606001853943,0.2111606001853943,0.2111606001853943,0.0,2.4243249893188477,410,1542105,32344,7058,55.34211416244216,0,225,0,0,160.084,9.106554985046387,-20.40474510192871,22.343843093606996,EXPLORING
6681.782000,LIDAR_ONLY,MIXED,run04,LIDAR_ONLY,0.1311991661787033,0.3571094870567322,0.2085953950881958,0.21016772091388702,0.2085953950881958,0.0,0.7919759750366211,413,1553558,32465,7073,55.79826834922482,0,226,0,0,161.081,9.226229667663574,-20.340179443359375,22.334063438466078,EXPLORING
6682.782000,LIDAR_ONLY,MIXED,run04,LIDAR_ONLY,0.12535753846168518,0.3545297384262085,0.20749279856681824,0.20985066890716553,0.20749279856681824,0.0,0.9158459901809692,416,1565010,32536,7097,56.12333803326191,0,227,0,0,162.081,9.434855461120605,-20.11730194091797,22.21905238824973,EXPLORING
6683.781000,LIDAR_ONLY,MIXED,run04,LIDAR_ONLY,0.13227544724941254,0.357895165681839,0.20732983946800232,0.21073298156261444,0.20732983946800232,0.0,0.9491010308265686,419,1576464,32645,7109,56.44126535283728,0,229,0,0,163.080,9.540968894958496,-19.919099807739258,22.085391979376073,EXPLORING
6684.783000,LIDAR_ONLY,MIXED,run04,LIDAR_ONLY,0.12390701472759247,0.3481786549091339,0.21194656193256378,0.21351847052574158,0.21194656193256378,0.0,0.6397910118103027,422,1587915,32858,7120,56.63118259504109,0,230,0,0,164.082,9.637070655822754,-19.846939086914062,22.062137424018864,EXPLORING
6685.784000,LIDAR_ONLY,MIXED,run04,LIDAR_ONLY,0.1265001744031906,0.35418254137039185,0.2146226465702057,0.21409852802753448,0.2146226465702057,0.0,0.9100880026817322,425,1599362,33021,7183,56.8953333166915,0,231,0,0,165.083,9.811092376708984,-19.732297897338867,22.035985414749568,EXPLORING
6686.793000,LIDAR_ONLY,MIXED,run04,LIDAR_ONLY,0.13511352241039276,0.3559057116508484,0.214192196726799,0.21523958444595337,0.214192196726799,0.0,1.3365520238876343,427,1607000,33067,7195,57.14600255242144,0,232,0,0,166.092,9.985422134399414,-19.62640953063965,22.019715958101298,EXPLORING
6687.787000,LIDAR_ONLY,MIXED,run04,LIDAR_ONLY,0.12719222903251648,0.3514031171798706,0.21226415038108826,0.2146226465702057,0.21226415038108826,0.0,1.5180690288543701,428,1610816,33132,7195,57.4588419904181,0,233,0,0,167.086,10.282670974731445,-19.555675506591797,22.093449769025103,EXPLORING
6688.783000,LIDAR_ONLY,MIXED,run04,LIDAR_ONLY,0.12867899239063263,0.3536530137062073,0.2088574469089508,0.21305032074451447,0.2088574469089508,0.0,1.1295980215072632,429,1614632,33161,7207,57.8199288459385,0,235,0,0,168.082,10.544336318969727,-19.450336456298828,22.123764238304513,EXPLORING
6689.781000,LIDAR_ONLY,MIXED,run04,LIDAR_ONLY,0.13376259803771973,0.3500605821609497,0.21634364128112793,0.2158198058605194,0.21634364128112793,0.0,4.261100769042969,431,1622267,33191,7207,58.10119191214434,0,236,0,0,169.080,10.651252746582031,-19.294719696044922,22.038549011825843,EXPLORING
6690.781000,LIDAR_ONLY,MIXED,run04,LIDAR_ONLY,0.12072071433067322,0.34411635994911194,0.20765601098537445,0.20975354313850403,0.20765601098537445,0.0,2.0477519035339355,433,1629897,33198,7210,58.42889260008141,0,237,0,0,170.080,10.84763240814209,-19.135034561157227,21.995060213176142,EXPLORING
6691.782000,LIDAR_ONLY,MIXED,run04,LIDAR_ONLY,0.1043098196387291,0.3331086039543152,0.20686942338943481,0.21158888936042786,0.20686942338943481,0.0,1.5658459663391113,434,1633711,33219,7212,58.68687055197553,0,238,0,0,171.081,10.834839820861816,-19.11668586730957,21.97278933000614,EXPLORING
6692.781000,LIDAR_ONLY,MIXED,run04,LIDAR_ONLY,0.11643755435943604,0.3446148931980133,0.21565034985542297,0.21538864076137543,0.21565034985542297,0.0,2.383013963699341,437,1645167,33235,7213,59.12053823681537,0,238,0,0,172.080,10.848372459411621,-19.23589515686035,22.083223415504875,EXPLORING
6693.784000,LIDAR_ONLY,MIXED,run04,LIDAR_ONLY,0.12690909206867218,0.3485671281814575,0.21424829959869385,0.21372446417808533,0.21424829959869385,0.0,2.4065639972686768,439,1652803,33275,7215,59.31621673030073,0,240,0,0,173.083,10.963578224182129,-19.156131744384766,22.070776604867646,EXPLORING
6694.784000,LIDAR_ONLY,MIXED,run04,LIDAR_ONLY,0.13410738110542297,0.35621657967567444,0.20434896647930145,0.2080167680978775,0.20434896647930145,0.0,1.0045650005340576,444,1671892,33443,7215,59.67706419651863,0,242,0,0,174.083,11.289973258972168,-19.080188751220703,22.16930909798103,EXPLORING
6695.783000,LIDAR_ONLY,MIXED,run04,LIDAR_ONLY,0.12422113120555878,0.3436921238899231,0.21331237256526947,0.21069182455539703,0.21331237256526947,0.0,1.5235259532928467,446,1679528,33456,7236,60.10795052626868,0,243,0,0,175.082,11.598551750183105,-19.0278263092041,22.283293664928337,EXPLORING
6696.782000,LIDAR_ONLY,MIXED,run04,LIDAR_ONLY,0.10778938233852386,0.32473018765449524,0.21954414248466492,0.21063663065433502,0.21954414248466492,0.0,3.4342660903930664,449,1690980,33480,7236,60.45202338654826,0,245,0,0,176.081,11.735679626464844,-18.822345733642578,22.180337687957262,EXPLORING
6697.781000,LIDAR_ONLY,MIXED,run04,LIDAR_ONLY,0.13221779465675354,0.3564143776893616,0.21602514386177063,0.2147158980369568,0.21602514386177063,0.0,0.8139039874076843,451,1698616,33499,7239,60.649557722343616,0,247,0,0,177.080,11.805900573730469,-18.88658905029297,22.272019315659545,EXPLORING
6698.781000,LIDAR_ONLY,MIXED,run04,LIDAR_ONLY,0.12381024658679962,0.3504331111907959,0.21293871104717255,0.21005761623382568,0.21293871104717255,0.0,1.4117120504379272,455,1713889,33536,7240,60.87689301030152,0,248,0,0,178.080,11.760725021362305,-18.88700294494629,22.24845910679855,EXPLORING
6699.783000,LIDAR_ONLY,MIXED,run04,LIDAR_ONLY,0.12501901388168335,0.3468317687511444,0.22216400504112244,0.2103746384382248,0.22216400504112244,0.0,0.6600899696350098,457,1721524,33575,7241,61.109839182029276,0,249,0,0,179.082,11.915365219116211,-18.80311393737793,22.259676252379343,EXPLORING
6700.782000,LIDAR_ONLY,MIXED,run04,LIDAR_ONLY,0.1247251033782959,0.34907808899879456,0.20890052616596222,0.21073298156261444,0.20890052616596222,0.0,0.7645450234413147,460,1732979,33620,7243,61.50955707714115,0,251,0,0,180.081,12.232525825500488,-18.698612213134766,22.343509401133574,EXPLORING
6701.781000,LIDAR_ONLY,MIXED,run04,LIDAR_ONLY,0.14090551435947418,0.3608316481113434,0.19848127663135529,0.21052631735801697,0.19848127663135529,0.0,0.8259810209274292,463,1744434,33655,7245,61.8996405612739,0,252,0,0,181.080,12.5919828414917,-18.72990608215332,22.568258665798645,EXPLORING
6702.782000,LIDAR_ONLY,MIXED,run04,LIDAR_ONLY,0.13048070669174194,0.3524075150489807,0.21127130091190338,0.20917430520057678,0.21127130091190338,0.0,1.0713880062103271,467,1759705,33673,7249,62.29997275225713,0,254,0,0,182.081,12.933252334594727,-18.71805763244629,22.75066847582331,EXPLORING
6703.783000,LIDAR_ONLY,MIXED,run04,LIDAR_ONLY,0.11815328896045685,0.3461095094680786,0.2131061553955078,0.21074704825878143,0.2131061553955078,0.0,1.3458060026168823,470,1771155,33704,7250,62.63087849988378,0,255,0,0,183.082,13.237314224243164,-18.631175994873047,22.853990833643696,EXPLORING
6704.781000,LIDAR_ONLY,MIXED,run04,LIDAR_ONLY,0.1339794397354126,0.3576803505420685,0.21278825402259827,0.21174004673957825,0.21278825402259827,0.0,0.702006995677948,472,1778785,33753,7251,62.85844277536947,0,256,0,0,184.080,13.175468444824219,-18.731101989746094,22.899888150787053,EXPLORING
6705.783000,LIDAR_ONLY,MIXED,run04,LIDAR_ONLY,0.12025806307792664,0.34288308024406433,0.2133682817220688,0.21074704825878143,0.2133682817220688,0.0,1.5676829814910889,475,1790236,33833,7253,63.08996368676386,0,257,0,0,185.082,13.087703704833984,-18.736841201782227,22.854214107985364,EXPLORING
6706.783000,LIDAR_ONLY,MIXED,run04,LIDAR_ONLY,0.10900910943746567,0.33464542031288147,0.21168456971645355,0.20932669937610626,0.21168456971645355,0.0,2.641545057296753,477,1797868,33875,7257,63.343195328402686,0,258,0,0,186.082,13.057697296142578,-18.67973518371582,22.790216540009226,EXPLORING
6707.786000,LIDAR_ONLY,MIXED,run04,LIDAR_ONLY,0.12671588361263275,0.3547182083129883,0.21802935004234314,0.21881552040576935,0.21802935004234314,0.0,2.2094099521636963,478,1801684,33890,7275,63.52712258792864,0,260,0,0,187.085,12.953024864196777,-18.57001304626465,22.64033004573205,EXPLORING
6708.786000,LIDAR_ONLY,MIXED,run04,LIDAR_ONLY,0.13301797211170197,0.3673478662967682,0.21231979131698608,0.2165137678384781,0.21231979131698608,0.0,1.187973976135254,480,1809318,33915,7275,63.81696564022329,0,260,0,0,188.085,12.695883750915527,-18.623647689819336,22.5385112277275,EXPLORING
6709.781000,LIDAR_ONLY,MIXED,run04,LIDAR_ONLY,0.13717810809612274,0.36550596356391907,0.21383647620677948,0.21750524640083313,0.21383647620677948,0.0,2.173150062561035,482,1816950,33928,7280,64.23636382276233,0,261,0,0,189.080,12.350679397583008,-18.73338508605957,22.437432107704502,EXPLORING
6710.785000,LIDAR_ONLY,MIXED,run04,LIDAR_ONLY,0.13642336428165436,0.3675643503665924,0.21881552040576935,0.2148846983909607,0.21881552040576935,0.0,1.884045958518982,484,1824583,33953,7281,64.62989872314883,0,263,0,0,190.084,12.10258674621582,-18.905319213867188,22.446456421034238,EXPLORING
6711.781000,LIDAR_ONLY,MIXED,run04,LIDAR_ONLY,0.11327207088470459,0.34484171867370605,0.21608172357082367,0.21372446417808533,0.21608172357082367,0.0,6.890857219696045,487,1836039,33982,7281,65.01567833820143,0,264,0,0,191.080,11.949997901916504,-19.01760482788086,22.459555974937057,EXPLORING
6712.781000,LIDAR_ONLY,MIXED,run04,LIDAR_ONLY,0.11424539238214493,0.35518771409988403,0.21974855661392212,0.21765321493148804,0.21974855661392212,0.0,3.4559719562530518,488,1839857,33995,7283,65.33604601911284,0,266,0,0,192.080,11.874510765075684,-19.05336570739746,22.44982808390686,EXPLORING
6713.782000,LIDAR_ONLY,MIXED,run04,LIDAR_ONLY,0.11563930660486221,0.3562992513179779,0.2194291651248932,0.21785807609558105,0.2194291651248932,0.0,1.2451709508895874,489,1843676,34014,7283,65.6711966622982,0,266,0,0,193.081,11.783683776855469,-19.084609985351562,22.42850251886453,EXPLORING
6714.781000,LIDAR_ONLY,MIXED,run04,LIDAR_ONLY,0.11196517944335938,0.35209381580352783,0.21855345368385315,0.2151467502117157,0.21855345368385315,0.0,1.5933589935302734,492,1855129,34047,7283,65.97200478504126,0,267,0,0,194.080,11.691408157348633,-19.109373092651367,22.401283669267844,EXPLORING
6715.781000,LIDAR_ONLY,MIXED,run04,LIDAR_ONLY,0.12219549715518951,0.3609696924686432,0.2227463275194168,0.22405660152435303,0.2227463275194168,0.0,1.6447880268096924,495,1866578,34118,7284,66.28046582643876,0,268,0,0,195.080,11.567306518554688,-19.124515533447266,22.34972601599019,EXPLORING
6716.781000,LIDAR_ONLY,MIXED,run04,LIDAR_ONLY,0.11740347743034363,0.35608410835266113,0.21933962404727936,0.21907757222652435,0.21933962404727936,0.0,1.226559042930603,497,1874211,34137,7296,66.55185945293458,0,269,0,0,196.080,11.381000518798828,-19.161495208740234,22.285667764807936,EXPLORING
6717.781000,LIDAR_ONLY,MIXED,run04,LIDAR_ONLY,0.12497211247682571,0.3606035113334656,0.21797223389148712,0.22242598235607147,0.21797223389148712,0.0,0.7123990058898926,500,1885661,34183,7297,66.8122880034123,0,272,0,0,197.080,11.172407150268555,-19.16735076904297,22.18493502616972,EXPLORING
6718.781000,LIDAR_ONLY,MIXED,run04,LIDAR_ONLY,0.12988899648189545,0.3634166121482849,0.21744826436042786,0.21902017295360565,0.21744826436042786,0.0,0.7181349992752075,503,1897115,34204,7302,67.19162541190835,0,274,0,0,198.080,10.88248348236084,-19.335996627807617,22.187180247819583,EXPLORING
6719.781000,LIDAR_ONLY,MIXED,run04,LIDAR_ONLY,0.13678789138793945,0.36934611201286316,0.21776729822158813,0.21881552040576935,0.21776729822158813,0.0,1.1334799528121948,506,1908565,34226,7302,67.58550676007354,0,276,0,0,199.080,10.615288734436035,-19.50499725341797,22.205661717705393,EXPLORING
6720.781000,LIDAR_ONLY,MIXED,run04,LIDAR_ONLY,0.12606781721115112,0.3575647175312042,0.2165137678384781,0.21677587926387787,0.2165137678384781,0.0,1.0977920293807983,510,1923830,34253,7304,67.88850523001574,0,276,0,0,200.080,10.523755073547363,-19.74365997314453,22.372385781480293,EXPLORING
6721.782000,LIDAR_ONLY,MIXED,run04,LIDAR_ONLY,0.10780222713947296,0.34106793999671936,0.21625164151191711,0.2175622582435608,0.21625164151191711,0.0,0.7835649847984314,512,1931461,34261,7305,68.16027099189152,0,278,0,0,201.081,10.492637634277344,-19.801034927368164,22.40844833106919,EXPLORING
6722.781000,LIDAR_ONLY,MIXED,run04,LIDAR_ONLY,0.11166927218437195,0.3479384183883667,0.21640031039714813,0.2177102416753769,0.21640031039714813,0.0,1.059852957725525,514,1939092,34285,7305,68.59498933246965,0,279,0,0,202.080,10.473084449768066,-19.879440307617188,22.46863912166773,EXPLORING
6723.784000,LIDAR_ONLY,MIXED,run04,LIDAR_ONLY,0.11011850088834763,0.34593379497528076,0.21642182767391205,0.21904511749744415,0.21642182767391205,0.0,5.053325176239014,516,1946716,34301,7305,69.00530996589863,0,281,0,0,203.083,10.416958808898926,-19.914777755737305,22.473842215862707,EXPLORING
6724.781000,LIDAR_ONLY,MIXED,run04,LIDAR_ONLY,0.11243662238121033,0.34789183735847473,0.21875,0.21801944077014923,0.21696874499320984,0.0,1.6946810483932495,518,1954331,34386,7308,69.35311471232626,0,281,0,0,204.080,10.401360511779785,-20.0517578125,22.58812486416909,EXPLORING
6725.782000,LIDAR_ONLY,MIXED,run04,LIDAR_ONLY,0.11286260932683945,0.34703031182289124,0.2208508402109146,0.22032563388347626,0.2208508402109146,0.0,5.457995891571045,519,1958139,34433,7312,69.68038217786483,0,282,0,0,205.081,10.338342666625977,-20.143062591552734,22.640371884094982,EXPLORING
6726.781000,LIDAR_ONLY,MIXED,run04,LIDAR_ONLY,0.11101771146059036,0.3441442847251892,0.21927520632743835,0.21822479367256165,0.21927520632743835,0.0,3.1852989196777344,521,1965754,34479,7317,69.98700406684296,0,283,0,0,206.080,10.238500595092773,-20.294050216674805,22.729662911055357,EXPLORING
6727.782000,LIDAR_ONLY,MIXED,run04,LIDAR_ONLY,0.12001431733369827,0.3519744575023651,0.2218134105205536,0.22023652493953705,0.2218134105205536,0.0,1.7368489503860474,524,1977172,34591,7321,70.2536887496478,0,285,0,0,207.081,10.068947792053223,-20.3388729095459,22.69396320757896,EXPLORING
6728.781000,LIDAR_ONLY,MIXED,run04,LIDAR_ONLY,0.12137850373983383,0.34704679250717163,0.22038350999355316,0.22064617276191711,0.22038350999355316,0.0,1.3475840091705322,526,1984785,34625,7343,70.49002519535085,0,287,0,0,208.080,9.94027328491211,-20.49216651916504,22.774998354970837,EXPLORING
6729.781000,LIDAR_ONLY,MIXED,run04,LIDAR_ONLY,0.09724839776754379,0.32426971197128296,0.22178374230861664,0.22152064740657806,0.22178374230861664,0.0,0.941868007183075,528,1992390,34663,7352,70.86648010353795,0,290,0,0,209.080,9.840399742126465,-20.790170669555664,23.000592023865085,EXPLORING
6730.781000,LIDAR_ONLY,MIXED,run04,LIDAR_ONLY,0.10126964747905731,0.32619425654411316,0.21689918637275696,0.21847854554653168,0.21689918637275696,0.0,1.6757149696350098,530,1999992,34722,7361,71.19094156366253,0,291,0,0,210.080,9.686004638671875,-21.06492805480957,23.18431623653732,EXPLORING
6731.783000,LIDAR_ONLY,MIXED,run04,LIDAR_ONLY,0.09986350685358047,0.32710790634155273,0.22108307480812073,0.22082018852233887,0.22108307480812073,0.0,1.6290520429611206,533,2011402,34808,7371,71.57420502090906,0,293,0,0,211.082,9.618034362792969,-21.378034591674805,23.441191366840247,EXPLORING
6732.781000,LIDAR_ONLY,MIXED,run04,LIDAR_ONLY,0.11187750846147537,0.34223881363868713,0.22085407376289368,0.2184962034225464,0.22085407376289368,0.0,5.258396148681641,536,2022849,34958,7388,71.77080517830464,0,295,0,0,212.080,9.588371276855469,-21.322250366210938,23.37814868663431,EXPLORING
6733.782000,LIDAR_ONLY,MIXED,run04,LIDAR_ONLY,0.12236055731773376,0.35251039266586304,0.215256005525589,0.21708464622497559,0.215256005525589,0.0,4.01007604598999,539,2034321,35020,7408,71.99091363548422,0,297,0,0,213.081,9.602058410644531,-21.259918212890625,23.32694335460305,EXPLORING
6734.781000,LIDAR_ONLY,MIXED,run04,LIDAR_ONLY,0.11279527097940445,0.3452892005443573,0.2197543829679489,0.2179252654314041,0.2197543829679489,0.0,0.5820050239562988,541,2041975,35099,7422,72.22455510330846,0,299,0,0,214.080,9.653504371643066,-21.231237411499023,23.32205285652964,EXPLORING
6735.781000,LIDAR_ONLY,MIXED,run04,LIDAR_ONLY,0.11953704804182053,0.34773680567741394,0.21755027770996094,0.21363280713558197,0.21755027770996094,0.0,2.10337495803833,545,2057288,35171,7443,72.53066708447294,0,300,0,0,215.080,9.730398178100586,-21.005043029785156,23.148543894516774,EXPLORING
6736.785000,LIDAR_ONLY,MIXED,run04,LIDAR_ONLY,0.10923567414283752,0.33837890625,0.21577847003936768,0.21682339906692505,0.21577847003936768,0.0,0.9521750211715698,547,2064944,35245,7456,72.96192056798533,0,302,0,0,216.084,9.64586353302002,-20.649471282958984,22.79048978429263,EXPLORING
6737.782000,LIDAR_ONLY,MIXED,run04,LIDAR_ONLY,0.11365706473588943,0.340631902217865,0.21505095064640045,0.21478965878486633,0.21505095064640045,0.0,1.7170000076293945,549,2072597,35301,7470,73.4078291593633,0,302,0,0,217.081,9.633566856384277,-20.285932540893555,22.456359545003913,EXPLORING
6738.784000,LIDAR_ONLY,MIXED,run04,LIDAR_ONLY,0.13413067162036896,0.3608357012271881,0.2209973782300949,0.21758529543876648,0.2209973782300949,0.0,7.034308910369873,552,2084040,35372,7479,73.76352491783521,0,304,0,0,218.083,9.811382293701172,-20.085742950439453,22.353154735416254,EXPLORING
6739.782000,LIDAR_ONLY,MIXED,run04,LIDAR_ONLY,0.12515871226787567,0.3517763912677765,0.21081648766994476,0.20871619880199432,0.21081648766994476,0.0,1.1922290325164795,555,2095466,35428,7493,74.1552493849852,0,306,0,0,219.081,10.070418357849121,-19.83778953552246,22.24666612008525,EXPLORING
6740.787000,LIDAR_ONLY,MIXED,run04,LIDAR_ONLY,0.12614424526691437,0.35171958804130554,0.21916010975837708,0.21653543412685394,0.21916010975837708,0.0,11.119239807128906,558,2106901,35462,7504,74.5056788718535,0,308,0,0,220.086,10.183862686157227,-19.567115783691406,22.057788222861102,EXPLORING
6741.796000,LIDAR_ONLY,MIXED,run04,LIDAR_ONLY,0.13135699927806854,0.35410958528518677,0.21406085789203644,0.2153725028038025,0.21406085789203644,0.0,1.930305004119873,561,2118338,35490,7512,74.70535796395656,0,310,0,0,221.095,10.349433898925781,-19.489377975463867,22.066021760899172,EXPLORING
6742.794000,LIDAR_ONLY,MIXED,run04,LIDAR_ONLY,0.12575763463974,0.35019028186798096,0.21589717268943787,0.21636506915092468,0.21589717268943787,0.0,2.530958890914917,563,2125963,35515,7512,75.09702111900164,0,312,0,0,222.093,10.688968658447266,-19.439733505249023,22.183762965818403,EXPLORING
6743.781000,LIDAR_ONLY,MIXED,run04,LIDAR_ONLY,0.12864740192890167,0.3441963791847229,0.21359223127365112,0.21490421891212463,0.21359223127365112,0.0,2.626410961151123,564,2129774,35535,7516,75.48507854777459,0,314,0,0,223.080,10.968611717224121,-19.256967544555664,22.16084146027456,EXPLORING
6744.782000,LIDAR_ONLY,MIXED,run04,LIDAR_ONLY,0.1259651482105255,0.3433230519294739,0.20498034358024597,0.20707732439041138,0.20498034358024597,0.0,13.322138786315918,566,2137405,35548,7517,75.88478060319291,0,315,0,0,224.081,11.21669864654541,-19.007871627807617,22.069773150743654,EXPLORING
6745.781000,LIDAR_ONLY,MIXED,run04,LIDAR_ONLY,0.12215632200241089,0.346780925989151,0.20827876031398773,0.20985066890716553,0.20827876031398773,0.0,2.0505640506744385,568,2145037,35563,7518,76.27199842088754,0,316,0,0,225.080,11.520355224609375,-18.8792667388916,22.115745070144897,EXPLORING
6746.781000,LIDAR_ONLY,MIXED,run04,LIDAR_ONLY,0.12574656307697296,0.3496256172657013,0.21995286643505096,0.2165488302707672,0.21995286643505096,0.0,4.919336795806885,570,2152675,35579,7519,76.55563062611338,0,317,0,0,226.080,11.78406810760498,-18.824573516845703,22.207864284420648,EXPLORING
6747.781000,LIDAR_ONLY,MIXED,run04,LIDAR_ONLY,0.12425688654184341,0.350582480430603,0.21602514386177063,0.21550144255161285,0.21602514386177063,0.0,0.8985850214958191,573,2164129,35588,7519,77.03979156170126,0,320,0,0,227.080,12.189586639404297,-18.75599479675293,22.3681251920574,EXPLORING
6748.781000,LIDAR_ONLY,MIXED,run04,LIDAR_ONLY,0.12292294949293137,0.3487412929534912,0.22178581357002258,0.21785807609558105,0.22178581357002258,0.0,0.8094540238380432,575,2171766,35600,7519,77.41097391906206,0,320,0,0,228.080,12.531482696533203,-18.700838088989258,22.510407245386265,EXPLORING
6749.781000,LIDAR_ONLY,MIXED,run04,LIDAR_ONLY,0.12302178889513016,0.3498395085334778,0.21404244005680084,0.21142257750034332,0.21404244005680084,0.0,0.7920519709587097,580,2190857,35634,7519,77.70759316712571,0,321,0,0,229.080,12.801529884338379,-18.674409866333008,22.64003685469059,EXPLORING
6750.781000,LIDAR_ONLY,MIXED,run04,LIDAR_ONLY,0.136943519115448,0.3578678369522095,0.2151467502117157,0.21252620220184326,0.2151467502117157,0.0,0.8893619775772095,583,2202309,35664,7523,78.1284710502951,0,323,0,0,230.080,13.15973949432373,-18.7612361907959,22.915506955815296,EXPLORING
6751.782000,LIDAR_ONLY,MIXED,run04,LIDAR_ONLY,0.13723604381084442,0.35345062613487244,0.21357442438602448,0.21147798001766205,0.21357442438602448,0.0,0.9366850256919861,586,2213760,35709,7523,78.4607914858749,0,325,0,0,231.081,13.396658897399902,-18.936166763305664,23.194956189960394,EXPLORING
6752.782000,LIDAR_ONLY,MIXED,run04,LIDAR_ONLY,0.12844538688659668,0.3472551703453064,0.21409852802753448,0.21200209856033325,0.21409852802753448,0.0,1.2691019773483276,589,2225214,35719,7528,78.8778200199039,0,327,0,0,232.081,13.739109992980957,-19.039697647094727,23.478278741236373,EXPLORING
6753.781000,LIDAR_ONLY,MIXED,run04,LIDAR_ONLY,0.1234637200832367,0.3444591164588928,0.21896280348300934,0.22001047432422638,0.21896280348300934,0.0,0.9181640148162842,591,2232851,35743,7530,79.2137010947778,0,329,0,0,233.080,13.984509468078613,-19.162315368652344,23.72164803766513,EXPLORING
6754.782000,LIDAR_ONLY,MIXED,run04,LIDAR_ONLY,0.11952171474695206,0.34574374556541443,0.21928216516971588,0.2203301042318344,0.21928216516971588,0.0,0.8511520028114319,594,2244301,35790,7532,79.48348702885414,0,331,0,0,234.081,14.210946083068848,-19.042930603027344,23.760042053628375,EXPLORING
6755.781000,LIDAR_ONLY,MIXED,run04,LIDAR_ONLY,0.11113737523555756,0.34023359417915344,0.21340665221214294,0.21288295090198517,0.21340665221214294,0.0,0.8494600057601929,596,2251935,35962,7547,79.85103027421962,0,333,0,0,235.080,14.51109790802002,-18.949636459350586,23.866620480649896,EXPLORING
6756.781000,LIDAR_ONLY,MIXED,run04,LIDAR_ONLY,0.12427613884210587,0.35022029280662537,0.21346254646778107,0.21608172357082367,0.21346254646778107,0.0,1.3423550128936768,599,2263390,36318,7592,80.11377470685112,0,334,0,0,236.080,14.717754364013672,-18.910743713378906,23.96211663317559,EXPLORING
6757.781000,LIDAR_ONLY,MIXED,run04,LIDAR_ONLY,0.12510469555854797,0.3508744239807129,0.21162912249565125,0.21031953394412994,0.21162912249565125,0.0,0.6779919862747192,602,2274840,36510,7664,80.44985203575365,0,335,0,0,237.080,15.017147064208984,-18.951629638671875,24.17918226352052,EXPLORING
6758.782000,LIDAR_ONLY,MIXED,run04,LIDAR_ONLY,0.13463535904884338,0.3576678931713104,0.21273250877857208,0.21168456971645355,0.21273250877857208,0.0,6.777001857757568,605,2286291,36726,7757,80.73146495632223,0,336,0,0,238.081,15.283854484558105,-18.927431106567383,24.32688288549947,EXPLORING
6759.784000,LIDAR_ONLY,MIXED,run04,LIDAR_ONLY,0.13202273845672607,0.3559640049934387,0.21415464580059052,0.21415464580059052,0.21415464580059052,0.0,1.545820951461792,606,2290106,36766,7825,81.14635343074822,0,338,0,0,239.083,15.625869750976562,-18.88273811340332,24.508740049354113,EXPLORING
6760.785000,LIDAR_ONLY,MIXED,run04,LIDAR_ONLY,0.12344024330377579,0.3431335389614105,0.21293871104717255,0.21346254646778107,0.21293871104717255,0.0,11.05226993560791,607,2293924,36847,7835,81.51743364979859,0,339,0,0,240.084,15.747512817382812,-18.94481086730957,24.634172577940202,EXPLORING
6761.789000,LIDAR_ONLY,MIXED,run04,LIDAR_ONLY,0.12703660130500793,0.3464190363883972,0.21215295791625977,0.21739129722118378,0.21215295791625977,0.0,3.4083499908447266,608,2297742,36881,7853,81.91210146875495,0,341,0,0,241.088,15.707186698913574,-19.014707565307617,24.662264240239935,EXPLORING
6762.781000,LIDAR_ONLY,MIXED,run04,LIDAR_ONLY,0.1223146840929985,0.3503846526145935,0.2137804627418518,0.21011266112327576,0.2137804627418518,0.0,1.8230379819869995,610,2305373,36955,7867,82.16246750472231,0,341,0,0,242.080,15.837016105651855,-19.09816551208496,24.809335647235933,EXPLORING
6763.781000,LIDAR_ONLY,MIXED,run04,LIDAR_ONLY,0.13210433721542358,0.3579373061656952,0.21220853924751282,0.21509037911891937,0.21220853924751282,0.0,1.8024510145187378,612,2313006,37105,7907,82.46647883618822,0,342,0,0,243.080,16.106626510620117,-18.983121871948242,24.89445777582739,EXPLORING
6764.783000,LIDAR_ONLY,MIXED,run04,LIDAR_ONLY,0.1237654983997345,0.3479391038417816,0.21278825402259827,0.2156708538532257,0.21278825402259827,0.0,1.0636860132217407,614,2320637,37397,7970,82.86588724696342,0,343,0,0,244.082,16.457624435424805,-18.99494171142578,25.131896078878153,EXPLORING
6765.781000,LIDAR_ONLY,MIXED,run04,LIDAR_ONLY,0.1325475126504898,0.3561308979988098,0.2133682817220688,0.21494102478027344,0.2133682817220688,0.0,1.311123013496399,617,2332082,37531,8049,83.24610379118123,0,344,0,0,245.080,16.813264846801758,-18.988035202026367,25.361026080395153,EXPLORING
6766.782000,LIDAR_ONLY,MIXED,run04,LIDAR_ONLY,0.12035367637872696,0.3487454056739807,0.21174004673957825,0.21226415038108826,0.21174004673957825,0.0,0.8398290276527405,619,2339714,37583,8093,83.65599102786908,0,344,0,0,246.081,17.170215606689453,-18.95455551147461,25.574227016329868,EXPLORING
6767.785000,LIDAR_ONLY,MIXED,run04,LIDAR_ONLY,0.11413617432117462,0.34610334038734436,0.21278825402259827,0.21305032074451447,0.21278825402259827,0.0,0.8928279876708984,622,2351165,37656,8115,84.00208886722909,0,346,0,0,247.084,17.401535034179688,-18.80476188659668,25.61994867517591,EXPLORING
6768.781000,LIDAR_ONLY,MIXED,run04,LIDAR_ONLY,0.13392429053783417,0.3562001883983612,0.2069236785173416,0.2111198604106903,0.2069236785173416,0.0,1.0432360172271729,625,2362608,37734,8134,84.22998829096024,0,347,0,0,248.080,17.44363021850586,-18.79572296142578,25.641931285961135,EXPLORING
6769.782000,LIDAR_ONLY,MIXED,run04,LIDAR_ONLY,0.11338464170694351,0.3263069987297058,0.21329495310783386,0.21303324401378632,0.21329495310783386,0.0,0.9459499716758728,627,2370241,37815,8178,84.4068759957476,0,349,0,0,249.081,17.436832427978516,-18.889463424682617,25.70610996564868,EXPLORING
6770.781000,LIDAR_ONLY,MIXED,run04,LIDAR_ONLY,0.11506535857915878,0.3405672609806061,0.21181102097034454,0.2131233662366867,0.21181102097034454,0.0,2.183434009552002,630,2381679,37949,8178,84.7241715757224,0,349,0,0,250.080,17.5174503326416,-18.839401245117188,25.72417393390108,EXPLORING
6771.783000,LIDAR_ONLY,MIXED,run04,LIDAR_ONLY,0.11612953245639801,0.3471858501434326,0.20881426334381104,0.2122245579957962,0.20881426334381104,0.0,0.8993669748306274,633,2393125,38035,8230,85.13612843841736,0,351,0,0,251.082,17.67464256286621,-18.619150161743164,25.671280440881414,EXPLORING
6772.782000,LIDAR_ONLY,MIXED,run04,LIDAR_ONLY,0.11962442845106125,0.34950339794158936,0.2148846983909607,0.21881552040576935,0.2148846983909607,0.0,1.921444058418274,636,2404570,38126,8256,85.3759956357582,0,353,0,0,252.081,17.829345703125,-18.578737258911133,25.74885766833606,EXPLORING
6773.781000,LIDAR_ONLY,MIXED,run04,LIDAR_ONLY,0.11667964607477188,0.3463384211063385,0.21001572906970978,0.212899848818779,0.21001572906970978,0.0,1.156345009803772,638,2412199,38191,8279,85.66432847413304,0,354,0,0,253.080,18.005229949951172,-18.528533935546875,25.834921995857684,EXPLORING
6774.781000,LIDAR_ONLY,MIXED,run04,LIDAR_ONLY,0.11708972603082657,0.3469441533088684,0.21262110769748688,0.21393035352230072,0.21262110769748688,0.0,1.1630940437316895,641,2423652,38250,8288,85.91720492455842,0,355,0,0,254.080,18.168481826782227,-18.468353271484375,25.90601960127102,EXPLORING
6775.781000,LIDAR_ONLY,MIXED,run04,LIDAR_ONLY,0.1186717078089714,0.34576416015625,0.20744819939136505,0.20771045982837677,0.20744819939136505,0.0,1.1239720582962036,644,2435089,38348,8307,86.18727953864938,0,356,0,0,255.080,18.36214256286621,-18.434226989746094,26.01800715882465,EXPLORING
6776.781000,LIDAR_ONLY,MIXED,run04,LIDAR_ONLY,0.12273448705673218,0.3468888998031616,0.21168456971645355,0.21430443227291107,0.21168456971645355,0.0,2.1886229515075684,646,2442719,38414,8345,86.43623540206296,0,356,0,0,256.080,18.560195922851562,-18.42682456970215,26.15293563193959,EXPLORING
6777.782000,LIDAR_ONLY,MIXED,run04,LIDAR_ONLY,0.12354645133018494,0.3476654589176178,0.21194656193256378,0.21325647830963135,0.21194656193256378,0.0,1.094939947128296,648,2450353,38462,8375,86.69738182665688,0,357,0,0,257.081,18.755342483520508,-18.44969940185547,26.307815921776555,EXPLORING
6778.782000,LIDAR_ONLY,MIXED,run04,LIDAR_ONLY,0.13055992126464844,0.3534872531890869,0.21211326122283936,0.21263764798641205,0.21211326122283936,0.0,2.373373031616211,650,2457983,38510,8386,86.9519442674608,0,358,0,0,258.081,18.944351196289062,-18.441381454467773,26.43708613396398,EXPLORING
6779.781000,LIDAR_ONLY,MIXED,run04,LIDAR_ONLY,0.12668311595916748,0.35069841146469116,0.21252620220184326,0.21671907603740692,0.21252620220184326,0.0,5.197824954986572,652,2465614,38569,8402,87.28653987853782,0,360,0,0,259.080,19.256967544555664,-18.44040298461914,26.661304786593004,EXPLORING
6780.783000,LIDAR_ONLY,MIXED,run04,LIDAR_ONLY,0.12405528873205185,0.34901994466781616,0.2103746384382248,0.21404244005680084,0.2103746384382248,0.0,6.739902973175049,654,2473247,38609,8421,87.70597736577459,0,363,0,0,260.082,19.59552764892578,-18.434480667114258,26.9027884500547,EXPLORING
6781.781000,LIDAR_ONLY,MIXED,run04,LIDAR_ONLY,0.12187695503234863,0.3348156809806824,0.21099476516246796,0.21361257135868073,0.21099476516246796,0.0,1.0746179819107056,656,2480884,38672,8437,88.08257927985974,0,364,0,0,261.080,19.855676651000977,-18.51478385925293,27.147555624872407,EXPLORING
6782.784000,LIDAR_ONLY,MIXED,run04,LIDAR_ONLY,0.12688447535037994,0.35060203075408936,0.20230306684970856,0.20518189668655396,0.20230306684970856,0.0,1.129338026046753,658,2488521,38706,8447,88.39691948117535,0,366,0,0,262.083,20.139759063720703,-18.518569946289062,27.3585712512144,EXPLORING
6783.783000,LIDAR_ONLY,MIXED,run04,LIDAR_ONLY,0.12279994040727615,0.3548150062561035,0.20722134411334991,0.20957614481449127,0.20722134411334991,0.0,1.7648040056228638,660,2496166,38785,8468,88.77955994272111,0,367,0,0,263.082,20.376005172729492,-18.339401245117188,27.412752568116613,EXPLORING
6784.783000,LIDAR_ONLY,MIXED,run04,LIDAR_ONLY,0.11654332280158997,0.35009869933128357,0.2069055736064911,0.21266020834445953,0.2069055736064911,0.0,3.663311004638672,662,2503811,38863,8490,89.05246784659036,0,369,0,0,264.082,20.471435546875,-18.154205322265625,27.360529836916132,EXPLORING
6785.782000,LIDAR_ONLY,MIXED,run04,LIDAR_ONLY,0.13238276541233063,0.35527297854423523,0.20612084865570068,0.20402824878692627,0.20612084865570068,0.0,1.1465150117874146,664,2511452,38976,8507,89.33051588954855,0,371,0,0,265.081,20.42133903503418,-18.258073806762695,27.392190598078347,EXPLORING
6786.785000,LIDAR_ONLY,MIXED,run04,LIDAR_ONLY,0.12743045389652252,0.3471166491508484,0.21815328299999237,0.21658383309841156,0.21815328299999237,0.0,2.132054090499878,667,2522923,39031,8538,89.59435272438817,0,372,0,0,266.084,20.649303436279297,-18.326126098632812,27.607677880189645,EXPLORING
6787.781000,LIDAR_ONLY,MIXED,run04,LIDAR_ONLY,0.13017487525939941,0.3553794324398041,0.21329495310783386,0.2146035134792328,0.21329495310783386,0.0,0.895546019077301,670,2534389,39151,8555,89.98421469159348,0,372,0,0,267.080,20.981739044189453,-18.25102424621582,27.80783904316614,EXPLORING
6788.781000,LIDAR_ONLY,MIXED,run04,LIDAR_ONLY,0.12457013130187988,0.3542635440826416,0.2100444734096527,0.21239863336086273,0.2100444734096527,0.0,1.0141750574111938,673,2545859,39258,8581,90.42219767887137,0,373,0,0,268.080,21.301372528076172,-18.05531120300293,27.922838708671595,EXPLORING
6789.783000,LIDAR_ONLY,MIXED,run04,LIDAR_ONLY,0.12499012053012848,0.34976255893707275,0.20313724875450134,0.20732025802135468,0.20313724875450134,0.0,2.298229932785034,676,2557327,39330,8605,90.74921781218485,0,376,0,0,269.082,21.57362174987793,-17.954565048217773,28.066515555996883,EXPLORING
6790.783000,LIDAR_ONLY,MIXED,run04,LIDAR_ONLY,0.12095721065998077,0.34724605083465576,0.20705881714820862,0.21228757500648499,0.20705881714820862,0.0,1.004425048828125,678,2564972,39478,8633,91.15422550483649,0,377,0,0,270.082,21.935344696044922,-17.874866485595703,28.295075256839848,EXPLORING
6791.781000,LIDAR_ONLY,MIXED,run04,LIDAR_ONLY,0.11618893593549728,0.3503044545650482,0.21432305872440338,0.2200731784105301,0.21432305872440338,0.0,1.2256170511245728,680,2572622,39563,8661,91.5349510090766,0,379,0,0,271.080,22.175199508666992,-17.71953582763672,28.38418866386467,EXPLORING
6792.781000,LIDAR_ONLY,MIXED,run04,LIDAR_ONLY,0.12309729307889938,0.3550320565700531,0.21124182641506195,0.2141176462173462,0.21124182641506195,0.0,1.4082460403442383,682,2580275,39670,8685,91.82176162002483,0,379,0,0,272.080,22.296483993530273,-17.54739761352539,28.3722577889177,EXPLORING
6793.781000,LIDAR_ONLY,MIXED,run04,LIDAR_ONLY,0.13655568659305573,0.35771265625953674,0.21363280713558197,0.21389396488666534,0.21363280713558197,0.0,2.271749973297119,688,2603237,40070,8706,92.10644141038273,0,380,0,0,273.080,22.233346939086914,-17.638465881347656,28.379180610785756,EXPLORING
6794.784000,LIDAR_ONLY,MIXED,run04,LIDAR_ONLY,0.11574797332286835,0.345277339220047,0.21719811856746674,0.21641400456428528,0.21719811856746674,0.0,1.4873219728469849,691,2614719,40332,8776,92.42102595500735,0,381,0,0,274.083,22.499460220336914,-17.741252899169922,28.65166392229866,EXPLORING
6795.786000,LIDAR_ONLY,MIXED,run04,LIDAR_ONLY,0.12651187181472778,0.3569173216819763,0.21833376586437225,0.21389396488666534,0.21833376586437225,0.0,7.377246856689453,693,2622375,40423,8818,92.71580689589811,0,383,0,0,275.085,22.74871826171875,-17.606414794921875,28.76507825443153,EXPLORING
6796.785000,LIDAR_ONLY,MIXED,run04,LIDAR_ONLY,0.1243654265999794,0.35568755865097046,0.21081504225730896,0.21421107649803162,0.21081504225730896,0.0,4.307158946990967,695,2630031,40490,8847,93.14188985455797,0,384,0,0,276.084,23.014057159423828,-17.376121520996094,28.836015683415845,EXPLORING
6797.789000,LIDAR_ONLY,MIXED,run04,LIDAR_ONLY,0.12461937218904495,0.35468950867652893,0.20935703814029694,0.21327757835388184,0.20935703814029694,0.0,8.20313835144043,696,2633857,40572,8863,93.40538810297893,0,384,0,0,277.088,23.157678604125977,-17.253591537475586,28.877390711789932,EXPLORING
6798.784000,LIDAR_ONLY,MIXED,run04,LIDAR_ONLY,0.12695243954658508,0.3548346757888794,0.21008622646331787,0.2142670452594757,0.21008622646331787,0.0,2.53936505317688,698,2641511,40653,8872,93.68029491623915,0,386,0,0,278.083,23.38326644897461,-17.163545608520508,29.005228368851007,EXPLORING
6799.788000,LIDAR_ONLY,MIXED,run04,LIDAR_ONLY,0.10920166969299316,0.3316141366958618,0.21635745465755463,0.21557354927062988,0.21635745465755463,0.0,1.4629930257797241,699,2645338,40731,8880,94.09138853347314,0,387,0,0,279.087,23.719375610351562,-17.22449493408203,29.312627156156292,EXPLORING
6800.783000,LIDAR_ONLY,MIXED,run04,LIDAR_ONLY,0.11584962159395218,0.33897683024406433,0.21868476271629333,0.21816283464431763,0.21868476271629333,0.0,3.499156951904297,701,2653000,40865,8908,94.48217961222565,0,388,0,0,280.082,24.022626876831055,-17.267244338989258,29.58347167551039,EXPLORING
6801.782000,LIDAR_ONLY,MIXED,run04,LIDAR_ONLY,0.12341020256280899,0.34515443444252014,0.21760711073875427,0.2165621668100357,0.21760711073875427,0.0,0.7501389980316162,703,2660659,41018,8954,94.85319256932097,0,390,0,0,281.081,24.358503341674805,-17.271223068237305,29.85914648429958,EXPLORING
6802.783000,LIDAR_ONLY,MIXED,run04,LIDAR_ONLY,0.12469421327114105,0.3486684560775757,0.21404333412647247,0.21691463887691498,0.21404333412647247,0.0,0.7303770184516907,705,2668321,41135,8987,95.30118475752793,0,392,0,0,282.082,24.736906051635742,-17.250125885009766,30.15654869076119,EXPLORING
6803.782000,LIDAR_ONLY,MIXED,run04,LIDAR_ONLY,0.12088820338249207,0.3476574122905731,0.21393164992332458,0.21627967059612274,0.21393164992332458,0.0,0.6936740279197693,707,2675987,41259,9014,95.73242172119735,0,393,0,0,283.081,25.120420455932617,-17.230876922607422,30.461023685752092,EXPLORING
6804.782000,LIDAR_ONLY,MIXED,run04,LIDAR_ONLY,0.1312105655670166,0.3543829917907715,0.21387584507465363,0.21387584507465363,0.21387584507465363,0.0,0.8828200101852417,709,2683653,41401,9034,95.98897588524201,0,395,0,0,284.081,25.350875854492188,-17.179468154907227,30.622474431674316,EXPLORING
6805.783000,LIDAR_ONLY,MIXED,run04,LIDAR_ONLY,0.13054457306861877,0.3527663052082062,0.21620914340019226,0.21568627655506134,0.21620914340019226,0.0,1.2587419748306274,716,2710461,41828,9062,96.37390850537196,0,396,0,0,285.082,25.695344924926758,-17.14516830444336,30.889185822360343,EXPLORING
6806.782000,LIDAR_ONLY,MIXED,run04,LIDAR_ONLY,0.11194680631160736,0.3335655927658081,0.2238493710756302,0.218619242310524,0.2238493710756302,0.0,2.1839048862457275,718,2718104,42094,9154,96.66768215214054,0,399,0,0,286.081,25.946016311645508,-17.145233154296875,31.098047185426065,EXPLORING
6807.782000,LIDAR_ONLY,MIXED,run04,LIDAR_ONLY,0.1216265857219696,0.34706974029541016,0.21731171011924744,0.21835774183273315,0.21731171011924744,0.0,1.8109500408172607,721,2729574,42277,9198,96.98281875940891,0,401,0,0,287.081,26.006155014038086,-17.17230987548828,31.16315033536505,EXPLORING
6808.782000,LIDAR_ONLY,MIXED,run04,LIDAR_ONLY,0.1339646875858307,0.35684263706207275,0.21417364478111267,0.21678870916366577,0.21417364478111267,0.0,0.8924210071563721,723,2737226,42358,9228,97.21065841723728,0,401,0,0,288.081,26.214719772338867,-17.14101219177246,31.32026594112492,EXPLORING
6809.785000,LIDAR_ONLY,MIXED,run04,LIDAR_ONLY,0.12465068697929382,0.3514985740184784,0.21269924938678741,0.20930232107639313,0.21269924938678741,0.0,1.1836719512939453,725,2744877,42591,9237,97.73543644883215,0,404,0,0,289.084,26.31171989440918,-17.017601013183594,31.334302111667178,EXPLORING
6810.784000,LIDAR_ONLY,MIXED,run04,LIDAR_ONLY,0.10918064415454865,0.3305407464504242,0.21940375864505768,0.2170502096414566,0.21940375864505768,0.0,0.8708580136299133,729,2760178,42859,9286,98.04785761471086,0,405,0,0,290.083,26.367115020751953,-17.20680046081543,31.48383084252734,EXPLORING
6811.782000,LIDAR_ONLY,MIXED,run04,LIDAR_ONLY,0.10963153839111328,0.33020952343940735,0.22018828988075256,0.21940375864505768,0.22018828988075256,0.0,0.752348005771637,731,2767828,43027,9354,98.33855383423685,0,407,0,0,291.081,26.565155029296875,-17.3372802734375,31.7209885031405,EXPLORING
6812.781000,LIDAR_ONLY,MIXED,run04,LIDAR_ONLY,0.12153740227222443,0.34109246730804443,0.2237323522567749,0.22320961952209473,0.2237323522567749,0.0,1.0096230506896973,734,2779309,43142,9392,98.72268120249288,0,408,0,0,292.080,26.83089828491211,-17.576499938964844,32.07432122741376,EXPLORING
6813.782000,LIDAR_ONLY,MIXED,run04,LIDAR_ONLY,0.13174216449260712,0.35080888867378235,0.21359476447105408,0.21673202514648438,0.21359476447105408,0.0,1.3334100246429443,736,2786959,43318,9420,99.1409183364937,0,410,0,0,293.081,27.17487144470215,-17.67209815979004,32.414619478627294,EXPLORING
6814.784000,LIDAR_ONLY,MIXED,run04,LIDAR_ONLY,0.11290710419416428,0.33272236585617065,0.21385620534420013,0.21699346601963043,0.21385620534420013,0.0,6.849153995513916,737,2790784,43342,9456,99.55309168198505,0,412,0,0,294.083,27.203718185424805,-17.77876853942871,32.49704000851308,EXPLORING
6815.782000,LIDAR_ONLY,MIXED,run04,LIDAR_ONLY,0.14446166157722473,0.35689324140548706,0.2127937376499176,0.2146214097738266,0.2127937376499176,0.0,2.031096935272217,739,2798443,43455,9462,99.86805602243423,0,414,0,0,295.081,27.494890213012695,-17.81672477722168,32.76178833128757,EXPLORING
6816.781000,LIDAR_ONLY,MIXED,run04,LIDAR_ONLY,0.11340949684381485,0.3369780480861664,0.2148825079202652,0.2177545726299286,0.2148825079202652,0.0,2.0155930519104004,741,2806104,43495,9483,100.17943366240476,0,415,0,0,296.080,27.752490997314453,-17.808805465698242,32.97398837674721,EXPLORING
6817.781000,LIDAR_ONLY,MIXED,run04,LIDAR_ONLY,0.12596949934959412,0.3499297499656677,0.2159268856048584,0.21749347448349,0.2159268856048584,0.0,3.828376054763794,742,2809934,43571,9492,100.51535643326615,0,417,0,0,297.080,27.970516204833984,-17.791959762573242,33.14864690617425,EXPLORING
6818.781000,LIDAR_ONLY,MIXED,run04,LIDAR_ONLY,0.11035019159317017,0.3301747143268585,0.2162584662437439,0.21782177686691284,0.2162584662437439,0.0,1.3702690601348877,745,2821441,43922,9572,100.82207133830251,0,418,0,0,298.080,28.055179595947266,-17.802968978881836,33.226011074501955,EXPLORING
6819.781000,LIDAR_ONLY,MIXED,run04,LIDAR_ONLY,0.11662207543849945,0.33596736192703247,0.21596243977546692,0.21674491465091705,0.21596243977546692,0.0,1.3159159421920776,747,2829108,44108,9572,101.01526357525742,0,419,0,0,299.080,28.124467849731445,-17.9135799407959,33.343827175071084,EXPLORING
6820.782000,LIDAR_ONLY,MIXED,run04,LIDAR_ONLY,0.13411392271518707,0.3489123582839966,0.21715328097343445,0.21949948370456696,0.21715328097343445,0.0,1.2468750476837158,749,2836780,44210,9649,101.40079880671051,0,420,0,0,300.081,28.43516731262207,-18.060749053955078,33.68497329453415,EXPLORING
6821.782000,LIDAR_ONLY,MIXED,run04,LIDAR_ONLY,0.1351315975189209,0.3492823541164398,0.21501173079013824,0.2173573076725006,0.21501173079013824,0.0,1.0575000047683716,751,2844450,44269,9664,101.78045560791104,0,422,0,0,301.081,28.77034568786621,-18.186418533325195,34.035361996026765,EXPLORING
6822.781000,LIDAR_ONLY,MIXED,run04,LIDAR_ONLY,0.1316557377576828,0.34818294644355774,0.2121449112892151,0.21579359471797943,0.2121449112892151,0.0,1.0353920459747314,753,2852123,44295,9672,102.17240719828754,0,425,0,0,302.080,29.085472106933594,-18.353294372558594,34.390908525287564,EXPLORING
6823.782000,LIDAR_ONLY,MIXED,run04,LIDAR_ONLY,0.1258557140827179,0.3458632826805115,0.2096354216337204,0.21640625596046448,0.2096354216337204,0.0,0.5791699886322021,756,2863641,44396,9673,102.57751600763363,0,427,0,0,303.081,29.372371673583984,-18.546314239501953,34.736547631025374,EXPLORING
6824.781000,LIDAR_ONLY,MIXED,run04,LIDAR_ONLY,0.14395882189273834,0.3547476828098297,0.21640625596046448,0.21770833432674408,0.21640625596046448,0.0,2.0820720195770264,759,2875160,44465,9681,102.95591364416302,0,427,0,0,304.080,29.656517028808594,-18.741086959838867,35.08079763812325,EXPLORING
6825.781000,LIDAR_ONLY,MIXED,run04,LIDAR_ONLY,0.12621542811393738,0.34717437624931335,0.21536459028720856,0.21588541567325592,0.21536459028720856,0.0,0.6117830276489258,761,2882840,44622,9705,103.30442210109614,0,429,0,0,305.080,29.98667335510254,-18.794837951660156,35.38885179577341,EXPLORING
6826.783000,LIDAR_ONLY,MIXED,run04,LIDAR_ONLY,0.13047033548355103,0.3490048944950104,0.21516019105911255,0.2159416526556015,0.21516019105911255,0.0,1.1814639568328857,764,2894357,44685,9743,103.67297316642588,0,431,0,0,306.082,30.188779830932617,-19.063722610473633,35.70310397924449,EXPLORING
6827.787000,LIDAR_ONLY,MIXED,run04,LIDAR_ONLY,0.1480189710855484,0.35661619901657104,0.21718749403953552,0.21666666865348816,0.21718749403953552,0.0,3.9274280071258545,766,2902036,44774,9754,104.02876924589687,0,432,0,0,307.086,30.48441505432129,-19.210590362548828,36.03150450013417,EXPLORING
6828.781000,LIDAR_ONLY,MIXED,run04,LIDAR_ONLY,0.11949324607849121,0.34268367290496826,0.21432290971279144,0.2161458283662796,0.21432290971279144,0.0,15.55598258972168,768,2909716,44871,9768,104.31803770121452,0,434,0,0,308.080,30.72710418701172,-19.261079788208008,36.26384666039493,EXPLORING
6829.781000,LIDAR_ONLY,MIXED,run04,LIDAR_ONLY,0.12932905554771423,0.3478885889053345,0.21119791269302368,0.21250000596046448,0.21119791269302368,0.0,0.787214994430542,770,2917396,44996,9782,104.63589221205697,0,435,0,0,309.080,30.8834228515625,-19.52368927001953,36.536039217245154,EXPLORING
6830.782000,LIDAR_ONLY,MIXED,run04,LIDAR_ONLY,0.13349200785160065,0.34984642267227173,0.21848958730697632,0.2174479216337204,0.21848958730697632,0.0,1.2983180284500122,773,2928916,45118,9810,105.02493102238635,0,436,0,0,310.081,31.147214889526367,-19.739282608032227,36.87423865157527,EXPLORING
6831.781000,LIDAR_ONLY,MIXED,run04,LIDAR_ONLY,0.11041141301393509,0.3318730890750885,0.21979166567325592,0.21692708134651184,0.21979166567325592,0.0,1.0928629636764526,776,2940436,45239,9834,105.36117537352705,0,438,0,0,311.080,31.2150821685791,-19.94189453125,37.04026735856196,EXPLORING
6832.782000,LIDAR_ONLY,MIXED,run04,LIDAR_ONLY,0.13855861127376556,0.3501206338405609,0.21484375,0.2161458283662796,0.21484375,0.0,1.3500109910964966,777,2944276,45304,9865,105.72755452148152,0,438,0,0,312.081,31.35468292236328,-20.199119567871094,37.29666161540621,EXPLORING
6833.783000,LIDAR_ONLY,MIXED,run04,LIDAR_ONLY,0.13198262453079224,0.348045289516449,0.21536459028720856,0.2161458283662796,0.21536459028720856,0.0,1.9574780464172363,779,2951956,45343,9885,106.11065014084451,0,439,0,0,313.082,31.672937393188477,-20.342967987060547,37.64214326381294,EXPLORING
6834.782000,LIDAR_ONLY,MIXED,run04,LIDAR_ONLY,0.12593446671962738,0.34274163842201233,0.21119791269302368,0.21458333730697632,0.21119791269302368,0.0,1.3070640563964844,781,2959636,45491,9904,106.46254148056785,0,441,0,0,314.081,31.89225959777832,-20.59604263305664,37.96356386234363,EXPLORING
6835.786000,LIDAR_ONLY,MIXED,run04,LIDAR_ONLY,0.13616791367530823,0.34764161705970764,0.21484375,0.21692708134651184,0.21484375,0.0,12.65489673614502,782,2963476,45542,9904,106.867833729731,0,443,0,0,315.085,32.05337905883789,-20.903947830200195,38.266336979561885,EXPLORING
6836.782000,LIDAR_ONLY,MIXED,run04,LIDAR_ONLY,0.11280788481235504,0.33382171392440796,0.21901041269302368,0.21796874701976776,0.21901041269302368,0.0,2.157737970352173,783,2967316,45600,9929,107.30897522146114,0,444,0,0,316.081,32.15088653564453,-20.970130920410156,38.384164016454214,EXPLORING
6837.782000,LIDAR_ONLY,MIXED,run04,LIDAR_ONLY,0.12529678642749786,0.34215137362480164,0.2200520783662796,0.21901041269302368,0.2200520783662796,0.0,1.3815749883651733,785,2974996,45731,9954,107.65630522661868,0,447,0,0,317.081,32.17934036254883,-21.08709144592285,38.47198157118761,EXPLORING
6838.788000,LIDAR_ONLY,MIXED,run04,LIDAR_ONLY,0.13599343597888947,0.34909653663635254,0.21171875298023224,0.21458333730697632,0.21171875298023224,0.0,1.0835219621658325,786,2978836,45731,10004,107.92945368562864,0,449,0,0,318.087,32.31431579589844,-21.190433502197266,38.64152060620738,EXPLORING
6839.783000,LIDAR_ONLY,MIXED,run04,LIDAR_ONLY,0.13828854262828827,0.3485473692417145,0.21901041269302368,0.21901041269302368,0.21901041269302368,0.0,3.8907699584960938,787,2982676,46008,10004,108.28226409424704,0,450,0,0,319.082,32.569400787353516,-21.405221939086914,38.972635787234466,EXPLORING
6840.781000,LIDAR_ONLY,MIXED,run04,LIDAR_ONLY,0.14248710870742798,0.3520536720752716,0.21640625596046448,0.21666666865348816,0.21640625596046448,0.0,2.05792498588562,789,2990356,46152,10090,108.66832130352518,0,451,0,0,320.080,32.83355712890625,-21.6047420501709,39.3029719378234,EXPLORING
6841.781000,LIDAR_ONLY,MIXED,run04,LIDAR_ONLY,0.12552203238010406,0.3437473475933075,0.22031250596046448,0.21770833432674408,0.22031250596046448,0.0,2.105397939682007,791,2998036,46259,10131,109.02113542423736,0,453,0,0,321.080,33.03962326049805,-21.819177627563477,39.59304073132719,EXPLORING
6842.781000,LIDAR_ONLY,MIXED,run04,LIDAR_ONLY,0.11892377585172653,0.3375602662563324,0.21953125298023224,0.2174479216337204,0.21953125298023224,0.0,1.3611429929733276,793,3005716,46322,10164,109.42430300907323,0,454,0,0,322.080,33.05495071411133,-22.159839630126953,39.794517111175686,EXPLORING
6843.782000,LIDAR_ONLY,MIXED,run04,LIDAR_ONLY,0.1367007941007614,0.34822946786880493,0.21822915971279144,0.21692708134651184,0.21822915971279144,0.0,1.111752986907959,796,3017236,46402,10187,109.8405949345218,0,455,0,0,323.081,33.1617431640625,-22.481184005737305,40.06269696704677,EXPLORING
6844.781000,LIDAR_ONLY,MIXED,run04,LIDAR_ONLY,0.1351660043001175,0.3487854301929474,0.21848958730697632,0.21770833432674408,0.21848958730697632,0.0,1.248183012008667,798,3024916,46498,10211,110.17297157441313,0,456,0,0,324.080,33.33610534667969,-22.61958122253418,40.284683857758765,EXPLORING
6845.781000,LIDAR_ONLY,MIXED,run04,LIDAR_ONLY,0.12488047033548355,0.34421712160110474,0.21328124403953552,0.21536459028720856,0.21328124403953552,0.0,2.010312080383301,801,3036436,46600,10238,110.42923253857326,0,457,0,0,325.080,33.464378356933594,-22.773359298706055,40.47720969588196,EXPLORING
6846.782000,LIDAR_ONLY,MIXED,run04,LIDAR_ONLY,0.11496486514806747,0.3355236351490021,0.21640625596046448,0.21666666865348816,0.21640625596046448,0.0,0.7506279945373535,804,3047956,46694,10264,110.728390922489,0,459,0,0,326.081,33.45353317260742,-23.060710906982422,40.63064158323671,EXPLORING
6847.782000,LIDAR_ONLY,MIXED,run04,LIDAR_ONLY,0.10696473717689514,0.3295007348060608,0.21484375,0.21458333730697632,0.21484375,0.0,6.05063009262085,807,3059476,46812,10279,111.18056124519164,0,461,0,0,327.081,33.43442153930664,-23.424365997314453,40.82248102353389,EXPLORING
6848.782000,LIDAR_ONLY,MIXED,run04,LIDAR_ONLY,0.12353747338056564,0.34122440218925476,0.21901041269302368,0.21718749403953552,0.21901041269302368,0.0,0.7643629908561707,809,3067156,46910,10308,111.55610111994822,0,462,0,0,328.081,33.48206329345703,-23.768285751342773,41.05962822594508,EXPLORING
6849.781000,LIDAR_ONLY,MIXED,run04,LIDAR_ONLY,0.12498071044683456,0.34247517585754395,0.21250000596046448,0.21640625596046448,0.21250000596046448,0.0,1.2089259624481201,812,3078676,46958,10339,111.97373342258241,0,463,0,0,329.080,33.6328125,-24.114551544189453,41.383452920193726,EXPLORING
6850.782000,LIDAR_ONLY,MIXED,run04,LIDAR_ONLY,0.11073659360408783,0.3314887583255768,0.21250000596046448,0.21562500298023224,0.21250000596046448,0.0,0.766048014163971,814,3086356,47034,10352,112.39028068323788,0,464,0,0,330.081,33.677589416503906,-24.430522918701172,41.604598552824456,EXPLORING
6851.781000,LIDAR_ONLY,MIXED,run04,LIDAR_ONLY,0.097952701151371,0.3190500736236572,0.22239583730697632,0.22187499701976776,0.22239583730697632,0.0,0.8954600095748901,818,3101716,47090,10384,112.76567628511164,0,466,0,0,331.080,33.5605354309082,-24.691438674926758,41.66399922579008,EXPLORING
6852.781000,LIDAR_ONLY,MIXED,run04,LIDAR_ONLY,0.11309772729873657,0.3307645916938782,0.21718749403953552,0.21796874701976776,0.21718749403953552,0.0,1.455854058265686,820,3109396,47137,10404,113.00011021004886,0,467,0,0,332.080,33.507545471191406,-24.87055778503418,41.727836609682626,EXPLORING
6853.789000,LIDAR_ONLY,MIXED,run04,LIDAR_ONLY,0.1276816576719284,0.34068959951400757,0.21536459028720856,0.21588541567325592,0.21536459028720856,0.0,2.3013529777526855,821,3113236,47175,10423,113.34319358198884,0,468,0,0,333.088,33.62645721435547,-25.17206382751465,42.00336922889491,EXPLORING
6854.785000,LIDAR_ONLY,MIXED,run04,LIDAR_ONLY,0.11340581625699997,0.33200380206108093,0.21145834028720856,0.21640625596046448,0.21145834028720856,0.0,1.716148018836975,823,3120916,47185,10442,113.78599840013338,0,470,0,0,334.084,33.737789154052734,-25.514345169067383,42.298124250967554,EXPLORING
6855.783000,LIDAR_ONLY,MIXED,run04,LIDAR_ONLY,0.1104070395231247,0.32819652557373047,0.21015624701976776,0.21276041865348816,0.21015624701976776,0.0,1.2480030059814453,824,3124756,47218,10446,114.20437076572705,0,471,0,0,335.082,33.71739196777344,-25.889177322387695,42.509091143840394,EXPLORING
6856.791000,LIDAR_ONLY,MIXED,run04,LIDAR_ONLY,0.1182318851351738,0.33325904607772827,0.21380208432674408,0.21484375,0.21380208432674408,0.0,1.7140140533447266,825,3128596,47266,10457,114.62303929989613,0,473,0,0,336.090,33.7393684387207,-26.254899978637695,42.750148575687476,EXPLORING
6857.781000,LIDAR_ONLY,MIXED,run04,LIDAR_ONLY,0.1190338134765625,0.33401739597320557,0.21666666865348816,0.21666666865348816,0.21666666865348816,0.0,0.9839749932289124,827,3136276,47322,10482,115.00644528207842,0,475,0,0,337.080,33.75743865966797,-26.576168060302734,42.962396450367706,EXPLORING
6858.782000,LIDAR_ONLY,MIXED,run04,LIDAR_ONLY,0.11838451027870178,0.33479243516921997,0.21145834028720856,0.21588541567325592,0.21145834028720856,0.0,1.6280349493026733,828,3140116,47351,10495,115.47842211376303,0,477,0,0,338.081,33.73802185058594,-26.59483528137207,42.958695739102644,EXPLORING
6859.781000,LIDAR_ONLY,MIXED,run04,LIDAR_ONLY,0.1344079077243805,0.3434866964817047,0.21250000596046448,0.21484375,0.21250000596046448,0.0,1.8988749980926514,830,3147796,47383,10501,116.0017658576777,0,479,0,0,339.080,33.77924346923828,-26.38410758972168,42.86103918436856,EXPLORING
6860.784000,LIDAR_ONLY,MIXED,run04,LIDAR_ONLY,0.14483939111232758,0.35178154706954956,0.21302083134651184,0.21197916567325592,0.21302083134651184,0.0,0.8498709797859192,832,3155476,47443,10508,116.30859700738672,0,480,0,0,340.083,33.75358963012695,-26.320636749267578,42.80176508835435,EXPLORING
6861.783000,LIDAR_ONLY,MIXED,run04,LIDAR_ONLY,0.13877101242542267,0.35022273659706116,0.21901041269302368,0.21718749403953552,0.21901041269302368,0.0,1.2686790227890015,834,3163156,47471,10534,116.64619457802165,0,482,0,0,341.082,33.72599411010742,-26.275249481201172,42.7520978518188,EXPLORING
6862.781000,LIDAR_ONLY,MIXED,run04,LIDAR_ONLY,0.12927140295505524,0.34564992785453796,0.21901041269302368,0.21822915971279144,0.21901041269302368,0.0,2.068864107131958,836,3170836,47537,10541,116.88134548728905,0,482,0,0,342.080,33.667842864990234,-26.242895126342773,42.68634193452283,EXPLORING
6863.781000,LIDAR_ONLY,MIXED,run04,LIDAR_ONLY,0.12063584476709366,0.34121742844581604,0.21197916567325592,0.21197916567325592,0.21197916567325592,0.0,4.742688179016113,839,3182356,47660,10557,117.15635603260428,0,483,0,0,343.080,33.587852478027344,-26.133892059326172,42.55625689370505,EXPLORING
6864.781000,LIDAR_ONLY,MIXED,run04,LIDAR_ONLY,0.12479165196418762,0.3446221649646759,0.20859375596046448,0.20859375596046448,0.20859375596046448,0.0,1.1448240280151367,842,3193876,47677,10588,117.55430016708212,0,484,0,0,344.080,33.60322952270508,-25.769235610961914,42.34550359219049,EXPLORING
6865.782000,LIDAR_ONLY,MIXED,run04,LIDAR_ONLY,0.12553909420967102,0.34621256589889526,0.21822915971279144,0.21822915971279144,0.21822915971279144,0.0,0.6457020044326782,846,3209236,47728,10590,117.98044126426868,0,486,0,0,345.081,33.655155181884766,-25.399036407470703,42.16268341499966,EXPLORING
6866.782000,LIDAR_ONLY,MIXED,run04,LIDAR_ONLY,0.11276711523532867,0.33751174807548523,0.21718749403953552,0.2161458283662796,0.21718749403953552,0.0,1.9522720575332642,848,3216916,47745,10605,118.30423501676805,0,487,0,0,346.081,33.63642501831055,-25.11507797241211,41.97723029615751,EXPLORING
6867.781000,LIDAR_ONLY,MIXED,run04,LIDAR_ONLY,0.1307273507118225,0.34931817650794983,0.21718749403953552,0.21718749403953552,0.21718749403953552,0.0,1.3836610317230225,851,3228436,47771,10610,118.63925723823267,0,487,0,0,347.080,33.587074279785156,-24.811426162719727,41.756561402213606,EXPLORING
6868.782000,LIDAR_ONLY,MIXED,run04,LIDAR_ONLY,0.12778685986995697,0.34814485907554626,0.2174479216337204,0.21901041269302368,0.2174479216337204,0.0,0.7920539975166321,853,3236116,47773,10618,118.972496836576,0,488,0,0,348.081,33.6584587097168,-24.555788040161133,41.66282084539448,EXPLORING
6869.781000,LIDAR_ONLY,MIXED,run04,LIDAR_ONLY,0.13122718036174774,0.3507422208786011,0.2161458283662796,0.21432290971279144,0.2161458283662796,0.0,1.232146978378296,856,3247636,47783,10619,119.30787165067548,0,491,0,0,349.080,33.665775299072266,-24.2322998046875,41.47892375953491,EXPLORING
6870.781000,LIDAR_ONLY,MIXED,run04,LIDAR_ONLY,0.1316976398229599,0.3514326214790344,0.21718749403953552,0.21640625596046448,0.21718749403953552,0.0,0.6479480266571045,857,3251476,47790,10620,119.74585712471776,0,492,0,0,350.080,33.63807678222656,-23.852394104003906,41.235538461767874,EXPLORING
6871.781000,LIDAR_ONLY,MIXED,run04,LIDAR_ONLY,0.130521759390831,0.35128191113471985,0.21796874701976776,0.21875,0.21796874701976776,0.0,2.1075439453125,859,3259156,47825,10620,120.17895748739828,0,495,0,0,351.080,33.67813491821289,-23.478853225708008,41.05345638043932,EXPLORING
6872.782000,LIDAR_ONLY,MIXED,run04,LIDAR_ONLY,0.12264695763587952,0.34798815846443176,0.2174479216337204,0.21875,0.2174479216337204,0.0,0.9368379712104797,861,3266836,47831,10639,120.55970657861118,0,496,0,0,352.081,33.639766693115234,-23.14768409729004,40.83335038953904,EXPLORING
6873.784000,LIDAR_ONLY,MIXED,run04,LIDAR_ONLY,0.13962893187999725,0.3559771478176117,0.2161458283662796,0.21510416269302368,0.2161458283662796,0.0,1.658126950263977,862,3270676,47836,10643,120.89836802183719,0,497,0,0,353.083,33.589759826660156,-22.84918975830078,40.62352909277505,EXPLORING
6874.781000,LIDAR_ONLY,MIXED,run04,LIDAR_ONLY,0.13947677612304688,0.3550218939781189,0.21484375,0.21510416269302368,0.21484375,0.0,1.6910409927368164,864,3278356,47838,10643,121.3158847181955,0,498,0,0,354.080,33.69732666015625,-22.492666244506836,40.513499363134656,EXPLORING
6875.781000,LIDAR_ONLY,MIXED,run04,LIDAR_ONLY,0.13310135900974274,0.35694634914398193,0.21848958730697632,0.21822915971279144,0.21848958730697632,0.0,1.35167396068573,865,3282196,47880,10643,121.74306338168495,0,500,0,0,355.080,33.684017181396484,-22.136709213256836,40.30584341142186,EXPLORING
6876.787000,LIDAR_ONLY,MIXED,run04,LIDAR_ONLY,0.13409705460071564,0.3540250360965729,0.21692708134651184,0.21875,0.21692708134651184,0.0,1.5318939685821533,867,3289876,47882,10646,122.10957766556058,0,500,0,0,356.086,33.611473083496094,-21.83281898498535,40.078892427316255,EXPLORING
6877.781000,LIDAR_ONLY,MIXED,run04,LIDAR_ONLY,0.14077900350093842,0.36217036843299866,0.21510416269302368,0.21796874701976776,0.21510416269302368,0.0,5.793849945068359,869,3297556,47887,10646,122.45212318148153,0,502,0,0,357.080,33.60517501831055,-21.497779846191406,39.89206860947567,EXPLORING
6878.781000,LIDAR_ONLY,MIXED,run04,LIDAR_ONLY,0.12367936223745346,0.35958608984947205,0.21510416269302368,0.21718749403953552,0.21510416269302368,0.0,1.0978950262069702,871,3305236,47891,10647,122.91117221495219,0,504,0,0,358.080,33.49498748779297,-21.162389755249023,39.61913989580569,EXPLORING
6879.782000,LIDAR_ONLY,MIXED,run04,LIDAR_ONLY,0.12052338570356369,0.35966670513153076,0.21536459028720856,0.21692708134651184,0.21536459028720856,0.0,1.417114019393921,873,3312916,47897,10648,123.23493425420209,0,505,0,0,359.081,33.3237419128418,-21.068918228149414,39.4244445713878,EXPLORING
6880.781000,LIDAR_ONLY,MIXED,run04,LIDAR_ONLY,0.1356314867734909,0.36230239272117615,0.21406249701976776,0.21666666865348816,0.21406249701976776,0.0,1.150730013847351,875,3320596,47963,10650,123.3925559665705,0,506,0,0,360.080,33.36402893066406,-21.11935806274414,39.48545716433732,EXPLORING
6881.781000,LIDAR_ONLY,MIXED,run04,LIDAR_ONLY,0.14097584784030914,0.3630431592464447,0.21822915971279144,0.21640625596046448,0.21822915971279144,0.0,0.7270370125770569,877,3328276,47985,10674,123.74236211496192,0,508,0,0,361.080,33.400291442871094,-20.80545997619629,39.34923693972006,EXPLORING
6882.781000,LIDAR_ONLY,MIXED,run04,LIDAR_ONLY,0.12684275209903717,0.36262601613998413,0.21380208432674408,0.21901041269302368,0.21380208432674408,0.0,1.629281997680664,880,3339796,48006,10677,124.08493580829608,0,510,0,0,362.080,33.3913688659668,-20.62944793701172,39.24886776318573,EXPLORING
6883.781000,LIDAR_ONLY,MIXED,run04,LIDAR_ONLY,0.13067059218883514,0.36627623438835144,0.2122395783662796,0.21640625596046448,0.2122395783662796,0.0,1.8507269620895386,883,3351316,48036,10678,124.36766960813094,0,512,0,0,363.080,33.189125061035156,-20.50543785095215,39.01163282414222,EXPLORING
6884.784000,LIDAR_ONLY,MIXED,run04,LIDAR_ONLY,0.13400781154632568,0.3692316710948944,0.21041665971279144,0.21432290971279144,0.21041665971279144,0.0,0.6646170020103455,884,3355156,48080,10679,124.75738878435172,0,514,0,0,364.083,32.88199996948242,-20.34787368774414,38.667546114097064,EXPLORING
6885.782000,LIDAR_ONLY,MIXED,run04,LIDAR_ONLY,0.12830886244773865,0.3665286898612976,0.21927084028720856,0.21901041269302368,0.21927084028720856,0.0,3.780880928039551,887,3366676,48126,10692,125.16782914410409,0,515,0,0,365.081,32.64544677734375,-20.111616134643555,38.34214663451444,EXPLORING
6886.787000,LIDAR_ONLY,MIXED,run04,LIDAR_ONLY,0.13804028928279877,0.3734581768512726,0.21822915971279144,0.21692708134651184,0.21822915971279144,0.0,1.0662610530853271,889,3374356,48152,10699,125.48601875609297,0,517,0,0,366.086,32.44841384887695,-19.90554428100586,38.06637272643803,EXPLORING
6887.781000,LIDAR_ONLY,MIXED,run04,LIDAR_ONLY,0.13551616668701172,0.3699131906032562,0.21953125298023224,0.21796874701976776,0.21953125298023224,0.0,1.1097439527511597,892,3385876,48165,10700,125.89827492757743,0,519,0,0,367.080,32.350250244140625,-19.56254768371582,37.80411262093725,EXPLORING
6888.781000,LIDAR_ONLY,MIXED,run04,LIDAR_ONLY,0.1258246749639511,0.36476442217826843,0.22031250596046448,0.22109374403953552,0.22031250596046448,0.0,2.351984977722168,893,3389716,48174,10702,126.32278228962741,0,520,0,0,368.080,32.30522155761719,-19.204946517944336,37.58160023640628,EXPLORING
6889.781000,LIDAR_ONLY,MIXED,run04,LIDAR_ONLY,0.1292201578617096,0.36727526783943176,0.21979166567325592,0.2200520783662796,0.21979166567325592,0.0,1.234923005104065,895,3397396,48182,10702,126.64264255500397,0,520,0,0,369.080,32.19633102416992,-18.959613800048828,37.36295598463954,EXPLORING
6890.783000,LIDAR_ONLY,MIXED,run04,LIDAR_ONLY,0.1345493495464325,0.36534789204597473,0.21692708134651184,0.21822915971279144,0.21692708134651184,0.0,0.9870420098304749,898,3408916,48190,10702,126.93212424697582,0,520,0,0,370.082,32.18963623046875,-18.71576499938965,37.23402417863611,EXPLORING
6891.781000,LIDAR_ONLY,MIXED,run04,LIDAR_ONLY,0.1391248106956482,0.36402273178100586,0.2174479216337204,0.2174479216337204,0.2174479216337204,0.0,1.1605689525604248,900,3416596,48200,10703,127.2854882023475,0,523,0,0,371.080,32.29741668701172,-18.394237518310547,37.16707115215786,EXPLORING
6892.781000,LIDAR_ONLY,MIXED,run04,LIDAR_ONLY,0.13691207766532898,0.36926591396331787,0.21953125298023224,0.21822915971279144,0.21953125298023224,0.0,1.105402946472168,902,3424276,48208,10703,127.68398695924428,0,525,0,0,372.080,32.41559982299805,-18.079402923583984,37.11544204467282,EXPLORING
6893.781000,LIDAR_ONLY,MIXED,run04,LIDAR_ONLY,0.1377258449792862,0.36651939153671265,0.21953125298023224,0.21848958730697632,0.21953125298023224,0.0,1.5225800275802612,904,3431956,48214,10704,128.04385216327415,0,526,0,0,373.080,32.4714469909668,-17.804637908935547,37.03134135898088,EXPLORING
6894.782000,LIDAR_ONLY,MIXED,run04,LIDAR_ONLY,0.13168519735336304,0.36499279737472534,0.21171875298023224,0.21510416269302368,0.21171875298023224,0.0,1.333367943763733,906,3439636,48244,10704,128.3736484476257,0,529,0,0,374.081,32.59557342529297,-17.546104431152344,37.01698807511243,EXPLORING
6895.781000,LIDAR_ONLY,MIXED,run04,LIDAR_ONLY,0.1298825591802597,0.36269527673721313,0.21458333730697632,0.22265625,0.21458333730697632,0.0,0.8000749945640564,908,3447316,48259,10706,128.74983148360957,0,529,0,0,375.080,32.52583694458008,-17.207548141479492,36.79606542127796,EXPLORING
6896.781000,LIDAR_ONLY,MIXED,run04,LIDAR_ONLY,0.12874598801136017,0.35991695523262024,0.21875,0.21796874701976776,0.21875,0.0,4.085745811462402,911,3458836,48269,10706,129.16476814967527,0,532,0,0,376.080,32.497108459472656,-16.849397659301758,36.604443360158726,EXPLORING
6897.781000,LIDAR_ONLY,MIXED,run04,LIDAR_ONLY,0.12772130966186523,0.360958993434906,0.2208908498287201,0.22036989033222198,0.2208908498287201,0.0,6.109059810638428,912,3462675,48320,10706,129.54191077847156,0,533,0,0,377.080,32.61259841918945,-16.532968521118164,36.56284563878609,EXPLORING
6898.782000,LIDAR_ONLY,MIXED,run04,LIDAR_ONLY,0.12776266038417816,0.35910341143608093,0.2192387878894806,0.22106361389160156,0.2192387878894806,0.0,0.611847996711731,915,3474185,48418,10712,129.86117135146498,0,536,0,0,378.081,32.60109329223633,-16.48196792602539,36.529545230598046,EXPLORING
6899.781000,LIDAR_ONLY,MIXED,run04,LIDAR_ONLY,0.138859361410141,0.3662036061286926,0.21935315430164337,0.22039645910263062,0.21935315430164337,0.0,1.6287169456481934,918,3485690,48459,10714,130.1033360119981,0,536,0,0,379.080,32.69020462036133,-16.36595344543457,36.55700969208484,EXPLORING
6900.781000,LIDAR_ONLY,MIXED,run04,LIDAR_ONLY,0.14917117357254028,0.3717656135559082,0.22045394778251648,0.21941038966178894,0.22045394778251648,0.0,0.8734300136566162,923,3504859,48649,10718,130.42693348742227,0,538,0,0,380.080,32.85954666137695,-16.104738235473633,36.59280444002777,EXPLORING
6901.781000,LIDAR_ONLY,MIXED,run04,LIDAR_ONLY,0.1353864222764969,0.3648286461830139,0.21883150935173035,0.21909232437610626,0.21883150935173035,0.0,0.7644100189208984,925,3512525,48740,10718,130.85610124678794,0,540,0,0,381.080,33.095855712890625,-15.859187126159668,36.698367275847,EXPLORING
6902.781000,LIDAR_ONLY,MIXED,run04,LIDAR_ONLY,0.12895295023918152,0.3607419729232788,0.21857067942619324,0.21726655960083008,0.21857067942619324,0.0,1.182178020477295,928,3524025,48840,10744,131.2188691739643,0,542,0,0,382.080,33.38496780395508,-15.685924530029297,36.88528918589902,EXPLORING
6903.781000,LIDAR_ONLY,MIXED,run04,LIDAR_ONLY,0.13133801519870758,0.3596216142177582,0.21857067942619324,0.21830986440181732,0.21857067942619324,0.0,0.8019710183143616,930,3531693,48911,10762,131.56145338554757,0,543,0,0,383.080,33.552486419677734,-15.448975563049316,36.93724837252983,EXPLORING
6904.781000,LIDAR_ONLY,MIXED,run04,LIDAR_ONLY,0.1398967206478119,0.36716756224632263,0.22071485221385956,0.2183668166399002,0.22071485221385956,0.0,1.7266709804534912,932,3539359,49019,10763,131.79399658142412,0,544,0,0,384.080,33.62277603149414,-15.328080177307129,36.95079432316705,EXPLORING
6905.781000,LIDAR_ONLY,MIXED,run04,LIDAR_ONLY,0.1230132058262825,0.35700327157974243,0.21471431851387024,0.2152361124753952,0.21471431851387024,0.0,0.9147800207138062,934,3547025,49098,10767,132.10329801879908,0,546,0,0,385.080,33.880619049072266,-15.227507591247559,37.144218941756556,EXPLORING
6906.781000,LIDAR_ONLY,MIXED,run04,LIDAR_ONLY,0.13353827595710754,0.3637841045856476,0.22025051712989807,0.2171189934015274,0.22025051712989807,0.0,1.622750997543335,936,3554689,49177,10775,132.49441343108833,0,548,0,0,386.080,34.23273468017578,-15.150696754455566,37.43451308092392,EXPLORING
6907.785000,LIDAR_ONLY,MIXED,run04,LIDAR_ONLY,0.12288828194141388,0.35615074634552,0.2175273895263672,0.21596243977546692,0.2175273895263672,0.0,2.023355007171631,938,3562354,49256,10784,132.9107700237722,0,550,0,0,387.084,34.525474548339844,-14.956768989562988,37.62488473640716,EXPLORING
6908.782000,LIDAR_ONLY,MIXED,run04,LIDAR_ONLY,0.12389975041151047,0.3574889898300171,0.21456538140773773,0.21769772469997406,0.21456538140773773,0.0,0.9058979749679565,940,3570017,49325,10798,133.18828987491983,0,551,0,0,388.081,34.728759765625,-14.856698989868164,37.77203413441623,EXPLORING
6909.781000,LIDAR_ONLY,MIXED,run04,LIDAR_ONLY,0.1310618668794632,0.3624468445777893,0.2154970020055771,0.21810592710971832,0.2154970020055771,0.0,1.4076000452041626,942,3577683,49400,10813,133.47231307370046,0,553,0,0,389.080,34.980491638183594,-14.777955055236816,37.97289325530847,EXPLORING
6910.781000,LIDAR_ONLY,MIXED,run04,LIDAR_ONLY,0.1313527226448059,0.3596302270889282,0.21471431851387024,0.2154970020055771,0.21471431851387024,0.0,0.7169240117073059,944,3585349,49601,10838,133.8346222655545,0,554,0,0,390.080,35.27656936645508,-14.706181526184082,38.2181300834498,EXPLORING
6911.781000,LIDAR_ONLY,MIXED,run04,LIDAR_ONLY,0.12935101985931396,0.3559403717517853,0.21169407665729523,0.21639259159564972,0.21169407665729523,0.0,1.8189560174942017,946,3593009,49727,10897,134.0771695758218,0,555,0,0,391.080,35.12998962402344,-14.704326629638672,38.082161581923714,EXPLORING
6912.781000,LIDAR_ONLY,MIXED,run04,LIDAR_ONLY,0.12794612348079681,0.3540668785572052,0.21579910814762115,0.21710698306560516,0.21579910814762115,0.0,1.3024309873580933,948,3600665,49779,10927,134.38925464455954,0,557,0,0,392.080,35.21653366088867,-14.452971458435059,38.06586804492215,EXPLORING
6913.782000,LIDAR_ONLY,MIXED,run04,LIDAR_ONLY,0.12690435349941254,0.3522043526172638,0.21896280348300934,0.21870088577270508,0.21896280348300934,0.0,2.293320894241333,950,3608303,49972,10939,134.83525330172247,0,559,0,0,393.081,35.15691375732422,-14.079045295715332,37.870123114412976,EXPLORING
6914.782000,LIDAR_ONLY,MIXED,run04,LIDAR_ONLY,0.1315201371908188,0.35338568687438965,0.21989528834819794,0.21910995244979858,0.21989528834819794,0.0,0.8307129740715027,952,3615945,50116,10988,135.25865841237228,0,560,0,0,394.081,35.22195816040039,-13.713761329650879,37.79645347624434,EXPLORING
6915.782000,LIDAR_ONLY,MIXED,run04,LIDAR_ONLY,0.12540391087532043,0.3484511077404022,0.21596857905387878,0.21518324315547943,0.21596857905387878,0.0,0.9524949789047241,955,3627405,50190,11013,135.65822810530148,0,562,0,0,395.081,35.20979690551758,-13.359780311584473,37.65809562447673,EXPLORING
6916.784000,LIDAR_ONLY,MIXED,run04,LIDAR_ONLY,0.1260579228401184,0.3485680818557739,0.2144167721271515,0.21389253437519073,0.2144167721271515,0.0,0.886784017086029,957,3635037,50309,11043,136.0216864386831,0,564,0,0,396.083,35.156578063964844,-13.025222778320312,37.49080475687202,EXPLORING
6917.781000,LIDAR_ONLY,MIXED,run04,LIDAR_ONLY,0.13923080265522003,0.35634419322013855,0.21338582038879395,0.2131233662366867,0.21338582038879395,0.0,1.1644079685211182,959,3642657,50412,11075,136.40683447545612,0,566,0,0,397.080,35.1822395324707,-12.681321144104004,37.39686031637191,EXPLORING
6918.781000,LIDAR_ONLY,MIXED,run04,LIDAR_ONLY,0.13751158118247986,0.3566770851612091,0.21327386796474457,0.21065057814121246,0.21327386796474457,0.0,7.622273921966553,962,3654088,50517,11094,136.78145008508866,0,568,0,0,398.080,35.18895721435547,-12.3309326171875,37.285844157991775,EXPLORING
6919.782000,LIDAR_ONLY,MIXED,run04,LIDAR_ONLY,0.13429102301597595,0.3554518520832062,0.21074704825878143,0.21572738885879517,0.21074704825878143,0.0,1.7749049663543701,966,3669342,50992,11107,137.13746739806794,0,570,0,0,399.081,35.07231140136719,-12.012055397033691,37.071236471451684,EXPLORING
6920.783000,LIDAR_ONLY,MIXED,run04,LIDAR_ONLY,0.13565832376480103,0.35482415556907654,0.21331237256526947,0.2146226465702057,0.21331237256526947,0.0,1.0398420095443726,968,3676974,51174,11208,137.502940595077,0,572,0,0,400.082,35.19794464111328,-11.682252883911133,37.08490859985297,EXPLORING
6921.784000,LIDAR_ONLY,MIXED,run04,LIDAR_ONLY,0.1346927434206009,0.35494494438171387,0.21344493329524994,0.21449123322963715,0.21344493329524994,0.0,0.60800701379776,971,3688435,51649,11267,137.90075218129397,0,573,0,0,401.083,35.23251724243164,-11.358158111572266,37.01700074234578,EXPLORING
6922.781000,LIDAR_ONLY,MIXED,run04,LIDAR_ONLY,0.1278616338968277,0.3525009751319885,0.21239863336086273,0.21396808326244354,0.21239863336086273,0.0,3.717859983444214,973,3696080,51886,11410,138.2863746891595,0,575,0,0,402.080,35.26513671875,-11.027112007141113,36.947903925420796,EXPLORING
6923.781000,LIDAR_ONLY,MIXED,run04,LIDAR_ONLY,0.13647876679897308,0.36208805441856384,0.21447230875492096,0.21630093455314636,0.21447230875492096,0.0,1.8295040130615234,975,3703732,52245,11463,138.58047401510137,0,576,0,0,403.080,35.20310974121094,-10.946432113647461,36.86467199770242,EXPLORING
6924.783000,LIDAR_ONLY,MIXED,run04,LIDAR_ONLY,0.13016167283058167,0.3572852313518524,0.214360311627388,0.2159268856048584,0.214360311627388,0.0,0.9030519723892212,977,3711390,52512,11543,138.85840307067352,0,578,0,0,404.082,35.10031509399414,-10.986298561096191,36.77841453082443,EXPLORING
6925.782000,LIDAR_ONLY,MIXED,run04,LIDAR_ONLY,0.13867445290088654,0.3605448603630066,0.2146214097738266,0.2167101800441742,0.2146214097738266,0.0,1.1974339485168457,979,3719050,52648,11631,139.14944120376583,0,580,0,0,405.081,34.99318313598633,-10.80715274810791,36.62292564772433,EXPLORING
6926.782000,LIDAR_ONLY,MIXED,run04,LIDAR_ONLY,0.13297146558761597,0.3523275852203369,0.2138381153345108,0.2130548357963562,0.2138381153345108,0.0,1.475743055343628,980,3722880,52842,11677,139.5720833612217,0,581,0,0,406.081,35.04098129272461,-10.499537467956543,36.579121006787254,EXPLORING
6927.781000,LIDAR_ONLY,MIXED,run04,LIDAR_ONLY,0.1306605339050293,0.3518109619617462,0.2164490818977356,0.212532639503479,0.2164490818977356,0.0,0.8694080114364624,981,3726710,52905,11713,139.99922956659012,0,582,0,0,407.080,34.981788635253906,-10.243504524230957,36.449646029393215,EXPLORING
6928.782000,LIDAR_ONLY,MIXED,run04,LIDAR_ONLY,0.1265600621700287,0.35642650723457336,0.2135770171880722,0.215665802359581,0.2135770171880722,0.0,0.8596630096435547,983,3734370,53145,11736,140.27808884256237,0,584,0,0,408.081,34.926734924316406,-10.120574951171875,36.3624097047781,EXPLORING
6929.781000,LIDAR_ONLY,MIXED,run04,LIDAR_ONLY,0.12668490409851074,0.35889938473701477,0.21070496737957,0.214360311627388,0.21070496737957,0.0,0.8894799947738647,984,3738200,53213,11814,140.554443461809,0,584,0,0,409.080,34.81897735595703,-9.995067596435547,36.22409242468149,EXPLORING
6930.781000,LIDAR_ONLY,MIXED,run04,LIDAR_ONLY,0.12499988824129105,0.3576004207134247,0.21482641994953156,0.21665361523628235,0.21482641994953156,0.0,1.3192369937896729,987,3749693,53338,11824,140.87830857826387,0,586,0,0,410.080,34.67900848388672,-9.803078651428223,36.03688020849063,EXPLORING
6931.784000,LIDAR_ONLY,MIXED,run04,LIDAR_ONLY,0.13558411598205566,0.35499632358551025,0.21346555650234222,0.2142484337091446,0.21346555650234222,0.0,2.760910987854004,989,3757357,53571,11858,141.1043805483313,0,587,0,0,411.083,34.61763381958008,-9.63931941986084,35.93355072433457,EXPLORING
6932.781000,LIDAR_ONLY,MIXED,run04,LIDAR_ONLY,0.14566954970359802,0.3622983396053314,0.21398746967315674,0.21398746967315674,0.21398746967315674,0.0,0.9951170086860657,991,3765020,53750,11930,141.42466279941797,0,589,0,0,412.080,34.59812927246094,-9.341287612915039,35.835924940606475,EXPLORING
6933.783000,LIDAR_ONLY,MIXED,run04,LIDAR_ONLY,0.15320754051208496,0.3737178146839142,0.21581420302391052,0.21372652053833008,0.21581420302391052,0.0,0.9051060080528259,994,3776516,53859,11979,141.82236380647942,0,592,0,0,413.082,34.41925811767578,-9.050932884216309,35.58832158664137,EXPLORING
6934.781000,LIDAR_ONLY,MIXED,run04,LIDAR_ONLY,0.13220828771591187,0.3646950423717499,0.21152843534946442,0.21465831995010376,0.21152843534946442,0.0,1.2204279899597168,996,3784181,53929,12015,142.15205858151975,0,593,0,0,414.080,34.13300704956055,-8.990354537963867,35.29607886108932,EXPLORING
6935.781000,LIDAR_ONLY,MIXED,run04,LIDAR_ONLY,0.12955130636692047,0.3596462905406952,0.21152843534946442,0.21648408472537994,0.21465831995010376,0.0,0.7349579930305481,997,3788015,53929,12030,142.42539696446048,0,595,0,0,415.080,33.90262985229492,-8.95740032196045,35.064916296536786,EXPLORING
6936.782000,LIDAR_ONLY,MIXED,run04,LIDAR_ONLY,0.14988389611244202,0.3648469150066376,0.21969696879386902,0.21708464622497559,0.21969696879386902,0.0,1.0003609657287598,1003,3811002,54224,12034,142.7162595552909,0,597,0,0,416.081,33.980133056640625,-8.778809547424316,35.09475691808877,EXPLORING
6937.781000,LIDAR_ONLY,MIXED,run04,LIDAR_ONLY,0.15292130410671234,0.3716629445552826,0.2194930762052536,0.21635745465755463,0.2194930762052536,0.0,1.6917710304260254,1006,3822483,54349,12082,143.11768954547193,0,598,0,0,417.080,33.86433029174805,-8.44211196899414,34.89967999712303,EXPLORING
6938.781000,LIDAR_ONLY,MIXED,run04,LIDAR_ONLY,0.1426345258951187,0.3711429238319397,0.21432305872440338,0.21484579145908356,0.21432305872440338,0.0,0.843155026435852,1008,3830135,54467,12111,143.4826375836077,0,598,0,0,418.080,33.61911392211914,-8.236145973205566,34.61221068660639,EXPLORING
6939.782000,LIDAR_ONLY,MIXED,run04,LIDAR_ONLY,0.1460750252008438,0.36931267380714417,0.21368861198425293,0.21577847003936768,0.21368861198425293,0.0,1.0833979845046997,1011,3841617,54529,12136,143.75877431369048,0,599,0,0,419.081,33.45741271972656,-8.099712371826172,34.4228187682258,EXPLORING
6940.782000,LIDAR_ONLY,MIXED,run04,LIDAR_ONLY,0.14956115186214447,0.3718092739582062,0.21113143861293793,0.21322184801101685,0.21113143861293793,0.0,1.488152027130127,1012,3845444,54645,12144,144.14588574558974,0,600,0,0,420.081,33.32624435424805,-7.78737211227417,34.2229294771372,EXPLORING
6941.784000,LIDAR_ONLY,MIXED,run04,LIDAR_ONLY,0.13287819921970367,0.3639596998691559,0.2151997983455658,0.2144162952899933,0.2151997983455658,0.0,3.759592056274414,1014,3853101,54766,12166,144.49086525878488,0,601,0,0,421.083,33.0554084777832,-7.639376640319824,33.92562371896194,EXPLORING
6942.781000,LIDAR_ONLY,MIXED,run04,LIDAR_ONLY,0.13408975303173065,0.363086462020874,0.21708464622497559,0.21603970229625702,0.21708464622497559,0.0,8.276910781860352,1016,3860756,54870,12194,144.8632046291133,0,603,0,0,422.080,32.745540618896484,-7.514472484588623,33.59562901837533,EXPLORING
6943.781000,LIDAR_ONLY,MIXED,run04,LIDAR_ONLY,0.12788119912147522,0.35679900646209717,0.21493862569332123,0.2144162952899933,0.21493862569332123,0.0,1.2715729475021362,1019,3872242,55055,12204,145.29837480025992,0,605,0,0,423.080,32.41767883300781,-7.338010311126709,33.23675165703637,EXPLORING
6944.782000,LIDAR_ONLY,MIXED,run04,LIDAR_ONLY,0.12327542901039124,0.35140228271484375,0.21865203976631165,0.21812957525253296,0.21865203976631165,0.0,1.2806910276412964,1021,3879899,55188,12250,145.68654133117565,0,607,0,0,424.081,32.1091194152832,-7.173699378967285,32.89966003742507,EXPLORING
6945.782000,LIDAR_ONLY,MIXED,run04,LIDAR_ONLY,0.11626813560724258,0.3432426154613495,0.21937842667102814,0.21755027770996094,0.21937842667102814,0.0,3.3750789165496826,1023,3887556,55416,12275,146.09030166470416,0,608,0,0,425.081,31.757308959960938,-7.059964179992676,32.531533636260164,EXPLORING
6946.786000,LIDAR_ONLY,MIXED,run04,LIDAR_ONLY,0.13745342195034027,0.3613411784172058,0.2133159339427948,0.214360311627388,0.2133159339427948,0.0,1.5415630340576172,1025,3895215,55563,12341,146.39846956845534,0,609,0,0,426.085,31.57452392578125,-6.838493347167969,32.30552615166338,EXPLORING
6947.781000,LIDAR_ONLY,MIXED,run04,LIDAR_ONLY,0.12209231406450272,0.345333993434906,0.21937842667102814,0.21807260811328888,0.21937842667102814,0.0,0.703095018863678,1027,3902873,55767,12380,146.8014414803885,0,610,0,0,427.080,31.399669647216797,-6.535045623779297,32.07145383491995,EXPLORING
6948.781000,LIDAR_ONLY,MIXED,run04,LIDAR_ONLY,0.10690045356750488,0.3316824436187744,0.22036553919315338,0.21749347448349,0.22036553919315338,0.0,1.9087769985198975,1029,3910533,55936,12447,147.17003960858582,0,613,0,0,428.080,31.207218170166016,-6.330294132232666,31.84172928303891,EXPLORING
6949.781000,LIDAR_ONLY,MIXED,run04,LIDAR_ONLY,0.1098015084862709,0.33592668175697327,0.2144162952899933,0.21572211384773254,0.2144162952899933,0.0,6.911931037902832,1031,3918192,56074,12488,147.37530065233742,0,613,0,0,429.080,31.11893081665039,-6.254207134246826,31.740129753397543,EXPLORING
6950.783000,LIDAR_ONLY,MIXED,run04,LIDAR_ONLY,0.07466292381286621,0.28261053562164307,0.2167101800441742,0.2151436060667038,0.2167101800441742,0.0,0.7984989881515503,1034,3929680,56191,12514,148.0958875054951,0,614,0,0,430.082,31.15773582458496,-5.973803520202637,31.72418429952557,EXPLORING
6951.781000,LIDAR_ONLY,MIXED,run04,LIDAR_ONLY,0.10715538263320923,0.3270255923271179,0.21482641994953156,0.21352127194404602,0.21482641994953156,0.0,1.5015629529953003,1036,3937341,56458,12538,148.79760481342063,1,615,0,0,431.080,31.062267303466797,-6.134965419769287,31.661259301831137,EXPLORING
6952.782000,LIDAR_ONLY,MIXED,run04,LIDAR_ONLY,0.11256329715251923,0.3355901539325714,0.21493862569332123,0.21572211384773254,0.21493862569332123,0.0,2.7608449459075928,1039,3948831,57082,12589,149.14482110003317,1,617,0,0,432.081,30.92648696899414,-6.195691108703613,31.53993486802421,EXPLORING
6953.785000,LIDAR_ONLY,MIXED,run04,LIDAR_ONLY,0.10892458260059357,0.3327014446258545,0.2148825079202652,0.215665802359581,0.2148825079202652,0.0,0.969120979309082,1041,3956492,57884,12710,149.5959518855732,1,619,0,0,433.084,30.87607765197754,-6.215077877044678,31.494328924771015,EXPLORING
6954.781000,LIDAR_ONLY,MIXED,run04,LIDAR_ONLY,0.13892202079296112,0.3557979166507721,0.21639259159564972,0.21534846723079681,0.21639259159564972,0.0,1.2758510112762451,1045,3971815,58273,12975,149.8555421499977,1,621,0,0,434.080,30.91415786743164,-6.240749359130859,31.536730993968185,EXPLORING
6955.784000,LIDAR_ONLY,MIXED,run04,LIDAR_ONLY,0.14600439369678497,0.35863757133483887,0.21180464327335358,0.2115434855222702,0.21180464327335358,0.0,1.2634309530258179,1048,3983304,58503,13089,150.10028059382054,1,622,0,0,435.083,30.95624351501465,-6.300271511077881,31.58980201704708,EXPLORING
6956.782000,LIDAR_ONLY,MIXED,run04,LIDAR_ONLY,0.13503096997737885,0.3583122193813324,0.212532639503479,0.214360311627388,0.212532639503479,0.0,0.7793729901313782,1050,3990964,58592,13130,150.30733131704858,1,624,0,0,436.081,30.947237014770508,-6.3580522537231445,31.592553445539185,EXPLORING
6957.781000,LIDAR_ONLY,MIXED,run04,LIDAR_ONLY,0.12667374312877655,0.355201780796051,0.212532639503479,0.2140992134809494,0.212532639503479,0.0,5.220846176147461,1052,3998623,58671,13146,150.60989313614283,1,625,0,0,437.080,31.174942016601562,-6.430296421051025,31.83014818862843,EXPLORING
6958.782000,LIDAR_ONLY,MIXED,run04,LIDAR_ONLY,0.12995733320713043,0.36014947295188904,0.2164490818977356,0.2114882469177246,0.2164490818977356,0.0,0.9038299918174744,1055,4010113,58756,13157,150.9566482081363,1,627,0,0,438.081,31.440898895263672,-6.628414630889893,32.130949526331875,EXPLORING
6959.781000,LIDAR_ONLY,MIXED,run04,LIDAR_ONLY,0.12782661616802216,0.3591058850288391,0.2182767689228058,0.21749347448349,0.2182767689228058,0.0,0.7836350202560425,1056,4013943,58779,13164,151.30800168405761,1,627,0,0,439.080,31.627368927001953,-6.846745014190674,32.35892053390857,EXPLORING
6960.783000,LIDAR_ONLY,MIXED,run04,LIDAR_ONLY,0.12201559543609619,0.3530727028846741,0.2182767689228058,0.215665802359581,0.2182767689228058,0.0,1.1452100276947021,1058,4021603,58829,13165,151.71668025097952,1,629,0,0,440.082,31.938661575317383,-7.032006740570068,32.702565655167064,EXPLORING
6961.781000,LIDAR_ONLY,MIXED,run04,LIDAR_ONLY,0.12415027618408203,0.358081579208374,0.2182767689228058,0.216187983751297,0.2182767689228058,0.0,1.7241020202636719,1059,4025433,58829,13170,152.06331449610266,1,629,0,0,441.080,32.217864990234375,-7.193481922149658,33.01010287893396,EXPLORING
6962.781000,LIDAR_ONLY,MIXED,run04,LIDAR_ONLY,0.11831414699554443,0.35230809450149536,0.21911726891994476,0.21833376586437225,0.21911726891994476,0.0,3.3357949256896973,1061,4033092,58918,13172,152.4592452489378,1,630,0,0,442.080,32.417396545410156,-7.454518795013428,33.26239188505988,EXPLORING
6963.781000,LIDAR_ONLY,MIXED,run04,LIDAR_ONLY,0.12387876957654953,0.3576781749725342,0.2154047042131424,0.216187983751297,0.2154047042131424,0.0,1.66395103931427,1063,4040752,58958,13182,152.82354248293032,1,632,0,0,443.080,32.69584655761719,-7.631706237792969,33.5736486224481,EXPLORING
6964.783000,LIDAR_ONLY,MIXED,run04,LIDAR_ONLY,0.11916816979646683,0.35358041524887085,0.21676677465438843,0.21807260811328888,0.21676677465438843,0.0,1.3647129535675049,1065,4048411,58993,13186,153.20946819548485,1,632,0,0,444.082,32.89621353149414,-7.901831150054932,33.83086947797146,EXPLORING
6965.782000,LIDAR_ONLY,MIXED,run04,LIDAR_ONLY,0.12024880945682526,0.3541146218776703,0.21624444425106049,0.21572211384773254,0.21624444425106049,0.0,1.6958810091018677,1067,4056069,58993,13191,153.4938851492241,1,634,0,0,445.081,33.13821792602539,-8.009967803955078,34.09147147979489,EXPLORING
6966.782000,LIDAR_ONLY,MIXED,run04,LIDAR_ONLY,0.118037149310112,0.35062891244888306,0.21812957525253296,0.21682339906692505,0.21812957525253296,0.0,8.22454833984375,1069,4063726,59033,13195,153.75130524288932,1,635,0,0,446.081,33.25590133666992,-8.194029808044434,34.24943886118795,EXPLORING
6967.783000,LIDAR_ONLY,MIXED,run04,LIDAR_ONLY,0.11293159425258636,0.3478224575519562,0.21676677465438843,0.21676677465438843,0.21676677465438843,0.0,2.4148950576782227,1071,4071384,59056,13196,154.20846887323992,1,637,0,0,447.082,33.2276725769043,-8.318206787109375,34.25197369743856,EXPLORING
6968.781000,LIDAR_ONLY,MIXED,run04,LIDAR_ONLY,0.13161294162273407,0.35931396484375,0.21499477326869965,0.218913272023201,0.21499477326869965,0.0,1.122818946838379,1073,4079040,59092,13198,154.44860046073916,1,639,0,0,448.080,33.31257629394531,-8.150872230529785,34.29418822903171,EXPLORING
6969.785000,LIDAR_ONLY,MIXED,run04,LIDAR_ONLY,0.112456776201725,0.3491588830947876,0.21316614747047424,0.21447230875492096,0.21316614747047424,0.0,2.84981107711792,1075,4086695,59157,13204,154.7901375653268,1,640,0,0,449.084,33.45402145385742,-8.32328987121582,34.47281777582226,EXPLORING
6970.781000,LIDAR_ONLY,MIXED,run04,LIDAR_ONLY,0.118925541639328,0.35197943449020386,0.21505095064640045,0.21478965878486633,0.21505095064640045,0.0,1.1489850282669067,1078,4098177,59198,13227,155.02432264163866,1,641,0,0,450.080,33.52638244628906,-8.382457733154297,34.55734629198655,EXPLORING
6971.782000,LIDAR_ONLY,MIXED,run04,LIDAR_ONLY,0.12653310596942902,0.35813289880752563,0.22048066556453705,0.21995820105075836,0.22048066556453705,0.0,1.056818962097168,1082,4113488,59266,13233,155.39698127737296,1,642,0,0,451.081,33.70831298828125,-8.617612838745117,34.79136842972496,EXPLORING
6972.783000,LIDAR_ONLY,MIXED,run04,LIDAR_ONLY,0.1199570819735527,0.352066308259964,0.2147335410118103,0.21630093455314636,0.2147335410118103,0.0,1.5699729919433594,1084,4121143,59290,13248,155.7823790049901,1,643,0,0,452.082,34.029701232910156,-8.739315032958984,35.13290697404267,EXPLORING
6973.781000,LIDAR_ONLY,MIXED,run04,LIDAR_ONLY,0.1309015154838562,0.360879510641098,0.21452835202217102,0.21740266680717468,0.21452835202217102,0.0,1.258133053779602,1087,4132624,59306,13249,156.08149859568456,1,645,0,0,453.080,34.288116455078125,-8.837904930114746,35.407737221945084,EXPLORING
6974.781000,LIDAR_ONLY,MIXED,run04,LIDAR_ONLY,0.10673817992210388,0.343473881483078,0.21661876142024994,0.21740266680717468,0.21661876142024994,0.0,1.2497060298919678,1090,4144105,59371,13252,156.46278816999703,1,646,0,0,454.080,34.47694396972656,-9.091402053833008,35.65441102301337,EXPLORING
6975.787000,LIDAR_ONLY,MIXED,run04,LIDAR_ONLY,0.12635816633701324,0.35268256068229675,0.2192317694425583,0.21897047758102417,0.2192317694425583,0.0,1.1068470478057861,1092,4151760,59388,13265,156.77933023367717,1,649,0,0,455.086,34.67314147949219,-9.050321578979492,35.83376167075041,EXPLORING
6976.782000,LIDAR_ONLY,MIXED,run04,LIDAR_ONLY,0.12067653983831406,0.35166317224502563,0.22094541788101196,0.21728910505771637,0.22094541788101196,0.0,1.2354520559310913,1093,4155589,59388,13266,157.08101682952233,1,651,0,0,456.081,34.909358978271484,-9.165172576904297,36.09136433822763,EXPLORING
6977.781000,LIDAR_ONLY,MIXED,run04,LIDAR_ONLY,0.13593782484531403,0.36543503403663635,0.21517996490001678,0.21622326970100403,0.21517996490001678,0.0,1.095613956451416,1095,4163256,59412,13267,157.30582806029776,1,652,0,0,457.080,35.019775390625,-9.191434860229492,36.204830460462134,EXPLORING
6978.781000,LIDAR_ONLY,MIXED,run04,LIDAR_ONLY,0.1322096437215805,0.35738950967788696,0.21981747448444366,0.21903520822525024,0.21981747448444366,0.0,1.1322129964828491,1097,4170926,59433,13271,157.60825758305364,1,653,0,0,458.080,35.24985885620117,-9.248541831970215,36.44187392547407,EXPLORING
6979.781000,LIDAR_ONLY,MIXED,run04,LIDAR_ONLY,0.13001209497451782,0.3605383038520813,0.21909232437610626,0.2157016098499298,0.21909232437610626,0.0,2.3223509788513184,1098,4174760,59433,13273,158.01565002223583,1,654,0,0,459.080,35.58072280883789,-9.407183647155762,36.802231542318296,EXPLORING
6980.785000,LIDAR_ONLY,MIXED,run04,LIDAR_ONLY,0.12847217917442322,0.3577570617198944,0.2175045609474182,0.21906746923923492,0.2175045609474182,0.0,5.836850166320801,1100,4182438,59464,13277,158.43161137958376,1,656,0,0,460.084,35.90740966796875,-9.587486267089844,37.16426328156212,EXPLORING
6981.787000,LIDAR_ONLY,MIXED,run04,LIDAR_ONLY,0.13083449006080627,0.3620641827583313,0.2174479216337204,0.21666666865348816,0.2174479216337204,0.0,2.1706249713897705,1102,4190118,59525,13279,158.78349967179128,1,657,0,0,461.086,36.178489685058594,-9.743955612182617,37.46662004431431,EXPLORING
6982.782000,LIDAR_ONLY,MIXED,run04,LIDAR_ONLY,0.13609009981155396,0.36640676856040955,0.21953125298023224,0.21796874701976776,0.21953125298023224,0.0,8.381887435913086,1103,4193958,59528,13292,159.19072991783236,1,658,0,0,462.081,36.429386138916016,-10.020559310913086,37.781356222484135,EXPLORING
6983.781000,LIDAR_ONLY,MIXED,run04,LIDAR_ONLY,0.12308554351329803,0.3519546687602997,0.21770833432674408,0.21718749403953552,0.21770833432674408,0.0,1.6840009689331055,1105,4201638,59545,13292,159.58304553282707,1,660,0,0,463.080,36.74483871459961,-10.1600980758667,38.1225538713732,EXPLORING
6984.781000,LIDAR_ONLY,MIXED,run04,LIDAR_ONLY,0.13789242506027222,0.3674410283565521,0.21718749403953552,0.2161458283662796,0.21718749403953552,0.0,0.728430986404419,1107,4209318,59554,13292,159.8818148573839,1,663,0,0,464.080,36.886722564697266,-10.210599899291992,38.27276676013439,EXPLORING
6985.781000,LIDAR_ONLY,MIXED,run04,LIDAR_ONLY,0.11833041906356812,0.3543456196784973,0.22031250596046448,0.22109374403953552,0.22031250596046448,0.0,2.593410015106201,1109,4216998,59557,13292,160.19732118964887,1,664,0,0,465.080,36.922950744628906,-10.4852933883667,38.38181059105324,EXPLORING
6986.782000,LIDAR_ONLY,MIXED,run04,LIDAR_ONLY,0.13419882953166962,0.3644601106643677,0.2183997929096222,0.2173573076725006,0.2183997929096222,0.0,1.797950029373169,1111,4224673,59572,13292,160.44930717343465,1,665,0,0,466.081,37.06338119506836,-10.632648468017578,38.55729176995707,EXPLORING
6987.781000,LIDAR_ONLY,MIXED,run04,LIDAR_ONLY,0.14108586311340332,0.3640080988407135,0.21845673024654388,0.21793535351753235,0.21845673024654388,0.0,0.9234219789505005,1113,4232345,59651,13295,160.72753505483115,1,667,0,0,467.080,37.301151275634766,-10.707880973815918,38.80658931781625,EXPLORING
6988.782000,LIDAR_ONLY,MIXED,run04,LIDAR_ONLY,0.146539106965065,0.37026548385620117,0.21819603443145752,0.21871741116046906,0.21819603443145752,0.0,0.9880639910697937,1115,4240017,59663,13308,161.14510026571674,1,668,0,0,468.081,37.655330657958984,-10.817550659179688,39.17728047118809,EXPLORING
6989.783000,LIDAR_ONLY,MIXED,run04,LIDAR_ONLY,0.14755851030349731,0.37022650241851807,0.21845673024654388,0.21715328097343445,0.21845673024654388,0.0,1.0840959548950195,1120,4259194,59715,13310,161.57665277718354,1,669,0,0,469.082,37.96713638305664,-11.024218559265137,39.53418797992473,EXPLORING
6990.781000,LIDAR_ONLY,MIXED,run04,LIDAR_ONLY,0.14779160916805267,0.3672006130218506,0.2183997929096222,0.21579359471797943,0.2183997929096222,0.0,1.107867956161499,1123,4270703,59721,13312,161.9197730652133,1,670,0,0,470.080,38.28378677368164,-11.069971084594727,39.85106148108636,EXPLORING
6991.781000,LIDAR_ONLY,MIXED,run04,LIDAR_ONLY,0.13691745698451996,0.3646925091743469,0.21949948370456696,0.2174139767885208,0.21949948370456696,0.0,1.4548419713974,1126,4282213,59744,13312,162.2853235306865,1,672,0,0,471.080,38.476234436035156,-11.142727851867676,40.05614893493587,EXPLORING
6992.781000,LIDAR_ONLY,MIXED,run04,LIDAR_ONLY,0.12568621337413788,0.356759637594223,0.22086049616336823,0.2213820070028305,0.22086049616336823,0.0,1.0196069478988647,1128,4289881,59757,13312,162.57110849033978,1,672,0,0,472.080,38.64022445678711,-11.194808959960938,40.22815420383292,EXPLORING
6993.783000,LIDAR_ONLY,MIXED,run04,LIDAR_ONLY,0.12552891671657562,0.3563096523284912,0.21758413314819336,0.21419253945350647,0.21758413314819336,0.0,3.2670319080352783,1130,4297547,59787,13312,162.86057332896974,1,673,0,0,473.082,38.856807708740234,-11.301494598388672,40.46589256157973,EXPLORING
6994.781000,LIDAR_ONLY,MIXED,run04,LIDAR_ONLY,0.13677296042442322,0.36224600672721863,0.2189457267522812,0.2194676399230957,0.2189457267522812,0.0,0.9198480248451233,1133,4309042,59794,13312,163.21860415480205,1,674,0,0,474.080,39.073673248291016,-11.536752700805664,40.74016625427318,EXPLORING
6995.782000,LIDAR_ONLY,MIXED,run04,LIDAR_ONLY,0.1599869728088379,0.3712846636772156,0.2177545726299286,0.2177545726299286,0.2177545726299286,0.0,1.0602890253067017,1135,4316702,59831,13312,163.60886061601613,1,676,0,0,475.081,39.382911682128906,-11.653780937194824,41.0698937276371,EXPLORING
6996.782000,LIDAR_ONLY,MIXED,run04,LIDAR_ONLY,0.15762463212013245,0.3691939413547516,0.2148825079202652,0.2164490818977356,0.2148825079202652,0.0,1.2933659553527832,1137,4324362,59834,13321,163.98410700164007,1,677,0,0,476.081,39.72575759887695,-11.653777122497559,41.39876188891971,EXPLORING
6997.781000,LIDAR_ONLY,MIXED,run04,LIDAR_ONLY,0.15699587762355804,0.37086889147758484,0.2154047042131424,0.2164490818977356,0.2154047042131424,0.0,3.9603099822998047,1138,4328192,59852,13321,164.21647416912177,2,678,0,0,477.080,39.9182014465332,-11.67961597442627,41.59070785505941,EXPLORING
6998.784000,LIDAR_ONLY,MIXED,run04,LIDAR_ONLY,0.12030479311943054,0.3523216247558594,0.2172323763370514,0.2177545726299286,0.2172323763370514,0.0,1.023197054862976,1140,4335852,59888,13322,164.375263819023,2,680,0,0,478.083,39.81139373779297,-11.727526664733887,41.50172125950125,EXPLORING
6999.781000,LIDAR_ONLY,MIXED,run04,LIDAR_ONLY,0.11071030795574188,0.3486298620700836,0.21790188550949097,0.2171189934015274,0.21790188550949097,0.0,1.7770390510559082,1141,4339684,59888,13323,164.57058349075402,2,681,0,0,479.080,39.766117095947266,-11.700857162475586,41.450755777298276,EXPLORING
7000.781000,LIDAR_ONLY,MIXED,run04,LIDAR_ONLY,0.11827022582292557,0.3576984405517578,0.21749347448349,0.2180156707763672,0.21749347448349,0.0,1.145907998085022,1143,4347345,59890,13323,164.88123888312134,2,681,0,0,480.080,39.62422180175781,-11.923856735229492,41.37835701851464,EXPLORING
7001.782000,LIDAR_ONLY,MIXED,run04,LIDAR_ONLY,0.11794460564851761,0.3571663498878479,0.21795876324176788,0.21795876324176788,0.21795876324176788,0.0,2.5101399421691895,1145,4355006,59904,13324,165.19977566829886,2,683,0,0,481.081,39.4215202331543,-12.111233711242676,41.238933024133836,EXPLORING
7002.781000,LIDAR_ONLY,MIXED,run04,LIDAR_ONLY,0.11093209683895111,0.34997615218162537,0.2200469821691513,0.21952493488788605,0.2200469821691513,0.0,1.6464600563049316,1147,4362667,59906,13324,165.65073065079955,2,684,0,0,482.080,39.24167251586914,-12.461235046386719,41.1716243731365,EXPLORING
7003.782000,LIDAR_ONLY,MIXED,run04,LIDAR_ONLY,0.11621871590614319,0.35418516397476196,0.21743670105934143,0.21534846723079681,0.21743670105934143,0.0,1.2177790403366089,1149,4370328,59914,13324,165.97398845487467,2,685,0,0,483.081,39.0321044921875,-12.676478385925293,41.03790843268158,EXPLORING
7004.783000,LIDAR_ONLY,MIXED,run04,LIDAR_ONLY,0.09529780596494675,0.3324519097805023,0.21769772469997406,0.21560950577259064,0.21769772469997406,0.0,1.3076449632644653,1151,4377990,59928,13325,166.36748722416755,2,687,0,0,484.082,38.76499938964844,-12.893078804016113,40.85178876442521,EXPLORING
7005.782000,LIDAR_ONLY,MIXED,run04,LIDAR_ONLY,0.09429612755775452,0.3302355110645294,0.219321146607399,0.2167101800441742,0.219321146607399,0.0,1.377958059310913,1153,4385649,59959,13325,166.6789836762188,2,688,0,0,485.081,38.71805953979492,-13.128962516784668,40.88238823459891,EXPLORING
7006.782000,LIDAR_ONLY,MIXED,run04,LIDAR_ONLY,0.1082916408777237,0.34683361649513245,0.219321146607399,0.215665802359581,0.219321146607399,0.0,1.0274230241775513,1159,4408631,60015,13325,167.06933472874954,2,690,0,0,486.081,38.48414611816406,-13.384172439575195,40.74405103881817,EXPLORING
7007.781000,LIDAR_ONLY,MIXED,run04,LIDAR_ONLY,0.10010191798210144,0.3385865390300751,0.21508744359016418,0.21978595852851868,0.21508744359016418,0.0,1.320505976676941,1161,4416292,60025,13333,167.35773313938816,2,692,0,0,487.080,38.26339340209961,-13.524845123291016,40.58227627630525,EXPLORING
7008.787000,LIDAR_ONLY,MIXED,run04,LIDAR_ONLY,0.12334942817687988,0.3594512343406677,0.2177545726299286,0.2177545726299286,0.2177545726299286,0.0,3.0983829498291016,1162,4420122,60026,13335,167.75182686193958,2,694,0,0,488.086,38.01240921020508,-13.763301849365234,40.426284294011694,EXPLORING
7009.785000,LIDAR_ONLY,MIXED,run04,LIDAR_ONLY,0.11209136992692947,0.3511546552181244,0.2172323763370514,0.2159268856048584,0.2172323763370514,0.0,1.1259080171585083,1163,4423952,60028,13335,168.1974055744789,2,695,0,0,489.084,37.790557861328125,-13.785798072814941,40.22546013166848,EXPLORING
7010.781000,LIDAR_ONLY,MIXED,run04,LIDAR_ONLY,0.08687084913253784,0.3247944414615631,0.22045394778251648,0.2168014645576477,0.22045394778251648,0.0,0.8945969939231873,1166,4435449,60101,13336,168.74504982802097,2,696,0,0,490.080,37.8392448425293,-13.665209770202637,40.230082853806984,EXPLORING
7011.781000,LIDAR_ONLY,MIXED,run04,LIDAR_ONLY,0.10287708789110184,0.3425648808479309,0.2171756774187088,0.21587052941322327,0.2171756774187088,0.0,1.648434042930603,1168,4443113,60177,13341,169.17645715875125,2,698,0,0,491.080,37.84807586669922,-13.696602821350098,40.24906072448306,EXPLORING
7012.782000,LIDAR_ONLY,MIXED,run04,LIDAR_ONLY,0.10066667199134827,0.3401851952075958,0.21758413314819336,0.22828072309494019,0.21758413314819336,0.0,1.8852699995040894,1170,4450778,60404,13356,169.45189435963798,2,699,0,0,492.081,37.786128997802734,-13.821024894714355,40.2333866714171,EXPLORING
7013.784000,LIDAR_ONLY,MIXED,run04,LIDAR_ONLY,0.10758556425571442,0.34655776619911194,0.2183668166399002,0.21575789153575897,0.2183668166399002,0.0,2.9591848850250244,1172,4458443,60443,13388,169.76745642495644,2,700,0,0,493.083,37.702110290527344,-13.950712203979492,40.19931187983007,EXPLORING
7014.782000,LIDAR_ONLY,MIXED,run04,LIDAR_ONLY,0.11428090184926987,0.3525126874446869,0.22025051712989807,0.21450939774513245,0.22025051712989807,0.0,0.9742149710655212,1175,4469941,60544,13388,170.08062537321695,2,701,0,0,494.081,37.60026168823242,-14.030938148498535,40.131785676264215,EXPLORING
7015.781000,LIDAR_ONLY,MIXED,run04,LIDAR_ONLY,0.11963671445846558,0.35813355445861816,0.21857067942619324,0.21465831995010376,0.21857067942619324,0.0,7.180727958679199,1177,4477607,60567,13407,170.39298334841902,2,701,0,0,495.080,37.480350494384766,-14.07263469696045,40.03410096025251,EXPLORING
7016.783000,LIDAR_ONLY,MIXED,run04,LIDAR_ONLY,0.12142510712146759,0.3588012754917145,0.2171189934015274,0.2147703617811203,0.2171189934015274,0.0,1.3616399765014648,1179,4485271,60590,13414,170.67205173052804,2,702,0,0,496.082,37.33865737915039,-14.13792610168457,39.924554266883675,EXPLORING
7017.782000,LIDAR_ONLY,MIXED,run04,LIDAR_ONLY,0.12060419470071793,0.35921764373779297,0.21795876324176788,0.21560950577259064,0.21795876324176788,0.0,0.6725090146064758,1182,4496765,60629,13415,170.94093368585467,2,703,0,0,497.081,37.19934844970703,-14.148614883422852,39.79810095288227,EXPLORING
7018.782000,LIDAR_ONLY,MIXED,run04,LIDAR_ONLY,0.11777867376804352,0.3561159670352936,0.21737995743751526,0.2165970802307129,0.21737995743751526,0.0,0.8425790071487427,1184,4504428,60693,13416,171.23288752340756,2,704,0,0,498.081,37.051422119140625,-14.216111183166504,39.68400111908168,EXPLORING
7019.781000,LIDAR_ONLY,MIXED,run04,LIDAR_ONLY,0.11868304014205933,0.3580530285835266,0.217027947306633,0.21624444425106049,0.217027947306633,0.0,1.9922590255737305,1186,4512087,60694,13420,171.57061569838964,2,705,0,0,499.080,36.937103271484375,-14.264750480651855,39.59478672589551,EXPLORING
7020.784000,LIDAR_ONLY,MIXED,run04,LIDAR_ONLY,0.114633709192276,0.35257160663604736,0.21740266680717468,0.21661876142024994,0.21740266680717468,0.0,1.635470986366272,1188,4519743,60734,13420,171.8743238164536,2,707,0,0,500.083,36.82322311401367,-14.335140228271484,39.51405576092862,EXPLORING
7021.783000,LIDAR_ONLY,MIXED,run04,LIDAR_ONLY,0.12029154598712921,0.360368937253952,0.21955044567584991,0.2177208513021469,0.21955044567584991,0.0,1.534371018409729,1190,4527395,60793,13423,172.20501050389544,2,709,0,0,501.082,36.721221923828125,-14.315491676330566,39.41187965088745,EXPLORING
7022.781000,LIDAR_ONLY,MIXED,run04,LIDAR_ONLY,0.1219390258193016,0.3592066764831543,0.21835774183273315,0.21652719378471375,0.21835774183273315,0.0,6.49294376373291,1193,4538870,60822,13434,172.52166024992422,2,710,0,0,502.080,36.58967208862305,-14.425517082214355,39.329564311885086,EXPLORING
7023.782000,LIDAR_ONLY,MIXED,run04,LIDAR_ONLY,0.11583200097084045,0.3570477068424225,0.2160041779279709,0.2136506289243698,0.2160041779279709,0.0,7.476799964904785,1195,4546518,60833,13435,172.80635871109467,2,712,0,0,503.081,36.45386505126953,-14.405274391174316,39.1958094272365,EXPLORING
7024.781000,LIDAR_ONLY,MIXED,run04,LIDAR_ONLY,0.12037122249603271,0.36000949144363403,0.21858638525009155,0.21544502675533295,0.21858638525009155,0.0,0.9392160177230835,1201,4569453,60930,13448,173.09580028558497,2,713,0,0,504.080,36.27340316772461,-14.503432273864746,39.064368262743756,EXPLORING
7025.781000,LIDAR_ONLY,MIXED,run04,LIDAR_ONLY,0.12606783211231232,0.36177772283554077,0.21759623289108276,0.21497774124145508,0.21759623289108276,0.0,0.7757700085639954,1203,4577091,60946,13448,173.36060386076716,2,714,0,0,505.080,36.07854461669922,-14.59180736541748,38.91655273782154,EXPLORING
7026.781000,LIDAR_ONLY,MIXED,run04,LIDAR_ONLY,0.1363094449043274,0.3724381625652313,0.21838177740573883,0.217072531580925,0.21838177740573883,0.0,1.1405110359191895,1205,4584731,60952,13449,173.70670366050302,2,714,0,0,506.080,35.80507278442383,-14.768364906311035,38.73014436753647,EXPLORING
7027.781000,LIDAR_ONLY,MIXED,run04,LIDAR_ONLY,0.13162577152252197,0.36739903688430786,0.21808649599552155,0.2175622582435608,0.21808649599552155,0.0,1.0963200330734253,1207,4592360,60955,13449,174.14469936161896,2,716,0,0,507.080,35.427001953125,-14.791900634765625,38.389969591189825,EXPLORING
7028.781000,LIDAR_ONLY,MIXED,run04,LIDAR_ONLY,0.11958728730678558,0.36044615507125854,0.21808649599552155,0.2175622582435608,0.21808649599552155,0.0,1.0963200330734253,1207,4592360,60955,13450,174.5922656924146,2,718,0,0,508.080,35.06067657470703,-14.84433364868164,38.07260088834289,EXPLORING
7029.785000,LIDAR_ONLY,MIXED,run04,LIDAR_ONLY,0.11700984835624695,0.3532968759536743,0.21679790318012238,0.21732284128665924,0.21679790318012238,0.0,5.802853107452393,1209,4599983,60975,13450,174.9550372124328,2,718,0,0,509.084,34.895259857177734,-15.008157730102539,37.98475748341498,EXPLORING
7030.785000,LIDAR_ONLY,MIXED,run04,LIDAR_ONLY,0.12413989752531052,0.36426424980163574,0.21840587258338928,0.2173570990562439,0.21840587258338928,0.0,1.2541290521621704,1212,4611419,60996,13454,175.23270275019968,2,720,0,0,510.084,34.7929573059082,-15.007038116455078,37.890356519463175,EXPLORING
7031.783000,LIDAR_ONLY,MIXED,run04,LIDAR_ONLY,0.1351497918367386,0.3701551854610443,0.21475280821323395,0.21658383309841156,0.21475280821323395,0.0,1.6626060009002686,1215,4622877,61001,13454,175.55431310303226,2,722,0,0,511.082,34.55842971801758,-15.064895629882812,37.69820428650632,EXPLORING
7032.785000,LIDAR_ONLY,MIXED,run04,LIDAR_ONLY,0.13399478793144226,0.37321773171424866,0.2175273895263672,0.21387584507465363,0.2175273895263672,0.0,2.4984018802642822,1216,4626711,61018,13454,175.99100615687794,2,723,0,0,512.084,34.207557678222656,-15.156241416931152,37.41373725182849,EXPLORING
7033.781000,LIDAR_ONLY,MIXED,run04,LIDAR_ONLY,0.12558406591415405,0.3687097132205963,0.2175273895263672,0.2136150300502777,0.2175273895263672,0.0,4.230301856994629,1219,4638212,61055,13454,176.37272578877673,2,725,0,0,513.080,33.98197937011719,-15.36545467376709,37.293316633481965,EXPLORING
7034.781000,LIDAR_ONLY,MIXED,run04,LIDAR_ONLY,0.13257767260074615,0.3715929687023163,0.21601878106594086,0.212105393409729,0.21601878106594086,0.0,1.2696729898452759,1220,4642045,61065,13456,176.63882052582517,2,726,0,0,514.080,33.85611343383789,-15.461234092712402,37.21835152193114,EXPLORING
7035.781000,LIDAR_ONLY,MIXED,run04,LIDAR_ONLY,0.13629566133022308,0.37497222423553467,0.21633611619472504,0.21320459246635437,0.21633611619472504,0.0,2.10123610496521,1222,4649709,61074,13456,176.92087061850123,2,728,0,0,515.080,33.631099700927734,-15.549737930297852,37.05084480112564,EXPLORING
7036.784000,LIDAR_ONLY,MIXED,run04,LIDAR_ONLY,0.13559696078300476,0.37514829635620117,0.21935315430164337,0.2177882045507431,0.21935315430164337,0.0,5.871708869934082,1224,4657377,61076,13456,177.3292888348761,2,730,0,0,516.083,33.35041046142578,-15.771793365478516,36.890643708114595,EXPLORING
7037.781000,LIDAR_ONLY,MIXED,run04,LIDAR_ONLY,0.12386971712112427,0.3670503497123718,0.21935315430164337,0.2177882045507431,0.21935315430164337,0.0,5.871708869934082,1224,4657377,61076,13456,177.68608242968736,2,732,0,0,517.080,33.090904235839844,-15.923227310180664,36.721625029675444,EXPLORING
7038.782000,LIDAR_ONLY,MIXED,run04,LIDAR_ONLY,0.12934067845344543,0.3684048056602478,0.2180490344762802,0.21726655960083008,0.2180490344762802,0.0,1.084326982498169,1226,4665044,61084,13456,178.042614112032,2,734,0,0,518.081,33.024227142333984,-16.23900604248047,36.79980148833251,EXPLORING
7039.783000,LIDAR_ONLY,MIXED,run04,LIDAR_ONLY,0.13211369514465332,0.3727717995643616,0.21732324361801147,0.21627967059612274,0.21732324361801147,0.0,1.369009017944336,1229,4676542,61108,13456,178.31445986670258,2,735,0,0,519.082,32.998504638671875,-16.432973861694336,36.86277683878031,EXPLORING
7040.781000,LIDAR_ONLY,MIXED,run04,LIDAR_ONLY,0.13218733668327332,0.37251317501068115,0.21816283464431763,0.2165970802307129,0.21816283464431763,0.0,2.045314073562622,1231,4684208,61132,13456,178.63378887524564,2,738,0,0,520.080,32.89012145996094,-16.672624588012695,36.87352555482419,EXPLORING
7041.782000,LIDAR_ONLY,MIXED,run04,LIDAR_ONLY,0.14126139879226685,0.37698894739151,0.2183668166399002,0.21888859570026398,0.2183668166399002,0.0,0.826062023639679,1233,4691874,61200,13459,178.8894425723974,2,739,0,0,521.081,32.67262649536133,-16.730701446533203,36.706098417236255,EXPLORING
7042.781000,LIDAR_ONLY,MIXED,run04,LIDAR_ONLY,0.12385088950395584,0.3659132122993469,0.22112125158309937,0.22059974074363708,0.22112125158309937,0.0,2.337169885635376,1236,4703377,61227,13470,179.34781550107093,2,740,0,0,522.080,32.69828796386719,-16.68202781677246,36.706795649845354,EXPLORING
7043.784000,LIDAR_ONLY,MIXED,run04,LIDAR_ONLY,0.11798492074012756,0.36094069480895996,0.2153846174478531,0.2166883945465088,0.2153846174478531,0.0,2.186829090118408,1237,4707212,61227,13472,179.7479052317487,2,741,0,0,523.083,32.73088455200195,-16.829866409301758,36.803203310688986,EXPLORING
7044.781000,LIDAR_ONLY,MIXED,run04,LIDAR_ONLY,0.12985379993915558,0.3684508800506592,0.21694914996623993,0.21720990538597107,0.21694914996623993,0.0,1.64143705368042,1238,4711047,61269,13472,180.02223757090414,2,742,0,0,524.080,32.73246765136719,-17.067174911499023,36.91372722269228,EXPLORING
7045.782000,LIDAR_ONLY,MIXED,run04,LIDAR_ONLY,0.12966389954090118,0.3681004047393799,0.21773141622543335,0.21694914996623993,0.21773141622543335,0.0,0.6831390261650085,1241,4722550,61465,13472,180.33273879065663,2,744,0,0,525.081,32.58446502685547,-17.3135929107666,36.89753787727823,EXPLORING
7046.783000,LIDAR_ONLY,MIXED,run04,LIDAR_ONLY,0.12253616005182266,0.3608129322528839,0.2187744528055191,0.21720990538597107,0.2187744528055191,0.0,1.0191080570220947,1243,4730220,61481,13559,180.73288813960892,2,746,0,0,526.082,32.342838287353516,-17.55595588684082,36.79934085058949,EXPLORING
7047.787000,LIDAR_ONLY,MIXED,run04,LIDAR_ONLY,0.12090234458446503,0.3573886752128601,0.21246089041233063,0.21011470258235931,0.21246089041233063,0.0,1.0127229690551758,1245,4737891,61509,13560,181.10193486666867,2,747,0,0,527.086,32.3103141784668,-17.8846492767334,36.928817675587325,EXPLORING
7048.781000,LIDAR_ONLY,MIXED,run04,LIDAR_ONLY,0.12689706683158875,0.3608364462852478,0.21938510239124298,0.21912454068660736,0.21938510239124298,0.0,0.8832759857177734,1247,4745566,61528,13562,181.46356871350656,2,748,0,0,528.080,32.39691162109375,-18.191688537597656,37.15396978795371,EXPLORING
7049.781000,LIDAR_ONLY,MIXED,run04,LIDAR_ONLY,0.12107634544372559,0.35499250888824463,0.21692708134651184,0.21822915971279144,0.21692708134651184,0.0,2.2289319038391113,1250,4757084,61545,13562,181.79800149151282,2,749,0,0,529.080,32.38639831542969,-18.501062393188477,37.29729100703629,EXPLORING
7050.781000,LIDAR_ONLY,MIXED,run04,LIDAR_ONLY,0.12288293242454529,0.35386133193969727,0.21692708134651184,0.21718749403953552,0.21692708134651184,0.0,5.3630218505859375,1252,4764764,61560,13563,182.22392808448436,2,751,0,0,530.080,32.28538513183594,-18.841693878173828,37.380144986972326,EXPLORING
7051.782000,LIDAR_ONLY,MIXED,run04,LIDAR_ONLY,0.11860767006874084,0.3483259975910187,0.21640625596046448,0.21770833432674408,0.21640625596046448,0.0,4.8530402183532715,1254,4772444,61561,13563,182.6270570485596,2,754,0,0,531.081,32.2708625793457,-19.15826988220215,37.52822072191893,EXPLORING
7052.781000,LIDAR_ONLY,MIXED,run04,LIDAR_ONLY,0.11426371335983276,0.3426988124847412,0.2161458283662796,0.21796874701976776,0.2161458283662796,0.0,1.2267659902572632,1256,4780124,61561,13563,182.91339884033292,2,755,0,0,532.080,32.14799118041992,-19.3883056640625,37.54090106996565,EXPLORING
7053.781000,LIDAR_ONLY,MIXED,run04,LIDAR_ONLY,0.11146034300327301,0.33950138092041016,0.21562500298023224,0.21953125298023224,0.21562500298023224,0.0,1.0821139812469482,1258,4787804,61562,13563,183.2945231800728,2,756,0,0,533.080,32.193504333496094,-19.74262046813965,37.76389689121144,EXPLORING
7054.782000,LIDAR_ONLY,MIXED,run04,LIDAR_ONLY,0.11379236727952957,0.3405420780181885,0.21510416269302368,0.2174479216337204,0.21510416269302368,0.0,1.5930110216140747,1260,4795484,61562,13563,183.64349034292434,2,758,0,0,534.081,32.32194900512695,-20.016042709350586,38.01669353155565,EXPLORING
7055.782000,LIDAR_ONLY,MIXED,run04,LIDAR_ONLY,0.1082635372877121,0.3327341675758362,0.21562500298023224,0.21171875298023224,0.21562500298023224,0.0,1.3388830423355103,1262,4803164,61571,13563,183.90864352991383,2,760,0,0,535.081,32.3448600769043,-20.24433135986328,38.15679909720865,EXPLORING
7056.781000,LIDAR_ONLY,MIXED,run04,LIDAR_ONLY,0.1074109673500061,0.3333897590637207,0.21484375,0.21718749403953552,0.21484375,0.0,1.3451550006866455,1264,4810844,61572,13563,184.21671511460767,2,762,0,0,536.080,32.371028900146484,-20.461597442626953,38.294629318409896,EXPLORING
7057.783000,LIDAR_ONLY,MIXED,run04,LIDAR_ONLY,0.12318684905767441,0.3445798456668854,0.21406249701976776,0.21588541567325592,0.21406249701976776,0.0,1.715857982635498,1268,4826204,61573,13563,184.47374949543098,2,763,0,0,537.082,32.51905059814453,-20.64295196533203,38.51672130955413,EXPLORING
7058.790000,LIDAR_ONLY,MIXED,run04,LIDAR_ONLY,0.11062590032815933,0.3317584991455078,0.21302083134651184,0.21640625596046448,0.21302083134651184,0.0,1.177651047706604,1270,4833884,61577,13563,184.76346716010596,2,764,0,0,538.089,32.52522659301758,-20.924829483032227,38.673715900541,EXPLORING
7059.781000,LIDAR_ONLY,MIXED,run04,LIDAR_ONLY,0.09713954478502274,0.3203061819076538,0.21302083134651184,0.21640625596046448,0.21302083134651184,0.0,0.9374060034751892,1272,4841564,61582,13563,185.27089687619522,2,765,0,0,539.080,32.49601364135742,-20.70269203186035,38.529340209529224,EXPLORING
7060.784000,LIDAR_ONLY,MIXED,run04,LIDAR_ONLY,0.09408100694417953,0.3158091604709625,0.21302083134651184,0.21666666865348816,0.21302083134651184,0.0,0.9021239876747131,1274,4849244,61590,13564,185.65271102381456,2,767,0,0,540.083,32.29611587524414,-20.6466007232666,38.33065827764639,EXPLORING
7061.781000,LIDAR_ONLY,MIXED,run04,LIDAR_ONLY,0.11344169825315475,0.33675599098205566,0.2122395783662796,0.21640625596046448,0.2122395783662796,0.0,3.8000969886779785,1275,4853084,61647,13564,185.8753343100196,2,769,0,0,541.080,32.309993743896484,-20.65672492980957,38.34780419068142,EXPLORING
7062.781000,LIDAR_ONLY,MIXED,run04,LIDAR_ONLY,0.128489151597023,0.3463708758354187,0.21197916567325592,0.21510416269302368,0.21197916567325592,0.0,4.146205902099609,1277,4860764,61675,13564,186.19383568591118,2,771,0,0,542.080,32.476192474365234,-20.88551139831543,38.611206182739544,EXPLORING
7063.781000,LIDAR_ONLY,MIXED,run04,LIDAR_ONLY,0.1326490342617035,0.3480745851993561,0.21302083134651184,0.21718749403953552,0.21302083134651184,0.0,2.004422903060913,1280,4872284,61695,13570,186.61307394893473,2,771,0,0,543.080,32.68199157714844,-21.174072265625,38.94060646399282,EXPLORING
7064.781000,LIDAR_ONLY,MIXED,run04,LIDAR_ONLY,0.1419249176979065,0.3521628975868225,0.21276041865348816,0.21666666865348816,0.21276041865348816,0.0,1.1919169425964355,1282,4879964,61695,13570,186.92924670667855,2,771,0,0,544.080,32.835060119628906,-21.367277145385742,39.17420270517031,EXPLORING
7065.784000,LIDAR_ONLY,MIXED,run04,LIDAR_ONLY,0.12140270322561264,0.34295231103897095,0.21510416269302368,0.21770833432674408,0.21510416269302368,0.0,0.9855319857597351,1284,4887644,61695,13571,187.25746113062783,2,772,0,0,545.083,33.057273864746094,-21.49803924560547,39.431775831055496,EXPLORING
7066.781000,LIDAR_ONLY,MIXED,run04,LIDAR_ONLY,0.10712426155805588,0.33209964632987976,0.22161458432674408,0.21640625596046448,0.22161458432674408,0.0,0.6935679912567139,1287,4899164,61697,13571,187.46973800910368,2,774,0,0,546.080,33.11616897583008,-21.66201400756836,39.57068534692797,EXPLORING
7067.782000,LIDAR_ONLY,MIXED,run04,LIDAR_ONLY,0.1109527051448822,0.33363404870033264,0.21770833432674408,0.21796874701976776,0.21770833432674408,0.0,0.8604090213775635,1289,4906844,61698,13571,187.75231201548203,2,775,0,0,547.081,33.09013366699219,-21.91091537475586,39.68577372611871,EXPLORING
7068.781000,LIDAR_ONLY,MIXED,run04,LIDAR_ONLY,0.11602714657783508,0.33658531308174133,0.21875,0.21927084028720856,0.21875,0.0,4.965295791625977,1291,4914524,61703,13571,188.14071569120682,2,775,0,0,548.080,33.128578186035156,-22.25444793701172,39.90837319419683,EXPLORING
7069.781000,LIDAR_ONLY,MIXED,run04,LIDAR_ONLY,0.12433651089668274,0.3417230248451233,0.21406249701976776,0.21562500298023224,0.21406249701976776,0.0,10.56053638458252,1294,4926044,61708,13571,188.561075194545,2,777,0,0,549.080,33.16583251953125,-22.62635040283203,40.14771338947796,EXPLORING
7070.781000,LIDAR_ONLY,MIXED,run04,LIDAR_ONLY,0.1483399122953415,0.3530181050300598,0.2122395783662796,0.21640625596046448,0.2122395783662796,0.0,2.8766489028930664,1296,4933724,61715,13571,188.95097192320648,2,777,0,0,550.080,33.319461822509766,-22.883760452270508,40.419886357994066,EXPLORING
7071.782000,LIDAR_ONLY,MIXED,run04,LIDAR_ONLY,0.11844909936189651,0.3404011130332947,0.2122395783662796,0.21640625596046448,0.2122395783662796,0.0,1.0572799444198608,1298,4941404,61719,13571,189.22679275993931,2,778,0,0,551.081,33.500732421875,-22.99078941345215,40.62990528467338,EXPLORING
7072.782000,LIDAR_ONLY,MIXED,run04,LIDAR_ONLY,0.10688695311546326,0.3305988311767578,0.21328124403953552,0.2161458283662796,0.21328124403953552,0.0,0.9845820069313049,1300,4949084,61721,13571,189.42626660669245,2,781,0,0,552.081,33.49042892456055,-23.143102645874023,40.707808239417844,EXPLORING
7073.781000,LIDAR_ONLY,MIXED,run04,LIDAR_ONLY,0.10960179567337036,0.332299143075943,0.2122395783662796,0.21380208432674408,0.2122395783662796,0.0,2.734076976776123,1302,4956764,61721,13571,189.709408285036,2,781,0,0,553.080,33.48481369018555,-23.366729736328125,40.83075124191646,EXPLORING
7074.785000,LIDAR_ONLY,MIXED,run04,LIDAR_ONLY,0.11567770689725876,0.3354465365409851,0.2200520783662796,0.21796874701976776,0.2200520783662796,0.0,0.9374120235443115,1304,4964444,61725,13571,189.9476080566725,2,783,0,0,554.084,33.50445556640625,-23.578449249267578,40.9683418141947,EXPLORING
7075.781000,LIDAR_ONLY,MIXED,run04,LIDAR_ONLY,0.1161058321595192,0.3342289626598358,0.21458333730697632,0.2161458283662796,0.21458333730697632,0.0,0.8508539795875549,1307,4975964,61738,13571,190.33780473184692,2,784,0,0,555.080,33.48299026489258,-23.934690475463867,41.156931374524575,EXPLORING
7076.782000,LIDAR_ONLY,MIXED,run04,LIDAR_ONLY,0.12326429039239883,0.33877429366111755,0.21458333730697632,0.2161458283662796,0.21458333730697632,0.0,0.8508539795875549,1307,4975964,61738,13571,190.76508719813,2,786,0,0,556.081,33.495418548583984,-24.305084228515625,41.38348455998558,EXPLORING
7077.781000,LIDAR_ONLY,MIXED,run04,LIDAR_ONLY,0.13715346157550812,0.3466939330101013,0.21875,0.22057291865348816,0.21875,0.0,1.151229977607727,1308,4979804,61750,13572,191.18990334155515,2,787,0,0,557.080,33.605255126953125,-24.637773513793945,41.66827525357127,EXPLORING
7078.782000,LIDAR_ONLY,MIXED,run04,LIDAR_ONLY,0.1313442885875702,0.3447602093219757,0.21406249701976776,0.21510416269302368,0.21406249701976776,0.0,2.597299098968506,1310,4987484,61753,13573,191.58311289257455,2,788,0,0,558.081,33.744720458984375,-24.87542152404785,41.921407182924966,EXPLORING
7079.782000,LIDAR_ONLY,MIXED,run04,LIDAR_ONLY,0.11046497523784637,0.33147069811820984,0.21145834028720856,0.21380208432674408,0.21145834028720856,0.0,1.7840579748153687,1313,4999004,61766,13573,191.86020122119544,2,788,0,0,559.081,33.8361701965332,-25.03520393371582,42.0898937495353,EXPLORING
7080.781000,LIDAR_ONLY,MIXED,run04,LIDAR_ONLY,0.10464473813772202,0.32694974541664124,0.21276041865348816,0.21458333730697632,0.21276041865348816,0.0,0.9988589882850647,1314,5002844,61767,13573,192.18557607156959,2,790,0,0,560.080,33.82182312011719,-25.237945556640625,42.19929827842685,EXPLORING
7081.781000,LIDAR_ONLY,MIXED,run04,LIDAR_ONLY,0.10818249732255936,0.3292199373245239,0.21640625596046448,0.21718749403953552,0.21640625596046448,0.0,3.1657299995422363,1317,5014364,61770,13573,192.46755914667852,2,791,0,0,561.080,33.85930252075195,-25.43665313720703,42.3483955374628,EXPLORING
7082.784000,LIDAR_ONLY,MIXED,run04,LIDAR_ONLY,0.1118166372179985,0.33129405975341797,0.20755209028720856,0.21588541567325592,0.20755209028720856,0.0,2.4908790588378906,1319,5022044,61776,13575,192.72442129505117,2,792,0,0,562.083,33.84406280517578,-25.601957321166992,42.435735038582244,EXPLORING
7083.781000,LIDAR_ONLY,MIXED,run04,LIDAR_ONLY,0.11566437035799026,0.3332202136516571,0.21328124403953552,0.21588541567325592,0.21328124403953552,0.0,1.428591012954712,1320,5025884,61800,13575,192.9640026172295,2,793,0,0,563.080,33.83552169799805,-25.804838180541992,42.55164916566161,EXPLORING
7084.781000,LIDAR_ONLY,MIXED,run04,LIDAR_ONLY,0.11773231625556946,0.3335307836532593,0.21328124403953552,0.2161458283662796,0.21328124403953552,0.0,0.7566969990730286,1322,5033564,61802,13587,193.31926299339986,2,795,0,0,564.080,33.80573272705078,-26.147075653076172,42.73648955335353,EXPLORING
7085.782000,LIDAR_ONLY,MIXED,run04,LIDAR_ONLY,0.1289856880903244,0.3403048515319824,0.21328124403953552,0.21536459028720856,0.21328124403953552,0.0,0.9063889980316162,1324,5041244,61803,13587,193.74995946197768,2,796,0,0,565.081,33.82302474975586,-26.51161766052246,42.97409609065762,EXPLORING
7086.781000,LIDAR_ONLY,MIXED,run04,LIDAR_ONLY,0.14630945026874542,0.3478282690048218,0.21276041865348816,0.21536459028720856,0.21276041865348816,0.0,1.0869419574737549,1326,5048924,61809,13587,194.18439954686684,2,796,0,0,566.080,33.9495964050293,-26.752960205078125,43.22274375147604,EXPLORING
7087.782000,LIDAR_ONLY,MIXED,run04,LIDAR_ONLY,0.12479373812675476,0.33952879905700684,0.21380208432674408,0.21588541567325592,0.21380208432674408,0.0,1.260354995727539,1328,5056604,61811,13588,194.4945820473081,2,798,0,0,567.081,34.011314392089844,-26.891780853271484,43.35719944508685,EXPLORING
7088.781000,LIDAR_ONLY,MIXED,run04,LIDAR_ONLY,0.11804214119911194,0.33534058928489685,0.2135416716337204,0.2135416716337204,0.2135416716337204,0.0,1.6624170541763306,1330,5064284,61811,13588,194.75149065203834,2,800,0,0,568.080,33.979156494140625,-27.119308471679688,43.47354592660019,EXPLORING
7089.781000,LIDAR_ONLY,MIXED,run04,LIDAR_ONLY,0.1295357495546341,0.34291502833366394,0.2174479216337204,0.21692708134651184,0.2174479216337204,0.0,3.5771889686584473,1332,5071964,61816,13588,195.1464356336112,2,801,0,0,569.080,33.99224853515625,-27.478538513183594,43.70871687989419,EXPLORING
7090.781000,LIDAR_ONLY,MIXED,run04,LIDAR_ONLY,0.12941163778305054,0.3436315655708313,0.21692708134651184,0.21770833432674408,0.21692708134651184,0.0,0.9980819821357727,1333,5075804,61819,13591,195.59146981149104,2,802,0,0,570.080,34.053802490234375,-27.849002838134766,43.990190655214086,EXPLORING
7091.782000,LIDAR_ONLY,MIXED,run04,LIDAR_ONLY,0.1307479590177536,0.3448684513568878,0.21276041865348816,0.21302083134651184,0.21276041865348816,0.0,5.8737711906433105,1335,5083484,61824,13591,195.97589628259627,2,803,0,0,571.081,34.07602310180664,-28.20876693725586,44.235935384455686,EXPLORING
7092.781000,LIDAR_ONLY,MIXED,run04,LIDAR_ONLY,0.13042351603507996,0.3451616168022156,0.21666666865348816,0.2161458283662796,0.21666666865348816,0.0,1.4152109622955322,1339,5098844,61837,13592,196.3349574002342,2,804,0,0,572.080,34.166908264160156,-28.50246238708496,44.49354611564431,EXPLORING
7093.781000,LIDAR_ONLY,MIXED,run04,LIDAR_ONLY,0.12155628204345703,0.34146302938461304,0.21666666865348816,0.21692708134651184,0.21666666865348816,0.0,1.353337049484253,1341,5106524,61844,13598,196.68481451453275,2,806,0,0,573.080,34.13245391845703,-28.8459415435791,44.68803184309385,EXPLORING
7094.781000,LIDAR_ONLY,MIXED,run04,LIDAR_ONLY,0.1365390568971634,0.3492373526096344,0.21796874701976776,0.2174479216337204,0.21796874701976776,0.0,0.7352399826049805,1343,5114204,61853,13600,197.09912297896432,2,808,0,0,574.080,34.120384216308594,-29.208396911621094,44.91367516613628,EXPLORING
7095.781000,LIDAR_ONLY,MIXED,run04,LIDAR_ONLY,0.12990719079971313,0.3444598317146301,0.2174479216337204,0.21510416269302368,0.2174479216337204,0.0,1.4650590419769287,1345,5121884,61865,13601,197.44856247833704,2,809,0,0,575.080,34.22071075439453,-29.4951229095459,45.17660923171049,EXPLORING
7096.781000,LIDAR_ONLY,MIXED,run04,LIDAR_ONLY,0.12208441644906998,0.343611478805542,0.21692708134651184,0.21666666865348816,0.21692708134651184,0.0,0.7496200203895569,1347,5129564,61875,13603,197.79314127574267,2,810,0,0,576.080,34.1599235534668,-29.825191497802734,45.34698405667223,EXPLORING
7097.782000,LIDAR_ONLY,MIXED,run04,LIDAR_ONLY,0.12025370448827744,0.33854806423187256,0.21770833432674408,0.21510416269302368,0.21770833432674408,0.0,2.1318750381469727,1349,5137244,61888,13608,198.20953193504818,2,812,0,0,577.081,34.10157775878906,-30.163442611694336,45.52644548171803,EXPLORING
7098.784000,LIDAR_ONLY,MIXED,run04,LIDAR_ONLY,0.11511652916669846,0.33677101135253906,0.21666666865348816,0.21692708134651184,0.21666666865348816,0.0,2.7088449001312256,1351,5144924,61899,13609,198.62928001693513,2,812,0,0,578.083,34.08197784423828,-30.496427536010742,45.73313263561794,EXPLORING
7099.783000,LIDAR_ONLY,MIXED,run04,LIDAR_ONLY,0.10378137230873108,0.33208924531936646,0.2161458283662796,0.21510416269302368,0.2161458283662796,0.0,0.9264709949493408,1354,5156444,61904,13614,198.9180011430446,2,814,0,0,579.082,33.97284698486328,-30.729145050048828,45.807650215356176,EXPLORING
7100.783000,LIDAR_ONLY,MIXED,run04,LIDAR_ONLY,0.10600641369819641,0.33359184861183167,0.21927084028720856,0.21692708134651184,0.21927084028720856,0.0,1.4995709657669067,1356,5164124,61917,13615,199.28275688702,2,815,0,0,580.082,33.78523635864258,-31.00922203063965,45.85760905462637,EXPLORING
7101.781000,LIDAR_ONLY,MIXED,run04,LIDAR_ONLY,0.11932585388422012,0.3397935926914215,0.21510416269302368,0.21380208432674408,0.21510416269302368,0.0,0.689316987991333,1358,5171804,61917,13617,199.69384305988768,2,816,0,0,581.080,33.72518539428711,-31.036775588989258,45.83204038331872,EXPLORING
7102.782000,LIDAR_ONLY,MIXED,run04,LIDAR_ONLY,0.12524688243865967,0.3389994502067566,0.2109375,0.21328124403953552,0.2109375,0.0,0.9465039968490601,1360,5179484,61941,13622,200.27781332427338,2,817,0,0,582.081,33.89730453491211,-31.010713577270508,45.94124126676106,EXPLORING
7103.781000,LIDAR_ONLY,MIXED,run04,LIDAR_ONLY,0.13838231563568115,0.34317976236343384,0.21380208432674408,0.2174479216337204,0.21380208432674408,0.0,1.1064980030059814,1361,5183324,61955,13625,200.49209079236147,2,819,0,0,583.080,33.801570892333984,-30.998735427856445,45.86255587070343,EXPLORING
7104.782000,LIDAR_ONLY,MIXED,run04,LIDAR_ONLY,0.14622215926647186,0.33834484219551086,0.21484375,0.21406249701976776,0.21484375,0.0,1.4316320419311523,1363,5191004,61985,13632,200.72213017588268,2,821,0,0,584.081,33.93022537231445,-30.927751541137695,45.90960741697087,EXPLORING
7105.781000,LIDAR_ONLY,MIXED,run04,LIDAR_ONLY,0.13293805718421936,0.33149194717407227,0.20989583432674408,0.20677083730697632,0.20989583432674408,0.0,1.5394569635391235,1365,5198684,62036,13640,201.25846162218718,2,821,0,0,585.080,33.80986404418945,-30.89642333984375,45.79958724306184,EXPLORING
7106.787000,LIDAR_ONLY,MIXED,run04,LIDAR_ONLY,0.14300820231437683,0.33701232075691223,0.21927084028720856,0.21510416269302368,0.21927084028720856,0.0,1.7150180339813232,1368,5210204,62072,13646,201.8708619347931,3,822,0,0,586.086,33.76625442504883,-31.0213565826416,45.851835195376125,EXPLORING
7107.781000,LIDAR_ONLY,MIXED,run04,LIDAR_ONLY,0.1407187581062317,0.34468361735343933,0.21041665971279144,0.21276041865348816,0.21041665971279144,0.0,5.827369213104248,1369,5214044,62076,13671,202.055705813591,3,823,0,0,587.080,33.70496368408203,-30.889219284057617,45.71733772872795,EXPLORING
7108.782000,LIDAR_ONLY,MIXED,run04,LIDAR_ONLY,0.11982682347297668,0.3395079970359802,0.21119791269302368,0.21536459028720856,0.21119791269302368,0.0,0.887624979019165,1371,5221724,62128,13672,202.29973222025512,3,823,0,0,588.081,33.60353469848633,-30.89671516418457,45.647686370984744,EXPLORING
7109.782000,LIDAR_ONLY,MIXED,run04,LIDAR_ONLY,0.09893213957548141,0.32488739490509033,0.21145834028720856,0.21380208432674408,0.21145834028720856,0.0,13.045281410217285,1376,5240924,62152,13673,202.68480208082255,3,824,0,0,589.081,33.51732635498047,-30.641525268554688,45.41168733348463,EXPLORING
7110.781000,LIDAR_ONLY,MIXED,run04,LIDAR_ONLY,0.12390406429767609,0.34242209792137146,0.21171875298023224,0.21536459028720856,0.21171875298023224,0.0,10.17814826965332,1377,5244764,62167,13681,202.99258889542193,3,825,0,0,590.080,33.573184967041016,-30.351634979248047,45.25801302898092,EXPLORING
7111.781000,LIDAR_ONLY,MIXED,run04,LIDAR_ONLY,0.11704171448945999,0.3380497395992279,0.21901041269302368,0.2161458283662796,0.21901041269302368,0.0,1.070093035697937,1379,5252444,62173,13684,203.40998055423972,3,826,0,0,591.080,33.62851333618164,-29.974557876586914,45.04729173568903,EXPLORING
7112.784000,LIDAR_ONLY,MIXED,run04,LIDAR_ONLY,0.11819469183683395,0.3366703689098358,0.22031250596046448,0.21796874701976776,0.22031250596046448,0.0,1.806907057762146,1381,5260124,62187,13687,203.82887672594072,3,827,0,0,592.083,33.64557647705078,-29.635190963745117,44.834998405508905,EXPLORING
7113.785000,LIDAR_ONLY,MIXED,run04,LIDAR_ONLY,0.1401069313287735,0.3514479398727417,0.21848958730697632,0.21484375,0.21848958730697632,0.0,1.2409390211105347,1383,5267804,62190,13694,204.1979642439187,3,829,0,0,593.084,33.791297912597656,-29.391386032104492,44.784071169302415,EXPLORING
7114.782000,LIDAR_ONLY,MIXED,run04,LIDAR_ONLY,0.13386479020118713,0.3502742648124695,0.21562500298023224,0.2161458283662796,0.21562500298023224,0.0,1.1203629970550537,1386,5279324,62190,13695,204.55873490153792,3,830,0,0,594.081,33.9760856628418,-29.103178024291992,44.73563336663811,EXPLORING
7115.781000,LIDAR_ONLY,MIXED,run04,LIDAR_ONLY,0.11227002739906311,0.33334848284721375,0.22031250596046448,0.21510416269302368,0.22031250596046448,0.0,1.5353699922561646,1388,5287004,62190,13695,204.9124392063617,3,831,0,0,595.080,34.0150032043457,-28.823829650878906,44.58409230632446,EXPLORING
7116.781000,LIDAR_ONLY,MIXED,run04,LIDAR_ONLY,0.0850265622138977,0.31131911277770996,0.21770833432674408,0.22734375298023224,0.21770833432674408,0.0,0.9914730191230774,1390,5294684,62191,13695,205.2812892805933,3,832,0,0,596.080,34.10173034667969,-28.891605377197266,44.69407490382443,EXPLORING
7117.782000,LIDAR_ONLY,MIXED,run04,LIDAR_ONLY,0.06657184660434723,0.281539648771286,0.21562500298023224,0.21770833432674408,0.21562500298023224,0.0,1.8956290483474731,1392,5302364,62192,13695,205.76769971000465,3,834,0,0,597.081,33.912105560302734,-29.065919876098633,44.66280651097815,EXPLORING
7118.781000,LIDAR_ONLY,MIXED,run04,LIDAR_ONLY,0.05803603306412697,0.26482123136520386,0.21822915971279144,0.21458333730697632,0.21822915971279144,0.0,12.779290199279785,1394,5310044,62192,13695,206.25428162944982,3,836,0,0,598.080,33.700958251953125,-29.030237197875977,44.479404134638955,EXPLORING
7119.781000,LIDAR_ONLY,MIXED,run04,LIDAR_ONLY,0.08867806941270828,0.31136152148246765,0.21770833432674408,0.21380208432674408,0.21770833432674408,0.0,1.6359959840774536,1395,5313884,62199,13695,206.61108230696752,3,837,0,0,599.080,33.96979522705078,-28.917678833007812,44.61038930286561,EXPLORING
7120.784000,LIDAR_ONLY,MIXED,run04,LIDAR_ONLY,0.12303415685892105,0.34424716234207153,0.23854166269302368,0.23281249403953552,0.23854166269302368,0.0,2.1252241134643555,1398,5325404,62210,13696,206.78743634802373,3,837,0,0,600.083,33.992855072021484,-28.827945709228516,44.56985952638749,EXPLORING
7121.781000,LIDAR_ONLY,MIXED,run04,LIDAR_ONLY,0.12538188695907593,0.3461727201938629,0.21171875298023224,0.21458333730697632,0.21171875298023224,0.0,4.9578471183776855,1400,5333084,62216,13696,207.20183481190818,3,840,0,0,601.080,34.05421829223633,-28.4661808013916,44.38379379036224,EXPLORING
7122.782000,LIDAR_ONLY,MIXED,run04,LIDAR_ONLY,0.10924787074327469,0.3351709842681885,0.21822915971279144,0.21432290971279144,0.21822915971279144,0.0,1.158439040184021,1401,5336924,62216,13697,207.63634704575855,3,840,0,0,602.081,33.992149353027344,-28.09934425354004,44.101561452601125,EXPLORING
7123.781000,LIDAR_ONLY,MIXED,run04,LIDAR_ONLY,0.10875414311885834,0.3342459201812744,0.21927084028720856,0.21796874701976776,0.21927084028720856,0.0,1.5867700576782227,1403,5344604,62247,13698,207.9571501395185,3,841,0,0,603.080,33.92856979370117,-27.858619689941406,43.899421752565516,EXPLORING
7124.781000,LIDAR_ONLY,MIXED,run04,LIDAR_ONLY,0.13355864584445953,0.3497961163520813,0.21927084028720856,0.21927084028720856,0.21927084028720856,0.0,0.785772979259491,1405,5352284,62248,13698,208.3307489896648,3,842,0,0,604.080,33.956336975097656,-27.491979598999023,43.68925170678064,EXPLORING
7125.781000,LIDAR_ONLY,MIXED,run04,LIDAR_ONLY,0.12386904656887054,0.3442874550819397,0.2200520783662796,0.21848958730697632,0.2200520783662796,0.0,1.5149630308151245,1407,5359964,62248,13699,208.68671035667688,3,842,0,0,605.080,33.98093795776367,-27.23540496826172,43.547451729513334,EXPLORING
7126.783000,LIDAR_ONLY,MIXED,run04,LIDAR_ONLY,0.13209325075149536,0.3506290912628174,0.21927084028720856,0.21692708134651184,0.21927084028720856,0.0,1.2677600383758545,1409,5367644,62249,13699,209.11079575281855,3,843,0,0,606.082,34.00309371948242,-26.8636417388916,43.33330162937604,EXPLORING
7127.781000,LIDAR_ONLY,MIXED,run04,LIDAR_ONLY,0.11871533840894699,0.34306496381759644,0.21718749403953552,0.21822915971279144,0.21718749403953552,0.0,0.8381999731063843,1410,5371484,62253,13699,209.54547632514587,3,843,0,0,607.080,34.040550231933594,-26.481611251831055,43.127073277420074,EXPLORING
7128.781000,LIDAR_ONLY,MIXED,run04,LIDAR_ONLY,0.1148412674665451,0.3400815427303314,0.21458333730697632,0.21562500298023224,0.21458333730697632,0.0,5.585964202880859,1412,5379164,62254,13699,209.89007741069005,3,844,0,0,608.080,33.960472106933594,-26.19034194946289,42.885402432659504,EXPLORING
7129.784000,LIDAR_ONLY,MIXED,run04,LIDAR_ONLY,0.13154201209545135,0.35108137130737305,0.2174479216337204,0.21822915971279144,0.2174479216337204,0.0,0.8875229954719543,1414,5386844,62254,13699,210.25757827386408,3,845,0,0,609.083,33.95866394042969,-25.846582412719727,42.67489945372613,EXPLORING
7130.781000,LIDAR_ONLY,MIXED,run04,LIDAR_ONLY,0.12278522551059723,0.34678956866264343,0.21770833432674408,0.21718749403953552,0.21770833432674408,0.0,1.1293480396270752,1416,5394524,62254,13699,210.6781650873032,3,846,0,0,610.080,34.01516342163086,-25.476646423339844,42.49707550513914,EXPLORING
7131.785000,LIDAR_ONLY,MIXED,run04,LIDAR_ONLY,0.12324301153421402,0.34660011529922485,0.21796874701976776,0.21718749403953552,0.21796874701976776,0.0,5.863533020019531,1418,5402204,62254,13699,211.0169221248381,3,846,0,0,611.084,33.92422866821289,-25.19029426574707,42.25299059127968,EXPLORING
7132.781000,LIDAR_ONLY,MIXED,run04,LIDAR_ONLY,0.13729871809482574,0.3544906973838806,0.21718749403953552,0.21718749403953552,0.21718749403953552,0.0,0.7918000221252441,1421,5413724,62254,13699,211.38408659581344,3,847,0,0,612.080,33.94365692138672,-24.841466903686523,42.06164027981642,EXPLORING
7133.782000,LIDAR_ONLY,MIXED,run04,LIDAR_ONLY,0.1319572776556015,0.3527449667453766,0.21796874701976776,0.21692708134651184,0.21796874701976776,0.0,1.703771948814392,1423,5421404,62262,13699,211.81620601339827,3,849,0,0,613.081,33.98666763305664,-24.46706199645996,41.876511275588626,EXPLORING
7134.782000,LIDAR_ONLY,MIXED,run04,LIDAR_ONLY,0.13053765892982483,0.35217082500457764,0.21822915971279144,0.21770833432674408,0.21822915971279144,0.0,1.0743720531463623,1425,5429084,62262,13699,212.20202089263293,3,849,0,0,614.081,33.95278549194336,-24.1415958404541,41.6595743741082,EXPLORING
7135.782000,LIDAR_ONLY,MIXED,run04,LIDAR_ONLY,0.12568098306655884,0.3496445119380951,0.21588541567325592,0.21796874701976776,0.21588541567325592,0.0,1.551226019859314,1427,5436764,62264,13699,212.61212786785126,3,850,0,0,615.081,33.90383529663086,-23.7644100189209,41.40204702704179,EXPLORING
7136.781000,LIDAR_ONLY,MIXED,run04,LIDAR_ONLY,0.11155065894126892,0.3402766287326813,0.21718749403953552,0.21796874701976776,0.21718749403953552,0.0,1.6976439952850342,1429,5444444,62264,13699,213.0471779696781,3,851,0,0,616.080,33.76741409301758,-23.512744903564453,41.14608342874309,EXPLORING
7137.783000,LIDAR_ONLY,MIXED,run04,LIDAR_ONLY,0.12922704219818115,0.3513921797275543,0.21536459028720856,0.21510416269302368,0.21536459028720856,0.0,2.571063995361328,1431,5452124,62266,13699,213.3001021010981,3,851,0,0,617.082,33.64080047607422,-23.36881446838379,40.95995697753011,EXPLORING
7138.783000,LIDAR_ONLY,MIXED,run04,LIDAR_ONLY,0.14165692031383514,0.35767900943756104,0.21718749403953552,0.21848958730697632,0.21718749403953552,0.0,2.03004789352417,1433,5459804,62266,13701,213.62463054077466,3,853,0,0,618.082,33.63105010986328,-23.057544708251953,40.77513109975583,EXPLORING
7139.781000,LIDAR_ONLY,MIXED,run04,LIDAR_ONLY,0.12926150858402252,0.35513782501220703,0.21822915971279144,0.21588541567325592,0.21822915971279144,0.0,0.9898999929428101,1435,5467484,62266,13701,214.0776552884614,3,855,0,0,619.080,33.607120513916016,-22.700437545776367,40.55443484778119,EXPLORING
7140.781000,LIDAR_ONLY,MIXED,run04,LIDAR_ONLY,0.1202811449766159,0.3506278395652771,0.21718749403953552,0.21510416269302368,0.21718749403953552,0.0,0.9492909908294678,1436,5471324,62266,13701,214.3681812045409,3,856,0,0,620.080,33.446895599365234,-22.4851016998291,40.30122701445275,EXPLORING
7141.781000,LIDAR_ONLY,MIXED,run04,LIDAR_ONLY,0.11175847053527832,0.3459981083869934,0.2161458283662796,0.21822915971279144,0.2161458283662796,0.0,0.9998540282249451,1438,5479004,62266,13701,214.75884538260763,3,857,0,0,621.080,33.182159423828125,-22.232542037963867,39.94066408387998,EXPLORING
7142.781000,LIDAR_ONLY,MIXED,run04,LIDAR_ONLY,0.12716127932071686,0.3573172390460968,0.2161458283662796,0.21640625596046448,0.2161458283662796,0.0,2.4335598945617676,1441,5490524,62266,13701,215.05913669569358,3,858,0,0,622.080,33.031044006347656,-22.12376594543457,39.75457582753687,EXPLORING
7143.784000,LIDAR_ONLY,MIXED,run04,LIDAR_ONLY,0.1289546638727188,0.3580399453639984,0.21536459028720856,0.21666666865348816,0.21536459028720856,0.0,1.3585519790649414,1443,5498204,62266,13701,215.29752177573198,3,860,0,0,623.083,32.96925354003906,-21.92780113220215,39.59439157684742,EXPLORING
7144.783000,LIDAR_ONLY,MIXED,run04,LIDAR_ONLY,0.12371806800365448,0.3553016185760498,0.21901041269302368,0.21640625596046448,0.21901041269302368,0.0,0.9678220152854919,1445,5505884,62267,13701,215.66789635228102,3,861,0,0,624.082,32.79367446899414,-21.628934860229492,39.28297617298534,EXPLORING
7145.781000,LIDAR_ONLY,MIXED,run04,LIDAR_ONLY,0.1151370257139206,0.34993231296539307,0.21953125298023224,0.21718749403953552,0.21953125298023224,0.0,1.4162770509719849,1447,5513564,62269,13701,216.05400952001133,3,863,0,0,625.080,32.59233093261719,-21.42061996459961,39.000254907221745,EXPLORING
7146.781000,LIDAR_ONLY,MIXED,run04,LIDAR_ONLY,0.12415671348571777,0.35800641775131226,0.2161458283662796,0.21770833432674408,0.2161458283662796,0.0,0.9203280210494995,1448,5517404,62271,13701,216.30963762029143,3,866,0,0,626.080,32.41089630126953,-21.28872299194336,38.77619484675528,EXPLORING
7147.781000,LIDAR_ONLY,MIXED,run04,LIDAR_ONLY,0.12284467369318008,0.35892626643180847,0.21979166567325592,0.2174479216337204,0.21979166567325592,0.0,3.88350510597229,1451,5528924,62278,13701,216.57714064325518,3,867,0,0,627.080,32.353240966796875,-21.107147216796875,38.62850626924602,EXPLORING
7148.781000,LIDAR_ONLY,MIXED,run04,LIDAR_ONLY,0.11417624354362488,0.34964412450790405,0.21822915971279144,0.21718749403953552,0.21822915971279144,0.0,1.6113029718399048,1453,5536604,62280,13703,216.82784412575782,3,867,0,0,628.080,32.216007232666016,-20.935958862304688,38.420093013049474,EXPLORING
7149.783000,LIDAR_ONLY,MIXED,run04,LIDAR_ONLY,0.11835897713899612,0.35206902027130127,0.21927084028720856,0.21770833432674408,0.21927084028720856,0.0,0.8367769718170166,1455,5544284,62284,13703,217.07353461921394,3,869,0,0,629.082,32.06008529663086,-20.781606674194336,38.20527109079287,EXPLORING
7150.782000,LIDAR_ONLY,MIXED,run04,LIDAR_ONLY,0.11167583614587784,0.3450472354888916,0.22031250596046448,0.21953125298023224,0.22031250596046448,0.0,1.1592810153961182,1456,5548124,62286,13703,217.33903881945685,3,870,0,0,630.081,31.887340545654297,-20.657794952392578,37.992972016840476,EXPLORING
7151.781000,LIDAR_ONLY,MIXED,run04,LIDAR_ONLY,0.13009700179100037,0.3624347448348999,0.21822915971279144,0.2174479216337204,0.21822915971279144,0.0,2.687401056289673,1458,5555804,62288,13703,217.58462983686476,3,872,0,0,631.080,31.729633331298828,-20.526023864746094,37.78897533315066,EXPLORING
7152.781000,LIDAR_ONLY,MIXED,run04,LIDAR_ONLY,0.12738440930843353,0.36115679144859314,0.22083333134651184,0.2174479216337204,0.22083333134651184,0.0,1.7081830501556396,1461,5567324,62289,13704,217.92001349055795,3,874,0,0,632.080,31.639535903930664,-20.213441848754883,37.54415109288785,EXPLORING
7153.781000,LIDAR_ONLY,MIXED,run04,LIDAR_ONLY,0.1142844408750534,0.3461804986000061,0.2200520783662796,0.21953125298023224,0.2200520783662796,0.0,4.039258003234863,1463,5575004,62290,13704,218.3068305110743,3,875,0,0,633.080,31.400630950927734,-19.983123779296875,37.21888432185775,EXPLORING
7154.781000,LIDAR_ONLY,MIXED,run04,LIDAR_ONLY,0.12176429480314255,0.35243117809295654,0.21953125298023224,0.21666666865348816,0.21953125298023224,0.0,1.9381109476089478,1465,5582684,62290,13704,218.631825764944,3,876,0,0,634.080,31.106281280517578,-19.906877517700195,36.92973933479276,EXPLORING
7155.783000,LIDAR_ONLY,MIXED,run04,LIDAR_ONLY,0.12231004983186722,0.355543315410614,0.21901041269302368,0.21901041269302368,0.21901041269302368,0.0,0.6994770169258118,1468,5594204,62291,13704,218.97004748028803,3,877,0,0,635.082,30.912181854248047,-19.66477394104004,36.63588479212113,EXPLORING
7156.781000,LIDAR_ONLY,MIXED,run04,LIDAR_ONLY,0.11417551338672638,0.3443699777126312,0.21718749403953552,0.21692708134651184,0.21718749403953552,0.0,1.8656539916992188,1470,5601884,62295,13704,219.3487590345996,3,879,0,0,636.080,30.691593170166016,-19.38878059387207,36.301805918939834,EXPLORING
7157.784000,LIDAR_ONLY,MIXED,run04,LIDAR_ONLY,0.10490577667951584,0.33160433173179626,0.21822915971279144,0.21588541567325592,0.21822915971279144,0.0,7.968112945556641,1473,5613404,62295,13705,219.64523210210794,3,880,0,0,637.083,30.42542839050293,-19.39287567138672,36.079263473980255,EXPLORING
7158.788000,LIDAR_ONLY,MIXED,run04,LIDAR_ONLY,0.12003279477357864,0.35219863057136536,0.21875,0.21588541567325592,0.21875,0.0,0.7265729904174805,1474,5617244,62296,13705,219.9245131168453,3,882,0,0,638.087,30.261682510375977,-19.32844352722168,35.90656585062819,EXPLORING
7159.781000,LIDAR_ONLY,MIXED,run04,LIDAR_ONLY,0.10716627538204193,0.3433014154434204,0.22031250596046448,0.21979166567325592,0.22031250596046448,0.0,1.2753310203552246,1476,5624924,62296,13705,220.56650932231273,3,882,0,0,639.080,30.24025535583496,-18.89265251159668,35.65570213083171,EXPLORING
7160.781000,LIDAR_ONLY,MIXED,run04,LIDAR_ONLY,0.10641121864318848,0.34194812178611755,0.21953125298023224,0.21484375,0.21953125298023224,0.0,1.0227940082550049,1479,5636444,62649,13705,220.98637326796785,3,885,0,0,640.080,30.245885848999023,-18.80841827392578,35.61592342866812,EXPLORING
7161.785000,LIDAR_ONLY,MIXED,run04,LIDAR_ONLY,0.10469822585582733,0.3406127095222473,0.21796874701976776,0.21848958730697632,0.21796874701976776,0.0,0.8568519949913025,1481,5644124,64310,13942,221.35288245496156,3,885,0,0,641.084,30.23578453063965,-18.656644821166992,35.52741203437626,EXPLORING
7162.782000,LIDAR_ONLY,MIXED,run04,LIDAR_ONLY,0.11069830507040024,0.3450113534927368,0.21822915971279144,0.21901041269302368,0.21822915971279144,0.0,2.663778066635132,1483,5651804,64313,14742,221.69805479503165,3,886,0,0,642.081,30.216554641723633,-18.506988525390625,35.432653152862876,EXPLORING
7163.782000,LIDAR_ONLY,MIXED,run04,LIDAR_ONLY,0.1065448597073555,0.3384314179420471,0.21822915971279144,0.21822915971279144,0.21822915971279144,0.0,0.9338300228118896,1486,5663324,64338,14743,221.9401088576148,3,887,0,0,643.081,30.117496490478516,-18.432281494140625,35.30916265743208,EXPLORING
7164.781000,LIDAR_ONLY,MIXED,run04,LIDAR_ONLY,0.1086738333106041,0.3327641487121582,0.2174479216337204,0.21875,0.2174479216337204,0.0,1.074895977973938,1487,5667164,64344,14746,222.24189485166772,3,889,0,0,644.080,29.879430770874023,-18.422502517700195,35.10119420450118,EXPLORING
7165.781000,LIDAR_ONLY,MIXED,run04,LIDAR_ONLY,0.11662601679563522,0.34589293599128723,0.21848958730697632,0.2200520783662796,0.21848958730697632,0.0,3.8128108978271484,1489,5674844,64378,14746,222.54906801176287,3,889,0,0,645.080,29.621644973754883,-18.410104751586914,34.8754811065269,EXPLORING
7166.782000,LIDAR_ONLY,MIXED,run04,LIDAR_ONLY,0.12163401395082474,0.35271355509757996,0.21927084028720856,0.21770833432674408,0.21927084028720856,0.0,4.952362060546875,1492,5686364,64381,14752,222.91262079344392,3,891,0,0,646.081,29.36209487915039,-18.17374038696289,34.53032795067244,EXPLORING
7167.781000,LIDAR_ONLY,MIXED,run04,LIDAR_ONLY,0.12603120505809784,0.3560512363910675,0.21880698204040527,0.2159416526556015,0.21880698204040527,0.0,0.9922569990158081,1494,5694042,64418,14752,223.33434865746582,3,892,0,0,647.080,29.126697540283203,-17.901460647583008,34.18703844316105,EXPLORING
7168.781000,LIDAR_ONLY,MIXED,run04,LIDAR_ONLY,0.12736299633979797,0.3558504581451416,0.2161458283662796,0.21875,0.2161458283662796,0.0,14.736566543579102,1496,5701721,64422,14757,223.73418271423606,3,894,0,0,648.080,28.824060440063477,-17.72489356994629,33.836753086370436,EXPLORING
7169.781000,LIDAR_ONLY,MIXED,run04,LIDAR_ONLY,0.1178872138261795,0.3419162333011627,0.21718749403953552,0.21875,0.21718749403953552,0.0,1.2484560012817383,1497,5705561,64424,14757,224.0412389812937,3,896,0,0,649.080,28.59439468383789,-17.69900894165039,33.62770212056218,EXPLORING
7170.781000,LIDAR_ONLY,MIXED,run04,LIDAR_ONLY,0.11409567296504974,0.3363378047943115,0.21901041269302368,0.21979166567325592,0.21901041269302368,0.0,0.9186030030250549,1499,5713241,64434,14757,224.46392774293983,3,896,0,0,650.080,28.350830078125,-17.796253204345703,33.472445664338366,EXPLORING
7171.781000,LIDAR_ONLY,MIXED,run04,LIDAR_ONLY,0.10078985244035721,0.33138424158096313,0.2175045609474182,0.21854649484157562,0.2175045609474182,0.0,16.372072219848633,1502,5724758,64440,14757,224.7818071217114,3,897,0,0,651.080,28.129854202270508,-17.897382736206055,33.339672794853165,EXPLORING
7172.783000,LIDAR_ONLY,MIXED,run04,LIDAR_ONLY,0.10410728305578232,0.3359607458114624,0.2180490344762802,0.21465831995010376,0.2180490344762802,0.0,0.7943019866943359,1504,5732429,64440,14757,225.12661629657947,3,898,0,0,652.082,27.93424415588379,-17.882835388183594,33.16695606350598,EXPLORING
7173.783000,LIDAR_ONLY,MIXED,run04,LIDAR_ONLY,0.10912404209375381,0.3409286439418793,0.21886399388313293,0.21573735773563385,0.21886399388313293,0.0,1.0204529762268066,1506,5740105,64447,14757,225.4403231404791,3,899,0,0,653.082,27.783920288085938,-17.874008178710938,33.03567582519042,EXPLORING
7174.781000,LIDAR_ONLY,MIXED,run04,LIDAR_ONLY,0.10626590996980667,0.33837470412254333,0.21906746923923492,0.21620213985443115,0.21906746923923492,0.0,3.767267942428589,1508,5747783,64451,14757,225.7226015465049,3,900,0,0,654.080,27.583131790161133,-17.863544464111328,32.8613035320771,EXPLORING
7175.781000,LIDAR_ONLY,MIXED,run04,LIDAR_ONLY,0.11298771947622299,0.34723660349845886,0.21906746923923492,0.21672309935092926,0.21906746923923492,0.0,1.1924149990081787,1511,5759299,64469,14757,225.96215938792182,3,901,0,0,655.080,27.415691375732422,-17.73377227783203,32.65022429393934,EXPLORING
7176.781000,LIDAR_ONLY,MIXED,run04,LIDAR_ONLY,0.10832702368497849,0.3439297080039978,0.2174139767885208,0.21532846987247467,0.2174139767885208,0.0,0.8001059889793396,1512,5763135,64469,14762,226.21856321353144,3,903,0,0,656.080,27.315706253051758,-17.558561325073242,32.47124215106568,EXPLORING
7177.781000,LIDAR_ONLY,MIXED,run04,LIDAR_ONLY,0.12117231637239456,0.34721043705940247,0.21830986440181732,0.21674491465091705,0.21830986440181732,0.0,4.149978160858154,1514,5770806,64473,14762,226.43916246705695,3,904,0,0,657.080,27.262760162353516,-17.635622024536133,32.46850747188221,EXPLORING
7178.782000,LIDAR_ONLY,MIXED,run04,LIDAR_ONLY,0.10741732269525528,0.3363792598247528,0.21952493488788605,0.21952493488788605,0.21952493488788605,0.0,1.3644720315933228,1517,5782300,64476,14762,226.79487693187417,3,906,0,0,658.081,26.954755783081055,-17.662334442138672,32.22496279167648,EXPLORING
7179.784000,LIDAR_ONLY,MIXED,run04,LIDAR_ONLY,0.1256294995546341,0.35379040241241455,0.2182197868824005,0.22030802071094513,0.2182197868824005,0.0,2.017625093460083,1519,5789962,64481,14762,227.1369153823936,3,906,0,0,659.083,26.636409759521484,-17.57112693786621,31.908852166008852,EXPLORING
7180.786000,LIDAR_ONLY,MIXED,run04,LIDAR_ONLY,0.11724988371133804,0.34669652581214905,0.2161315530538559,0.21352127194404602,0.2161315530538559,0.0,0.8641250133514404,1521,5797624,64481,14762,227.54370982043304,3,908,0,0,660.085,26.317686080932617,-17.421499252319336,31.560450216807347,EXPLORING
7181.781000,LIDAR_ONLY,MIXED,run04,LIDAR_ONLY,0.1176510751247406,0.348901629447937,0.2172323763370514,0.2140992134809494,0.2172323763370514,0.0,1.5029239654541016,1522,5801454,64503,14763,227.9683477631484,3,910,0,0,661.080,25.952129364013672,-17.41548728942871,31.252931502881715,EXPLORING
7182.781000,LIDAR_ONLY,MIXED,run04,LIDAR_ONLY,0.13572806119918823,0.3686620891094208,0.21745948493480682,0.21850496530532837,0.21745948493480682,0.0,12.46599006652832,1525,5812936,64511,14763,228.35386031730752,3,910,0,0,662.080,25.62884521484375,-17.296550750732422,30.91832191800562,EXPLORING
7183.781000,LIDAR_ONLY,MIXED,run04,LIDAR_ONLY,0.13724049925804138,0.3709073066711426,0.21824359893798828,0.2200731784105301,0.21824359893798828,0.0,2.6915860176086426,1527,5820591,64511,14763,228.75942573504446,3,912,0,0,663.080,25.29304313659668,-17.15443992614746,30.56056092793816,EXPLORING
7184.782000,LIDAR_ONLY,MIXED,run04,LIDAR_ONLY,0.1272946298122406,0.3647647202014923,0.2140616774559021,0.21353894472122192,0.2140616774559021,0.0,0.7244330048561096,1529,5828242,64523,14763,229.1293986411096,3,914,0,0,664.081,25.118345260620117,-17.13247299194336,30.403754848872936,EXPLORING
7185.782000,LIDAR_ONLY,MIXED,run04,LIDAR_ONLY,0.14183181524276733,0.37323909997940063,0.21652719378471375,0.2170502096414566,0.21652719378471375,0.0,1.5611220598220825,1531,5835890,64525,14763,229.44761489681844,3,917,0,0,665.081,24.810903549194336,-17.112476348876953,30.13890871214635,EXPLORING
7186.781000,LIDAR_ONLY,MIXED,run04,LIDAR_ONLY,0.13420800864696503,0.3681305944919586,0.21376243233680725,0.21585556864738464,0.21376243233680725,0.0,3.859160900115967,1534,5847359,64529,14763,229.86321600163657,3,918,0,0,666.080,24.44196891784668,-17.07756233215332,29.815931621570368,EXPLORING
7187.782000,LIDAR_ONLY,MIXED,run04,LIDAR_ONLY,0.12209300696849823,0.3585534393787384,0.21469664573669434,0.2160041779279709,0.21469664573669434,0.0,1.3268619775772095,1536,5855003,64544,14763,230.27609044189586,3,920,0,0,667.081,24.098247528076172,-17.035390853881836,29.510465811339962,EXPLORING
7188.781000,LIDAR_ONLY,MIXED,run04,LIDAR_ONLY,0.11334012448787689,0.3504132032394409,0.21726655960083008,0.2177882045507431,0.21726655960083008,0.0,1.5367720127105713,1539,5866504,64547,14763,230.66105712998433,3,922,0,0,668.080,23.835294723510742,-16.961830139160156,29.25342814466906,EXPLORING
7189.781000,LIDAR_ONLY,MIXED,run04,LIDAR_ONLY,0.1274849772453308,0.35909661650657654,0.2168014645576477,0.22123663127422333,0.2168014645576477,0.0,1.29721999168396,1541,5874171,64552,14763,230.88008854343525,3,923,0,0,669.080,23.689441680908203,-16.923336029052734,29.11232340472493,EXPLORING
7190.782000,LIDAR_ONLY,MIXED,run04,LIDAR_ONLY,0.13745199143886566,0.36111193895339966,0.21830986440181732,0.21857067942619324,0.21830986440181732,0.0,0.9692429900169373,1544,5885671,64554,14763,231.16558943456897,3,925,0,0,670.081,23.457813262939453,-17.04729461669922,28.99686248741119,EXPLORING
7191.781000,LIDAR_ONLY,MIXED,run04,LIDAR_ONLY,0.1308203488588333,0.3542584776878357,0.2161315530538559,0.2171756774187088,0.2161315530538559,0.0,6.316202163696289,1546,5893332,64569,14763,231.5695510228002,3,928,0,0,671.080,23.197181701660156,-17.239397048950195,28.900608616637868,EXPLORING
7192.781000,LIDAR_ONLY,MIXED,run04,LIDAR_ONLY,0.12480782717466354,0.3501932919025421,0.2185378521680832,0.216187983751297,0.2185378521680832,0.0,1.299010992050171,1551,5912489,64590,14763,231.9135830284438,3,929,0,0,672.080,23.129047393798828,-17.382278442382812,28.931567157627402,EXPLORING
7193.783000,LIDAR_ONLY,MIXED,run04,LIDAR_ONLY,0.11618673801422119,0.344168484210968,0.21795876324176788,0.21534846723079681,0.21795876324176788,0.0,0.895268976688385,1553,5920150,64594,14764,232.28921189711843,3,931,0,0,673.082,23.106081008911133,-17.51995849609375,28.996189288747775,EXPLORING
7194.781000,LIDAR_ONLY,MIXED,run04,LIDAR_ONLY,0.12173528224229813,0.35509738326072693,0.2187989503145218,0.2151436060667038,0.2187989503145218,0.0,1.1142799854278564,1555,5927811,64605,14764,232.5303150885684,3,932,0,0,674.080,22.932451248168945,-17.53584861755371,28.867675794062748,EXPLORING
7195.781000,LIDAR_ONLY,MIXED,run04,LIDAR_ONLY,0.12151798605918884,0.35234999656677246,0.21876633167266846,0.21458442509174347,0.21876633167266846,0.0,2.0270440578460693,1557,5935469,64629,14764,232.79656469502194,3,934,0,0,675.080,22.76378059387207,-17.603490829467773,28.775202370202187,EXPLORING
7196.781000,LIDAR_ONLY,MIXED,run04,LIDAR_ONLY,0.12409219145774841,0.3536267876625061,0.2180156707763672,0.2133159339427948,0.2180156707763672,0.0,0.7935789823532104,1559,5943136,64646,14768,233.05338617843663,3,935,0,0,676.080,22.56290626525879,-17.688323974609375,28.66882531181462,EXPLORING
7197.783000,LIDAR_ONLY,MIXED,run04,LIDAR_ONLY,0.12931933999061584,0.36240682005882263,0.2159832864999771,0.2178114354610443,0.2159832864999771,0.0,3.4209229946136475,1562,5954622,64652,14769,233.3897029857829,3,937,0,0,677.082,22.245494842529297,-17.723041534423828,28.441322797043952,EXPLORING
7198.781000,LIDAR_ONLY,MIXED,run04,LIDAR_ONLY,0.13709041476249695,0.3630872964859009,0.21676677465438843,0.2144162952899933,0.21676677465438843,0.0,1.9193660020828247,1564,5962280,64655,14769,233.81985051861375,3,937,0,0,678.080,21.8986759185791,-17.789249420166016,28.21259706932987,EXPLORING
7199.784000,LIDAR_ONLY,MIXED,run04,LIDAR_ONLY,0.11655872315168381,0.3344404995441437,0.21766397356987,0.21505095064640045,0.21766397356987,0.0,1.804023027420044,1567,5973760,64657,14769,234.1812952910131,3,939,0,0,679.083,21.74649429321289,-17.989213943481445,28.221679494774836,EXPLORING
7200.781000,LIDAR_ONLY,MIXED,run04,LIDAR_ONLY,0.13066621124744415,0.35940444469451904,0.21786834299564362,0.21760711073875427,0.21786834299564362,0.0,1.4799460172653198,1569,5981415,64660,14769,234.4579029493599,3,941,0,0,680.080,21.569278717041016,-18.159387588500977,28.19465743944421,EXPLORING
7201.782000,LIDAR_ONLY,MIXED,run04,LIDAR_ONLY,0.12433695793151855,0.36202651262283325,0.2160961627960205,0.21635745465755463,0.2160961627960205,0.0,5.591310024261475,1572,5992896,64662,14769,234.80322218865322,3,943,0,0,681.081,21.252954483032227,-18.179048538208008,27.966194893506803,EXPLORING
7202.782000,LIDAR_ONLY,MIXED,run04,LIDAR_ONLY,0.11324923485517502,0.3532465398311615,0.22071129083633423,0.2162656933069229,0.22071129083633423,0.0,1.1546599864959717,1574,6000545,64668,14769,235.2048437752038,3,943,0,0,682.081,20.919086456298828,-18.143827438354492,27.690242357428414,EXPLORING
7203.783000,LIDAR_ONLY,MIXED,run04,LIDAR_ONLY,0.12213735282421112,0.3601236939430237,0.21745948493480682,0.21510715782642365,0.21745948493480682,0.0,1.8948479890823364,1576,6008198,64673,14769,235.56051216585846,3,945,0,0,683.082,20.701446533203125,-18.099224090576172,27.4968205615663,EXPLORING
7204.781000,LIDAR_ONLY,MIXED,run04,LIDAR_ONLY,0.13350196182727814,0.3605213165283203,0.21559393405914307,0.21768707036972046,0.21559393405914307,0.0,1.880450963973999,1579,6019663,64674,14771,235.81090748265177,3,947,0,0,684.080,20.521989822387695,-18.135263442993164,27.38582682992181,EXPLORING
7205.781000,LIDAR_ONLY,MIXED,run04,LIDAR_ONLY,0.12941862642765045,0.35522666573524475,0.2169589102268219,0.21774405241012573,0.2169589102268219,0.0,2.6116480827331543,1582,6031131,64674,14771,236.18831612014642,3,948,0,0,685.080,20.236919403076172,-18.36591911315918,27.327347537422263,EXPLORING
7206.781000,LIDAR_ONLY,MIXED,run04,LIDAR_ONLY,0.12360931187868118,0.35570356249809265,0.21632225811481476,0.21763013303279877,0.21632225811481476,0.0,11.383161544799805,1584,6038777,64692,14771,236.5823188618149,3,950,0,0,686.080,19.99338150024414,-18.56743049621582,27.284228416356925,EXPLORING
7207.784000,LIDAR_ONLY,MIXED,run04,LIDAR_ONLY,0.12891167402267456,0.36463069915771484,0.21794871985912323,0.21585556864738464,0.21794871985912323,0.0,5.954687118530273,1587,6050243,64695,14773,236.90900257264818,3,951,0,0,687.083,19.689123153686523,-18.675613403320312,27.13641387944363,EXPLORING
7208.781000,LIDAR_ONLY,MIXED,run04,LIDAR_ONLY,0.12934492528438568,0.36229100823402405,0.21753926575183868,0.21439790725708008,0.21753926575183868,0.0,0.9475929737091064,1590,6061707,64700,14773,237.3489120492553,3,952,0,0,688.080,19.339035034179688,-18.76949691772461,26.948798785484396,EXPLORING
7209.781000,LIDAR_ONLY,MIXED,run04,LIDAR_ONLY,0.1184568926692009,0.3474687933921814,0.2192569375038147,0.2153322845697403,0.2192569375038147,0.0,0.804606020450592,1594,6076997,64710,14773,237.69119613676526,3,954,0,0,689.080,19.239748001098633,-18.8862361907959,26.959291207483457,EXPLORING
7210.783000,LIDAR_ONLY,MIXED,run04,LIDAR_ONLY,0.12622614204883575,0.3639536201953888,0.21763013303279877,0.21632225811481476,0.21763013303279877,0.0,0.6696680188179016,1597,6088466,64710,14774,237.9074480316345,3,956,0,0,690.082,19.122600555419922,-18.917827606201172,26.89802632825313,EXPLORING
7211.781000,LIDAR_ONLY,MIXED,run04,LIDAR_ONLY,0.13302932679653168,0.36876779794692993,0.2166055589914322,0.21686747670173645,0.2166055589914322,0.0,1.0732150077819824,1599,6096105,64712,14774,238.28186506168262,3,958,0,0,691.080,18.768184661865234,-18.994096755981445,26.701439503315708,EXPLORING
7212.781000,LIDAR_ONLY,MIXED,run04,LIDAR_ONLY,0.13709121942520142,0.3696706295013428,0.21989528834819794,0.21439790725708008,0.21989528834819794,0.0,1.738281011581421,1602,6107569,64743,14774,238.70663802982767,3,960,0,0,692.080,18.427431106567383,-19.084856033325195,26.52826698714156,EXPLORING
7213.781000,LIDAR_ONLY,MIXED,run04,LIDAR_ONLY,0.12295392155647278,0.3539041578769684,0.21829140186309814,0.21645702421665192,0.21829140186309814,0.0,1.2036269903182983,1604,6115203,64757,14786,239.04737459364299,3,962,0,0,693.080,18.298152923583984,-19.272302627563477,26.57425721157996,EXPLORING
7214.781000,LIDAR_ONLY,MIXED,run04,LIDAR_ONLY,0.1206737533211708,0.3618243932723999,0.21628698706626892,0.21969102323055267,0.21628698706626892,0.0,0.7278649806976318,1607,6126659,64765,14790,239.2355316548343,3,964,0,0,694.080,18.19371223449707,-19.31123924255371,26.53078206513371,EXPLORING
7215.782000,LIDAR_ONLY,MIXED,run04,LIDAR_ONLY,0.12060849368572235,0.3605918288230896,0.21802935004234314,0.21907757222652435,0.21802935004234314,0.0,1.2222390174865723,1610,6138110,64771,14792,239.47394135019206,3,964,0,0,695.081,18.009523391723633,-19.317777633666992,26.409602350811518,EXPLORING
7216.782000,LIDAR_ONLY,MIXED,run04,LIDAR_ONLY,0.12995265424251556,0.36719006299972534,0.22027239203453064,0.2166055589914322,0.22027239203453064,0.0,2.054647922515869,1611,6141928,64775,14793,239.72632294202964,3,965,0,0,696.081,17.887468338012695,-19.411636352539062,26.39547198972792,EXPLORING
7217.782000,LIDAR_ONLY,MIXED,run04,LIDAR_ONLY,0.12805908918380737,0.3664114475250244,0.2177102416753769,0.2169242799282074,0.2177102416753769,0.0,0.999360978603363,1613,6149561,64776,14793,240.00367442160572,3,967,0,0,697.081,17.678403854370117,-19.532947540283203,26.344071531714363,EXPLORING
7218.782000,LIDAR_ONLY,MIXED,run04,LIDAR_ONLY,0.13584662973880768,0.3731326758861542,0.2189054787158966,0.21811991930007935,0.2189054787158966,0.0,8.973823547363281,1615,6157198,64780,14793,240.4090457382894,3,969,0,0,698.081,17.330678939819336,-19.698843002319336,26.236339255759688,EXPLORING
7219.781000,LIDAR_ONLY,MIXED,run04,LIDAR_ONLY,0.12608638405799866,0.3643389344215393,0.21980613470077515,0.21875818073749542,0.21980613470077515,0.0,1.0082299709320068,1617,6164832,64788,14793,240.82900481280785,3,970,0,0,699.080,16.990480422973633,-19.824623107910156,26.108261573193793,EXPLORING
7220.785000,LIDAR_ONLY,MIXED,run04,LIDAR_ONLY,0.12835748493671417,0.36176833510398865,0.22100026905536652,0.2168106883764267,0.22100026905536652,0.0,1.2747039794921875,1620,6176289,64792,14794,241.24557418394372,3,971,0,0,700.084,16.699172973632812,-20.048538208007812,26.09129861378217,EXPLORING
7221.782000,LIDAR_ONLY,MIXED,run04,LIDAR_ONLY,0.1217445358633995,0.36043694615364075,0.21992136538028717,0.21939711272716522,0.21992136538028717,0.0,1.2905420064926147,1622,6183923,64798,14794,241.66846903989835,3,973,0,0,701.081,16.3917293548584,-20.255739212036133,26.05635804989377,EXPLORING
7222.782000,LIDAR_ONLY,MIXED,run04,LIDAR_ONLY,0.12938150763511658,0.3605445623397827,0.22105814516544342,0.21974855661392212,0.22105814516544342,0.0,1.1307239532470703,1624,6191560,64798,14794,242.07808941341872,3,975,0,0,702.081,16.123027801513672,-20.46154022216797,26.04951136072788,EXPLORING
7223.782000,LIDAR_ONLY,MIXED,run04,LIDAR_ONLY,0.11652259528636932,0.3540436625480652,0.21303324401378632,0.210677832365036,0.21303324401378632,0.0,1.376147985458374,1627,6203023,64800,14794,242.4314345684375,3,977,0,0,703.081,15.975163459777832,-20.716638565063477,26.159805484881826,EXPLORING
7224.781000,LIDAR_ONLY,MIXED,run04,LIDAR_ONLY,0.12257405370473862,0.3520030081272125,0.2178347259759903,0.21678870916366577,0.2178347259759903,0.0,2.495316982269287,1629,6210668,64801,14794,242.57428308671035,3,978,0,0,704.080,16.012113571166992,-20.635883331298828,26.1185359493241,EXPLORING
7225.781000,LIDAR_ONLY,MIXED,run04,LIDAR_ONLY,0.1193724200129509,0.34624651074409485,0.2141176462173462,0.21228757500648499,0.2141176462173462,0.0,4.261551856994629,1631,6218318,64802,14794,242.7814336290954,3,978,0,0,705.080,16.031707763671875,-20.5985107421875,26.101048833148926,EXPLORING
7226.784000,LIDAR_ONLY,MIXED,run04,LIDAR_ONLY,0.12717923521995544,0.3516944646835327,0.21708464622497559,0.21630093455314636,0.21708464622497559,0.0,1.8750189542770386,1633,6225972,64803,14794,243.07774461950058,3,980,0,0,706.083,15.816263198852539,-20.430532455444336,25.836250921765245,EXPLORING
7227.781000,LIDAR_ONLY,MIXED,run04,LIDAR_ONLY,0.12371770292520523,0.35177457332611084,0.2177777737379074,0.21882352232933044,0.2177777737379074,0.0,1.2590179443359375,1636,6237449,64807,14794,243.49775502151408,3,980,0,0,707.080,15.635831832885742,-20.108854293823242,25.471492238932637,EXPLORING
7228.781000,LIDAR_ONLY,MIXED,run04,LIDAR_ONLY,0.12622223794460297,0.3580937087535858,0.2177208513021469,0.21824359893798828,0.2177208513021469,0.0,1.472985029220581,1639,6248924,64812,14798,243.88913010937083,3,982,0,0,708.080,15.328227043151855,-19.959556579589844,25.16527052872574,EXPLORING
7229.781000,LIDAR_ONLY,MIXED,run04,LIDAR_ONLY,0.10697003453969955,0.3331570625305176,0.2171637862920761,0.21454735100269318,0.2171637862920761,0.0,2.5926740169525146,1642,6260396,64815,14798,244.24760663836497,3,982,0,0,709.080,15.076882362365723,-19.74881362915039,24.84514236952781,EXPLORING
7230.782000,LIDAR_ONLY,MIXED,run04,LIDAR_ONLY,0.10761284828186035,0.3357102572917938,0.21785807609558105,0.21838177740573883,0.21785807609558105,0.0,1.0397499799728394,1644,6268036,64817,14799,244.56530415995758,3,982,0,0,710.081,14.881378173828125,-19.567171096801758,24.582172875008972,EXPLORING
7231.782000,LIDAR_ONLY,MIXED,run04,LIDAR_ONLY,0.12041966617107391,0.3374343812465668,0.21823421120643616,0.2184962034225464,0.21823421120643616,0.0,2.978174924850464,1646,6275673,64826,14799,244.83838850038822,3,984,0,0,711.081,14.770548820495605,-19.356748580932617,24.34762516946242,EXPLORING
7232.782000,LIDAR_ONLY,MIXED,run04,LIDAR_ONLY,0.13589337468147278,0.3599213659763336,0.2152959704399109,0.21896280348300934,0.2152959704399109,0.0,0.8335909843444824,1649,6287127,64853,14799,245.17097000143823,3,985,0,0,712.081,14.560312271118164,-19.154590606689453,24.05941913865183,EXPLORING
7233.782000,LIDAR_ONLY,MIXED,run04,LIDAR_ONLY,0.13586322963237762,0.36177802085876465,0.21494102478027344,0.21730013191699982,0.21494102478027344,0.0,0.9238160252571106,1652,6298578,64869,14800,245.544603162852,3,986,0,0,713.081,14.251047134399414,-19.114023208618164,23.841004398138185,EXPLORING
7234.781000,LIDAR_ONLY,MIXED,run04,LIDAR_ONLY,0.13849303126335144,0.35958218574523926,0.21523958444595337,0.21811991930007935,0.21523958444595337,0.0,0.8134160041809082,1653,6302397,64889,14805,245.95989956600377,3,987,0,0,714.080,13.936029434204102,-19.09830665588379,23.641364916273098,EXPLORING
7235.781000,LIDAR_ONLY,MIXED,run04,LIDAR_ONLY,0.12269662320613861,0.3442279100418091,0.2147158980369568,0.21576328575611115,0.2147158980369568,0.0,0.9872750043869019,1656,6313851,64899,14808,246.2622274798251,3,990,0,0,715.080,13.743855476379395,-18.893522262573242,23.36268833199971,EXPLORING
7236.783000,LIDAR_ONLY,MIXED,run04,LIDAR_ONLY,0.13485918939113617,0.3645493686199188,0.21744826436042786,0.21482840180397034,0.21744826436042786,0.0,1.8759959936141968,1659,6325305,64935,14812,246.6262008153839,3,990,0,0,716.082,13.407859802246094,-18.82202911376953,23.108368005606433,EXPLORING
7237.781000,LIDAR_ONLY,MIXED,run04,LIDAR_ONLY,0.1394234001636505,0.36352574825286865,0.2145664095878601,0.21875818073749542,0.2145664095878601,0.0,1.926177978515625,1662,6336755,64981,14821,247.0675704077252,3,992,0,0,717.080,13.107629776000977,-18.838363647460938,22.948892615639345,EXPLORING
7238.782000,LIDAR_ONLY,MIXED,run04,LIDAR_ONLY,0.12238010764122009,0.3448716402053833,0.20749279856681824,0.21666230261325836,0.20749279856681824,0.0,1.7335749864578247,1664,6344389,64981,14831,247.4232788219442,3,995,0,0,718.081,12.908245086669922,-18.704425811767578,22.725241827895122,EXPLORING
7239.781000,LIDAR_ONLY,MIXED,run04,LIDAR_ONLY,0.12371406704187393,0.36277279257774353,0.21561436355113983,0.2153523713350296,0.21561436355113983,0.0,0.9244549870491028,1667,6355841,65061,14837,247.7379649141796,3,996,0,0,719.080,12.620304107666016,-18.75766372680664,22.607096886577946,EXPLORING
7240.781000,LIDAR_ONLY,MIXED,run04,LIDAR_ONLY,0.12153029441833496,0.3610920310020447,0.21503405272960663,0.21739129722118378,0.21503405272960663,0.0,0.689831018447876,1669,6363476,65065,14848,248.09392949389232,3,997,0,0,720.080,12.312872886657715,-18.808170318603516,22.47917883884992,EXPLORING
7241.783000,LIDAR_ONLY,MIXED,run04,LIDAR_ONLY,0.1268758475780487,0.36384838819503784,0.20968586206436157,0.21518324315547943,0.20968586206436157,0.0,4.741079807281494,1672,6374931,65149,14848,248.44234546899818,3,998,0,0,721.082,11.990524291992188,-18.839365005493164,22.330569430294677,EXPLORING
7242.781000,LIDAR_ONLY,MIXED,run04,LIDAR_ONLY,0.11794784665107727,0.35692155361175537,0.21843896806240082,0.21870088577270508,0.21843896806240082,0.0,1.8662899732589722,1675,6386386,65151,14862,248.8689994828506,3,1000,0,0,722.080,11.647943496704102,-18.879613876342773,22.182764419685558,EXPLORING
7243.783000,LIDAR_ONLY,MIXED,run04,LIDAR_ONLY,0.1190575435757637,0.34580811858177185,0.21834862232208252,0.22018349170684814,0.21834862232208252,0.0,1.196349024772644,1678,6397832,65154,14862,249.26233308839988,3,1003,0,0,723.082,11.441195487976074,-19.079195022583008,22.24584241267895,EXPLORING
7244.781000,LIDAR_ONLY,MIXED,run04,LIDAR_ONLY,0.13993214070796967,0.3675004839897156,0.21817705035209656,0.21974855661392212,0.21817705035209656,0.0,2.958544969558716,1681,6409284,65157,14863,249.53436518073246,3,1004,0,0,724.080,11.461774826049805,-18.96993637084961,22.162844788223776,EXPLORING
7245.782000,LIDAR_ONLY,MIXED,run04,LIDAR_ONLY,0.12214988470077515,0.3570359945297241,0.2166055589914322,0.21843896806240082,0.2166055589914322,0.0,1.0976550579071045,1684,6420741,65159,14863,249.81982790622632,3,1005,0,0,725.081,11.285229682922363,-18.964784622192383,22.067640120575728,EXPLORING
7246.784000,LIDAR_ONLY,MIXED,run04,LIDAR_ONLY,0.13094578683376312,0.36293596029281616,0.217072531580925,0.21366849541664124,0.217072531580925,0.0,2.7077579498291016,1686,6428380,65164,14863,250.2326529605068,3,1006,0,0,726.083,10.950775146484375,-19.10121726989746,22.016761779600728,EXPLORING
7247.782000,LIDAR_ONLY,MIXED,run04,LIDAR_ONLY,0.12429092079401016,0.35365548729896545,0.22021470963954926,0.2168106883764267,0.22021470963954926,0.0,1.4635800123214722,1688,6436018,65169,14863,250.63750509340855,3,1008,0,0,727.081,10.635907173156738,-19.262428283691406,22.002862822069318,EXPLORING
7248.781000,LIDAR_ONLY,MIXED,run04,LIDAR_ONLY,0.12715762853622437,0.35814520716667175,0.21351847052574158,0.21482840180397034,0.21351847052574158,0.0,1.2306569814682007,1690,6443652,65171,14863,251.0175023966334,3,1009,0,0,728.080,10.309686660766602,-19.396230697631836,21.965114246575244,EXPLORING
7249.782000,LIDAR_ONLY,MIXED,run04,LIDAR_ONLY,0.12716759741306305,0.3573284447193146,0.21555788815021515,0.2158198058605194,0.21555788815021515,0.0,2.0703349113464355,1693,6455104,65171,14863,251.43333299255653,3,1011,0,0,729.081,10.06928825378418,-19.66742515563965,22.09437170595968,EXPLORING
7250.782000,LIDAR_ONLY,MIXED,run04,LIDAR_ONLY,0.12502138316631317,0.35489875078201294,0.2156708538532257,0.21750524640083313,0.2156708538532257,0.0,3.5136399269104004,1695,6462738,65171,14863,251.83855677022268,3,1012,0,0,730.081,9.785686492919922,-19.88481903076172,22.161433760384924,EXPLORING
7251.781000,LIDAR_ONLY,MIXED,run04,LIDAR_ONLY,0.11553211510181427,0.3432416617870331,0.2145664095878601,0.22164003551006317,0.2145664095878601,0.0,1.798037052154541,1698,6474193,65174,14863,252.23890809338874,3,1012,0,0,731.080,9.609807014465332,-20.17140769958496,22.34273125225361,EXPLORING
7252.785000,LIDAR_ONLY,MIXED,run04,LIDAR_ONLY,0.1124751940369606,0.33579036593437195,0.22187253832817078,0.217938631772995,0.22187253832817078,0.0,0.9530370235443115,1700,6481822,65174,14863,252.63786766134965,3,1013,0,0,732.084,9.565773963928223,-20.473758697509766,22.597393965406702,EXPLORING
7253.781000,LIDAR_ONLY,MIXED,run04,LIDAR_ONLY,0.11117753386497498,0.3362671434879303,0.22187253832817078,0.21898767352104187,0.22187253832817078,0.0,0.7658780217170715,1703,6493269,65183,14863,253.00518724999316,3,1015,0,0,733.080,9.459232330322266,-20.715167999267578,22.771882931453778,EXPLORING
7254.782000,LIDAR_ONLY,MIXED,run04,LIDAR_ONLY,0.09329043328762054,0.3194092810153961,0.22050340473651886,0.21997901797294617,0.22050340473651886,0.0,0.8470770120620728,1706,6504711,65212,14865,253.3800422274304,3,1016,0,0,734.081,9.434757232666016,-21.065908432006836,23.08138382486318,EXPLORING
7255.781000,LIDAR_ONLY,MIXED,run04,LIDAR_ONLY,0.12136783450841904,0.3476363718509674,0.21825812757015228,0.21930745244026184,0.21825812757015228,0.0,0.7125200033187866,1708,6512335,65239,14867,253.7019697958454,3,1017,0,0,735.080,9.441905975341797,-20.946744918823242,22.975616134691478,EXPLORING
7256.781000,LIDAR_ONLY,MIXED,run04,LIDAR_ONLY,0.1185683161020279,0.3514237105846405,0.22001047432422638,0.22027239203453064,0.22001047432422638,0.0,7.022724151611328,1710,6519968,65256,14867,253.97475061689033,3,1019,0,0,736.080,9.447456359863281,-20.844655990600586,22.884873117200414,EXPLORING
7257.781000,LIDAR_ONLY,MIXED,run04,LIDAR_ONLY,0.11841777712106705,0.34691667556762695,0.21751633286476135,0.21830065548419952,0.21751633286476135,0.0,1.7330340147018433,1713,6531443,65312,14869,254.19174369008206,3,1021,0,0,737.080,9.492425918579102,-20.740358352661133,22.808593064671626,EXPLORING
7258.785000,LIDAR_ONLY,MIXED,run04,LIDAR_ONLY,0.11445732414722443,0.3403490483760834,0.21724317967891693,0.21750524640083313,0.21724317967891693,0.0,1.0811940431594849,1719,6554358,65373,14889,254.28552443670458,3,1022,0,0,738.084,9.55677318572998,-20.712282180786133,22.8099484119086,EXPLORING
7259.783000,LIDAR_ONLY,MIXED,run04,LIDAR_ONLY,0.1153477132320404,0.3427767753601074,0.2156708538532257,0.21698112785816193,0.2156708538532257,0.0,3.769757032394409,1721,6561991,65398,14889,254.526665584661,3,1023,0,0,739.082,9.604745864868164,-20.530029296875,22.664873870479468,EXPLORING
7260.782000,LIDAR_ONLY,MIXED,run04,LIDAR_ONLY,0.13009671866893768,0.35549089312553406,0.21898767352104187,0.21741411089897156,0.21898767352104187,0.0,4.410391807556152,1724,6573425,65410,14894,254.89581544769896,3,1024,0,0,740.081,9.7146577835083,-20.192150115966797,22.406714097346022,EXPLORING
7261.781000,LIDAR_ONLY,MIXED,run04,LIDAR_ONLY,0.134415403008461,0.35836705565452576,0.21542902290821075,0.21411703526973724,0.21542902290821075,0.0,0.8021020293235779,1727,6584858,65434,14895,255.29546090717778,3,1024,0,0,741.080,9.916316986083984,-19.883546829223633,22.218280250696427,EXPLORING
7262.782000,LIDAR_ONLY,MIXED,run04,LIDAR_ONLY,0.12893489003181458,0.35432910919189453,0.22000524401664734,0.2184300273656845,0.22000524401664734,0.0,1.5637179613113403,1730,6596288,65478,14897,255.70047762819817,3,1026,0,0,742.081,10.150542259216309,-19.604572296142578,22.07568207089716,EXPLORING
7263.782000,LIDAR_ONLY,MIXED,run04,LIDAR_ONLY,0.13314057886600494,0.35484957695007324,0.22015218436717987,0.2185778021812439,0.22015218436717987,0.0,1.6476600170135498,1733,6607722,65500,14901,255.9883199313064,3,1028,0,0,743.081,10.370001792907715,-19.478689193725586,22.066239343061007,EXPLORING
7264.781000,LIDAR_ONLY,MIXED,run04,LIDAR_ONLY,0.1302310824394226,0.35321563482284546,0.21930745244026184,0.21983210742473602,0.21930745244026184,0.0,5.455709934234619,1735,6615348,65500,14903,256.4160782287235,3,1029,0,0,744.080,10.721212387084961,-19.398605346679688,22.1633098946989,EXPLORING
7265.781000,LIDAR_ONLY,MIXED,run04,LIDAR_ONLY,0.12105561792850494,0.3432174623012543,0.21503405272960663,0.2152959704399109,0.21503405272960663,0.0,0.9687680006027222,1739,6630612,65523,14905,256.80437691122944,3,1030,0,0,745.080,11.00362777709961,-19.20206069946289,22.13053522622823,EXPLORING
7266.781000,LIDAR_ONLY,MIXED,run04,LIDAR_ONLY,0.12280473113059998,0.34661927819252014,0.20990565419197083,0.20702305436134338,0.20990565419197083,0.0,2.1443119049072266,1742,6642061,65526,14906,257.06660092884215,3,1031,0,0,746.080,11.16794204711914,-19.077007293701172,22.10467255153441,EXPLORING
7267.781000,LIDAR_ONLY,MIXED,run04,LIDAR_ONLY,0.12748350203037262,0.35279127955436707,0.21331237256526947,0.21174004673957825,0.21331237256526947,0.0,0.945252001285553,1745,6653507,65532,14906,257.3168791198411,3,1032,0,0,747.080,11.35657787322998,-19.06655502319336,22.191584620217363,EXPLORING
7268.782000,LIDAR_ONLY,MIXED,run04,LIDAR_ONLY,0.11688876152038574,0.3394467234611511,0.21366849541664124,0.21105001866817474,0.21366849541664124,0.0,0.9891769886016846,1748,6664961,65560,14907,257.62780302461067,3,1033,0,0,748.081,11.63479995727539,-18.948322296142578,22.234389675771876,EXPLORING
7269.781000,LIDAR_ONLY,MIXED,run04,LIDAR_ONLY,0.1247548833489418,0.3473225235939026,0.2154088020324707,0.21147798001766205,0.2154088020324707,0.0,1.5230059623718262,1751,6676413,65561,14908,258.0020360091017,3,1035,0,0,749.080,11.92658519744873,-18.801790237426758,22.264565890626013,EXPLORING
7270.781000,LIDAR_ONLY,MIXED,run04,LIDAR_ONLY,0.12840284407138824,0.353689968585968,0.2147158980369568,0.21157370507717133,0.2147158980369568,0.0,1.1406049728393555,1754,6687866,65568,14908,258.3131191503348,3,1035,0,0,750.080,12.210509300231934,-18.78084373474121,22.40036221130492,EXPLORING
7271.781000,LIDAR_ONLY,MIXED,run04,LIDAR_ONLY,0.12678872048854828,0.35192081332206726,0.21366849541664124,0.21026447415351868,0.21366849541664124,0.0,1.8829270601272583,1757,6699321,65569,14908,258.7525516455333,3,1037,0,0,751.080,12.588414192199707,-18.791587829589844,22.617488464907016,EXPLORING
7272.781000,LIDAR_ONLY,MIXED,run04,LIDAR_ONLY,0.1240595132112503,0.3512513041496277,0.21675392985343933,0.2130890041589737,0.21675392985343933,0.0,1.16520094871521,1759,6706958,65572,14908,259.2175040940541,3,1039,0,0,752.080,12.952131271362305,-18.770904541015625,22.80488319191833,EXPLORING
7273.782000,LIDAR_ONLY,MIXED,run04,LIDAR_ONLY,0.13433746993541718,0.355988085269928,0.21069182455539703,0.21200209856033325,0.21069182455539703,0.0,4.116994857788086,1763,6722228,65572,14908,259.49836358271966,3,1040,0,0,753.081,13.086479187011719,-18.959680557250977,23.036560742293272,EXPLORING
7274.781000,LIDAR_ONLY,MIXED,run04,LIDAR_ONLY,0.12900209426879883,0.3527139723300934,0.2168106883764267,0.21340665221214294,0.2168106883764267,0.0,3.0018649101257324,1766,6733681,65573,14908,259.8810549200764,3,1041,0,0,754.080,13.38416576385498,-19.112829208374023,23.33223344451437,EXPLORING
7275.781000,LIDAR_ONLY,MIXED,run04,LIDAR_ONLY,0.12936283648014069,0.3481299579143524,0.2133682817220688,0.20969855785369873,0.2133682817220688,0.0,0.8874040246009827,1768,6741314,65573,14908,260.27207493481717,3,1042,0,0,755.080,13.706835746765137,-19.124032974243164,23.527905081729056,EXPLORING
7276.781000,LIDAR_ONLY,MIXED,run04,LIDAR_ONLY,0.1316724568605423,0.3445175290107727,0.21523958444595337,0.21811991930007935,0.21523958444595337,0.0,0.6145930290222168,1770,6748952,65573,14908,260.6584674046381,3,1044,0,0,756.080,13.921916961669922,-19.344451904296875,23.832400402219953,EXPLORING
7277.783000,LIDAR_ONLY,MIXED,run04,LIDAR_ONLY,0.13246139883995056,0.34298133850097656,0.21220853924751282,0.21142257750034332,0.21220853924751282,0.0,0.8582159876823425,1771,6752769,65588,14908,261.01884690517596,3,1046,0,0,757.082,14.059625625610352,-19.647228240966797,24.15868029997489,EXPLORING
7278.782000,LIDAR_ONLY,MIXED,run04,LIDAR_ONLY,0.12381637841463089,0.34128960967063904,0.22073841094970703,0.22100026905536652,0.22073841094970703,0.0,0.9552649855613708,1774,6764223,65633,14913,261.3498279288341,3,1047,0,0,758.081,14.200927734375,-19.740589141845703,24.316908335078523,EXPLORING
7279.781000,LIDAR_ONLY,MIXED,run04,LIDAR_ONLY,0.1306644082069397,0.34767115116119385,0.22015707194805145,0.21910995244979858,0.22015707194805145,0.0,1.324049949645996,1776,6771860,65650,14918,261.59908669912954,3,1048,0,0,759.080,14.292498588562012,-19.861921310424805,24.468877592791696,EXPLORING
7280.783000,LIDAR_ONLY,MIXED,run04,LIDAR_ONLY,0.13981322944164276,0.3512862026691437,0.22091194987297058,0.22012577950954437,0.22091194987297058,0.0,8.210997581481934,1779,6783312,65668,14922,261.8778193692156,3,1050,0,0,760.082,14.506077766418457,-19.96310806274414,24.67602077725886,EXPLORING
7281.782000,LIDAR_ONLY,MIXED,run04,LIDAR_ONLY,0.1348104327917099,0.3522964119911194,0.2118355631828308,0.21628698706626892,0.2118355631828308,0.0,0.8171849846839905,1782,6794768,65687,14924,262.24587388923493,3,1050,0,0,761.081,14.68241024017334,-20.231319427490234,24.996657798135786,EXPLORING
7282.781000,LIDAR_ONLY,MIXED,run04,LIDAR_ONLY,0.13545754551887512,0.35711026191711426,0.2179151326417923,0.21948663890361786,0.2179151326417923,0.0,1.5249940156936646,1784,6802404,65732,14925,262.64878165206886,3,1051,0,0,762.080,14.74129867553711,-20.580894470214844,25.31466236642175,EXPLORING
7283.781000,LIDAR_ONLY,MIXED,run04,LIDAR_ONLY,0.12967973947525024,0.35176384449005127,0.21838177740573883,0.21838177740573883,0.21838177740573883,0.0,0.9777169823646545,1787,6813861,65746,14934,263.0998696550901,3,1052,0,0,763.080,14.765355110168457,-20.950786590576172,25.63013520916548,EXPLORING
7284.781000,LIDAR_ONLY,MIXED,run04,LIDAR_ONLY,0.10949548333883286,0.3485003411769867,0.21951857209205627,0.21873365342617035,0.21951857209205627,0.0,1.6495699882507324,1790,6825323,65755,14939,263.44896401555934,3,1054,0,0,764.080,14.610742568969727,-21.167203903198242,25.719197117603784,EXPLORING
7285.781000,LIDAR_ONLY,MIXED,run04,LIDAR_ONLY,0.12154786288738251,0.35576775670051575,0.2192569375038147,0.21899528801441193,0.2192569375038147,0.0,0.9419450163841248,1793,6836786,65763,14941,263.7330616424477,3,1056,0,0,765.080,14.465683937072754,-21.32939338684082,25.771145938483446,EXPLORING
7286.781000,LIDAR_ONLY,MIXED,run04,LIDAR_ONLY,0.13689272105693817,0.36622175574302673,0.22097280621528625,0.22358787059783936,0.22097280621528625,0.0,10.873187065124512,1796,6848259,65783,14944,264.066910670137,3,1057,0,0,766.080,14.38921070098877,-21.63486671447754,25.982102684523756,EXPLORING
7287.783000,LIDAR_ONLY,MIXED,run04,LIDAR_ONLY,0.13552618026733398,0.3549286723136902,0.21897047758102417,0.21740266680717468,0.21897047758102417,0.0,0.8682630062103271,1798,6855911,65789,14950,264.36007453110255,3,1059,0,0,767.082,14.34524917602539,-21.765544891357422,26.066797090437515,EXPLORING
7288.783000,LIDAR_ONLY,MIXED,run04,LIDAR_ONLY,0.1328088939189911,0.3355126976966858,0.21833376586437225,0.21624444425106049,0.21833376586437225,0.0,1.4580509662628174,1801,6867395,65796,14951,264.5722357741996,3,1060,0,0,768.082,14.37658977508545,-21.715063095092773,26.041948320043662,EXPLORING
7289.782000,LIDAR_ONLY,MIXED,run04,LIDAR_ONLY,0.13732093572616577,0.3561849892139435,0.2164490818977356,0.2148825079202652,0.2164490818977356,0.0,0.6878089904785156,1804,6878884,65816,14955,264.7753283364538,3,1061,0,0,769.081,14.385014533996582,-21.64263153076172,25.986245629462616,EXPLORING
7290.781000,LIDAR_ONLY,MIXED,run04,LIDAR_ONLY,0.12864047288894653,0.35755839943885803,0.21842379868030548,0.2147703617811203,0.21842379868030548,0.0,0.9282450079917908,1806,6886547,65821,14962,265.08703679162625,3,1063,0,0,770.080,14.597156524658203,-21.59134292602539,26.061763379398403,EXPLORING
7291.785000,LIDAR_ONLY,MIXED,run04,LIDAR_ONLY,0.12653659284114838,0.3554549813270569,0.21560950577259064,0.21587052941322327,0.21560950577259064,0.0,1.4640480279922485,1808,6894210,65855,14962,265.35435744272365,3,1065,0,0,771.084,14.763276100158691,-21.40806770324707,26.00407573394932,EXPLORING
7292.781000,LIDAR_ONLY,MIXED,run04,LIDAR_ONLY,0.12462683022022247,0.34660497307777405,0.20516836643218994,0.20986688137054443,0.20516836643218994,0.0,0.76044100522995,1814,6917194,65890,14973,265.7449494963739,3,1067,0,0,772.080,14.79990291595459,-21.06805419921875,25.74592249378974,EXPLORING
7293.781000,LIDAR_ONLY,MIXED,run04,LIDAR_ONLY,0.1321733146905899,0.35217374563217163,0.21195510029792786,0.21456538140773773,0.21195510029792786,0.0,0.9599519968032837,1815,6921025,65890,14986,266.1476027183151,3,1069,0,0,773.080,14.752602577209473,-20.715219497680664,25.43054247155529,EXPLORING
7294.781000,LIDAR_ONLY,MIXED,run04,LIDAR_ONLY,0.13683515787124634,0.36636990308761597,0.21934640407562256,0.2209150344133377,0.21934640407562256,0.0,3.122620105743408,1818,6932502,65892,14986,266.50506720809466,3,1070,0,0,774.080,14.635452270507812,-20.475860595703125,25.167651015894286,EXPLORING
7295.781000,LIDAR_ONLY,MIXED,run04,LIDAR_ONLY,0.11924128234386444,0.35171446204185486,0.21893800795078278,0.21919958293437958,0.21893800795078278,0.0,1.950307011604309,1820,6940150,65895,14988,266.82222759821565,3,1071,0,0,775.080,14.469886779785156,-20.276782989501953,24.909423500810785,EXPLORING
7296.782000,LIDAR_ONLY,MIXED,run04,LIDAR_ONLY,0.11367393285036087,0.3406754434108734,0.21899528801441193,0.21742543578147888,0.21899528801441193,0.0,0.6498540043830872,1823,6951619,65898,14989,267.0866106008246,3,1073,0,0,776.081,14.474374771118164,-20.062889099121094,24.738250679402743,EXPLORING
7297.781000,LIDAR_ONLY,MIXED,run04,LIDAR_ONLY,0.1370573341846466,0.3591266870498657,0.21858638525009155,0.21989528834819794,0.21858638525009155,0.0,0.7521920204162598,1826,6963081,65907,14990,267.3990179932355,3,1073,0,0,777.080,14.522851943969727,-19.87917137145996,24.618057350923,EXPLORING
7298.782000,LIDAR_ONLY,MIXED,run04,LIDAR_ONLY,0.12570598721504211,0.3512607216835022,0.2179151326417923,0.21896280348300934,0.2179151326417923,0.0,1.0288649797439575,1829,6974539,65941,14990,267.6501291991071,3,1075,0,0,778.081,14.444475173950195,-19.861326217651367,24.557470915688658,EXPLORING
7299.782000,LIDAR_ONLY,MIXED,run04,LIDAR_ONLY,0.13203471899032593,0.35823944211006165,0.21980613470077515,0.21928216516971588,0.21980613470077515,0.0,0.7262750267982483,1832,6985991,65945,14995,267.90979849388816,3,1076,0,0,779.081,14.261005401611328,-19.764026641845703,24.371042398217174,EXPLORING
7300.781000,LIDAR_ONLY,MIXED,run04,LIDAR_ONLY,0.12941953539848328,0.3491900861263275,0.21750524640083313,0.21802935004234314,0.21750524640083313,0.0,1.3901549577713013,1834,6993623,65992,14995,268.30927427818716,3,1077,0,0,780.080,14.00538444519043,-19.508195877075195,24.01407734558442,EXPLORING
7301.782000,LIDAR_ONLY,MIXED,run04,LIDAR_ONLY,0.12721914052963257,0.3461686372756958,0.21671907603740692,0.21933962404727936,0.21671907603740692,0.0,2.192049026489258,1837,7005079,66007,15023,268.70118906679704,3,1079,0,0,781.081,13.759160995483398,-19.261274337768555,23.66996646664402,EXPLORING
7302.782000,LIDAR_ONLY,MIXED,run04,LIDAR_ONLY,0.11742879450321198,0.3308521807193756,0.2161383330821991,0.21587634086608887,0.2161383330821991,0.0,0.8878679871559143,1839,7012713,66022,15024,268.8491066604301,3,1080,0,0,782.081,13.824981689453125,-19.224885940551758,23.67873246218942,EXPLORING
7303.781000,LIDAR_ONLY,MIXED,run04,LIDAR_ONLY,0.12014863640069962,0.3440650999546051,0.21649214625358582,0.21884816884994507,0.21649214625358582,0.0,2.7120070457458496,1842,7024168,66028,15024,269.0707036781989,3,1082,0,0,783.080,13.869436264038086,-19.277088165283203,23.747068663873936,EXPLORING
7304.781000,LIDAR_ONLY,MIXED,run04,LIDAR_ONLY,0.13249696791172028,0.35483938455581665,0.21389253437519073,0.21703800559043884,0.21389253437519073,0.0,1.9149240255355835,1844,7031801,66042,15026,269.24713897719073,3,1084,0,0,784.080,13.893814086914062,-19.345483779907227,23.81683406738702,EXPLORING
7305.782000,LIDAR_ONLY,MIXED,run04,LIDAR_ONLY,0.13157205283641815,0.3429957926273346,0.2137804627418518,0.21718627214431763,0.2137804627418518,0.0,0.9608759880065918,1846,7039438,66060,15028,269.45336222645966,3,1085,0,0,785.081,13.89354419708252,-19.435022354125977,23.889461276969186,EXPLORING
7306.784000,LIDAR_ONLY,MIXED,run04,LIDAR_ONLY,0.13697229325771332,0.341765820980072,0.2131061553955078,0.21127130091190338,0.2131061553955078,0.0,0.8126879930496216,1847,7043253,66064,15031,269.8446893483679,3,1087,0,0,786.083,14.120220184326172,-19.679094314575195,24.219876279212716,EXPLORING
7307.782000,LIDAR_ONLY,MIXED,run04,LIDAR_ONLY,0.13820265233516693,0.3525107502937317,0.21340665221214294,0.21288295090198517,0.21340665221214294,0.0,1.4835840463638306,1850,7054708,66078,15031,270.2303977918592,3,1089,0,0,787.081,14.407760620117188,-19.86870765686035,24.54187059136021,EXPLORING
7308.781000,LIDAR_ONLY,MIXED,run04,LIDAR_ONLY,0.13903751969337463,0.3516838550567627,0.21256545186042786,0.20942407846450806,0.21256545186042786,0.0,1.5422890186309814,1852,7062346,66090,15032,270.50793223232256,3,1089,0,0,788.080,14.608209609985352,-20.00331687927246,24.76865484093321,EXPLORING
7309.783000,LIDAR_ONLY,MIXED,run04,LIDAR_ONLY,0.13674743473529816,0.35403111577033997,0.2179151326417923,0.21843896806240082,0.2179151326417923,0.0,1.107023000717163,1856,7077624,66103,15033,270.90505845798475,3,1090,0,0,789.082,14.709644317626953,-20.31352424621582,25.07919901533703,EXPLORING
7310.781000,LIDAR_ONLY,MIXED,run04,LIDAR_ONLY,0.12875302135944366,0.3513789176940918,0.22158198058605194,0.2179151326417923,0.22158198058605194,0.0,1.7234200239181519,1859,7089078,66108,15033,271.29592005991105,3,1091,0,0,790.080,14.763243675231934,-20.66498374938965,25.395823044280068,EXPLORING
7311.782000,LIDAR_ONLY,MIXED,run04,LIDAR_ONLY,0.12011449038982391,0.34729069471359253,0.21957603096961975,0.21826747059822083,0.21957603096961975,0.0,2.5807130336761475,1862,7100538,66111,15033,271.8254358552033,3,1093,0,0,791.081,14.834217071533203,-20.866531372070312,25.601146929946495,EXPLORING
7312.782000,LIDAR_ONLY,MIXED,run04,LIDAR_ONLY,0.11304593086242676,0.34578028321266174,0.2194291651248932,0.21838177740573883,0.2194291651248932,0.0,4.820641040802002,1864,7108178,66114,15033,272.46595306803124,3,1095,0,0,792.081,14.732028007507324,-20.768693923950195,25.462210823846235,EXPLORING
7313.785000,LIDAR_ONLY,MIXED,run04,LIDAR_ONLY,0.10076773911714554,0.3382662534713745,0.21914225816726685,0.21469664573669434,0.21914225816726685,0.0,0.9236770272254944,1867,7119643,66116,15034,272.8741867909471,3,1096,0,0,793.084,14.621663093566895,-20.716445922851562,25.35581414153528,EXPLORING
7314.782000,LIDAR_ONLY,MIXED,run04,LIDAR_ONLY,0.09588297456502914,0.32406458258628845,0.21815328299999237,0.21710698306560516,0.21815328299999237,0.0,1.4353009462356567,1870,7131109,66158,15034,273.1677994264915,3,1098,0,0,794.081,14.580036163330078,-20.6047306060791,25.240556732622125,EXPLORING
7315.785000,LIDAR_ONLY,MIXED,run04,LIDAR_ONLY,0.12321062386035919,0.35260090231895447,0.2196652740240097,0.21809624135494232,0.2196652740240097,0.0,0.9809520244598389,1873,7142592,66203,15053,273.31515042057373,3,1098,0,0,795.084,14.645771980285645,-20.5112361907959,25.202434870231325,EXPLORING
7316.785000,LIDAR_ONLY,MIXED,run04,LIDAR_ONLY,0.11984100192785263,0.35122624039649963,0.21271584928035736,0.21297749876976013,0.21271584928035736,0.0,0.9828870296478271,1875,7150238,66215,15057,273.5540481388705,3,1099,0,0,796.084,14.730295181274414,-20.39655876159668,25.158585273146226,EXPLORING
7317.781000,LIDAR_ONLY,MIXED,run04,LIDAR_ONLY,0.1238003671169281,0.3519226610660553,0.21015441417694092,0.21512693166732788,0.21015441417694092,0.0,1.2796809673309326,1878,7161703,66217,15060,273.9379018032558,3,1101,0,0,797.080,14.636922836303711,-20.118192672729492,24.878400653233218,EXPLORING
7318.783000,LIDAR_ONLY,MIXED,run04,LIDAR_ONLY,0.13281075656414032,0.3596351146697998,0.2193143218755722,0.2198377400636673,0.2193143218755722,0.0,10.039377212524414,1880,7169343,66219,15061,274.12711738037325,3,1102,0,0,798.082,14.584474563598633,-19.943857192993164,24.70664333302095,EXPLORING
7319.785000,LIDAR_ONLY,MIXED,run04,LIDAR_ONLY,0.13525058329105377,0.3613004684448242,0.21957603096961975,0.21905259788036346,0.21957603096961975,0.0,18.135805130004883,1881,7173164,66219,15062,274.44904906649646,3,1104,0,0,799.084,14.373091697692871,-19.770240783691406,24.44182156217979,EXPLORING
7320.786000,LIDAR_ONLY,MIXED,run04,LIDAR_ONLY,0.1231052428483963,0.34798312187194824,0.21852917969226837,0.2198377400636673,0.21852917969226837,0.0,10.449692726135254,1882,7176985,66223,15062,275.06490556994027,3,1104,0,0,800.085,13.872776985168457,-19.60271644592285,24.01407974367621,EXPLORING
7321.784000,LIDAR_ONLY,MIXED,run04,LIDAR_ONLY,0.11350855231285095,0.3324453830718994,0.21640031039714813,0.21718627214431763,0.21640031039714813,0.0,1.2717759609222412,1885,7188437,66225,15062,275.43028334304194,3,1106,0,0,801.083,13.995016098022461,-19.612586975097656,24.092932262679398,EXPLORING
7322.781000,LIDAR_ONLY,MIXED,run04,LIDAR_ONLY,0.11532395333051682,0.3297261595726013,0.21602514386177063,0.21366849541664124,0.21602514386177063,0.0,1.4736000299453735,1887,7196072,66830,15062,275.7364462762651,3,1107,0,0,802.080,14.077701568603516,-19.38433837890625,23.95599361284707,EXPLORING
7323.781000,LIDAR_ONLY,MIXED,run04,LIDAR_ONLY,0.11943858116865158,0.34102439880371094,0.2166055589914322,0.21974855661392212,0.2166055589914322,0.0,1.7825230360031128,1890,7207526,67135,15315,275.9606054530746,3,1108,0,0,803.080,13.950504302978516,-19.211029052734375,23.741019004025084,EXPLORING
7324.781000,LIDAR_ONLY,MIXED,run04,LIDAR_ONLY,0.1293049454689026,0.35419684648513794,0.21686747670173645,0.21686747670173645,0.21686747670173645,0.0,1.1835650205612183,1894,7222794,67334,15396,276.343192900109,3,1109,0,0,804.080,13.661499977111816,-19.049022674560547,23.440527621703293,EXPLORING
7325.781000,LIDAR_ONLY,MIXED,run04,LIDAR_ONLY,0.13247086107730865,0.3572235703468323,0.2129945009946823,0.21640031039714813,0.2129945009946823,0.0,1.7320560216903687,1897,7234249,67342,15444,276.76564189077,3,1110,0,0,805.080,13.310136795043945,-18.958240509033203,23.163158003569986,EXPLORING
7326.786000,LIDAR_ONLY,MIXED,run04,LIDAR_ONLY,0.11767137050628662,0.33869147300720215,0.2137804627418518,0.21666230261325836,0.2137804627418518,0.0,0.9749940037727356,1898,7238066,67341,15447,277.24180917296775,3,1113,0,0,806.085,13.081879615783691,-18.83795738220215,22.933862149203016,EXPLORING
7327.785000,LIDAR_ONLY,MIXED,run04,LIDAR_ONLY,0.11954222619533539,0.3490130603313446,0.21366849541664124,0.21785807609558105,0.21366849541664124,0.0,7.257387161254883,1901,7249521,67358,15447,277.5606973430065,3,1115,0,0,807.084,12.922553062438965,-18.678876876831055,22.712355505820373,EXPLORING
7328.788000,LIDAR_ONLY,MIXED,run04,LIDAR_ONLY,0.12816576659679413,0.3650786578655243,0.214192196726799,0.21733437478542328,0.214192196726799,0.0,3.3886499404907227,1903,7257160,67367,15449,277.9082822214173,3,1116,0,0,808.087,12.607768058776855,-18.752517700195312,22.595830814668826,EXPLORING
7329.781000,LIDAR_ONLY,MIXED,run04,LIDAR_ONLY,0.10856041312217712,0.3505479395389557,0.20424194633960724,0.20816968381404877,0.20424194633960724,0.0,1.1097960472106934,1906,7268613,67373,15452,278.2240821957871,3,1117,0,0,809.080,12.343023300170898,-18.825931549072266,22.5105579578675,EXPLORING
7330.782000,LIDAR_ONLY,MIXED,run04,LIDAR_ONLY,0.10699554532766342,0.3480277359485626,0.21084336936473846,0.2145102173089981,0.21084336936473846,0.0,1.5646599531173706,1908,7276250,67391,15452,278.49643885013336,3,1118,0,0,810.081,12.117639541625977,-18.869728088378906,22.424618888992732,EXPLORING
7331.781000,LIDAR_ONLY,MIXED,run04,LIDAR_ONLY,0.10963591188192368,0.34967827796936035,0.21200209856033325,0.2159329205751419,0.21200209856033325,0.0,1.103579044342041,1909,7280066,67391,15460,278.77781769549335,3,1119,0,0,811.080,11.87936782836914,-18.809473037719727,22.245806047716183,EXPLORING
7332.781000,LIDAR_ONLY,MIXED,run04,LIDAR_ONLY,0.12525492906570435,0.36191219091415405,0.22137804329395294,0.21875818073749542,0.22137804329395294,0.0,1.2899399995803833,1912,7291515,67399,15460,279.0738491083041,3,1121,0,0,812.080,11.617964744567871,-18.91400718688965,22.196338256576784,EXPLORING
7333.782000,LIDAR_ONLY,MIXED,run04,LIDAR_ONLY,0.10938122868537903,0.34741654992103577,0.21995286643505096,0.22047656774520874,0.21995286643505096,0.0,1.8917789459228516,1914,7299153,67402,15460,279.51580550745734,3,1123,0,0,813.081,11.296353340148926,-19.00762367248535,22.11014638620705,EXPLORING
7334.781000,LIDAR_ONLY,MIXED,run04,LIDAR_ONLY,0.11198975890874863,0.3494924306869507,0.2194291651248932,0.21995286643505096,0.2194291651248932,0.0,1.0500800609588623,1916,7306791,67402,15460,279.82111091628235,3,1125,0,0,814.080,11.080353736877441,-19.174423217773438,22.14484694661222,EXPLORING
7335.782000,LIDAR_ONLY,MIXED,run04,LIDAR_ONLY,0.11672140657901764,0.34880638122558594,0.21834862232208252,0.21939711272716522,0.21834862232208252,0.0,1.0623489618301392,1918,7314422,67405,15460,280.1590508414365,3,1126,0,0,815.081,10.7986478805542,-19.31011199951172,22.123588432280823,EXPLORING
7336.784000,LIDAR_ONLY,MIXED,run04,LIDAR_ONLY,0.12229730188846588,0.35247504711151123,0.2153523713350296,0.21797223389148712,0.2153523713350296,0.0,1.0825990438461304,1920,7322057,67419,15460,280.5631857524963,3,1128,0,0,816.083,10.45147705078125,-19.377065658569336,22.015145260141853,EXPLORING
7337.782000,LIDAR_ONLY,MIXED,run04,LIDAR_ONLY,0.11032478511333466,0.3470074534416199,0.21744826436042786,0.22006811201572418,0.21744826436042786,0.0,1.0917359590530396,1922,7329693,67433,15460,280.94581388337576,3,1129,0,0,817.081,10.225272178649902,-19.62546157836914,22.12866337716957,EXPLORING
7338.787000,LIDAR_ONLY,MIXED,run04,LIDAR_ONLY,0.11502604186534882,0.3481866121292114,0.2165488302707672,0.21733437478542328,0.2165488302707672,0.0,1.358502984046936,1925,7341146,67438,15460,281.23638003423054,3,1129,0,0,818.086,10.095723152160645,-19.840675354003906,22.260703171259298,EXPLORING
7339.781000,LIDAR_ONLY,MIXED,run04,LIDAR_ONLY,0.1319902241230011,0.35919129848480225,0.21866805851459503,0.21866805851459503,0.21866805851459503,0.0,1.1663249731063843,1928,7352591,67438,15461,281.6064864885691,3,1131,0,0,819.080,9.773677825927734,-19.98385238647461,22.245056333070487,EXPLORING
7340.783000,LIDAR_ONLY,MIXED,run04,LIDAR_ONLY,0.10250581800937653,0.332590788602829,0.22102779150009155,0.21997901797294617,0.22102779150009155,0.0,1.4133280515670776,1931,7364029,67448,15461,281.9474972729895,3,1131,0,0,820.082,9.559379577636719,-20.146766662597656,22.298825675600856,EXPLORING
7341.784000,LIDAR_ONLY,MIXED,run04,LIDAR_ONLY,0.1041133850812912,0.32986146211624146,0.2152031511068344,0.21808649599552155,0.2152031511068344,0.0,0.8810269832611084,1934,7375472,67459,15462,282.2565550153693,3,1134,0,0,821.083,9.544682502746582,-20.436996459960938,22.55516014549088,EXPLORING
7342.781000,LIDAR_ONLY,MIXED,run04,LIDAR_ONLY,0.10596645623445511,0.33578357100486755,0.22050340473651886,0.21866805851459503,0.22050340473651886,0.0,1.6138509511947632,1937,7386916,67483,15464,282.65744956786654,3,1135,0,0,822.080,9.416230201721191,-20.770021438598633,22.804004266014037,EXPLORING
7343.781000,LIDAR_ONLY,MIXED,run04,LIDAR_ONLY,0.10067054629325867,0.32644739747047424,0.22449514269828796,0.2221347987651825,0.22449514269828796,0.0,1.6095370054244995,1940,7398357,67531,15468,283.0571619735242,3,1136,0,0,823.080,9.306479454040527,-21.111909866333008,23.07133828094632,EXPLORING
7344.782000,LIDAR_ONLY,MIXED,run04,LIDAR_ONLY,0.0821872279047966,0.3060641884803772,0.21625164151191711,0.21939711272716522,0.21625164151191711,0.0,18.843366622924805,1941,7402172,67545,15475,283.5099390260542,3,1138,0,0,824.081,9.354249954223633,-21.212190628051758,23.18236817784419,EXPLORING
7345.781000,LIDAR_ONLY,MIXED,run04,LIDAR_ONLY,0.08615455776453018,0.3106653392314911,0.21919958293437958,0.21893800795078278,0.21919958293437958,0.0,0.8596749901771545,1944,7413622,67559,15475,284.0779865161769,3,1139,0,0,825.080,9.358427047729492,-21.184152603149414,23.158403767778182,EXPLORING
7346.781000,LIDAR_ONLY,MIXED,run04,LIDAR_ONLY,0.0851859524846077,0.30849766731262207,0.21810592710971832,0.2201930582523346,0.21810592710971832,0.0,1.3498480319976807,1946,7421286,67565,15475,284.4324122105701,3,1140,0,0,826.080,9.360260009765625,-21.27377700805664,23.241152328409356,EXPLORING
7347.784000,LIDAR_ONLY,MIXED,run04,LIDAR_ONLY,0.09958616644144058,0.3251339793205261,0.2151436060667038,0.2172323763370514,0.2151436060667038,0.0,0.961778998374939,1949,7432779,67714,15476,284.79402096211766,3,1142,0,0,827.083,9.311038970947266,-21.33942413330078,23.281529504723963,EXPLORING
7348.781000,LIDAR_ONLY,MIXED,run04,LIDAR_ONLY,0.10523923486471176,0.33284083008766174,0.21587052941322327,0.21534846723079681,0.21587052941322327,0.0,1.856734037399292,1951,7440441,67788,15502,285.0741775681079,3,1144,0,0,828.080,9.328572273254395,-21.405580520629883,23.349179714312324,EXPLORING
7349.781000,LIDAR_ONLY,MIXED,run04,LIDAR_ONLY,0.12403274327516556,0.3538159132003784,0.21555323898792267,0.21607515215873718,0.21555323898792267,0.0,1.395050048828125,1953,7448104,67819,15517,285.2362172429551,3,1144,0,0,829.080,9.359342575073242,-21.292882919311523,23.25827267294963,EXPLORING
7350.781000,LIDAR_ONLY,MIXED,run04,LIDAR_ONLY,0.12118420004844666,0.35031652450561523,0.21587052941322327,0.21691463887691498,0.21587052941322327,0.0,1.1586339473724365,1954,7451935,67819,15518,285.3216345478475,3,1146,0,0,830.080,9.389806747436523,-21.231523513793945,23.214416752537257,EXPLORING
7351.782000,LIDAR_ONLY,MIXED,run04,LIDAR_ONLY,0.12048429995775223,0.3455730676651001,0.21816283464431763,0.2147703617811203,0.21816283464431763,0.0,0.6991879940032959,1957,7463429,67846,15518,285.59507897730657,3,1147,0,0,831.081,9.387164115905762,-21.12100601196289,23.11231120476367,EXPLORING
7352.781000,LIDAR_ONLY,MIXED,run04,LIDAR_ONLY,0.10592704266309738,0.33194777369499207,0.2189457267522812,0.21633611619472504,0.2189457267522812,0.0,5.533266067504883,1959,7471092,67856,15519,286.0111107768858,3,1150,0,0,832.080,9.34624195098877,-20.75933074951172,22.765448131555377,EXPLORING
7353.781000,LIDAR_ONLY,MIXED,run04,LIDAR_ONLY,0.10144102573394775,0.3293835520744324,0.21482641994953156,0.21560950577259064,0.21482641994953156,0.0,4.046518802642822,1961,7478754,67864,15519,286.3981919385883,3,1150,0,0,833.080,9.378976821899414,-20.808502197265625,22.82372536365411,EXPLORING
7354.781000,LIDAR_ONLY,MIXED,run04,LIDAR_ONLY,0.11829541623592377,0.3436635434627533,0.21834862232208252,0.21494102478027344,0.21834862232208252,0.0,1.6138499975204468,1966,7497858,67893,15519,286.63471305521836,3,1152,0,0,834.080,9.436989784240723,-20.82050323486328,22.858553656415356,EXPLORING
7355.781000,LIDAR_ONLY,MIXED,run04,LIDAR_ONLY,0.1283750981092453,0.35368892550468445,0.21907757222652435,0.22012577950954437,0.21907757222652435,0.0,1.4491729736328125,1968,7505490,67930,15520,286.96131957553837,3,1153,0,0,835.080,9.50399398803711,-20.518495559692383,22.61190025379368,EXPLORING
7356.781000,LIDAR_ONLY,MIXED,run04,LIDAR_ONLY,0.13754256069660187,0.3625149726867676,0.21989528834819794,0.2193717211484909,0.21989528834819794,0.0,1.0231189727783203,1971,7516941,68256,15528,287.36724235367853,3,1155,0,0,836.080,9.69792652130127,-20.220373153686523,22.42491053838262,EXPLORING
7357.782000,LIDAR_ONLY,MIXED,run04,LIDAR_ONLY,0.1261328011751175,0.35016900300979614,0.21811991930007935,0.21759623289108276,0.21811991930007935,0.0,0.8544080257415771,1974,7528396,68291,15628,287.764143472552,3,1156,0,0,837.081,9.85230827331543,-19.917282104492188,22.220022567393265,EXPLORING
7358.783000,LIDAR_ONLY,MIXED,run04,LIDAR_ONLY,0.133619487285614,0.35784658789634705,0.2184300273656845,0.21659228205680847,0.2184300273656845,0.0,0.8121190071105957,1977,7539836,68295,15636,288.1212683258774,3,1157,0,0,838.082,9.920568466186523,-19.653547286987305,22.014608548766475,EXPLORING
7359.781000,LIDAR_ONLY,MIXED,run04,LIDAR_ONLY,0.1377100944519043,0.3579278588294983,0.21348020434379578,0.2150537669658661,0.21348020434379578,0.0,1.298516035079956,1979,7547459,68302,15637,288.36426059032146,3,1159,0,0,839.080,10.03282356262207,-19.483373641967773,21.913984368080808,EXPLORING
7360.781000,LIDAR_ONLY,MIXED,run04,LIDAR_ONLY,0.13254804909229279,0.35294896364212036,0.2202099710702896,0.2194225788116455,0.2202099710702896,0.0,1.9797500371932983,1981,7555084,68314,15639,288.7331151380997,3,1160,0,0,840.080,10.34940242767334,-19.325984954833984,21.921830360245735,EXPLORING
7361.782000,LIDAR_ONLY,MIXED,run04,LIDAR_ONLY,0.11934483796358109,0.34532567858695984,0.2143605798482895,0.2146226465702057,0.2143605798482895,0.0,0.8904659748077393,1984,7566535,68333,15640,289.1517045148796,3,1162,0,0,841.081,10.683444023132324,-19.197799682617188,21.969382280648063,EXPLORING
7362.781000,LIDAR_ONLY,MIXED,run04,LIDAR_ONLY,0.11980895698070526,0.3357650637626648,0.21555788815021515,0.21503405272960663,0.21555788815021515,0.0,1.2115390300750732,1986,7574170,68340,15645,289.5390415646727,3,1163,0,0,842.080,10.958564758300781,-19.074182510375977,21.99719094777069,EXPLORING
7363.782000,LIDAR_ONLY,MIXED,run04,LIDAR_ONLY,0.12733489274978638,0.3433718681335449,0.21492145955562592,0.2115183174610138,0.21492145955562592,0.0,1.6654690504074097,1989,7585627,68359,15645,289.80498110572876,3,1164,0,0,843.081,11.080389022827148,-18.87725257873535,21.888066231269303,EXPLORING
7364.782000,LIDAR_ONLY,MIXED,run04,LIDAR_ONLY,0.12175039947032928,0.34856635332107544,0.21372446417808533,0.2118910402059555,0.21372446417808533,0.0,0.7524380087852478,1992,7597082,68361,15645,290.0766819701897,3,1165,0,0,844.081,11.32645034790039,-18.8151912689209,21.960446779917415,EXPLORING
7365.781000,LIDAR_ONLY,MIXED,run04,LIDAR_ONLY,0.1221587210893631,0.34863904118537903,0.21383647620677948,0.21147798001766205,0.21383647620677948,0.0,1.0551140308380127,1995,7608532,68362,15645,290.4229328003302,3,1168,0,0,845.080,11.171221733093262,-18.78621482849121,21.855885210299164,EXPLORING
7366.781000,LIDAR_ONLY,MIXED,run04,LIDAR_ONLY,0.1261111944913864,0.3508548140525818,0.2162303626537323,0.21099476516246796,0.2162303626537323,0.0,0.7910199761390686,1997,7616172,68370,15645,290.87418760460156,3,1169,0,0,846.080,11.318095207214355,-18.75347137451172,21.903272820715333,EXPLORING
7367.782000,LIDAR_ONLY,MIXED,run04,LIDAR_ONLY,0.1322748214006424,0.3544746935367584,0.21439790725708008,0.21518324315547943,0.21439790725708008,0.0,1.7500449419021606,1999,7623812,68381,15646,291.12438530306525,3,1170,0,0,847.081,11.535415649414062,-18.69699478149414,21.96825978764221,EXPLORING
7368.784000,LIDAR_ONLY,MIXED,run04,LIDAR_ONLY,0.1279408037662506,0.3529904782772064,0.2092718631029129,0.21005761623382568,0.2092718631029129,0.0,1.01911199092865,2000,7627630,68389,15646,291.5224870769797,3,1172,0,0,848.083,11.901151657104492,-18.732154846191406,22.192144783294815,EXPLORING
7369.781000,LIDAR_ONLY,MIXED,run04,LIDAR_ONLY,0.13094742596149445,0.35421016812324524,0.2130890041589737,0.2099476456642151,0.2130890041589737,0.0,2.610150098800659,2003,7639088,68389,15646,291.9478684974687,3,1174,0,0,849.080,12.265557289123535,-18.741374969482422,22.397378297043343,EXPLORING
7370.781000,LIDAR_ONLY,MIXED,run04,LIDAR_ONLY,0.12836192548274994,0.3545214831829071,0.21346254646778107,0.21031953394412994,0.21346254646778107,0.0,1.228266954421997,2005,7646722,68389,15646,292.3448350104328,3,1174,0,0,850.080,12.575148582458496,-18.744260787963867,22.570790435245687,EXPLORING
7371.782000,LIDAR_ONLY,MIXED,run04,LIDAR_ONLY,0.1343490183353424,0.3585912883281708,0.21351847052574158,0.21168456971645355,0.21351847052574158,0.0,1.1148020029067993,2008,7658174,68390,15646,292.6323500426998,3,1176,0,0,851.081,12.807188034057617,-18.84760856628418,22.7862847155718,EXPLORING
7372.781000,LIDAR_ONLY,MIXED,run04,LIDAR_ONLY,0.1272057443857193,0.3527102768421173,0.2147158980369568,0.21340665221214294,0.2147158980369568,0.0,3.3694510459899902,2011,7669631,68391,15646,293.0180617448386,3,1177,0,0,852.080,13.164566040039062,-18.874488830566406,23.011078909638385,EXPLORING
7373.781000,LIDAR_ONLY,MIXED,run04,LIDAR_ONLY,0.13580188155174255,0.35162121057510376,0.21252620220184326,0.21174004673957825,0.21252620220184326,0.0,1.2323689460754395,2013,7677265,68392,15646,293.38196551858806,3,1179,0,0,853.080,13.477133750915527,-18.955991744995117,23.257680275396574,EXPLORING
7374.787000,LIDAR_ONLY,MIXED,run04,LIDAR_ONLY,0.1363476663827896,0.34925830364227295,0.2133682817220688,0.2120576649904251,0.2133682817220688,0.0,1.6649479866027832,2016,7688717,68392,15646,293.77841399507116,3,1181,0,0,854.086,13.716361045837402,-19.193052291870117,23.589575503064758,EXPLORING
7375.783000,LIDAR_ONLY,MIXED,run04,LIDAR_ONLY,0.12602970004081726,0.34127330780029297,0.21523958444595337,0.21157370507717133,0.21523958444595337,0.0,1.467373013496399,2017,7692536,68406,15646,294.17433860085293,3,1182,0,0,855.082,13.998578071594238,-19.37738609313965,23.903949818659587,EXPLORING
7376.784000,LIDAR_ONLY,MIXED,run04,LIDAR_ONLY,0.13442590832710266,0.3422944247722626,0.21372446417808533,0.21608172357082367,0.21372446417808533,0.0,1.0197809934616089,2020,7703988,68427,15648,294.5037493671159,3,1184,0,0,856.083,14.283706665039062,-19.491432189941406,24.163920999846027,EXPLORING
7377.784000,LIDAR_ONLY,MIXED,run04,LIDAR_ONLY,0.1298503428697586,0.34803706407546997,0.21995286643505096,0.21995286643505096,0.21995286643505096,0.0,2.2250149250030518,2023,7715444,68433,15651,294.8982836388766,3,1186,0,0,857.083,14.45949935913086,-19.80231475830078,24.518626554662536,EXPLORING
7378.781000,LIDAR_ONLY,MIXED,run04,LIDAR_ONLY,0.1320408135652542,0.3479447066783905,0.21677587926387787,0.21887287497520447,0.21677587926387787,0.0,2.933326005935669,2025,7723078,68437,15652,295.2336933479528,3,1188,0,0,858.080,14.583805084228516,-20.033832550048828,24.77893516594573,EXPLORING
7379.781000,LIDAR_ONLY,MIXED,run04,LIDAR_ONLY,0.12776842713356018,0.34124991297721863,0.22021470963954926,0.2191673219203949,0.22021470963954926,0.0,1.7420730590820312,2028,7734531,68440,15652,295.59149370654023,3,1190,0,0,859.080,14.773130416870117,-20.207340240478516,25.03068651507395,EXPLORING
7380.782000,LIDAR_ONLY,MIXED,run04,LIDAR_ONLY,0.12693536281585693,0.35035571455955505,0.21896280348300934,0.21896280348300934,0.21896280348300934,0.0,1.3568170070648193,2029,7738349,68444,15652,295.91263962667034,3,1192,0,0,860.081,14.845458030700684,-20.34362030029297,25.183398017081018,EXPLORING
7381.782000,LIDAR_ONLY,MIXED,run04,LIDAR_ONLY,0.1246754601597786,0.35071033239364624,0.21963350474834442,0.21858638525009155,0.21963350474834442,0.0,0.8639289736747742,2031,7745989,68448,15653,296.1803818895198,3,1193,0,0,861.081,14.857080459594727,-20.565279006958008,25.369595011543634,EXPLORING
7382.782000,LIDAR_ONLY,MIXED,run04,LIDAR_ONLY,0.1390046924352646,0.3606363832950592,0.2215239554643631,0.2191673219203949,0.2215239554643631,0.0,1.2000919580459595,2033,7753627,68450,15653,296.5068604786883,3,1194,0,0,862.081,14.821057319641113,-20.877641677856445,25.602583368505893,EXPLORING
7383.781000,LIDAR_ONLY,MIXED,run04,LIDAR_ONLY,0.1357523500919342,0.3668922483921051,0.21957603096961975,0.21852917969226837,0.21957603096961975,0.0,1.3935320377349854,2036,7765083,68455,15653,296.9190349966089,3,1195,0,0,863.080,14.793088912963867,-21.240093231201172,25.882994347232135,EXPLORING
7384.781000,LIDAR_ONLY,MIXED,run04,LIDAR_ONLY,0.1088336780667305,0.35017579793930054,0.22100026905536652,0.21576328575611115,0.22100026905536652,0.0,1.7615540027618408,2039,7776544,68464,15654,297.3436052863677,3,1197,0,0,864.080,14.689977645874023,-21.328859329223633,25.89726178485558,EXPLORING
7385.781000,LIDAR_ONLY,MIXED,run04,LIDAR_ONLY,0.10220471024513245,0.3400392532348633,0.2192569375038147,0.2192569375038147,0.2192569375038147,0.0,0.6911060214042664,2041,7784188,68466,15654,297.6797852556764,3,1198,0,0,865.080,14.693707466125488,-21.24321746826172,25.828896188283803,EXPLORING
7386.782000,LIDAR_ONLY,MIXED,run04,LIDAR_ONLY,0.09425095468759537,0.32499101758003235,0.21937842667102814,0.2159832864999771,0.21937842667102814,0.0,0.8629209995269775,2044,7795670,68466,15654,297.99233638188855,3,1198,0,0,866.081,14.692594528198242,-21.14850425720215,25.750421372860426,EXPLORING
7387.781000,LIDAR_ONLY,MIXED,run04,LIDAR_ONLY,0.10728852450847626,0.3385927379131317,0.21368861198425293,0.21447230875492096,0.21368861198425293,0.0,1.5477240085601807,2046,7803326,68477,15654,298.26931473358167,3,1200,0,0,867.080,14.740142822265625,-21.11684226989746,25.751609763345105,EXPLORING
7388.781000,LIDAR_ONLY,MIXED,run04,LIDAR_ONLY,0.11859402805566788,0.34599900245666504,0.20553669333457947,0.21023766696453094,0.20553669333457947,0.0,1.4000029563903809,2049,7814811,68478,15663,298.5004718220592,3,1202,0,0,868.080,14.83444595336914,-21.085378646850586,25.77996095734784,EXPLORING
7389.781000,LIDAR_ONLY,MIXED,run04,LIDAR_ONLY,0.11412836611270905,0.3414171636104584,0.21635745465755463,0.21661876142024994,0.21635745465755463,0.0,1.4444459676742554,2051,7822463,68479,15664,298.8528547123455,3,1203,0,0,869.080,14.866175651550293,-20.816513061523438,25.578955622240688,EXPLORING
7390.783000,LIDAR_ONLY,MIXED,run04,LIDAR_ONLY,0.11703086644411087,0.34491395950317383,0.21766397356987,0.21296054124832153,0.21766397356987,0.0,2.574799060821533,2053,7830116,68479,15664,299.141269841525,3,1205,0,0,870.082,14.859482765197754,-20.566713333129883,25.37216447226329,EXPLORING
7391.783000,LIDAR_ONLY,MIXED,run04,LIDAR_ONLY,0.13845057785511017,0.36738014221191406,0.21824359893798828,0.22242550551891327,0.21824359893798828,0.0,2.0375499725341797,2056,7841595,68479,15664,299.43393354964854,3,1207,0,0,871.082,14.755660057067871,-20.32721710205078,25.117294355543002,EXPLORING
7392.781000,LIDAR_ONLY,MIXED,run04,LIDAR_ONLY,0.14421208202838898,0.3677152097225189,0.21914225816726685,0.21992677450180054,0.21914225816726685,0.0,3.444375991821289,2059,7853065,68481,15664,299.83612384349465,3,1208,0,0,872.080,14.512212753295898,-20.084470748901367,24.77789727275839,EXPLORING
7393.783000,LIDAR_ONLY,MIXED,run04,LIDAR_ONLY,0.11876232177019119,0.350001722574234,0.2164354920387268,0.21722061932086945,0.2164354920387268,0.0,2.9989380836486816,2062,7864529,68485,15664,300.23234876503676,3,1209,0,0,873.082,14.368239402770996,-19.94932746887207,24.58406559223957,EXPLORING
7394.783000,LIDAR_ONLY,MIXED,run04,LIDAR_ONLY,0.11981384456157684,0.34641507267951965,0.21759623289108276,0.21811991930007935,0.21759623289108276,0.0,1.292441964149475,2064,7872169,68489,15664,300.5113642190936,3,1210,0,0,874.082,14.231066703796387,-19.78247833251953,24.36851319673954,EXPLORING
7395.783000,LIDAR_ONLY,MIXED,run04,LIDAR_ONLY,0.1303238868713379,0.3517201244831085,0.21724317967891693,0.21881552040576935,0.21724317967891693,0.0,1.0743930339813232,2066,7879803,68500,15665,300.7718777215192,3,1212,0,0,875.082,14.11038589477539,-19.565563201904297,24.121969378467515,EXPLORING
7396.781000,LIDAR_ONLY,MIXED,run04,LIDAR_ONLY,0.13662490248680115,0.36358606815338135,0.21602514386177063,0.21785807609558105,0.21602514386177063,0.0,1.4007140398025513,2067,7883622,68513,15665,301.18601365467634,3,1213,0,0,876.080,13.811750411987305,-19.375797271728516,23.793736118825954,EXPLORING
7397.781000,LIDAR_ONLY,MIXED,run04,LIDAR_ONLY,0.12012992799282074,0.3431103229522705,0.21439790725708008,0.21649214625358582,0.21439790725708008,0.0,1.0269750356674194,2070,7895077,68519,15667,301.5484032612469,3,1215,0,0,877.080,13.480762481689453,-19.301494598388672,23.54220211935135,EXPLORING
7398.782000,LIDAR_ONLY,MIXED,run04,LIDAR_ONLY,0.1269063502550125,0.3354433476924896,0.21576328575611115,0.217072531580925,0.21576328575611115,0.0,6.367349147796631,2072,7902714,68523,15668,301.84319353521636,3,1217,0,0,878.081,13.496973037719727,-19.26680564880371,23.523067585194017,EXPLORING
7399.783000,LIDAR_ONLY,MIXED,run04,LIDAR_ONLY,0.14116568863391876,0.3645211458206177,0.21492145955562592,0.21806283295154572,0.21492145955562592,0.0,4.294916152954102,2075,7914172,68524,15669,302.30197796640675,3,1217,0,0,879.082,13.470598220825195,-19.158830642700195,23.41953417309048,EXPLORING
7400.783000,LIDAR_ONLY,MIXED,run04,LIDAR_ONLY,0.12722747027873993,0.3610588014125824,0.21430443227291107,0.2161383330821991,0.21430443227291107,0.0,0.7847080230712891,2077,7921808,68555,15669,302.749891666945,3,1217,0,0,880.082,13.16547679901123,-19.182138442993164,23.264599131093075,EXPLORING
7401.783000,LIDAR_ONLY,MIXED,run04,LIDAR_ONLY,0.11978130042552948,0.347886860370636,0.21351847052574158,0.23709720373153687,0.21351847052574158,0.0,0.9710959792137146,2080,7933259,68582,15671,303.06696286613163,3,1219,0,0,881.082,12.899369239807129,-19.1473388671875,23.08619129578326,EXPLORING
7402.781000,LIDAR_ONLY,MIXED,run04,LIDAR_ONLY,0.11149820685386658,0.3345791697502136,0.21503405272960663,0.21739129722118378,0.21503405272960663,0.0,0.9232490062713623,2086,7956162,68621,15694,303.3914990292377,3,1220,0,0,882.080,12.690644264221191,-19.058855056762695,22.896524065995543,EXPLORING
7403.783000,LIDAR_ONLY,MIXED,run04,LIDAR_ONLY,0.11632145941257477,0.3545679748058319,0.21366849541664124,0.21733437478542328,0.21366849541664124,0.0,3.944650888442993,2088,7963798,68636,15694,303.6397039713157,3,1222,0,0,883.082,12.517901420593262,-19.02438735961914,22.772438367047116,EXPLORING
7404.781000,LIDAR_ONLY,MIXED,run04,LIDAR_ONLY,0.12897323071956635,0.3659610152244568,0.21413612365722656,0.21596857905387878,0.21413612365722656,0.0,0.7559750080108643,2091,7975254,68636,15702,303.9409204018945,3,1223,0,0,884.080,12.259760856628418,-18.935157775878906,22.556624394191857,EXPLORING
7405.781000,LIDAR_ONLY,MIXED,run04,LIDAR_ONLY,0.1323355883359909,0.3676927089691162,0.22047656774520874,0.22309504449367523,0.22047656774520874,0.0,0.796347975730896,2093,7982891,68639,15702,304.3601402140221,3,1224,0,0,885.080,11.89472770690918,-18.912654876708984,22.34128852840044,EXPLORING
7406.785000,LIDAR_ONLY,MIXED,run04,LIDAR_ONLY,0.13984231650829315,0.37256890535354614,0.2137804627418518,0.2177102416753769,0.2137804627418518,0.0,8.121652603149414,2095,7990528,68640,15702,304.772185130107,3,1224,0,0,886.084,11.594369888305664,-18.98386573791504,22.243588231844388,EXPLORING
7407.781000,LIDAR_ONLY,MIXED,run04,LIDAR_ONLY,0.12503410875797272,0.36095020174980164,0.21843896806240082,0.21948663890361786,0.21843896806240082,0.0,1.7293490171432495,2098,8001983,68640,15702,305.11852455716587,3,1226,0,0,887.080,11.412806510925293,-19.157442092895508,22.29844381716577,EXPLORING
7408.785000,LIDAR_ONLY,MIXED,run04,LIDAR_ONLY,0.11771329492330551,0.353576123714447,0.2184962034225464,0.2184962034225464,0.2184962034225464,0.0,1.046913981437683,2101,8013436,68643,15702,305.4172273689088,3,1227,0,0,888.084,11.140365600585938,-19.18300437927246,22.18235284852394,EXPLORING
7409.781000,LIDAR_ONLY,MIXED,run04,LIDAR_ONLY,0.13043846189975739,0.362110435962677,0.21509037911891937,0.2169242799282074,0.21509037911891937,0.0,2.320107936859131,2103,8021069,68643,15702,305.7993469382832,3,1228,0,0,889.080,10.822699546813965,-19.28952980041504,22.117384543653383,EXPLORING
7410.781000,LIDAR_ONLY,MIXED,run04,LIDAR_ONLY,0.12719450891017914,0.35785359144210815,0.21974855661392212,0.21686747670173645,0.21974855661392212,0.0,1.7243160009384155,2106,8032525,68652,15702,306.1621689865692,3,1229,0,0,890.080,10.552014350891113,-19.458518981933594,22.134617072624636,EXPLORING
7411.782000,LIDAR_ONLY,MIXED,run04,LIDAR_ONLY,0.12517036497592926,0.35937801003456116,0.21829140186309814,0.21933962404727936,0.21829140186309814,0.0,1.7361739873886108,2108,8040159,68670,15702,306.51913969217014,3,1229,0,0,891.081,10.34349250793457,-19.653377532958984,22.208233533777033,EXPLORING
7412.781000,LIDAR_ONLY,MIXED,run04,LIDAR_ONLY,0.1145850121974945,0.34466058015823364,0.21628698706626892,0.21602514386177063,0.21628698706626892,0.0,2.3185460567474365,2110,8047796,68672,15705,306.7583535372698,3,1231,0,0,892.080,10.163237571716309,-19.764562606811523,22.223684343583354,EXPLORING
7413.781000,LIDAR_ONLY,MIXED,run04,LIDAR_ONLY,0.12021532654762268,0.3535301089286804,0.21273250877857208,0.21561436355113983,0.21273250877857208,0.0,1.2747199535369873,2112,8055429,68691,15705,307.01339782768616,3,1232,0,0,893.080,10.079689979553223,-19.835786819458008,22.249078768840285,EXPLORING
7414.781000,LIDAR_ONLY,MIXED,run04,LIDAR_ONLY,0.1277095228433609,0.35674425959587097,0.2151467502117157,0.21776729822158813,0.2151467502117157,0.0,1.12465500831604,2115,8066873,68696,15713,307.31387060322066,3,1233,0,0,894.080,9.92960262298584,-20.071413040161133,22.39244608606662,EXPLORING
7415.784000,LIDAR_ONLY,MIXED,run04,LIDAR_ONLY,0.11253468692302704,0.34350916743278503,0.21473518013954163,0.21657052636146545,0.21473518013954163,0.0,1.1036159992218018,2118,8078312,68702,15713,307.7418369403279,3,1235,0,0,895.083,10.036128997802734,-20.17801284790039,22.535278933717787,EXPLORING
7416.781000,LIDAR_ONLY,MIXED,run04,LIDAR_ONLY,0.1149197667837143,0.3463936150074005,0.2198897898197174,0.21805299818515778,0.2198897898197174,0.0,2.84189510345459,2121,8089746,68720,15713,308.07186242710355,3,1236,0,0,896.080,9.86205005645752,-20.25432586669922,22.526889180150405,EXPLORING
7417.782000,LIDAR_ONLY,MIXED,run04,LIDAR_ONLY,0.1035214439034462,0.33274489641189575,0.2206190973520279,0.21983210742473602,0.2206190973520279,0.0,1.628316044807434,2123,8097368,68763,15715,308.3399108903255,3,1237,0,0,897.081,9.757918357849121,-20.382469177246094,22.597015403796224,EXPLORING
7418.781000,LIDAR_ONLY,MIXED,run04,LIDAR_ONLY,0.10610059648752213,0.3327246904373169,0.22073490917682648,0.2202099710702896,0.22073490917682648,0.0,0.8643559813499451,2124,8101178,68768,15717,308.6399388862675,3,1238,0,0,898.080,9.5966796875,-20.502063751220703,22.636125566912785,EXPLORING
7419.781000,LIDAR_ONLY,MIXED,run04,LIDAR_ONLY,0.1103377640247345,0.3343003988265991,0.22152231633663177,0.2202099710702896,0.22152231633663177,0.0,0.8234620094299316,2127,8112600,68787,15719,308.92119214315755,3,1241,0,0,899.080,9.496725082397461,-20.696002960205078,22.7700605767739,EXPLORING
7420.781000,LIDAR_ONLY,MIXED,run04,LIDAR_ONLY,0.11719565093517303,0.33621081709861755,0.22093938291072845,0.220676988363266,0.22093938291072845,0.0,0.8001850247383118,2130,8124029,68816,15723,309.0963116823162,3,1243,0,0,900.080,9.50070571899414,-20.64063835144043,22.721415742788317,EXPLORING
7421.789000,LIDAR_ONLY,MIXED,run04,LIDAR_ONLY,0.12225469201803207,0.33352091908454895,0.22003671526908875,0.22029897570610046,0.22003671526908875,0.0,1.0038859844207764,2132,8131654,68866,15727,309.4660141926696,3,1244,0,0,901.088,9.520787239074707,-20.52052879333496,22.620807409789183,EXPLORING
7422.781000,LIDAR_ONLY,MIXED,run04,LIDAR_ONLY,0.1387794464826584,0.35463249683380127,0.21715185046195984,0.21610280871391296,0.21715185046195984,0.0,1.3246409893035889,2134,8139280,68880,15732,309.7588416958896,3,1245,0,0,902.080,9.463342666625977,-20.38206672668457,22.47102952635993,EXPLORING
7423.782000,LIDAR_ONLY,MIXED,run04,LIDAR_ONLY,0.1379474401473999,0.3587748408317566,0.21831540763378143,0.21490421891212463,0.21831540763378143,0.0,0.8450430035591125,2137,8150714,68897,15732,310.0346730436214,3,1247,0,0,903.081,9.428647994995117,-20.281461715698242,22.36517197180793,EXPLORING
7424.783000,LIDAR_ONLY,MIXED,run04,LIDAR_ONLY,0.13096900284290314,0.35695838928222656,0.21872541308403015,0.21715185046195984,0.21872541308403015,0.0,2.392045021057129,2139,8158338,68915,15732,310.27252594678873,3,1247,0,0,904.082,9.482534408569336,-20.229022979736328,22.340447461368356,EXPLORING
7425.781000,LIDAR_ONLY,MIXED,run04,LIDAR_ONLY,0.13342176377773285,0.36042267084121704,0.20713162422180176,0.21054011583328247,0.20713162422180176,0.0,1.2484619617462158,2142,8169777,68940,15735,310.52715495670196,3,1248,0,0,905.080,9.679312705993652,-20.148958206176758,22.352473086142744,EXPLORING
7426.781000,LIDAR_ONLY,MIXED,run04,LIDAR_ONLY,0.12546993792057037,0.3521413505077362,0.20430107414722443,0.20875950157642365,0.20430107414722443,0.0,1.5422199964523315,2145,8181213,68949,15736,310.7751078001274,3,1248,0,0,906.080,9.814146995544434,-20.023759841918945,22.2986932712173,EXPLORING
7427.781000,LIDAR_ONLY,MIXED,run04,LIDAR_ONLY,0.1275642216205597,0.35550549626350403,0.20902176201343536,0.21295568346977234,0.20902176201343536,0.0,0.8642989993095398,2147,8188838,68972,15736,311.0428926657808,3,1249,0,0,907.080,9.956470489501953,-19.862749099731445,22.217633647135187,EXPLORING
7428.782000,LIDAR_ONLY,MIXED,run04,LIDAR_ONLY,0.132802352309227,0.35360127687454224,0.2148478478193283,0.21615949273109436,0.2148478478193283,0.0,1.1156610250473022,2150,8200275,68999,15738,311.37532549605197,3,1250,0,0,908.081,10.20742130279541,-19.670509338378906,22.160396960913214,EXPLORING
7429.783000,LIDAR_ONLY,MIXED,run04,LIDAR_ONLY,0.12431082129478455,0.34816744923591614,0.21179553866386414,0.2133682817220688,0.21179553866386414,0.0,3.581058979034424,2152,8207899,69021,15739,311.77124044743687,3,1250,0,0,909.082,10.461316108703613,-19.462303161621094,22.094860508378623,EXPLORING
7430.782000,LIDAR_ONLY,MIXED,run04,LIDAR_ONLY,0.1270597130060196,0.351019024848938,0.21452924609184265,0.2150537669658661,0.21452924609184265,0.0,0.9859439730644226,2154,8215524,69024,15742,312.01368492680604,3,1251,0,0,910.081,10.616510391235352,-19.444950103759766,22.1535226606114,EXPLORING
7431.782000,LIDAR_ONLY,MIXED,run04,LIDAR_ONLY,0.1283845454454422,0.3499580919742584,0.21421080827713013,0.21421080827713013,0.21421080827713013,0.0,1.1366909742355347,2156,8223152,69027,15742,312.3636157807503,3,1252,0,0,911.081,10.907456398010254,-19.348758697509766,22.210555208844383,EXPLORING
7432.781000,LIDAR_ONLY,MIXED,run04,LIDAR_ONLY,0.11859677731990814,0.34316715598106384,0.21698112785816193,0.21724317967891693,0.21698112785816193,0.0,1.2956420183181763,2159,8234599,69029,15742,312.82916257495117,3,1252,0,0,912.080,11.049409866333008,-19.311880111694336,22.248586841702874,EXPLORING
7433.781000,LIDAR_ONLY,MIXED,run04,LIDAR_ONLY,0.11479277163743973,0.33338892459869385,0.21162912249565125,0.21215295791625977,0.21162912249565125,0.0,1.8533899784088135,2162,8246049,69033,15742,313.04759634582643,3,1253,0,0,913.080,11.103738784790039,-19.224321365356445,22.19975133201175,EXPLORING
7434.782000,LIDAR_ONLY,MIXED,run04,LIDAR_ONLY,0.11758987605571747,0.3360334634780884,0.20854073762893677,0.20749279856681824,0.20854073762893677,0.0,1.740468978881836,2165,8257499,69034,15742,313.3756121551183,3,1254,0,0,914.081,11.070241928100586,-19.09142303466797,22.067946959595798,EXPLORING
7435.783000,LIDAR_ONLY,MIXED,run04,LIDAR_ONLY,0.12278220802545547,0.3456784784793854,0.2126767933368683,0.20979569852352142,0.2126767933368683,0.0,1.2500439882278442,2166,8261317,69034,15742,313.6233793625544,3,1255,0,0,915.082,11.181983947753906,-18.941783905029297,21.99521409058877,EXPLORING
7436.782000,LIDAR_ONLY,MIXED,run04,LIDAR_ONLY,0.12399923801422119,0.34890878200531006,0.2165137678384781,0.21598951518535614,0.2165137678384781,0.0,2.874476909637451,2168,8268948,69034,15742,314.01029959332504,3,1256,0,0,916.081,11.498371124267578,-18.855575561523438,22.084071526756496,EXPLORING
7437.782000,LIDAR_ONLY,MIXED,run04,LIDAR_ONLY,0.12267792969942093,0.3478459417819977,0.21084336936473846,0.2105814516544342,0.21084336936473846,0.0,2.241231918334961,2171,8280406,69045,15742,314.4204886829079,3,1256,0,0,917.081,11.853371620178223,-18.82040786743164,22.24118800724482,EXPLORING
7438.781000,LIDAR_ONLY,MIXED,run04,LIDAR_ONLY,0.11709166318178177,0.3428168296813965,0.21226415038108826,0.2085953950881958,0.21226415038108826,0.0,0.9388660192489624,2174,8291858,69047,15743,314.9642495999558,3,1258,0,0,918.080,11.977919578552246,-18.829557418823242,22.315528403975982,EXPLORING
7439.781000,LIDAR_ONLY,MIXED,run04,LIDAR_ONLY,0.11471793055534363,0.3342742323875427,0.22283320128917694,0.21105001866817474,0.22283320128917694,0.0,1.168444037437439,2176,8299493,69049,15743,315.4981142716045,3,1259,0,0,919.080,11.888519287109375,-18.86625862121582,22.298716754261168,EXPLORING
7440.781000,LIDAR_ONLY,MIXED,run04,LIDAR_ONLY,0.11780589818954468,0.3152306377887726,0.2118355631828308,0.21157370507717133,0.2118355631828308,0.0,2.003627061843872,2179,8310950,69049,15744,315.79807534547575,3,1259,0,0,920.080,11.706035614013672,-18.778505325317383,22.12745203058075,EXPLORING
7441.781000,LIDAR_ONLY,MIXED,run04,LIDAR_ONLY,0.11870049685239792,0.3421591520309448,0.2146226465702057,0.21069182455539703,0.2146226465702057,0.0,0.9478110074996948,2181,8318584,69049,15744,315.942598711602,3,1260,0,0,921.080,11.575045585632324,-18.79684066772461,22.07405139073831,EXPLORING
7442.781000,LIDAR_ONLY,MIXED,run04,LIDAR_ONLY,0.11232012510299683,0.35170358419418335,0.21063663065433502,0.20932669937610626,0.21063663065433502,0.0,5.110290050506592,2184,8330039,69056,15744,316.2019905283201,3,1260,0,0,922.080,11.580248832702637,-18.84800910949707,22.120361692890018,EXPLORING
7443.785000,LIDAR_ONLY,MIXED,run04,LIDAR_ONLY,0.10429859161376953,0.3425289988517761,0.2194291651248932,0.21314480900764465,0.2194291651248932,0.0,1.4357229471206665,2187,8341498,69057,15744,316.4440439270452,3,1263,0,0,923.084,11.46704387664795,-18.880699157714844,22.08924814012371,EXPLORING
7444.781000,LIDAR_ONLY,MIXED,run04,LIDAR_ONLY,0.1182568371295929,0.35340240597724915,0.21089860796928406,0.21351847052574158,0.21089860796928406,0.0,4.0767951011657715,2190,8352951,69057,15744,316.7385131223994,3,1263,0,0,924.080,11.213138580322266,-18.870805740356445,21.95001790019265,EXPLORING
7445.782000,LIDAR_ONLY,MIXED,run04,LIDAR_ONLY,0.11532867699861526,0.3522767722606659,0.20964360237121582,0.21357442438602448,0.20964360237121582,0.0,0.8782179951667786,2192,8360587,69057,15744,317.1587847185526,3,1264,0,0,925.081,10.921127319335938,-19.056854248046875,21.963529646877834,EXPLORING
7446.781000,LIDAR_ONLY,MIXED,run04,LIDAR_ONLY,0.1198180541396141,0.3563465476036072,0.21954414248466492,0.21954414248466492,0.21954414248466492,0.0,1.0260319709777832,2194,8368220,69058,15744,317.4346458039142,3,1266,0,0,926.080,10.8384428024292,-19.17196273803711,22.022669713173357,EXPLORING
7447.786000,LIDAR_ONLY,MIXED,run04,LIDAR_ONLY,0.10670589655637741,0.33967325091362,0.21733437478542328,0.21811991930007935,0.21733437478542328,0.0,1.121852993965149,2197,8379671,69062,15744,317.67897051917686,3,1268,0,0,927.085,10.9308500289917,-19.0683536529541,21.978341224676857,EXPLORING
7448.790000,LIDAR_ONLY,MIXED,run04,LIDAR_ONLY,0.11217571049928665,0.34377244114875793,0.214192196726799,0.2168106883764267,0.214192196726799,0.0,1.0553460121154785,2199,8387309,69172,15744,318.1873995940541,3,1269,0,0,928.089,10.807568550109863,-18.974641799926758,21.835814257944595,EXPLORING
7449.781000,LIDAR_ONLY,MIXED,run04,LIDAR_ONLY,0.09931811690330505,0.3338336944580078,0.21550144255161285,0.217072531580925,0.21550144255161285,0.0,0.7295520305633545,2205,8410219,69180,15772,318.45842912463655,3,1270,0,0,929.080,10.886685371398926,-18.942380905151367,21.8471004588963,EXPLORING
7450.782000,LIDAR_ONLY,MIXED,run04,LIDAR_ONLY,0.12241201102733612,0.35834628343582153,0.2147158980369568,0.217072531580925,0.2147158980369568,0.0,1.340101957321167,2208,8421677,69181,15772,318.735534984319,3,1273,0,0,930.081,10.895166397094727,-19.13947868347168,22.022402099304493,EXPLORING
7451.782000,LIDAR_ONLY,MIXED,run04,LIDAR_ONLY,0.11348190158605576,0.34868016839027405,0.2191673219203949,0.21811991930007935,0.2191673219203949,0.0,1.5623120069503784,2211,8433134,69205,15772,319.06136332357863,3,1275,0,0,931.081,10.773083686828613,-19.35860252380371,22.15348226323108,EXPLORING
7452.784000,LIDAR_ONLY,MIXED,run04,LIDAR_ONLY,0.10641764104366302,0.337462842464447,0.21509037911891937,0.2203301042318344,0.21509037911891937,0.0,1.6452399492263794,2214,8444590,69250,15778,319.4164693610807,3,1277,0,0,932.083,10.50722885131836,-19.48322296142578,22.13504478858411,EXPLORING
7453.782000,LIDAR_ONLY,MIXED,run04,LIDAR_ONLY,0.11405908316373825,0.3449344038963318,0.2171293944120407,0.2139863818883896,0.2171293944120407,0.0,0.8053140044212341,2216,8452227,69256,15795,319.7877021540012,3,1279,0,0,933.081,10.17345142364502,-19.548622131347656,22.036576859187264,EXPLORING
7454.781000,LIDAR_ONLY,MIXED,run04,LIDAR_ONLY,0.11260181665420532,0.3485685884952545,0.21576328575611115,0.21733437478542328,0.21576328575611115,0.0,0.8265810012817383,2219,8463680,69265,15795,320.1278235000515,3,1280,0,0,934.080,10.107227325439453,-19.805673599243164,22.23473947372415,EXPLORING
7455.781000,LIDAR_ONLY,MIXED,run04,LIDAR_ONLY,0.1129956915974617,0.3456481993198395,0.21467889845371246,0.2165137678384781,0.21467889845371246,0.0,1.1790189743041992,2222,8475126,69268,15795,320.3632130993818,3,1283,0,0,935.080,9.997553825378418,-19.936927795410156,22.30235784570153,EXPLORING
7456.787000,LIDAR_ONLY,MIXED,run04,LIDAR_ONLY,0.12507401406764984,0.35023364424705505,0.21782438457012177,0.21363040804862976,0.21782438457012177,0.0,6.681193828582764,2224,8482759,69268,15796,320.66256039486785,3,1284,0,0,936.086,9.75062370300293,-19.967939376831055,22.220637295368665,EXPLORING
7457.781000,LIDAR_ONLY,MIXED,run04,LIDAR_ONLY,0.12169071286916733,0.35262417793273926,0.2203301042318344,0.22059208154678345,0.2203301042318344,0.0,1.4243559837341309,2226,8490391,69297,15796,321.06019264809055,3,1286,0,0,937.080,9.487516403198242,-20.15547752380371,22.27599736104741,EXPLORING
7458.782000,LIDAR_ONLY,MIXED,run04,LIDAR_ONLY,0.11332716792821884,0.34490296244621277,0.22155217826366425,0.2202412188053131,0.22155217826366425,0.0,1.433127999305725,2229,8501832,69303,15796,321.4045051842216,3,1286,0,0,938.081,9.348999977111816,-20.44242286682129,22.47799585371026,EXPLORING
7459.784000,LIDAR_ONLY,MIXED,run04,LIDAR_ONLY,0.1270354986190796,0.35755446553230286,0.2207656055688858,0.22050340473651886,0.2207656055688858,0.0,1.2433509826660156,2232,8513270,69313,15796,321.7820529102747,3,1288,0,0,939.083,9.097074508666992,-20.663166046142578,22.576256326050718,EXPLORING
7460.782000,LIDAR_ONLY,MIXED,run04,LIDAR_ONLY,0.1240701898932457,0.3561982810497284,0.21263764798641205,0.21657052636146545,0.21263764798641205,0.0,1.6866799592971802,2234,8520898,69334,15797,322.1921180274574,3,1290,0,0,940.081,8.743695259094238,-20.740018844604492,22.50700729524808,EXPLORING
7461.783000,LIDAR_ONLY,MIXED,run04,LIDAR_ONLY,0.11996939033269882,0.35374221205711365,0.22108575701713562,0.22108575701713562,0.22108575701713562,0.0,3.3337960243225098,2237,8532343,69346,15804,322.606058778672,3,1290,0,0,941.082,8.381617546081543,-20.809680938720703,22.433452269736062,EXPLORING
7462.781000,LIDAR_ONLY,MIXED,run04,LIDAR_ONLY,0.12351041287183762,0.35647112131118774,0.2206190973520279,0.21904511749744415,0.2206190973520279,0.0,1.2033439874649048,2238,8536155,69358,15804,322.96648513069994,3,1291,0,0,942.080,8.067604064941406,-20.878969192504883,22.38266294435967,EXPLORING
7463.781000,LIDAR_ONLY,MIXED,run04,LIDAR_ONLY,0.12372510135173798,0.35744693875312805,0.22041885554790497,0.21858638525009155,0.22041885554790497,0.0,1.0435110330581665,2241,8547609,69361,15804,323.3276992680606,3,1292,0,0,943.080,7.744241237640381,-20.901334762573242,22.289138612195313,EXPLORING
7464.781000,LIDAR_ONLY,MIXED,run04,LIDAR_ONLY,0.1297721564769745,0.36244869232177734,0.21989528834819794,0.21753926575183868,0.21989528834819794,0.0,3.2339870929718018,2244,8559068,69371,15804,323.74089850895575,3,1293,0,0,944.080,7.37878942489624,-20.91490936279297,22.177630920717924,EXPLORING
7465.781000,LIDAR_ONLY,MIXED,run04,LIDAR_ONLY,0.12451765686273575,0.3595062494277954,0.2184962034225464,0.2177102416753769,0.2184962034225464,0.0,1.2114930152893066,2248,8574342,69395,15804,324.1818419296176,3,1293,0,0,945.080,6.9970622062683105,-20.90138816833496,22.040758201371244,EXPLORING
7466.781000,LIDAR_ONLY,MIXED,run04,LIDAR_ONLY,0.12469284236431122,0.3606248199939728,0.21806283295154572,0.22041885554790497,0.21806283295154572,0.0,1.0330699682235718,2251,8585802,69402,15804,324.56736717930704,3,1295,0,0,946.080,6.654608249664307,-20.93485450744629,21.96635404448192,EXPLORING
7467.782000,LIDAR_ONLY,MIXED,run04,LIDAR_ONLY,0.1316967010498047,0.3637728989124298,0.22085407376289368,0.21902017295360565,0.22085407376289368,0.0,1.063073992729187,2253,8593437,69406,15804,324.9281194098898,3,1298,0,0,947.081,6.328468322753906,-20.96335792541504,21.89706087871383,EXPLORING
7468.783000,LIDAR_ONLY,MIXED,run04,LIDAR_ONLY,0.12767723202705383,0.36222878098487854,0.2211160659790039,0.22006811201572418,0.2211160659790039,0.0,1.1108109951019287,2255,8601073,69409,15804,325.36490576670093,3,1299,0,0,948.082,5.964399337768555,-20.893129348754883,21.72710483581964,EXPLORING
7469.782000,LIDAR_ONLY,MIXED,run04,LIDAR_ONLY,0.12213258445262909,0.3600536286830902,0.21838177740573883,0.2189054787158966,0.21838177740573883,0.0,1.5689150094985962,2258,8612524,69417,15804,325.7316607743138,3,1299,0,0,949.081,5.655147075653076,-20.961292266845703,21.710071116449598,EXPLORING
7470.782000,LIDAR_ONLY,MIXED,run04,LIDAR_ONLY,0.12817662954330444,0.36324724555015564,0.21858638525009155,0.21884816884994507,0.21858638525009155,0.0,22.892837524414062,2261,8623981,69440,15805,325.8905316670157,3,1300,0,0,950.081,5.533020973205566,-21.019460678100586,21.73483302021273,EXPLORING
7471.781000,LIDAR_ONLY,MIXED,run04,LIDAR_ONLY,0.13786597549915314,0.36428403854370117,0.21910995244979858,0.2193717211484909,0.21910995244979858,0.0,6.771701812744141,2263,8631621,69452,15805,326.3681127637808,3,1301,0,0,951.080,5.099006175994873,-20.845842361450195,21.45975154785155,EXPLORING
7472.781000,LIDAR_ONLY,MIXED,run04,LIDAR_ONLY,0.13396410644054413,0.3674899935722351,0.21896280348300934,0.21948663890361786,0.21896280348300934,0.0,1.8487679958343506,2265,8639259,69452,15808,326.680445629246,3,1303,0,0,952.080,4.841778755187988,-20.72580337524414,21.28319265405493,EXPLORING
7473.781000,LIDAR_ONLY,MIXED,run04,LIDAR_ONLY,0.13027073442935944,0.360431969165802,0.2193717211484909,0.2193717211484909,0.2193717211484909,0.0,1.2768330574035645,2267,8646899,69499,15808,327.0538410962178,3,1305,0,0,953.080,4.524023056030273,-20.70919418334961,21.19695014732023,EXPLORING
7474.781000,LIDAR_ONLY,MIXED,run04,LIDAR_ONLY,0.13409872353076935,0.3600541353225708,0.2178010493516922,0.2206806242465973,0.2178010493516922,0.0,1.5897610187530518,2270,8658357,69619,15814,327.4007970270875,3,1306,0,0,954.080,4.270203113555908,-20.512866973876953,20.9519976617069,EXPLORING
7475.781000,LIDAR_ONLY,MIXED,run04,LIDAR_ONLY,0.12708692252635956,0.3556337058544159,0.21750524640083313,0.21855345368385315,0.21750524640083313,0.0,2.240851879119873,2272,8665993,69830,15858,327.70064498196825,3,1308,0,0,955.080,4.045787811279297,-20.37464714050293,20.771833556646783,EXPLORING
7476.783000,LIDAR_ONLY,MIXED,run04,LIDAR_ONLY,0.12916314601898193,0.3528010845184326,0.2166055589914322,0.21870088577270508,0.2166055589914322,0.0,0.8983659744262695,2274,8673630,69888,15946,328.0970321737773,3,1309,0,0,956.082,3.7504823207855225,-20.1641902923584,20.509409526794414,EXPLORING
7477.783000,LIDAR_ONLY,MIXED,run04,LIDAR_ONLY,0.12927746772766113,0.3581937253475189,0.21559393405914307,0.2182103544473648,0.21559393405914307,0.0,2.3012349605560303,2277,8685088,69965,15965,328.42300554890716,3,1310,0,0,957.082,3.4843668937683105,-20.05510902404785,20.354950844853743,EXPLORING
7478.783000,LIDAR_ONLY,MIXED,run04,LIDAR_ONLY,0.11522571742534637,0.3523961901664734,0.21632225811481476,0.21841485798358917,0.21632225811481476,0.0,1.7497279644012451,2279,8692734,70077,15993,328.9421468482142,3,1311,0,0,958.082,3.2244620323181152,-20.03327751159668,20.290532545608787,EXPLORING
7479.785000,LIDAR_ONLY,MIXED,run04,LIDAR_ONLY,0.12720273435115814,0.3574810028076172,0.21314896643161774,0.2170623540878296,0.21314896643161774,0.0,2.8448989391326904,2282,8704213,70139,16038,329.3734529719285,3,1313,0,0,959.084,3.2338244915008545,-20.091493606567383,20.349496681579886,EXPLORING
7480.781000,LIDAR_ONLY,MIXED,run04,LIDAR_ONLY,0.12376134097576141,0.35742074251174927,0.21547681093215942,0.21756123006343842,0.21547681093215942,0.0,0.9854710102081299,2287,8723397,70339,16058,329.657332194221,3,1314,0,0,960.080,3.0220437049865723,-20.002317428588867,20.228747530687453,EXPLORING
7481.783000,LIDAR_ONLY,MIXED,run04,LIDAR_ONLY,0.11765451729297638,0.3574163317680359,0.21767465770244598,0.21897810697555542,0.21767465770244598,0.0,0.7219340205192566,2289,8731068,70668,16139,330.05581119016534,3,1316,0,0,961.082,2.796125650405884,-20.2469539642334,20.43855369066513,EXPLORING
7482.783000,LIDAR_ONLY,MIXED,run04,LIDAR_ONLY,0.14068304002285004,0.3716486394405365,0.215216264128685,0.21547681093215942,0.215216264128685,0.0,1.0066009759902954,2291,8738743,70710,16264,330.4240084165342,3,1317,0,0,962.082,2.808412790298462,-20.12441635131836,20.318868338050336,EXPLORING
7483.783000,LIDAR_ONLY,MIXED,run04,LIDAR_ONLY,0.12916767597198486,0.3545774221420288,0.21892103552818298,0.21944227814674377,0.21892103552818298,0.0,1.1170049905776978,2294,8750257,70818,16276,330.65013252984846,3,1319,0,0,963.082,2.6854090690612793,-20.045862197875977,20.22437686265516,EXPLORING
7484.782000,LIDAR_ONLY,MIXED,run04,LIDAR_ONLY,0.1169489398598671,0.3531923294067383,0.2183997929096222,0.21970289945602417,0.2183997929096222,0.0,0.9970769882202148,2297,8761766,70914,16284,330.99733598673726,3,1321,0,0,964.081,2.548281669616699,-20.043216705322266,20.20400841562914,EXPLORING
7485.782000,LIDAR_ONLY,MIXED,run04,LIDAR_ONLY,0.12592320144176483,0.36306169629096985,0.21929596364498138,0.21929596364498138,0.21929596364498138,0.0,1.135820984840393,2299,8769436,70998,16375,331.2259810085694,3,1322,0,0,965.081,2.654600143432617,-20.121295928955078,20.295094340449904,EXPLORING
7486.784000,LIDAR_ONLY,MIXED,run04,LIDAR_ONLY,0.1293032318353653,0.36464667320251465,0.21932795643806458,0.22167231142520905,0.21932795643806458,0.0,1.2927910089492798,2301,8777113,71069,16403,331.4842280233271,3,1323,0,0,966.083,2.5660147666931152,-20.084836959838867,20.24753607597875,EXPLORING
7487.782000,LIDAR_ONLY,MIXED,run04,LIDAR_ONLY,0.12615607678890228,0.35355082154273987,0.21938510239124298,0.2196456491947174,0.21938510239124298,0.0,1.0579830408096313,2303,8784789,71103,16424,331.67370232406745,3,1323,0,0,967.081,2.4256861209869385,-20.0435791015625,20.189277846601946,EXPLORING
7488.786000,LIDAR_ONLY,MIXED,run04,LIDAR_ONLY,0.13302293419837952,0.36141520738601685,0.21918165683746338,0.21892103552818298,0.21918165683746338,0.0,1.0520869493484497,2305,8792462,71132,16429,332.10926837542553,3,1324,0,0,968.085,2.07326078414917,-19.91790771484375,20.024989115583278,EXPLORING
7489.781000,LIDAR_ONLY,MIXED,run04,LIDAR_ONLY,0.12997764348983765,0.3632315695285797,0.21892103552818298,0.2183997929096222,0.21892103552818298,0.0,1.6792210340499878,2308,8803975,71164,16439,332.4994681905814,3,1324,0,0,969.080,1.733771800994873,-19.9091796875,19.98401392629956,EXPLORING
7490.782000,LIDAR_ONLY,MIXED,run04,LIDAR_ONLY,0.1255287230014801,0.3528476655483246,0.21944227814674377,0.21996350586414337,0.21944227814674377,0.0,0.7705280184745789,2310,8811649,71192,16447,332.8676088949163,3,1326,0,0,970.081,1.4375464916229248,-19.870609283447266,19.922040213245474,EXPLORING
7491.781000,LIDAR_ONLY,MIXED,run04,LIDAR_ONLY,0.1243453100323677,0.359832763671875,0.2148997187614441,0.21672309935092926,0.2148997187614441,0.0,0.8715220093727112,2313,8823165,71233,16450,333.16743294482444,3,1329,0,0,971.080,1.2206894159317017,-19.818984985351562,19.8560508725738,EXPLORING
7492.781000,LIDAR_ONLY,MIXED,run04,LIDAR_ONLY,0.12113824486732483,0.35785767436027527,0.21666666865348816,0.21770833432674408,0.21666666865348816,0.0,5.219507217407227,2315,8830844,71277,16458,333.5739607197694,3,1331,0,0,972.080,0.9234211444854736,-19.888839721679688,19.909788784448793,EXPLORING
7493.783000,LIDAR_ONLY,MIXED,run04,LIDAR_ONLY,0.12790444493293762,0.36260905861854553,0.21276041865348816,0.21692708134651184,0.21276041865348816,0.0,6.546655178070068,2318,8842364,71351,16472,333.92449788945663,3,1332,0,0,973.082,0.6810153126716614,-20.040159225463867,20.05126309186538,EXPLORING
7494.781000,LIDAR_ONLY,MIXED,run04,LIDAR_ONLY,0.13102257251739502,0.359380304813385,0.2174479216337204,0.21822915971279144,0.2174479216337204,0.0,0.6812040209770203,2321,8853884,71398,16498,334.24519499359405,3,1334,0,0,974.080,0.39967310428619385,-20.063993453979492,20.06752345205906,EXPLORING
7495.782000,LIDAR_ONLY,MIXED,run04,LIDAR_ONLY,0.13439226150512695,0.3667905926704407,0.22031250596046448,0.2200520783662796,0.22031250596046448,0.0,0.9303849935531616,2324,8865404,71468,16510,334.60935982148345,3,1336,0,0,975.081,0.06650575995445251,-19.958776473999023,19.958453311068393,EXPLORING
7496.781000,LIDAR_ONLY,MIXED,run04,LIDAR_ONLY,0.1291113942861557,0.3630453050136566,0.2200520783662796,0.21848958730697632,0.21875,0.0,1.20830500125885,2327,8876924,71551,16530,335.00356418704365,3,1338,0,0,976.080,-0.25655606389045715,-20.054819107055664,20.05604212859299,EXPLORING
7497.781000,LIDAR_ONLY,MIXED,run04,LIDAR_ONLY,0.12746880948543549,0.3529440462589264,0.21822915971279144,0.21822915971279144,0.21822915971279144,0.0,1.105633020401001,2329,8884604,71620,16560,335.29088081186944,3,1340,0,0,977.080,-0.5020294189453125,-19.95284080505371,19.958749961298185,EXPLORING
7498.781000,LIDAR_ONLY,MIXED,run04,LIDAR_ONLY,0.12966862320899963,0.3559342622756958,0.21562500298023224,0.21692708134651184,0.21562500298023224,0.0,0.7922829985618591,2332,8896124,71672,16587,335.68973081271815,3,1341,0,0,978.080,-0.7797107696533203,-19.730127334594727,19.745136782643275,EXPLORING
7499.791000,LIDAR_ONLY,MIXED,run04,LIDAR_ONLY,0.12506623566150665,0.35236218571662903,0.2174479216337204,0.21666666865348816,0.2174479216337204,0.0,1.462116003036499,2334,8903804,71758,16597,336.1028845056368,3,1343,0,0,979.090,-1.0611982345581055,-19.512434005737305,19.540893570747787,EXPLORING
7500.781000,LIDAR_ONLY,MIXED,run04,LIDAR_ONLY,0.11967146396636963,0.35630711913108826,0.21328124403953552,0.21796874701976776,0.21328124403953552,0.0,0.8174239993095398,2336,8911484,71803,16617,336.39455362079934,3,1344,0,0,980.080,-1.278031826019287,-19.411773681640625,19.453435139756934,EXPLORING
7501.783000,LIDAR_ONLY,MIXED,run04,LIDAR_ONLY,0.13575182855129242,0.3652615547180176,0.2135416716337204,0.21640625596046448,0.2135416716337204,0.0,0.847599983215332,2338,8919164,71868,16626,336.6731116435892,3,1346,0,0,981.082,-1.5206480026245117,-19.39885711669922,19.458014702790994,EXPLORING
7502.784000,LIDAR_ONLY,MIXED,run04,LIDAR_ONLY,0.14065304398536682,0.3701462745666504,0.20885416865348816,0.21250000596046448,0.20885416865348816,0.0,1.2164520025253296,2339,8923004,71926,16637,337.0664145309732,3,1346,0,0,982.083,-1.8773813247680664,-19.40292739868164,19.493208173968807,EXPLORING
7503.781000,LIDAR_ONLY,MIXED,run04,LIDAR_ONLY,0.1320631355047226,0.3631627857685089,0.2174479216337204,0.21796874701976776,0.2174479216337204,0.0,1.1095490455627441,2342,8934524,72016,16657,337.33508656780657,5,1346,0,0,983.080,-2.100931406021118,-19.338077545166016,19.451546671935773,EXPLORING
7504.781000,LIDAR_ONLY,MIXED,run04,LIDAR_ONLY,0.1357996165752411,0.36538365483283997,0.21796874701976776,0.21796874701976776,0.21796874701976776,0.0,1.8450969457626343,2345,8946044,72062,16670,337.4080843629877,5,1347,0,0,984.080,-2.0527184009552,-19.33972930908203,19.448038397760186,EXPLORING
7505.781000,LIDAR_ONLY,MIXED,run04,LIDAR_ONLY,0.1193181574344635,0.3524458706378937,0.21796874701976776,0.21666666865348816,0.21796874701976776,0.0,0.8650130033493042,2348,8957564,72142,16678,337.6368591279234,5,1347,0,0,985.080,-1.991806983947754,-19.504417419433594,19.605528459242752,EXPLORING
7506.781000,LIDAR_ONLY,MIXED,run04,LIDAR_ONLY,0.13001728057861328,0.3609776496887207,0.21692708134651184,0.2161458283662796,0.21692708134651184,0.0,5.654942989349365,2351,8969084,72201,16699,337.8955229259912,5,1349,0,0,986.080,-2.0723814964294434,-19.503950119018555,19.613417545286513,EXPLORING
7507.782000,LIDAR_ONLY,MIXED,run04,LIDAR_ONLY,0.1252739280462265,0.3573068380355835,0.2200520783662796,0.21640625596046448,0.2200520783662796,0.0,1.8923519849777222,2353,8976764,72282,16719,338.2326650037892,5,1351,0,0,987.081,-2.20851993560791,-19.6213436126709,19.74492762564325,EXPLORING
7508.781000,LIDAR_ONLY,MIXED,run04,LIDAR_ONLY,0.13112758100032806,0.36046966910362244,0.21640625596046448,0.21718749403953552,0.21640625596046448,0.0,0.8912280201911926,2356,8988284,72327,16737,338.5517612426991,5,1352,0,0,988.080,-2.2256641387939453,-19.908884048461914,20.032586271286306,EXPLORING
7509.783000,LIDAR_ONLY,MIXED,run04,LIDAR_ONLY,0.1213855966925621,0.3536810874938965,0.21640625596046448,0.21796874701976776,0.21640625596046448,0.0,0.8880040049552917,2358,8995964,72551,16752,339.02385690253254,5,1354,0,0,989.082,-2.157949686050415,-20.302576065063477,20.416614216544886,EXPLORING
7510.781000,LIDAR_ONLY,MIXED,run04,LIDAR_ONLY,0.13005270063877106,0.35937967896461487,0.21796874701976776,0.2200520783662796,0.21796874701976776,0.0,1.6531449556350708,2361,9007484,72596,16806,339.3334427655374,5,1356,0,0,990.080,-2.1672027111053467,-20.558021545410156,20.671613631204252,EXPLORING
7511.783000,LIDAR_ONLY,MIXED,run04,LIDAR_ONLY,0.13676561415195465,0.3624041676521301,0.2161458283662796,0.21770833432674408,0.2161458283662796,0.0,1.1324050426483154,2363,9015164,72632,16818,339.74816675578245,5,1357,0,0,991.082,-2.2083911895751953,-20.914573669433594,21.030519505641266,EXPLORING
7512.782000,LIDAR_ONLY,MIXED,run04,LIDAR_ONLY,0.13259968161582947,0.36059287190437317,0.2173573076725006,0.2173573076725006,0.2173573076725006,0.0,1.066409945487976,2370,9042037,72860,16829,340.11038965575364,5,1357,0,0,992.081,-2.256429433822632,-21.213138580322266,21.332485265545603,EXPLORING
7513.782000,LIDAR_ONLY,MIXED,run04,LIDAR_ONLY,0.1290828138589859,0.35905125737190247,0.2157016098499298,0.2177882045507431,0.2157016098499298,0.0,2.0568408966064453,2373,9053544,72887,16896,340.5506529817619,5,1359,0,0,993.081,-2.178356885910034,-21.60232162475586,21.711546549283963,EXPLORING
7514.781000,LIDAR_ONLY,MIXED,run04,LIDAR_ONLY,0.12294213473796844,0.3576244115829468,0.21732324361801147,0.2186277061700821,0.21732324361801147,0.0,1.0853480100631714,2375,9061210,72958,16902,340.97803138144513,5,1360,0,0,994.080,-2.178246021270752,-21.993244171142578,22.100518618562106,EXPLORING
7515.782000,LIDAR_ONLY,MIXED,run04,LIDAR_ONLY,0.12256550043821335,0.35703080892562866,0.21665361523628235,0.21795876324176788,0.21665361523628235,0.0,1.1807670593261719,2378,9072707,72986,16915,341.38988818065894,5,1362,0,0,995.081,-2.1381728649139404,-22.355121612548828,22.45680815708511,EXPLORING
7516.784000,LIDAR_ONLY,MIXED,run04,LIDAR_ONLY,0.12782257795333862,0.36136481165885925,0.21728910505771637,0.217027947306633,0.21728910505771637,0.0,0.6629859805107117,2380,9080366,73045,16922,341.7057386913034,5,1363,0,0,996.083,-2.1049909591674805,-22.625682830810547,22.723054343630796,EXPLORING
7517.784000,LIDAR_ONLY,MIXED,run04,LIDAR_ONLY,0.13672196865081787,0.3678303062915802,0.21699346601963043,0.21856209635734558,0.21699346601963043,0.0,1.2196340560913086,2383,9091845,73055,16931,342.08773836245155,5,1363,0,0,997.083,-2.170720338821411,-22.977087020874023,23.079061303996728,EXPLORING
7518.783000,LIDAR_ONLY,MIXED,run04,LIDAR_ONLY,0.1315176635980606,0.3643982708454132,0.21809624135494232,0.218619242310524,0.21809624135494232,0.0,1.5445040464401245,2386,9103315,73102,16931,342.4841645918957,5,1365,0,0,998.082,-2.225645065307617,-23.25481605529785,23.36074381055107,EXPLORING
7519.781000,LIDAR_ONLY,MIXED,run04,LIDAR_ONLY,0.1283586174249649,0.361784964799881,0.21826747059822083,0.21852917969226837,0.21826747059822083,0.0,1.4784270524978638,2388,9110956,73127,16938,342.8390331913159,5,1365,0,0,999.080,-2.3013718128204346,-23.5642147064209,23.67599620591383,EXPLORING
7520.781000,LIDAR_ONLY,MIXED,run04,LIDAR_ONLY,0.12588302791118622,0.3587082028388977,0.2159477174282074,0.21960784494876862,0.2159477174282074,0.0,0.7632269859313965,2389,9114781,73127,16947,343.31060040505037,5,1366,0,0,1000.080,-2.190951347351074,-23.9635009765625,24.063111877815736,EXPLORING
7521.782000,LIDAR_ONLY,MIXED,run04,LIDAR_ONLY,0.11474613100290298,0.35070958733558655,0.21693675220012665,0.21850496530532837,0.21693675220012665,0.0,1.0203039646148682,2391,9122432,73164,16950,343.6581176671184,5,1368,0,0,1001.081,-2.1883833408355713,-24.257211685180664,24.35538520902577,EXPLORING
7522.783000,LIDAR_ONLY,MIXED,run04,LIDAR_ONLY,0.10809164494276047,0.3459347188472748,0.21647058427333832,0.21673202514648438,0.21647058427333832,0.0,1.437180995941162,2394,9133906,73179,16966,343.9515006208197,5,1369,0,0,1002.082,-2.235513925552368,-24.46645736694336,24.56803655485135,EXPLORING
7523.781000,LIDAR_ONLY,MIXED,run04,LIDAR_ONLY,0.10519630461931229,0.34327107667922974,0.21531225740909576,0.21661876142024994,0.21531225740909576,0.0,1.1124579906463623,2397,9145385,73209,16974,344.28399932354597,5,1370,0,0,1003.080,-2.2626700401306152,-24.69782257080078,24.800913926600952,EXPLORING
7524.782000,LIDAR_ONLY,MIXED,run04,LIDAR_ONLY,0.10567071288824081,0.34295395016670227,0.21740266680717468,0.21635745465755463,0.21740266680717468,0.0,0.8840910196304321,2399,9153040,73220,16986,344.58214749527957,5,1371,0,0,1004.081,-2.3923957347869873,-24.907072067260742,25.02137265601629,EXPLORING
7525.781000,LIDAR_ONLY,MIXED,run04,LIDAR_ONLY,0.11578835546970367,0.3500804007053375,0.21394984424114227,0.21577847003936768,0.21394984424114227,0.0,0.9701079726219177,2400,9156868,73223,16989,345.0200267848338,5,1372,0,0,1005.080,-2.622109889984131,-25.210615158081055,25.346283050627804,EXPLORING
7526.782000,LIDAR_ONLY,MIXED,run04,LIDAR_ONLY,0.1036316454410553,0.3382740020751953,0.222570538520813,0.2262277901172638,0.222570538520813,0.0,1.1613420248031616,2402,9164525,73244,16990,345.43541948691586,5,1373,0,0,1006.081,-2.6778488159179688,-25.541711807250977,25.681379037547064,EXPLORING
7527.784000,LIDAR_ONLY,MIXED,run04,LIDAR_ONLY,0.1149330884218216,0.3475538194179535,0.2117493450641632,0.2164490818977356,0.2117493450641632,0.0,1.2761410474777222,2405,9176012,73281,16998,345.97402376261755,5,1374,0,0,1007.083,-2.687079906463623,-25.42098045349121,25.56227847619285,EXPLORING
7528.781000,LIDAR_ONLY,MIXED,run04,LIDAR_ONLY,0.10279043763875961,0.3376719355583191,0.20224425196647644,0.2189457267522812,0.20224425196647644,0.0,0.8373299837112427,2408,9187504,73311,17005,346.369975121432,5,1375,0,0,1008.080,-2.674354314804077,-25.35381507873535,25.494147914945216,EXPLORING
7529.781000,LIDAR_ONLY,MIXED,run04,LIDAR_ONLY,0.10040508955717087,0.3332229256629944,0.20568300783634186,0.20828989148139954,0.20568300783634186,0.0,0.9242709875106812,2411,9199010,73391,17007,346.6760950275419,5,1375,0,0,1009.080,-2.8483176231384277,-25.497356414794922,25.655638498832076,EXPLORING
7530.781000,LIDAR_ONLY,MIXED,run04,LIDAR_ONLY,0.1242682933807373,0.3509082794189453,0.21069100499153137,0.2122555375099182,0.21069100499153137,0.0,0.8793659806251526,2414,9210519,73529,17040,346.95584826952694,5,1376,0,0,1010.080,-2.8598694801330566,-25.72427749633789,25.882442368595168,EXPLORING
7531.782000,LIDAR_ONLY,MIXED,run04,LIDAR_ONLY,0.11223069578409195,0.3423549234867096,0.19963465631008148,0.21320459246635437,0.19963465631008148,0.0,1.0670310258865356,2416,9218184,73552,17100,347.35384409805266,5,1376,0,0,1011.081,-2.7529876232147217,-26.088531494140625,26.23305943604894,EXPLORING
7532.782000,LIDAR_ONLY,MIXED,run04,LIDAR_ONLY,0.12300813943147659,0.3513636291027069,0.20631194114685059,0.21178925037384033,0.20631194114685059,0.0,0.9911829829216003,2418,9225851,73563,17106,347.70023520950735,5,1377,0,0,1012.081,-2.766031265258789,-26.417932510375977,26.562018376326286,EXPLORING
7533.782000,LIDAR_ONLY,MIXED,run04,LIDAR_ONLY,0.13560420274734497,0.3584785461425781,0.21203438937664032,0.21463923156261444,0.21203438937664032,0.0,0.591854989528656,2420,9233528,73570,17109,348.1443902361731,5,1377,0,0,1013.081,-2.775212287902832,-26.78582763671875,26.92888411886026,EXPLORING
7534.782000,LIDAR_ONLY,MIXED,run04,LIDAR_ONLY,0.1286293864250183,0.35389259457588196,0.20651040971279144,0.20859375596046448,0.20651040971279144,0.0,1.2310489416122437,2423,9245048,73578,17109,348.5751520195718,5,1378,0,0,1014.081,-2.7559878826141357,-27.172266006469727,27.311345125900946,EXPLORING
7535.781000,LIDAR_ONLY,MIXED,run04,LIDAR_ONLY,0.13234736025333405,0.360272616147995,0.20989583432674408,0.21588541567325592,0.20989583432674408,0.0,1.387336015701294,2425,9252728,73582,17111,348.9628621989251,5,1380,0,0,1015.080,-2.8330917358398438,-27.5072078704834,27.652392690790403,EXPLORING
7536.784000,LIDAR_ONLY,MIXED,run04,LIDAR_ONLY,0.12431589514017105,0.35986828804016113,0.20703125,0.2122395783662796,0.20703125,0.0,4.882970809936523,2427,9260408,73590,17112,349.3632509969572,5,1382,0,0,1016.083,-3.0219438076019287,-27.81488800048828,27.978244698656233,EXPLORING
7537.784000,LIDAR_ONLY,MIXED,run04,LIDAR_ONLY,0.13043543696403503,0.3664798140525818,0.21953125298023224,0.21822915971279144,0.21953125298023224,0.0,0.7539950013160706,2430,9271928,73606,17113,349.588278436206,5,1384,0,0,1017.083,-3.193422555923462,-27.906713485717773,28.08851907577327,EXPLORING
7538.781000,LIDAR_ONLY,MIXED,run04,LIDAR_ONLY,0.13329629600048065,0.36918309330940247,0.21822915971279144,0.2174479216337204,0.21822915971279144,0.0,4.069540977478027,2432,9279608,73662,17113,349.9924812584601,5,1386,0,0,1018.080,-3.5450949668884277,-27.964296340942383,28.187807913229797,EXPLORING
7539.781000,LIDAR_ONLY,MIXED,run04,LIDAR_ONLY,0.1310749053955078,0.368968665599823,0.22031250596046448,0.2161458283662796,0.22031250596046448,0.0,7.449310779571533,2434,9287288,74049,17137,350.3945276757293,5,1387,0,0,1019.080,-3.8681883811950684,-27.914173126220703,28.180624081851075,EXPLORING
7540.781000,LIDAR_ONLY,MIXED,run04,LIDAR_ONLY,0.10944803804159164,0.3526557981967926,0.22187499701976776,0.2174479216337204,0.22187499701976776,0.0,1.2854310274124146,2437,9298808,74293,17307,350.7501046863612,5,1388,0,0,1020.080,-4.1324567794799805,-27.747512817382812,28.05327013761812,EXPLORING
7541.781000,LIDAR_ONLY,MIXED,run04,LIDAR_ONLY,0.09716461598873138,0.34142759442329407,0.22161458432674408,0.22083333134651184,0.22161458432674408,0.0,13.529783248901367,2439,9306488,74610,17397,351.086624310291,5,1389,0,0,1021.080,-4.0909881591796875,-27.773517608642578,28.072916817326533,EXPLORING
7542.782000,LIDAR_ONLY,MIXED,run04,LIDAR_ONLY,0.08364779502153397,0.3228501081466675,0.21901041269302368,0.21796874701976776,0.21901041269302368,0.0,1.2415720224380493,2441,9314168,74907,17472,351.3218919629726,5,1390,0,0,1022.081,-3.9439539909362793,-27.809001922607422,28.086994016678215,EXPLORING
7543.781000,LIDAR_ONLY,MIXED,run04,LIDAR_ONLY,0.11322957277297974,0.3450187146663666,0.21848958730697632,0.21770833432674408,0.21848958730697632,0.0,5.155055046081543,2443,9321848,75055,17517,351.5371643404431,5,1392,0,0,1023.080,-3.9616856575012207,-27.882923126220703,28.162673855576415,EXPLORING
7544.781000,LIDAR_ONLY,MIXED,run04,LIDAR_ONLY,0.14345623552799225,0.35348162055015564,0.20208333432674408,0.20937499403953552,0.20208333432674408,0.0,0.8563230037689209,2449,9344888,75461,17554,351.66565239603017,5,1394,0,0,1024.080,-4.001798152923584,-27.98863410949707,28.272988163287465,EXPLORING
7545.781000,LIDAR_ONLY,MIXED,run04,LIDAR_ONLY,0.12519432604312897,0.34091368317604065,0.2213541716337204,0.22057291865348816,0.2213541716337204,0.0,2.4023590087890625,2451,9352568,75597,17698,351.9689182803147,5,1395,0,0,1025.080,-3.9342379570007324,-28.242027282714844,28.514449195883834,EXPLORING
7546.781000,LIDAR_ONLY,MIXED,run04,LIDAR_ONLY,0.13268163800239563,0.3454228639602661,0.21380208432674408,0.21588541567325592,0.21380208432674408,0.0,1.698606014251709,2454,9364088,75647,17713,352.20943922787075,5,1397,0,0,1026.080,-3.7856431007385254,-28.377716064453125,28.628812944965777,EXPLORING
7547.781000,LIDAR_ONLY,MIXED,run04,LIDAR_ONLY,0.13236688077449799,0.3461620509624481,0.21536459028720856,0.21848958730697632,0.21536459028720856,0.0,1.7275229692459106,2456,9371768,75735,17717,352.5928361006559,5,1399,0,0,1027.080,-3.446953773498535,-28.496984481811523,28.704388307426505,EXPLORING
7548.781000,LIDAR_ONLY,MIXED,run04,LIDAR_ONLY,0.12728865444660187,0.3476528227329254,0.21510416269302368,0.21510416269302368,0.21510416269302368,0.0,2.5196731090545654,2459,9383288,75809,17726,353.0440024897589,5,1399,0,0,1028.080,-3.0689070224761963,-28.52137565612793,28.685686009139477,EXPLORING
7549.782000,LIDAR_ONLY,MIXED,run04,LIDAR_ONLY,0.1338832527399063,0.3529633581638336,0.21666666865348816,0.21770833432674408,0.21666666865348816,0.0,1.969743013381958,2461,9390968,75884,17728,353.4662510679246,5,1400,0,0,1029.081,-2.7137203216552734,-28.36860466003418,28.497771095946508,EXPLORING
7550.781000,LIDAR_ONLY,MIXED,run04,LIDAR_ONLY,0.13462749123573303,0.36075493693351746,0.21484375,0.21666666865348816,0.21484375,0.0,0.8564000129699707,2463,9398648,76021,17755,353.8048201648062,5,1400,0,0,1030.080,-2.4442784786224365,-28.220460891723633,28.32577364096133,EXPLORING
7551.781000,LIDAR_ONLY,MIXED,run04,LIDAR_ONLY,0.13800911605358124,0.3656691312789917,0.21510416269302368,0.2161458283662796,0.21510416269302368,0.0,1.8135900497436523,2465,9406328,76033,17808,354.1794338471235,5,1401,0,0,1031.080,-2.2315611839294434,-27.94557762145996,28.034185039036714,EXPLORING
7552.782000,LIDAR_ONLY,MIXED,run04,LIDAR_ONLY,0.13668063282966614,0.3627055585384369,0.21380208432674408,0.21562500298023224,0.21380208432674408,0.0,4.681869983673096,2467,9414008,76089,17808,354.60328025125085,5,1403,0,0,1032.081,-2.0011556148529053,-27.664512634277344,27.73643857741215,EXPLORING
7553.781000,LIDAR_ONLY,MIXED,run04,LIDAR_ONLY,0.136655792593956,0.36796537041664124,0.2135416716337204,0.21588541567325592,0.2135416716337204,0.0,5.125904083251953,2469,9421688,76107,17813,354.94521731344497,5,1404,0,0,1033.080,-1.7795642614364624,-27.434843063354492,27.49213274634819,EXPLORING
7554.781000,LIDAR_ONLY,MIXED,run04,LIDAR_ONLY,0.14268191158771515,0.36925455927848816,0.21640625596046448,0.21848958730697632,0.21640625596046448,0.0,5.983992099761963,2471,9429368,76107,17813,355.37154568504707,5,1406,0,0,1034.080,-1.6667009592056274,-27.088481903076172,27.139338945542697,EXPLORING
7555.781000,LIDAR_ONLY,MIXED,run04,LIDAR_ONLY,0.14268599450588226,0.36535799503326416,0.2174479216337204,0.21901041269302368,0.2174479216337204,0.0,1.3998409509658813,2474,9440888,76128,17815,355.77827989231923,5,1407,0,0,1035.080,-1.3948646783828735,-26.873367309570312,26.909164582054736,EXPLORING
7556.781000,LIDAR_ONLY,MIXED,run04,LIDAR_ONLY,0.13341385126113892,0.3630284070968628,0.21692708134651184,0.2174479216337204,0.21692708134651184,0.0,1.9734100103378296,2476,9448568,76131,17816,356.16102513945236,5,1408,0,0,1036.080,-1.1674412488937378,-26.744150161743164,26.769231732032665,EXPLORING
7557.781000,LIDAR_ONLY,MIXED,run04,LIDAR_ONLY,0.13916678726673126,0.36611366271972656,0.21822915971279144,0.21848958730697632,0.21822915971279144,0.0,3.564232110977173,2479,9460088,76135,17817,356.52989983643073,5,1409,0,0,1037.080,-1.1175944805145264,-26.550155639648438,26.5732785086746,EXPLORING
7558.781000,LIDAR_ONLY,MIXED,run04,LIDAR_ONLY,0.13685941696166992,0.3629853427410126,0.21718749403953552,0.21875,0.21718749403953552,0.0,1.806915044784546,2482,9471608,76138,17819,356.9514917596729,5,1411,0,0,1038.080,-0.8057768940925598,-26.318767547607422,26.33069940370938,EXPLORING
7559.781000,LIDAR_ONLY,MIXED,run04,LIDAR_ONLY,0.13524726033210754,0.3630638122558594,0.21640625596046448,0.21718749403953552,0.21640625596046448,0.0,0.8038840293884277,2484,9479288,76138,17820,357.31608046310004,5,1412,0,0,1039.080,-0.6147012710571289,-26.055238723754883,26.062081650795683,EXPLORING
7560.781000,LIDAR_ONLY,MIXED,run04,LIDAR_ONLY,0.1339847594499588,0.36258965730667114,0.21718749403953552,0.21927084028720856,0.21718749403953552,0.0,4.438468933105469,2486,9486968,76159,17821,357.7024234300476,5,1412,0,0,1040.080,-0.44674861431121826,-25.791807174682617,25.795262602425115,EXPLORING
7561.784000,LIDAR_ONLY,MIXED,run04,LIDAR_ONLY,0.13212774693965912,0.35741740465164185,0.21927084028720856,0.21953125298023224,0.21927084028720856,0.0,0.7124159932136536,2493,9513848,76166,17823,357.96712574927983,5,1413,0,0,1041.083,-0.2917797267436981,-25.61701011657715,25.61825241699241,EXPLORING
7562.781000,LIDAR_ONLY,MIXED,run04,LIDAR_ONLY,0.1427735835313797,0.3649090528488159,0.2161458283662796,0.21822915971279144,0.2161458283662796,0.0,3.592729091644287,2496,9525368,76175,17823,358.3693708658875,5,1415,0,0,1042.080,0.05742308869957924,-25.49447250366211,25.494104270807018,EXPLORING
7563.781000,LIDAR_ONLY,MIXED,run04,LIDAR_ONLY,0.14444074034690857,0.3688424527645111,0.21666666865348816,0.21770833432674408,0.21666666865348816,0.0,2.3349759578704834,2498,9533048,76175,17824,358.76111078175904,5,1417,0,0,1043.080,0.24890945851802826,-25.213781356811523,25.214569499069544,EXPLORING
7564.783000,LIDAR_ONLY,MIXED,run04,LIDAR_ONLY,0.13388390839099884,0.35934868454933167,0.21484375,0.2174479216337204,0.21484375,0.0,5.634819030761719,2501,9544568,76175,17824,359.08771487604514,5,1417,0,0,1044.082,0.3687379062175751,-24.93837547302246,24.94065610932963,EXPLORING
7565.782000,LIDAR_ONLY,MIXED,run04,LIDAR_ONLY,0.13682299852371216,0.3592861592769623,0.21666666865348816,0.21718749403953552,0.21666666865348816,0.0,3.477971076965332,2504,9556088,76181,17824,359.5197218484332,5,1417,0,0,1045.081,0.7263851761817932,-24.798873901367188,24.809050386631917,EXPLORING
7566.781000,LIDAR_ONLY,MIXED,run04,LIDAR_ONLY,0.13529951870441437,0.36313262581825256,0.21692708134651184,0.21770833432674408,0.21692708134651184,0.0,1.1094609498977661,2506,9563768,76185,17825,359.9421272841454,5,1418,0,0,1046.080,1.0172004699707031,-24.54388999938965,24.564488080373707,EXPLORING
7567.782000,LIDAR_ONLY,MIXED,run04,LIDAR_ONLY,0.13815592229366302,0.36931487917900085,0.21432290971279144,0.2174479216337204,0.21432290971279144,0.0,0.989844024181366,2509,9575288,76185,17826,360.3544826150417,5,1420,0,0,1047.081,1.24312424659729,-24.265941619873047,24.29728201537496,EXPLORING
7568.784000,LIDAR_ONLY,MIXED,run04,LIDAR_ONLY,0.13505896925926208,0.36728331446647644,0.21380208432674408,0.2174479216337204,0.21380208432674408,0.0,0.8865100145339966,2511,9582968,76187,17826,360.76537787503963,5,1422,0,0,1048.083,1.35869562625885,-23.940332412719727,23.978370540143622,EXPLORING
7569.783000,LIDAR_ONLY,MIXED,run04,LIDAR_ONLY,0.13358107209205627,0.36060795187950134,0.21302083134651184,0.21588541567325592,0.21302083134651184,0.0,1.005234956741333,2513,9590648,76187,17826,361.1853833276904,5,1422,0,0,1049.082,1.6246005296707153,-23.725341796875,23.780401843161638,EXPLORING
7570.783000,LIDAR_ONLY,MIXED,run04,LIDAR_ONLY,0.12303465604782104,0.3575686514377594,0.21510416269302368,0.21822915971279144,0.21510416269302368,0.0,6.471731185913086,2516,9602168,76196,17826,361.57635100014494,5,1424,0,0,1050.082,1.8794595003128052,-23.472076416015625,23.546693894849074,EXPLORING
7571.781000,LIDAR_ONLY,MIXED,run04,LIDAR_ONLY,0.13169309496879578,0.3622812330722809,0.2200520783662796,0.21927084028720856,0.2200520783662796,0.0,1.8512799739837646,2518,9609848,76202,17827,361.9384586353895,5,1426,0,0,1051.080,1.9776818752288818,-23.16078758239746,23.244557091660546,EXPLORING
7572.781000,LIDAR_ONLY,MIXED,run04,LIDAR_ONLY,0.12762117385864258,0.35875046253204346,0.22054223716259003,0.21949948370456696,0.22054223716259003,0.0,2.5155999660491943,2520,9617522,76202,17830,362.35594642399985,5,1428,0,0,1052.080,2.216723680496216,-22.894685745239258,23.00122565343402,EXPLORING
7573.782000,LIDAR_ONLY,MIXED,run04,LIDAR_ONLY,0.12654152512550354,0.35711342096328735,0.2187744528055191,0.2187744528055191,0.2187744528055191,0.0,0.8372200131416321,2523,9629028,76204,17830,362.73613767928555,5,1429,0,0,1053.081,2.4280872344970703,-22.636842727661133,22.7661578085948,EXPLORING
7574.782000,LIDAR_ONLY,MIXED,run04,LIDAR_ONLY,0.1285001039505005,0.3574824035167694,0.21883150935173035,0.21830986440181732,0.21883150935173035,0.0,3.8070619106292725,2525,9636696,76204,17830,363.13886229617674,5,1431,0,0,1054.081,2.6395273208618164,-22.352689743041992,22.507451067751894,EXPLORING
7575.781000,LIDAR_ONLY,MIXED,run04,LIDAR_ONLY,0.12397269904613495,0.35000377893447876,0.2136707603931427,0.2168014645576477,0.2136707603931427,0.0,0.9806190133094788,2528,9648195,76206,17830,363.5356311836223,5,1434,0,0,1055.080,2.917368173599243,-22.142520904541016,22.333325081902483,EXPLORING
7576.781000,LIDAR_ONLY,MIXED,run04,LIDAR_ONLY,0.12034011632204056,0.34773948788642883,0.21587052941322327,0.21456538140773773,0.21587052941322327,0.0,0.7179139852523804,2531,9659691,76208,17830,363.88360685370577,5,1435,0,0,1056.080,3.2062809467315674,-21.99774169921875,22.229610186271795,EXPLORING
7577.781000,LIDAR_ONLY,MIXED,run04,LIDAR_ONLY,0.11334113776683807,0.3437890410423279,0.21577847003936768,0.2165621668100357,0.21577847003936768,0.0,1.68586003780365,2534,9671179,76210,17830,364.2541944869401,5,1436,0,0,1057.080,3.2908923625946045,-22.06789207458496,22.311349052073755,EXPLORING
7578.781000,LIDAR_ONLY,MIXED,run04,LIDAR_ONLY,0.11752317100763321,0.3459644615650177,0.21568627655506134,0.21516339480876923,0.21568627655506134,0.0,4.3440351486206055,2536,9678830,76216,17830,364.6233103424935,5,1438,0,0,1058.080,3.159714460372925,-21.993215560913086,22.21846336099971,EXPLORING
7579.782000,LIDAR_ONLY,MIXED,run04,LIDAR_ONLY,0.1212877631187439,0.34735485911369324,0.21495816111564636,0.21234309673309326,0.21495816111564636,0.0,2.045366048812866,2539,9690307,76222,17831,364.8442723601373,5,1440,0,0,1059.081,3.2983827590942383,-21.879831314086914,22.126476394907062,EXPLORING
7580.782000,LIDAR_ONLY,MIXED,run04,LIDAR_ONLY,0.12944959104061127,0.35069742798805237,0.2159832864999771,0.21676677465438843,0.2159832864999771,0.0,4.3014631271362305,2541,9697959,76234,17833,365.2650453539083,5,1441,0,0,1060.081,3.634690046310425,-21.723142623901367,22.024531219282277,EXPLORING
7581.782000,LIDAR_ONLY,MIXED,run04,LIDAR_ONLY,0.11429552733898163,0.3414861261844635,0.218619242310524,0.21914225816726685,0.218619242310524,0.0,2.2351479530334473,2544,9709437,76243,17835,365.6770360031626,5,1444,0,0,1061.081,3.9764316082000732,-21.619834899902344,21.98187341086397,EXPLORING
7582.782000,LIDAR_ONLY,MIXED,run04,LIDAR_ONLY,0.14192120730876923,0.35674211382865906,0.2118200808763504,0.2144351452589035,0.2118200808763504,0.0,0.8879789710044861,2546,9717085,76250,17837,365.9183885166396,5,1446,0,0,1062.081,3.8849470615386963,-21.720529556274414,22.064627843241055,EXPLORING
7583.781000,LIDAR_ONLY,MIXED,run04,LIDAR_ONLY,0.1170717254281044,0.34296247363090515,0.2130890041589737,0.21413612365722656,0.2130890041589737,0.0,1.0420089960098267,2548,9724725,76251,17838,366.3323479609891,5,1447,0,0,1063.080,3.7994890213012695,-21.595205307006836,21.926305447055842,EXPLORING
7584.781000,LIDAR_ONLY,MIXED,run04,LIDAR_ONLY,0.12156347930431366,0.34664633870124817,0.212192565202713,0.212192565202713,0.212192565202713,0.0,0.7249029874801636,2550,9732371,76264,17838,366.6310805131569,5,1448,0,0,1064.080,3.935685157775879,-21.650056838989258,22.004275103208506,EXPLORING
7585.785000,LIDAR_ONLY,MIXED,run04,LIDAR_ONLY,0.12362374365329742,0.3473413586616516,0.21370650827884674,0.21266020834445953,0.21370650827884674,0.0,0.98711097240448,2553,9743839,76286,17840,366.9583779003576,5,1449,0,0,1065.084,4.048498630523682,-21.484777450561523,21.86228409464498,EXPLORING
7586.782000,LIDAR_ONLY,MIXED,run04,LIDAR_ONLY,0.13350091874599457,0.35257694125175476,0.2132391482591629,0.21350078284740448,0.2132391482591629,0.0,2.1309120655059814,2556,9755304,76300,17847,367.23626404964534,5,1450,0,0,1066.081,4.247160911560059,-21.3670654296875,21.784467648112255,EXPLORING
7587.781000,LIDAR_ONLY,MIXED,run04,LIDAR_ONLY,0.1233615130186081,0.3473593592643738,0.21422965824604034,0.21370650827884674,0.21422965824604034,0.0,0.9796890020370483,2559,9766773,76453,17856,367.69595381412796,5,1451,0,0,1067.080,4.6283183097839355,-21.19316864013672,21.692032887571468,EXPLORING
7588.782000,LIDAR_ONLY,MIXED,run04,LIDAR_ONLY,0.12815098464488983,0.3505098223686218,0.2164354920387268,0.21434178948402405,0.2164354920387268,0.0,1.1630029678344727,2560,9770594,76464,17901,368.01221663522074,5,1452,0,0,1068.081,4.867035388946533,-21.129379272460938,21.6820397256298,EXPLORING
7589.781000,LIDAR_ONLY,MIXED,run04,LIDAR_ONLY,0.12476015836000443,0.3465355932712555,0.21512693166732788,0.21434178948402405,0.21512693166732788,0.0,0.9565470218658447,2563,9782055,76464,17904,368.38415018343517,5,1453,0,0,1069.080,5.220388889312744,-21.103578567504883,21.739019169146918,EXPLORING
7590.781000,LIDAR_ONLY,MIXED,run04,LIDAR_ONLY,0.13191860914230347,0.35156485438346863,0.21409852802753448,0.21252620220184326,0.21409852802753448,0.0,1.803976058959961,2566,9793510,76470,17904,368.8375601911508,5,1455,0,0,1070.080,5.584919452667236,-21.108598709106445,21.834262138586862,EXPLORING
7591.781000,LIDAR_ONLY,MIXED,run04,LIDAR_ONLY,0.12711425125598907,0.34854453802108765,0.2129945009946823,0.21168456971645355,0.2129945009946823,0.0,0.9899510145187378,2568,9801143,76470,17904,369.2871076303044,5,1456,0,0,1071.080,5.976511001586914,-21.07276153564453,21.90319508274209,EXPLORING
7592.782000,LIDAR_ONLY,MIXED,run04,LIDAR_ONLY,0.13130854070186615,0.3515014946460724,0.2066527009010315,0.21005761623382568,0.2066527009010315,0.0,2.0906031131744385,2571,9812598,76471,17904,369.65903993815783,5,1459,0,0,1072.081,6.326210975646973,-21.064579010009766,21.993333984901007,EXPLORING
7593.781000,LIDAR_ONLY,MIXED,run04,LIDAR_ONLY,0.13512927293777466,0.35237741470336914,0.2146596908569336,0.2115183174610138,0.2146596908569336,0.0,6.169297218322754,2575,9827872,76474,17904,370.0446845607273,5,1459,0,0,1073.080,6.687283992767334,-21.07079315185547,22.105806366859852,EXPLORING
7594.781000,LIDAR_ONLY,MIXED,run04,LIDAR_ONLY,0.12909038364887238,0.34985214471817017,0.2118355631828308,0.2144540399312973,0.2118355631828308,0.0,0.8936290144920349,2578,9839329,76485,17904,370.44640831718965,5,1461,0,0,1074.080,7.071686744689941,-21.0340576171875,22.1902723312737,EXPLORING
7595.783000,LIDAR_ONLY,MIXED,run04,LIDAR_ONLY,0.12367013096809387,0.33965107798576355,0.21194656193256378,0.21142257750034332,0.21194656193256378,0.0,0.9146639704704285,2580,9846963,76492,17904,370.7850850100684,5,1463,0,0,1075.082,7.363186836242676,-21.127779006958008,22.373349323948915,EXPLORING
7596.781000,LIDAR_ONLY,MIXED,run04,LIDAR_ONLY,0.13284248113632202,0.3472667634487152,0.21439790725708008,0.21492145955562592,0.21439790725708008,0.0,1.1401569843292236,2583,9858421,76492,17904,371.21956451863116,5,1464,0,0,1076.080,7.736776351928711,-21.28818702697754,22.64974458288702,EXPLORING
7597.781000,LIDAR_ONLY,MIXED,run04,LIDAR_ONLY,0.11638914793729782,0.33066076040267944,0.21477213501930237,0.21477213501930237,0.21477213501930237,0.0,8.368348121643066,2585,9866058,76508,17907,371.55929933691647,5,1466,0,0,1077.080,8.026508331298828,-21.357830047607422,22.81550832173725,EXPLORING
7598.783000,LIDAR_ONLY,MIXED,run04,LIDAR_ONLY,0.12843270599842072,0.34256917238235474,0.21088434755802155,0.2142857164144516,0.21088434755802155,0.0,1.0254019498825073,2587,9873699,76508,17907,371.90209973966057,5,1468,0,0,1078.082,8.117998123168945,-21.4527530670166,22.936606637611423,EXPLORING
7599.781000,LIDAR_ONLY,MIXED,run04,LIDAR_ONLY,0.14008206129074097,0.35239672660827637,0.2129049152135849,0.21447230875492096,0.2129049152135849,0.0,7.565098762512207,2590,9885184,76513,17907,372.1759056297295,5,1471,0,0,1079.080,8.217580795288086,-21.244770050048828,22.77793420296823,EXPLORING
7600.785000,LIDAR_ONLY,MIXED,run04,LIDAR_ONLY,0.11346116662025452,0.33870553970336914,0.2212943583726883,0.21842379868030548,0.2212943583726883,0.0,1.2203789949417114,2592,9892846,76519,17908,372.5025432095075,5,1472,0,0,1080.084,8.25648307800293,-20.99127197265625,22.55589836321071,EXPLORING
7601.782000,LIDAR_ONLY,MIXED,run04,LIDAR_ONLY,0.1363157033920288,0.3489696979522705,0.2168014645576477,0.21654057502746582,0.2168014645576477,0.0,1.248656988143921,2594,9900518,76519,17908,372.74477528891174,5,1474,0,0,1081.081,8.302915573120117,-20.87981605529785,22.4693272824534,EXPLORING
7602.786000,LIDAR_ONLY,MIXED,run04,LIDAR_ONLY,0.13082019984722137,0.347910612821579,0.2134273797273636,0.2147335410118103,0.2134273797273636,0.0,0.896511971950531,2597,9912007,76567,17909,373.11216222690416,5,1476,0,0,1082.085,8.56217098236084,-20.911317825317383,22.595552364118806,EXPLORING
7603.781000,LIDAR_ONLY,MIXED,run04,LIDAR_ONLY,0.12691068649291992,0.3519417643547058,0.22841444611549377,0.22448979318141937,0.22841444611549377,0.0,1.663040041923523,2599,9919658,76579,17926,373.40492538301953,5,1478,0,0,1083.080,8.776512145996094,-20.90323257446289,22.670176019265657,EXPLORING
7604.781000,LIDAR_ONLY,MIXED,run04,LIDAR_ONLY,0.12002581357955933,0.34361833333969116,0.2126045972108841,0.2152196615934372,0.2126045972108841,0.0,0.7423530220985413,2602,9931126,76635,17926,373.7225105065057,5,1479,0,0,1084.080,8.846674919128418,-20.620784759521484,22.437582502338866,EXPLORING
7605.783000,LIDAR_ONLY,MIXED,run04,LIDAR_ONLY,0.13087421655654907,0.3568831980228424,0.21527595818042755,0.21475280821323395,0.21527595818042755,0.0,4.1703009605407715,2604,9938768,76648,17947,374.15133694381535,5,1480,0,0,1085.082,9.049717903137207,-20.284805297851562,22.211152468887814,EXPLORING
7606.782000,LIDAR_ONLY,MIXED,run04,LIDAR_ONLY,0.12681232392787933,0.35379698872566223,0.20942407846450806,0.21361257135868073,0.20942407846450806,0.0,1.5629140138626099,2607,9950230,76688,17949,374.5773515182223,5,1481,0,0,1086.081,9.323638916015625,-20.03308868408203,22.095681300388208,EXPLORING
7607.782000,LIDAR_ONLY,MIXED,run04,LIDAR_ONLY,0.13142599165439606,0.3559653162956238,0.2191673219203949,0.2168106883764267,0.2191673219203949,0.0,1.358383059501648,2609,9957867,76702,17961,374.9446552674358,5,1483,0,0,1087.081,9.469531059265137,-19.742128372192383,21.894927713830967,EXPLORING
7608.781000,LIDAR_ONLY,MIXED,run04,LIDAR_ONLY,0.12615220248699188,0.3516070246696472,0.22021470963954926,0.21759623289108276,0.22021470963954926,0.0,1.3940050601959229,2611,9965506,76713,17962,375.2688784280677,5,1485,0,0,1088.080,9.684926986694336,-19.56729507446289,21.83210431847466,EXPLORING
7609.781000,LIDAR_ONLY,MIXED,run04,LIDAR_ONLY,0.1299198865890503,0.35333195328712463,0.2130890041589737,0.21492145955562592,0.2130890041589737,0.0,1.1271129846572876,2613,9973146,76719,17965,375.6404439669277,5,1486,0,0,1089.080,10.023133277893066,-19.443944931030273,21.87449570044635,EXPLORING
7610.784000,LIDAR_ONLY,MIXED,run04,LIDAR_ONLY,0.13508416712284088,0.3550778329372406,0.21875818073749542,0.21718627214431763,0.21875818073749542,0.0,1.0162550210952759,2615,9980784,76723,17966,376.0673404004657,5,1488,0,0,1090.083,10.360583305358887,-19.42624855041504,22.015529334574975,EXPLORING
7611.782000,LIDAR_ONLY,MIXED,run04,LIDAR_ONLY,0.1296710968017578,0.34945201873779297,0.2132006287574768,0.2145102173089981,0.2132006287574768,0.0,2.299520969390869,2617,9988422,76727,17966,376.49237403364555,5,1489,0,0,1091.081,10.622340202331543,-19.16469955444336,21.91077906123635,EXPLORING
7612.781000,LIDAR_ONLY,MIXED,run04,LIDAR_ONLY,0.11762476712465286,0.33859026432037354,0.2111606001853943,0.21273250877857208,0.2111606001853943,0.0,7.967776775360107,2620,9999878,76727,17966,376.7993395625517,5,1490,0,0,1092.080,10.808866500854492,-19.01264190673828,21.86948391952312,EXPLORING
7613.782000,LIDAR_ONLY,MIXED,run04,LIDAR_ONLY,0.11775488406419754,0.3450451195240021,0.20953378081321716,0.20979569852352142,0.20953378081321716,0.0,1.6360310316085815,2623,10011331,76729,17966,377.0510839604387,5,1492,0,0,1093.081,10.922323226928711,-19.029314041137695,21.940234221457107,EXPLORING
7614.782000,LIDAR_ONLY,MIXED,run04,LIDAR_ONLY,0.11644575744867325,0.34004899859428406,0.21477213501930237,0.21477213501930237,0.21477213501930237,0.0,2.0141780376434326,2625,10018964,76731,17966,377.3246449611848,5,1495,0,0,1094.081,11.086105346679688,-18.92278289794922,21.930233727133416,EXPLORING
7615.781000,LIDAR_ONLY,MIXED,run04,LIDAR_ONLY,0.13377846777439117,0.3562687337398529,0.21523958444595337,0.21131186187267303,0.21523958444595337,0.0,0.8504719734191895,2628,10030419,76738,17966,377.6393103543862,5,1496,0,0,1095.080,11.359139442443848,-18.838071823120117,21.996914263750988,EXPLORING
7616.781000,LIDAR_ONLY,MIXED,run04,LIDAR_ONLY,0.12968739867210388,0.3524891436100006,0.21596857905387878,0.21204188466072083,0.21596857905387878,0.0,1.0830169916152954,2631,10041879,76743,17966,378.07666815024413,5,1497,0,0,1096.080,11.724013328552246,-18.801494598388672,22.156471594269238,EXPLORING
7617.781000,LIDAR_ONLY,MIXED,run04,LIDAR_ONLY,0.14183294773101807,0.3612850606441498,0.21503405272960663,0.21162912249565125,0.21503405272960663,0.0,1.1799180507659912,2633,10049515,76749,17966,378.4828173616202,5,1499,0,0,1097.080,12.08286190032959,-18.774553298950195,22.325753299346754,EXPLORING
7618.781000,LIDAR_ONLY,MIXED,run04,LIDAR_ONLY,0.1379602700471878,0.3566747009754181,0.21587634086608887,0.21089860796928406,0.21587634086608887,0.0,1.3622750043869019,2636,10060972,76758,17966,378.8429316007641,5,1500,0,0,1098.080,12.352566719055176,-18.964332580566406,22.6316365586187,EXPLORING
7619.782000,LIDAR_ONLY,MIXED,run04,LIDAR_ONLY,0.13735778629779816,0.36198922991752625,0.21413612365722656,0.21361257135868073,0.21413612365722656,0.0,1.4068549871444702,2639,10072428,76758,17966,379.1235511147272,5,1502,0,0,1099.081,12.544307708740234,-19.108549118041992,22.857273660702536,EXPLORING
7620.781000,LIDAR_ONLY,MIXED,run04,LIDAR_ONLY,0.12766997516155243,0.354413241147995,0.21252620220184326,0.21226415038108826,0.21252620220184326,0.0,2.82254695892334,2641,10080062,76758,17966,379.54543287803887,5,1503,0,0,1100.080,12.903271675109863,-19.02764892578125,22.989211708666144,EXPLORING
7621.784000,LIDAR_ONLY,MIXED,run04,LIDAR_ONLY,0.12361650913953781,0.34954193234443665,0.208802729845047,0.21247053146362305,0.208802729845047,0.0,1.4896340370178223,2644,10091514,76758,17966,379.9242512986277,5,1504,0,0,1101.083,13.23039722442627,-19.01679039001465,23.16547213460308,EXPLORING
7622.782000,LIDAR_ONLY,MIXED,run04,LIDAR_ONLY,0.1376728117465973,0.35094594955444336,0.2100026160478592,0.21366849541664124,0.2100026160478592,0.0,1.5874459743499756,2646,10099150,76758,17966,380.26222867035136,5,1507,0,0,1102.081,13.544065475463867,-19.111095428466797,23.422902175056027,EXPLORING
7623.781000,LIDAR_ONLY,MIXED,run04,LIDAR_ONLY,0.13163956999778748,0.3419846296310425,0.21393035352230072,0.21157370507717133,0.21393035352230072,0.0,1.580757975578308,2648,10106788,76760,17966,380.55330409397817,5,1509,0,0,1103.080,13.734135627746582,-19.298442840576172,23.685702591725178,EXPLORING
7624.781000,LIDAR_ONLY,MIXED,run04,LIDAR_ONLY,0.1283711940050125,0.33965936303138733,0.21838177740573883,0.2191673219203949,0.21838177740573883,0.0,1.2045090198516846,2655,10133512,76772,17966,381.02667946416335,5,1511,0,0,1104.080,14.143545150756836,-19.44998550415039,24.04780639684927,EXPLORING
7625.781000,LIDAR_ONLY,MIXED,run04,LIDAR_ONLY,0.13254983723163605,0.3459494411945343,0.2179151326417923,0.21896280348300934,0.2179151326417923,0.0,3.031222105026245,2658,10144966,76779,17966,381.3304665444934,5,1512,0,0,1105.080,14.2964448928833,-19.687774658203125,24.330053151385723,EXPLORING
7626.781000,LIDAR_ONLY,MIXED,run04,LIDAR_ONLY,0.13207994401454926,0.34423503279685974,0.2192247211933136,0.22001047432422638,0.2192247211933136,0.0,35.753597259521484,2659,10148784,76779,17966,381.433539975266,5,1513,0,0,1106.080,14.394816398620605,-19.715890884399414,24.410685199558557,EXPLORING
7627.781000,LIDAR_ONLY,MIXED,run04,LIDAR_ONLY,0.1446561962366104,0.3538311719894409,0.21870088577270508,0.22027239203453064,0.21870088577270508,0.0,8.933289527893066,2661,10156422,76786,17968,382.038708126019,5,1515,0,0,1107.080,14.77465534210205,-20.103586196899414,24.947905529472283,EXPLORING
7628.782000,LIDAR_ONLY,MIXED,run04,LIDAR_ONLY,0.13362346589565277,0.354438453912735,0.21896280348300934,0.21948663890361786,0.21896280348300934,0.0,6.998983860015869,2663,10164058,76788,17968,382.4202904991068,5,1517,0,0,1108.081,14.853693962097168,-20.426177978515625,25.254977891486707,EXPLORING
7629.781000,LIDAR_ONLY,MIXED,run04,LIDAR_ONLY,0.13047313690185547,0.3632727265357971,0.22041885554790497,0.21910995244979858,0.22041885554790497,0.0,6.397402763366699,2665,10171698,76794,17968,382.83530236587984,5,1519,0,0,1109.080,14.76271915435791,-20.684799194335938,25.41164476046582,EXPLORING
7630.781000,LIDAR_ONLY,MIXED,run04,LIDAR_ONLY,0.13061372935771942,0.35555770993232727,0.2238219827413559,0.2178010493516922,0.2238219827413559,0.0,1.2780829668045044,2668,10183153,77172,17968,383.1082101833891,5,1520,0,0,1110.080,14.673194885253906,-20.876741409301758,25.51654144242177,EXPLORING
7631.781000,LIDAR_ONLY,MIXED,run04,LIDAR_ONLY,0.12112835049629211,0.3446339964866638,0.22009944915771484,0.217482328414917,0.22009944915771484,0.0,1.6391249895095825,2671,10194613,77172,18120,383.5009269995501,5,1522,0,0,1111.080,14.728233337402344,-21.20763397216797,25.819316584523964,EXPLORING
7632.784000,LIDAR_ONLY,MIXED,run04,LIDAR_ONLY,0.13393692672252655,0.3662573993206024,0.21292178332805634,0.21449123322963715,0.21292178332805634,0.0,0.8106870055198669,2673,10202260,77172,18120,383.78228011538056,5,1523,0,0,1112.083,14.80057144165039,-21.445934295654297,26.056422950648955,EXPLORING
7633.785000,LIDAR_ONLY,MIXED,run04,LIDAR_ONLY,0.13101474940776825,0.36804208159446716,0.21841485798358917,0.21553753316402435,0.21841485798358917,0.0,2.179068088531494,2675,10209904,77191,18120,384.0818777597993,5,1524,0,0,1113.084,14.759478569030762,-21.690885543823242,26.23525791768225,EXPLORING
7634.781000,LIDAR_ONLY,MIXED,run04,LIDAR_ONLY,0.11819763481616974,0.35472574830055237,0.21902769804000854,0.21719811856746674,0.21902769804000854,0.0,13.621696472167969,2678,10221383,77192,18125,384.33879883576424,5,1525,0,0,1114.080,14.652009010314941,-21.89390754699707,26.34343616076001,EXPLORING
7635.781000,LIDAR_ONLY,MIXED,run04,LIDAR_ONLY,0.1193656176328659,0.3528452515602112,0.21868476271629333,0.21607515215873718,0.21868476271629333,0.0,1.2636359930038452,2681,10232874,77198,18125,384.7018517330045,5,1526,0,0,1115.080,14.32119369506836,-21.99673080444336,26.24700736724943,EXPLORING
7636.784000,LIDAR_ONLY,MIXED,run04,LIDAR_ONLY,0.12355701625347137,0.36068594455718994,0.2168014645576477,0.2154970020055771,0.2168014645576477,0.0,1.6665279865264893,2683,10240540,77204,18125,385.0913294584255,5,1527,0,0,1116.083,14.088119506835938,-22.256061553955078,26.339329280876996,EXPLORING
7637.781000,LIDAR_ONLY,MIXED,run04,LIDAR_ONLY,0.11994524300098419,0.3563096821308136,0.21318738162517548,0.21657544374465942,0.21318738162517548,0.0,1.2335469722747803,2685,10248215,77204,18125,385.49848618043615,5,1529,0,0,1117.080,13.885538101196289,-22.532541275024414,26.466519005498455,EXPLORING
7638.782000,LIDAR_ONLY,MIXED,run04,LIDAR_ONLY,0.11792431026697159,0.35733935236930847,0.21130797266960144,0.21495570242404938,0.21130797266960144,0.0,1.5246939659118652,2687,10255890,77205,18125,385.8823896986711,5,1531,0,0,1118.081,13.777936935424805,-22.867860794067383,26.69688318387379,EXPLORING
7639.781000,LIDAR_ONLY,MIXED,run04,LIDAR_ONLY,0.12407279759645462,0.35946109890937805,0.21718749403953552,0.21953125298023224,0.21718749403953552,0.0,2.343240976333618,2692,10275088,77232,18125,386.2341796051056,5,1533,0,0,1119.080,13.852472305297852,-23.185192108154297,27.007344724780015,EXPLORING
7640.781000,LIDAR_ONLY,MIXED,run04,LIDAR_ONLY,0.1233300268650055,0.35918039083480835,0.21692708134651184,0.21796874701976776,0.21692708134651184,0.0,1.6853569746017456,2694,10282768,77232,18128,386.5557925583547,5,1534,0,0,1120.080,13.827494621276855,-23.479400634765625,27.24764585835489,EXPLORING
7641.781000,LIDAR_ONLY,MIXED,run04,LIDAR_ONLY,0.11774004250764847,0.3547511398792267,0.21718749403953552,0.21536459028720856,0.21718749403953552,0.0,1.0782910585403442,2696,10290448,77253,18130,386.9859817910305,5,1536,0,0,1121.080,13.651165008544922,-23.849824905395508,27.479461931065984,EXPLORING
7642.782000,LIDAR_ONLY,MIXED,run04,LIDAR_ONLY,0.1164570078253746,0.35165339708328247,0.21796874701976776,0.21406249701976776,0.21796874701976776,0.0,1.2114349603652954,2698,10298128,77269,18131,387.35906125424003,5,1537,0,0,1122.081,13.674100875854492,-24.153440475463867,27.754671470688034,EXPLORING
7643.782000,LIDAR_ONLY,MIXED,run04,LIDAR_ONLY,0.11599899083375931,0.3497466742992401,0.21510416269302368,0.21770833432674408,0.21510416269302368,0.0,1.1075079441070557,2701,10309648,77317,18133,387.7056000550861,5,1540,0,0,1123.081,13.656327247619629,-24.478965759277344,28.029749557956983,EXPLORING
7644.781000,LIDAR_ONLY,MIXED,run04,LIDAR_ONLY,0.11872601509094238,0.3508701026439667,0.21588541567325592,0.21718749403953552,0.21588541567325592,0.0,2.418286085128784,2704,10321168,77336,18139,388.0782180105197,5,1541,0,0,1124.080,13.732455253601074,-24.804622650146484,28.35138483924503,EXPLORING
7645.785000,LIDAR_ONLY,MIXED,run04,LIDAR_ONLY,0.10481029748916626,0.3353590667247772,0.21510416269302368,0.21588541567325592,0.21510416269302368,0.0,1.0877079963684082,2706,10328848,77374,18139,388.458088984895,5,1543,0,0,1125.084,13.715127944946289,-25.1566162109375,28.65154786575272,EXPLORING
7646.781000,LIDAR_ONLY,MIXED,run04,LIDAR_ONLY,0.10180874168872833,0.3318014442920685,0.21432290971279144,0.21640625596046448,0.21432290971279144,0.0,3.6186299324035645,2708,10336528,77374,18144,388.88079367367345,5,1545,0,0,1126.080,13.664312362670898,-25.523372650146484,28.95007582127436,EXPLORING
7647.781000,LIDAR_ONLY,MIXED,run04,LIDAR_ONLY,0.10392758250236511,0.33356040716171265,0.21562500298023224,0.2161458283662796,0.21562500298023224,0.0,2.4327609539031982,2710,10344208,77402,18145,389.2783484262499,5,1546,0,0,1127.080,13.724794387817383,-25.859241485595703,29.274918414380295,EXPLORING
7648.781000,LIDAR_ONLY,MIXED,run04,LIDAR_ONLY,0.1167130395770073,0.34307029843330383,0.2122395783662796,0.21536459028720856,0.2122395783662796,0.0,15.332270622253418,2713,10355728,77433,18149,389.6282543019116,5,1547,0,0,1128.080,13.766571044921875,-26.196123123168945,29.592321114165422,EXPLORING
7649.783000,LIDAR_ONLY,MIXED,run04,LIDAR_ONLY,0.1164679229259491,0.3431437611579895,0.21302083134651184,0.21640625596046448,0.21302083134651184,0.0,1.0487710237503052,2715,10363408,77460,18153,390.0160221718058,5,1548,0,0,1129.082,13.856504440307617,-26.493619918823242,29.897563461422404,EXPLORING
7650.782000,LIDAR_ONLY,MIXED,run04,LIDAR_ONLY,0.1117866039276123,0.3399800956249237,0.2096354216337204,0.21197916567325592,0.2096354216337204,0.0,1.1967660188674927,2717,10371088,77482,18153,390.3891799576777,5,1550,0,0,1130.081,13.979143142700195,-26.7513427734375,30.182776663188523,EXPLORING
7651.784000,LIDAR_ONLY,MIXED,run04,LIDAR_ONLY,0.10502306371927261,0.33037981390953064,0.21588541567325592,0.21067708730697632,0.21588541567325592,0.0,1.790421962738037,2720,10382608,77503,18155,390.76152341598157,5,1551,0,0,1131.083,13.94413948059082,-27.092435836791992,30.469461842570215,EXPLORING
7652.782000,LIDAR_ONLY,MIXED,run04,LIDAR_ONLY,0.11735334992408752,0.34195131063461304,0.21432290971279144,0.21692708134651184,0.21432290971279144,0.0,1.34089195728302,2722,10390288,77534,18158,391.18317723405033,5,1553,0,0,1132.081,13.967636108398438,-27.46354103088379,30.810543287725825,EXPLORING
7653.782000,LIDAR_ONLY,MIXED,run04,LIDAR_ONLY,0.1258305162191391,0.3485037088394165,0.21484375,0.21640625596046448,0.21484375,0.0,3.5676419734954834,2725,10401808,77560,18159,391.5723394280535,5,1554,0,0,1133.081,14.119488716125488,-27.719465255737305,31.10750435542823,EXPLORING
7654.781000,LIDAR_ONLY,MIXED,run04,LIDAR_ONLY,0.11286702752113342,0.34093141555786133,0.21484375,0.21510416269302368,0.21484375,0.0,3.1739020347595215,2726,10405648,77560,18160,391.8933578321071,5,1556,0,0,1134.080,14.282890319824219,-27.859088897705078,31.306188800285412,EXPLORING
7655.781000,LIDAR_ONLY,MIXED,run04,LIDAR_ONLY,0.1026320606470108,0.328965425491333,0.2161458283662796,0.21692708134651184,0.2161458283662796,0.0,0.6866769790649414,2732,10428688,77633,18166,392.112160545162,5,1557,0,0,1135.080,14.24329948425293,-28.00029945373535,31.413945529169883,EXPLORING
7656.782000,LIDAR_ONLY,MIXED,run04,LIDAR_ONLY,0.1078263446688652,0.3334675133228302,0.2174479216337204,0.21171875298023224,0.2174479216337204,0.0,1.2006579637527466,2733,10432528,77633,18169,392.61001105519324,5,1560,0,0,1136.081,14.18918228149414,-28.442914962768555,31.7848966573493,EXPLORING
7657.781000,LIDAR_ONLY,MIXED,run04,LIDAR_ONLY,0.11448343843221664,0.33904045820236206,0.21510416269302368,0.21692708134651184,0.21510416269302368,0.0,1.9116690158843994,2736,10444048,77685,18176,393.01888502021563,5,1561,0,0,1137.080,14.244840621948242,-28.780323028564453,32.11182690279124,EXPLORING
7658.781000,LIDAR_ONLY,MIXED,run04,LIDAR_ONLY,0.12704749405384064,0.34941229224205017,0.21406249701976776,0.21640625596046448,0.21406249701976776,0.0,2.332564115524292,2738,10451728,77749,18176,393.3886694155001,5,1563,0,0,1138.080,14.431107521057129,-29.000667572021484,32.39200477926847,EXPLORING
7659.781000,LIDAR_ONLY,MIXED,run04,LIDAR_ONLY,0.10715369880199432,0.3338516652584076,0.21250000596046448,0.21145834028720856,0.21250000596046448,0.0,2.3369550704956055,2741,10463248,77749,18183,393.6710443963527,5,1564,0,0,1139.080,14.524198532104492,-29.107282638549805,32.528946475213544,EXPLORING
7660.781000,LIDAR_ONLY,MIXED,run04,LIDAR_ONLY,0.10341895371675491,0.33135658502578735,0.21406249701976776,0.21640625596046448,0.21406249701976776,0.0,1.1831469535827637,2743,10470928,77775,18184,394.10752826433963,5,1566,0,0,1140.080,14.471813201904297,-29.484296798706055,32.84361471324779,EXPLORING
7661.784000,LIDAR_ONLY,MIXED,run04,LIDAR_ONLY,0.11409720033407211,0.34008821845054626,0.21979166567325592,0.21796874701976776,0.21979166567325592,0.0,0.8537449836730957,2746,10482448,77802,18185,394.44839680238135,5,1566,0,0,1141.083,14.595158576965332,-29.747303009033203,33.13406270446943,EXPLORING
7662.781000,LIDAR_ONLY,MIXED,run04,LIDAR_ONLY,0.12467879056930542,0.3459857106208801,0.21510416269302368,0.21718749403953552,0.21510416269302368,0.0,1.2142020463943481,2748,10490128,77861,18188,394.8357005845547,5,1567,0,0,1142.080,14.703505516052246,-30.079341888427734,33.479916413263766,EXPLORING
7663.781000,LIDAR_ONLY,MIXED,run04,LIDAR_ONLY,0.13706138730049133,0.3538426160812378,0.2122395783662796,0.21406249701976776,0.2122395783662796,0.0,0.7458840012550354,2751,10501648,77904,18190,395.2320812200724,5,1569,0,0,1143.080,14.881214141845703,-30.34402084350586,33.795775991481136,EXPLORING
7664.781000,LIDAR_ONLY,MIXED,run04,LIDAR_ONLY,0.11957141757011414,0.3453666567802429,0.21875,0.22083333134651184,0.21875,0.0,1.7347979545593262,2752,10505488,77931,18193,395.5296022228402,5,1571,0,0,1144.080,15.103414535522461,-30.490737915039062,34.025608026841624,EXPLORING
7665.782000,LIDAR_ONLY,MIXED,run04,LIDAR_ONLY,0.11917931586503983,0.3434709310531616,0.21588541567325592,0.21718749403953552,0.21588541567325592,0.0,1.4017289876937866,2754,10513168,77979,18196,395.8331733830771,5,1572,0,0,1145.081,15.134174346923828,-30.77530288696289,34.29440139678893,EXPLORING
7666.781000,LIDAR_ONLY,MIXED,run04,LIDAR_ONLY,0.13205808401107788,0.35167255997657776,0.21979166567325592,0.21848958730697632,0.21979166567325592,0.0,1.8347580432891846,2756,10520848,78016,18204,396.18701108322455,5,1575,0,0,1146.080,15.273624420166016,-31.046201705932617,34.59903466137496,EXPLORING
7667.781000,LIDAR_ONLY,MIXED,run04,LIDAR_ONLY,0.12379042059183121,0.34944647550582886,0.2200520783662796,0.21770833432674408,0.2200520783662796,0.0,3.896912097930908,2759,10532368,78061,18208,396.5976433948623,5,1576,0,0,1147.080,15.444624900817871,-31.33055305480957,34.9296774256236,EXPLORING
7668.785000,LIDAR_ONLY,MIXED,run04,LIDAR_ONLY,0.1111162081360817,0.3412059247493744,0.21328124403953552,0.21562500298023224,0.21328124403953552,0.0,1.1899199485778809,2761,10540048,78061,18210,396.8983875586193,5,1577,0,0,1148.084,15.498774528503418,-31.546159744262695,35.14703807373878,EXPLORING
7669.781000,LIDAR_ONLY,MIXED,run04,LIDAR_ONLY,0.1287732720375061,0.35408905148506165,0.21640625596046448,0.21588541567325592,0.21640625596046448,0.0,2.9906771183013916,2763,10547728,78156,18216,397.11289331058913,5,1579,0,0,1149.080,15.55585765838623,-31.69906997680664,35.30945452394569,EXPLORING
7670.781000,LIDAR_ONLY,MIXED,run04,LIDAR_ONLY,0.12936513125896454,0.3535799980163574,0.2161458283662796,0.21718749403953552,0.2161458283662796,0.0,1.1181720495224,2765,10555408,78290,18228,397.501599364237,5,1580,0,0,1150.080,15.775726318359375,-32.0091438293457,35.6847300697541,EXPLORING
7671.782000,LIDAR_ONLY,MIXED,run04,LIDAR_ONLY,0.11672361940145493,0.34424954652786255,0.21536459028720856,0.2174479216337204,0.21536459028720856,0.0,3.27844500541687,2767,10563088,78349,18261,397.86279188401414,5,1582,0,0,1151.081,15.787809371948242,-32.320735931396484,35.96978918666771,EXPLORING
7672.782000,LIDAR_ONLY,MIXED,run04,LIDAR_ONLY,0.1194644421339035,0.34615281224250793,0.21875,0.21796874701976776,0.21875,0.0,1.2338550090789795,2772,10582288,78436,18272,398.3663130768529,5,1582,0,0,1152.081,15.721193313598633,-32.77235412597656,36.34726531026666,EXPLORING
7673.781000,LIDAR_ONLY,MIXED,run04,LIDAR_ONLY,0.11142458766698837,0.34053051471710205,0.21302083134651184,0.21692708134651184,0.21302083134651184,0.0,2.079339027404785,2774,10589968,78436,18290,398.653105964802,5,1583,0,0,1153.080,15.77227783203125,-33.017269134521484,36.59023200487797,EXPLORING
7674.781000,LIDAR_ONLY,MIXED,run04,LIDAR_ONLY,0.10476984083652496,0.3329788148403168,0.21119791269302368,0.21432290971279144,0.21119791269302368,0.0,1.1262320280075073,2776,10597648,78578,18303,399.01122766493916,5,1584,0,0,1154.080,15.684834480285645,-33.25953674316406,36.77160658584991,EXPLORING
7675.781000,LIDAR_ONLY,MIXED,run04,LIDAR_ONLY,0.12570659816265106,0.35094553232192993,0.21328124403953552,0.21588541567325592,0.21328124403953552,0.0,1.8107719421386719,2778,10605328,78712,18322,399.24181355291626,5,1584,0,0,1155.080,15.663572311401367,-33.4229736328125,36.91047004953898,EXPLORING
7676.781000,LIDAR_ONLY,MIXED,run04,LIDAR_ONLY,0.1312388777732849,0.35582706332206726,0.2135416716337204,0.21458333730697632,0.2135416716337204,0.0,2.2104780673980713,2780,10613008,78782,18340,399.54494310334957,5,1587,0,0,1156.080,15.863565444946289,-33.59010696411133,37.14683821005407,EXPLORING
7677.781000,LIDAR_ONLY,MIXED,run04,LIDAR_ONLY,0.12635017931461334,0.351045697927475,0.21197916567325592,0.21640625596046448,0.21197916567325592,0.0,1.6967970132827759,2782,10620688,78782,18350,399.97692295862333,5,1588,0,0,1157.080,16.061080932617188,-33.93959426879883,37.54721403068544,EXPLORING
7678.781000,LIDAR_ONLY,MIXED,run04,LIDAR_ONLY,0.12752386927604675,0.35335782170295715,0.21901041269302368,0.21927084028720856,0.21901041269302368,0.0,1.804479956626892,2784,10628368,78844,18363,400.22011042399,5,1590,0,0,1158.080,16.0897159576416,-34.08171081542969,37.68793831039999,EXPLORING
7679.782000,LIDAR_ONLY,MIXED,run04,LIDAR_ONLY,0.13720454275608063,0.35574871301651,0.21901041269302368,0.21901041269302368,0.21901041269302368,0.0,1.1298739910125732,2785,10632208,79198,18395,400.51748775606364,5,1590,0,0,1159.081,16.35578155517578,-34.12916564941406,37.84507486907288,EXPLORING
7680.782000,LIDAR_ONLY,MIXED,run04,LIDAR_ONLY,0.12452982366085052,0.3523293733596802,0.2174479216337204,0.21927084028720856,0.2174479216337204,0.0,2.3249049186706543,2786,10636048,79401,18432,400.8869910789849,5,1592,0,0,1160.081,16.494272232055664,-34.21794509887695,37.98508372585385,EXPLORING
7681.781000,LIDAR_ONLY,MIXED,run04,LIDAR_ONLY,0.12308946251869202,0.35031774640083313,0.21822915971279144,0.22187499701976776,0.21822915971279144,0.0,1.8611880540847778,2788,10643728,79660,18481,401.23935598375374,5,1594,0,0,1161.080,16.415813446044922,-34.22715759277344,37.95938880048106,EXPLORING
7682.781000,LIDAR_ONLY,MIXED,run04,LIDAR_ONLY,0.10667219758033752,0.3358152210712433,0.21822915971279144,0.21848958730697632,0.21822915971279144,0.0,5.10007905960083,2790,10651408,79829,18542,401.46130563784715,5,1595,0,0,1162.080,16.347227096557617,-34.2895622253418,37.98610198219971,EXPLORING
7683.781000,LIDAR_ONLY,MIXED,run04,LIDAR_ONLY,0.12303023040294647,0.3496321737766266,0.22031250596046448,0.21822915971279144,0.22031250596046448,0.0,0.7770820260047913,2792,10659088,80141,18583,401.82563974495474,5,1597,0,0,1163.080,16.12782859802246,-34.488739013671875,38.07253958177535,EXPLORING
7684.785000,LIDAR_ONLY,MIXED,run04,LIDAR_ONLY,0.13234220445156097,0.3537580966949463,0.21901041269302368,0.21796874701976776,0.21901041269302368,0.0,2.1817619800567627,2795,10670608,80355,18649,402.21570636383143,5,1597,0,0,1164.084,16.15624237060547,-34.814659118652344,38.37997676053513,EXPLORING
7685.781000,LIDAR_ONLY,MIXED,run04,LIDAR_ONLY,0.12308550626039505,0.349972128868103,0.21822915971279144,0.21953125298023224,0.21822915971279144,0.0,0.6676459908485413,2797,10678288,80355,18701,402.568604815841,5,1599,0,0,1165.080,16.154565811157227,-35.09956359863281,38.63789691910512,EXPLORING
7686.784000,LIDAR_ONLY,MIXED,run04,LIDAR_ONLY,0.11862050741910934,0.3490777313709259,0.21145834028720856,0.21458333730697632,0.21145834028720856,0.0,1.0088779926300049,2799,10685968,80771,18736,402.9919193620096,5,1601,0,0,1166.083,16.153972625732422,-35.474830627441406,38.97886394623858,EXPLORING
7687.781000,LIDAR_ONLY,MIXED,run04,LIDAR_ONLY,0.11578565090894699,0.34559574723243713,0.20989583432674408,0.2161458283662796,0.20989583432674408,0.0,1.298509955406189,2801,10693648,80916,18771,403.3274439482982,5,1602,0,0,1167.080,16.166824340820312,-35.353302001953125,38.87363689948983,EXPLORING
7688.782000,LIDAR_ONLY,MIXED,run04,LIDAR_ONLY,0.1311599612236023,0.35558927059173584,0.22057291865348816,0.2200520783662796,0.22057291865348816,0.0,2.234555959701538,2803,10701328,81281,18816,403.63495470146967,5,1602,0,0,1168.081,16.23399543762207,-35.31000518798828,38.86227543979597,EXPLORING
7689.781000,LIDAR_ONLY,MIXED,run04,LIDAR_ONLY,0.12890249490737915,0.35471659898757935,0.21927084028720856,0.21875,0.21927084028720856,0.0,6.365462779998779,2805,10709008,81281,18904,404.00084330655045,5,1603,0,0,1169.080,16.24981117248535,-35.39475631713867,38.945890818217336,EXPLORING
7690.782000,LIDAR_ONLY,MIXED,run04,LIDAR_ONLY,0.12893562018871307,0.35229751467704773,0.21848958730697632,0.21848958730697632,0.21848958730697632,0.0,0.8791509866714478,2807,10716688,81893,18937,404.3003987392566,5,1605,0,0,1170.081,16.230241775512695,-35.474403381347656,39.010143389979774,EXPLORING
7691.781000,LIDAR_ONLY,MIXED,run04,LIDAR_ONLY,0.13582925498485565,0.3536985516548157,0.21953125298023224,0.21953125298023224,0.21953125298023224,0.0,1.3275569677352905,2809,10724368,82227,19053,404.50544966912804,5,1605,0,0,1171.080,16.364187240600586,-35.4639892578125,39.056601814572716,EXPLORING
7692.781000,LIDAR_ONLY,MIXED,run04,LIDAR_ONLY,0.13474585115909576,0.35526105761528015,0.22031250596046448,0.21796874701976776,0.22031250596046448,0.0,1.0346529483795166,2811,10732048,82227,19142,404.878643882743,5,1606,0,0,1172.080,16.666093826293945,-35.33173370361328,39.064390332557366,EXPLORING
7693.781000,LIDAR_ONLY,MIXED,run04,LIDAR_ONLY,0.11401207000017166,0.34398597478866577,0.21927084028720856,0.21927084028720856,0.21927084028720856,0.0,1.1611870527267456,2813,10739728,82757,19178,405.2549099493212,5,1607,0,0,1173.080,16.821455001831055,-35.344905853271484,39.142814164296546,EXPLORING
7694.782000,LIDAR_ONLY,MIXED,run04,LIDAR_ONLY,0.12422757595777512,0.35266655683517456,0.21875,0.21796874701976776,0.21875,0.0,1.7646039724349976,2815,10747408,83036,19270,405.5622511406359,5,1609,0,0,1174.081,16.8308162689209,-35.35784912109375,39.15852427725093,EXPLORING
7695.781000,LIDAR_ONLY,MIXED,run04,LIDAR_ONLY,0.12535175681114197,0.3519054651260376,0.21979166567325592,0.21822915971279144,0.21979166567325592,0.0,2.890846014022827,2817,10755088,83218,19316,405.7616632461127,5,1610,0,0,1175.080,16.700824737548828,-35.36323928833008,39.10770571075567,EXPLORING
7696.783000,LIDAR_ONLY,MIXED,run04,LIDAR_ONLY,0.1201208233833313,0.3510831296443939,0.21927084028720856,0.2174479216337204,0.21927084028720856,0.0,1.2782020568847656,2819,10762768,83339,19355,405.89506851652794,5,1611,0,0,1176.082,16.659637451171875,-35.37588882446289,39.101579341823445,EXPLORING
7697.781000,LIDAR_ONLY,MIXED,run04,LIDAR_ONLY,0.1189366802573204,0.3503116965293884,0.21953125298023224,0.21718749403953552,0.21953125298023224,0.0,1.1742990016937256,2822,10774288,83339,19384,406.38619513662184,5,1612,0,0,1177.080,16.547876358032227,-35.44901657104492,39.12034794650391,EXPLORING
7698.783000,LIDAR_ONLY,MIXED,run04,LIDAR_ONLY,0.1313992440700531,0.35577893257141113,0.21770833432674408,0.21848958730697632,0.21770833432674408,0.0,1.648656964302063,2824,10781968,83551,19432,406.6907823578574,5,1614,0,0,1178.082,16.738431930541992,-35.489566802978516,39.23800043338409,EXPLORING
7699.784000,LIDAR_ONLY,MIXED,run04,LIDAR_ONLY,0.12353501468896866,0.351043701171875,0.22031250596046448,0.22109374403953552,0.22031250596046448,0.0,0.9599469900131226,2826,10789648,83972,19467,406.9682234013412,5,1615,0,0,1179.083,16.811758041381836,-35.45195770263672,39.235349150524634,EXPLORING
7700.781000,LIDAR_ONLY,MIXED,run04,LIDAR_ONLY,0.13292287290096283,0.35670530796051025,0.21848958730697632,0.21822915971279144,0.21848958730697632,0.0,1.9943159818649292,2828,10797328,83972,19500,407.2501534976402,5,1616,0,0,1180.080,16.889419555664062,-35.3647575378418,39.189980852803885,EXPLORING
7701.781000,LIDAR_ONLY,MIXED,run04,LIDAR_ONLY,0.12599001824855804,0.3515203893184662,0.21848958730697632,0.22109374403953552,0.21848958730697632,0.0,1.0124599933624268,2831,10808848,84522,19516,407.56624915757305,5,1617,0,0,1181.080,17.127010345458984,-35.35887145996094,39.28765504069422,EXPLORING
7702.786000,LIDAR_ONLY,MIXED,run04,LIDAR_ONLY,0.13107027113437653,0.35836586356163025,0.22083333134651184,0.21979166567325592,0.22083333134651184,0.0,1.8462270498275757,2832,10812688,84522,19696,407.95466937841405,5,1618,0,0,1182.085,17.31169319152832,-35.37827682495117,39.385941317173014,EXPLORING
7703.782000,LIDAR_ONLY,MIXED,run04,LIDAR_ONLY,0.12435395270586014,0.3518253266811371,0.21901041269302368,0.21901041269302368,0.21901041269302368,0.0,1.016530990600586,2834,10820368,84785,19741,408.4732461024891,5,1619,0,0,1183.081,17.407407760620117,-35.41223907470703,39.458579336543266,EXPLORING
7704.781000,LIDAR_ONLY,MIXED,run04,LIDAR_ONLY,0.12035949528217316,0.34745246171951294,0.21796874701976776,0.2161458283662796,0.21796874701976776,0.0,2.7835121154785156,2836,10828048,84912,19748,408.825547846674,5,1620,0,0,1184.080,17.709897994995117,-35.331085205078125,39.52038082510857,EXPLORING
7705.781000,LIDAR_ONLY,MIXED,run04,LIDAR_ONLY,0.12110772728919983,0.3512401282787323,0.21640625596046448,0.21562500298023224,0.21640625596046448,0.0,1.5238430500030518,2838,10835728,85123,19764,409.2119240705105,5,1623,0,0,1185.080,17.87285804748535,-35.301429748535156,39.567210302368565,EXPLORING
7706.782000,LIDAR_ONLY,MIXED,run04,LIDAR_ONLY,0.13028879463672638,0.35840198397636414,0.21848958730697632,0.21718749403953552,0.21848958730697632,0.0,1.1966209411621094,2841,10847248,85123,19826,409.45203063781986,5,1624,0,0,1186.081,17.88709831237793,-35.33808135986328,39.60634235126186,EXPLORING
7707.781000,LIDAR_ONLY,MIXED,run04,LIDAR_ONLY,0.1397870033979416,0.36093488335609436,0.21640625596046448,0.21041665971279144,0.21640625596046448,0.0,0.9827640056610107,2845,10862608,85759,19862,409.60874426684217,5,1625,0,0,1187.080,17.784828186035156,-35.33496856689453,39.55748218763948,EXPLORING
7708.783000,LIDAR_ONLY,MIXED,run04,LIDAR_ONLY,0.12966381013393402,0.3582656681537628,0.21927084028720856,0.21536459028720856,0.21927084028720856,0.0,2.222914934158325,2847,10870288,85759,19937,409.8748815480118,5,1626,0,0,1188.082,17.881330490112305,-35.405609130859375,39.66400339744606,EXPLORING
7709.784000,LIDAR_ONLY,MIXED,run04,LIDAR_ONLY,0.11451613157987595,0.34173572063446045,0.21901041269302368,0.21953125298023224,0.21901041269302368,0.0,5.300043106079102,2850,10881808,85857,19959,410.2010130855154,5,1626,0,0,1189.083,18.12761116027832,-35.402442932128906,39.772814755079494,EXPLORING
7710.783000,LIDAR_ONLY,MIXED,run04,LIDAR_ONLY,0.1262083500623703,0.35648325085639954,0.21901041269302368,0.21953125298023224,0.21901041269302368,0.0,1.303642988204956,2852,10889488,86038,19978,410.4431897831299,5,1628,0,0,1190.082,18.299453735351562,-35.420894622802734,39.86781869713267,EXPLORING
7711.781000,LIDAR_ONLY,MIXED,run04,LIDAR_ONLY,0.13804230093955994,0.36132997274398804,0.21901041269302368,0.21875,0.21901041269302368,0.0,7.220459938049316,2855,10901008,86038,20004,410.7355091060571,5,1629,0,0,1191.080,18.475236892700195,-35.64212417602539,40.145087364266494,EXPLORING
7712.783000,LIDAR_ONLY,MIXED,run04,LIDAR_ONLY,0.14076252281665802,0.3619513213634491,0.21927084028720856,0.21770833432674408,0.21927084028720856,0.0,1.2257959842681885,2857,10908688,86235,20025,411.1516902708224,5,1631,0,0,1192.082,18.71018409729004,-35.90421676635742,40.48599417247942,EXPLORING
7713.781000,LIDAR_ONLY,MIXED,run04,LIDAR_ONLY,0.13954730331897736,0.3625654876232147,0.21770833432674408,0.21536459028720856,0.21770833432674408,0.0,1.3896199464797974,2860,10920208,86235,20059,411.5282578940334,5,1633,0,0,1193.080,19.00920867919922,-36.023006439208984,40.730065866902876,EXPLORING
7714.782000,LIDAR_ONLY,MIXED,run04,LIDAR_ONLY,0.14057022333145142,0.36283621191978455,0.22031250596046448,0.21953125298023224,0.22031250596046448,0.0,3.7560489177703857,2862,10927888,86516,20112,411.9195257245502,5,1635,0,0,1194.081,19.32775115966797,-36.05195236206055,40.90520547663543,EXPLORING
7715.781000,LIDAR_ONLY,MIXED,run04,LIDAR_ONLY,0.13003507256507874,0.3554365634918213,0.21822915971279144,0.21848958730697632,0.21822915971279144,0.0,4.863438129425049,2864,10935568,86647,20177,412.26122303766914,5,1635,0,0,1195.080,19.54293441772461,-36.20368957519531,41.14077621983672,EXPLORING
7716.781000,LIDAR_ONLY,MIXED,run04,LIDAR_ONLY,0.1195802167057991,0.3506237268447876,0.21484375,0.21770833432674408,0.21484375,0.0,1.8308390378952026,2867,10947088,86757,20259,412.5370268226722,5,1635,0,0,1196.080,19.743633270263672,-36.29683303833008,41.318285399660354,EXPLORING
7717.782000,LIDAR_ONLY,MIXED,run04,LIDAR_ONLY,0.12694525718688965,0.3544197082519531,0.21718749403953552,0.21848958730697632,0.21718749403953552,0.0,1.79271399974823,2868,10950928,86757,20309,412.9106699815677,5,1637,0,0,1197.081,20.051387786865234,-36.15000534057617,41.33775658213322,EXPLORING
7718.781000,LIDAR_ONLY,MIXED,run04,LIDAR_ONLY,0.12506183981895447,0.3547689914703369,0.21718749403953552,0.21875,0.21718749403953552,0.0,0.679660975933075,2870,10958608,87005,20332,413.280476173978,5,1640,0,0,1198.080,20.373268127441406,-36.11571502685547,41.46496591061151,EXPLORING
7719.788000,LIDAR_ONLY,MIXED,run04,LIDAR_ONLY,0.13418890535831451,0.36014750599861145,0.21796874701976776,0.21848958730697632,0.21796874701976776,0.0,1.6404670476913452,2872,10966288,87074,20385,413.67000921975,5,1642,0,0,1199.087,20.728775024414062,-36.11098098754883,41.6366765308039,EXPLORING
7720.781000,LIDAR_ONLY,MIXED,run04,LIDAR_ONLY,0.12636493146419525,0.3556486964225769,0.21822915971279144,0.21562500298023224,0.21822915971279144,0.0,1.1459150314331055,2875,10977808,87074,20406,414.11006731186063,5,1643,0,0,1200.080,21.107810974121094,-36.0985221862793,41.815906274056275,EXPLORING
7721.784000,LIDAR_ONLY,MIXED,run04,LIDAR_ONLY,0.11858328431844711,0.3510919213294983,0.21822915971279144,0.21640625596046448,0.21822915971279144,0.0,0.7371940016746521,2876,10981648,87173,20448,414.5222673808592,5,1646,0,0,1201.083,21.48596954345703,-36.083473205566406,41.99512135799071,EXPLORING
7722.781000,LIDAR_ONLY,MIXED,run04,LIDAR_ONLY,0.13232608139514923,0.35895684361457825,0.21718749403953552,0.21666666865348816,0.21718749403953552,0.0,1.2383739948272705,2878,10989328,87316,20466,414.87316339128614,5,1646,0,0,1202.080,21.818941116333008,-36.06077575683594,42.14702113600895,EXPLORING
7723.781000,LIDAR_ONLY,MIXED,run04,LIDAR_ONLY,0.13602304458618164,0.3596098721027374,0.21718749403953552,0.2161458283662796,0.21718749403953552,0.0,9.365225791931152,2880,10997008,87370,20481,415.2874612642119,5,1648,0,0,1203.080,22.170278549194336,-36.0572395324707,42.32695040595232,EXPLORING
7724.782000,LIDAR_ONLY,MIXED,run04,LIDAR_ONLY,0.13714732229709625,0.35993048548698425,0.21718749403953552,0.2161458283662796,0.21718749403953552,0.0,1.8596190214157104,2886,11020048,87534,20491,415.69989629704776,5,1648,0,0,1204.081,22.500934600830078,-36.14322280883789,42.57403950601146,EXPLORING
7725.782000,LIDAR_ONLY,MIXED,run04,LIDAR_ONLY,0.12924210727214813,0.35577619075775146,0.21718749403953552,0.21796874701976776,0.21718749403953552,0.0,3.69496488571167,2888,11027728,87534,20519,416.0680602429465,5,1648,0,0,1205.081,22.756797790527344,-36.21308898925781,42.7689527455899,EXPLORING
7726.783000,LIDAR_ONLY,MIXED,run04,LIDAR_ONLY,0.13077212870121002,0.35667094588279724,0.21640625596046448,0.21666666865348816,0.21640625596046448,0.0,0.6587290167808533,2890,11035408,87580,20523,416.404345214225,5,1650,0,0,1206.082,23.076778411865234,-36.18246078491211,42.91423098462771,EXPLORING
7727.781000,LIDAR_ONLY,MIXED,run04,LIDAR_ONLY,0.13002492487430573,0.35581645369529724,0.21666666865348816,0.2174479216337204,0.21666666865348816,0.0,1.0621570348739624,2892,11043088,87703,20527,416.83814956508394,5,1652,0,0,1207.080,23.451478958129883,-36.137176513671875,43.07887809580775,EXPLORING
7728.781000,LIDAR_ONLY,MIXED,run04,LIDAR_ONLY,0.13144801557064056,0.3562777042388916,0.21666666865348816,0.21796874701976776,0.21666666865348816,0.0,2.830674886703491,2894,11050768,87703,20538,417.2612302600286,5,1653,0,0,1208.080,23.822601318359375,-36.147098541259766,43.29030685927177,EXPLORING
7729.784000,LIDAR_ONLY,MIXED,run04,LIDAR_ONLY,0.1254648119211197,0.3522336781024933,0.21536459028720856,0.21588541567325592,0.21536459028720856,0.0,1.2515480518341064,2896,11058448,87880,20551,417.7128319941625,5,1654,0,0,1209.083,24.19571876525879,-36.11270523071289,43.46816279142675,EXPLORING
7730.781000,LIDAR_ONLY,MIXED,run04,LIDAR_ONLY,0.12512879073619843,0.3517247140407562,0.21718749403953552,0.21901041269302368,0.21718749403953552,0.0,1.6436530351638794,2899,11069968,87917,20562,418.0666383088301,5,1656,0,0,1210.080,24.51487922668457,-36.04880905151367,43.59376389091975,EXPLORING
7731.784000,LIDAR_ONLY,MIXED,run04,LIDAR_ONLY,0.1304141879081726,0.3547419309616089,0.21796874701976776,0.21770833432674408,0.21796874701976776,0.0,0.999085009098053,2901,11077648,87917,20566,418.45243697443493,5,1657,0,0,1211.083,24.859262466430664,-36.07208251953125,43.80750708521395,EXPLORING
7732.781000,LIDAR_ONLY,MIXED,run04,LIDAR_ONLY,0.12899327278137207,0.35402292013168335,0.21718749403953552,0.21848958730697632,0.21718749403953552,0.0,1.3167619705200195,2903,11085328,88169,20571,418.8643508385519,5,1659,0,0,1212.080,25.229860305786133,-36.09251403808594,44.03560238185157,EXPLORING
7733.781000,LIDAR_ONLY,MIXED,run04,LIDAR_ONLY,0.12320621311664581,0.3502182364463806,0.2161458283662796,0.2161458283662796,0.2161458283662796,0.0,1.2593090534210205,2905,11093008,88238,20583,419.2731000482352,5,1660,0,0,1213.080,25.58758544921875,-36.049068450927734,44.20608611378073,EXPLORING
7734.781000,LIDAR_ONLY,MIXED,run04,LIDAR_ONLY,0.1296672374010086,0.3536936342716217,0.21484375,0.21718749403953552,0.21484375,0.0,1.098127007484436,2907,11100688,88238,20598,419.6155275242628,5,1660,0,0,1214.080,25.909330368041992,-36.04234313964844,44.3876272262143,EXPLORING
7735.784000,LIDAR_ONLY,MIXED,run04,LIDAR_ONLY,0.13091175258159637,0.3542075753211975,0.2174479216337204,0.21770833432674408,0.2174479216337204,0.0,0.7139189839363098,2909,11108368,88395,20600,420.042492625724,5,1661,0,0,1215.083,26.281856536865234,-36.08856201171875,44.643443682805575,EXPLORING
7736.781000,LIDAR_ONLY,MIXED,run04,LIDAR_ONLY,0.13415366411209106,0.3551235496997833,0.21536459028720856,0.21406249701976776,0.21536459028720856,0.0,0.9628250002861023,2911,11116048,88493,20619,420.47186334767844,5,1663,0,0,1216.080,26.622352600097656,-36.08212661743164,44.83955421242649,EXPLORING
7737.784000,LIDAR_ONLY,MIXED,run04,LIDAR_ONLY,0.1256493777036667,0.34640762209892273,0.21640625596046448,0.2200520783662796,0.21640625596046448,0.0,1.4506609439849854,2913,11123728,88526,20632,420.8540738014422,5,1665,0,0,1217.083,26.847915649414062,-36.218467712402344,45.08329530955405,EXPLORING
7738.781000,LIDAR_ONLY,MIXED,run04,LIDAR_ONLY,0.1307515799999237,0.3528352975845337,0.21642763912677765,0.21851368248462677,0.21642763912677765,0.0,1.5848610401153564,2915,11131400,88526,20638,421.138276419594,5,1666,0,0,1218.080,27.097368240356445,-36.247474670410156,45.255516828974116,EXPLORING
7739.783000,LIDAR_ONLY,MIXED,run04,LIDAR_ONLY,0.11626427620649338,0.3423541188240051,0.21825292706489563,0.21773141622543335,0.21825292706489563,0.0,1.1293630599975586,2917,11139071,88744,20653,421.5722599218314,5,1668,0,0,1219.082,27.44669532775879,-36.17693328857422,45.40931591874808,EXPLORING
7740.783000,LIDAR_ONLY,MIXED,run04,LIDAR_ONLY,0.13046026229858398,0.3525208830833435,0.21512386202812195,0.21564537286758423,0.21512386202812195,0.0,1.1000620126724243,2919,11146741,88833,20669,421.8686807346416,5,1671,0,0,1220.082,27.648473739624023,-36.09023666381836,45.46270276351502,EXPLORING
7741.781000,LIDAR_ONLY,MIXED,run04,LIDAR_ONLY,0.12882259488105774,0.35096246004104614,0.21491914987564087,0.21178925037384033,0.21491914987564087,0.0,5.058085918426514,2922,11158243,88965,20678,422.1555254234138,5,1672,0,0,1221.080,27.91187286376953,-36.12721252441406,45.652619170231574,EXPLORING
7742.781000,LIDAR_ONLY,MIXED,run04,LIDAR_ONLY,0.12479893863201141,0.3482760787010193,0.21790188550949097,0.21685804426670074,0.21790188550949097,0.0,1.7469760179519653,2924,11165908,88965,20702,422.55854468858684,5,1673,0,0,1222.080,28.27751922607422,-36.138946533203125,45.88631953125289,EXPLORING
7743.781000,LIDAR_ONLY,MIXED,run04,LIDAR_ONLY,0.12685111165046692,0.3502558469772339,0.21639259159564972,0.21665361523628235,0.21639259159564972,0.0,2.0333669185638428,2926,11173571,89204,20732,422.9900415093772,5,1674,0,0,1223.080,28.6435604095459,-36.113433837890625,46.092794689315404,EXPLORING
7744.782000,LIDAR_ONLY,MIXED,run04,LIDAR_ONLY,0.12670563161373138,0.3482467234134674,0.21560950577259064,0.21587052941322327,0.21560950577259064,0.0,1.5955770015716553,2927,11177402,89204,20750,423.32256527280833,5,1675,0,0,1224.081,28.935251235961914,-36.10637664794922,46.2691116391408,EXPLORING
7745.782000,LIDAR_ONLY,MIXED,run04,LIDAR_ONLY,0.11698699742555618,0.336042195558548,0.21624444425106049,0.217027947306633,0.21624444425106049,0.0,1.004986047744751,2929,11185061,89416,20760,423.63018708705334,5,1677,0,0,1225.081,29.026653289794922,-36.110130310058594,46.329250164296674,EXPLORING
7746.782000,LIDAR_ONLY,MIXED,run04,LIDAR_ONLY,0.11485655605792999,0.33961132168769836,0.2210608869791031,0.21635745465755463,0.2210608869791031,0.0,0.6845489740371704,2932,11196543,89416,20798,423.8449561656583,5,1679,0,0,1226.081,29.1917724609375,-36.135337829589844,46.452483020120766,EXPLORING
7747.782000,LIDAR_ONLY,MIXED,run04,LIDAR_ONLY,0.12602968513965607,0.34888535737991333,0.21484579145908356,0.2179822325706482,0.21484579145908356,0.0,5.492384910583496,2934,11204196,89820,20833,424.1153317225984,5,1681,0,0,1227.081,29.39666175842285,-36.17394256591797,46.61146171080184,EXPLORING
7748.784000,LIDAR_ONLY,MIXED,run04,LIDAR_ONLY,0.09955180436372757,0.3200758397579193,0.2140057533979416,0.21714136004447937,0.2140057533979416,0.0,1.3402999639511108,2936,11211848,89975,20886,424.4764741514056,5,1683,0,0,1228.083,29.71599006652832,-36.29601287841797,46.907892697626515,EXPLORING
7749.781000,LIDAR_ONLY,MIXED,run04,LIDAR_ONLY,0.09648672491312027,0.3155007064342499,0.21385620534420013,0.21699346601963043,0.21385620534420013,0.0,0.8853660225868225,2938,11219500,89975,20921,424.92519817433663,5,1684,0,0,1229.080,29.628067016601562,-36.315311431884766,46.86719682439667,EXPLORING
7750.781000,LIDAR_ONLY,MIXED,run04,LIDAR_ONLY,0.12579457461833954,0.3478524684906006,0.22013071179389954,0.2172549068927765,0.22013071179389954,0.0,2.8242409229278564,2940,11227150,90281,20943,425.22000860687103,5,1686,0,0,1230.080,29.760883331298828,-36.34586715698242,46.97490697031214,EXPLORING
7751.782000,LIDAR_ONLY,MIXED,run04,LIDAR_ONLY,0.12316800653934479,0.3428793251514435,0.21475280821323395,0.21789170801639557,0.21475280821323395,0.0,1.0539079904556274,2942,11234798,90413,21000,425.59157249544575,5,1688,0,0,1231.081,30.10506820678711,-36.337825775146484,47.18751621657334,EXPLORING
7752.781000,LIDAR_ONLY,MIXED,run04,LIDAR_ONLY,0.13120563328266144,0.3507477641105652,0.21239863336086273,0.21606068313121796,0.21239863336086273,0.0,0.6730319857597351,2945,11246267,90525,21040,425.9427775878392,5,1690,0,0,1232.080,30.414674758911133,-36.271087646484375,47.33447639800084,EXPLORING
7753.781000,LIDAR_ONLY,MIXED,run04,LIDAR_ONLY,0.1301906555891037,0.3483230471611023,0.21124182641506195,0.21542483568191528,0.21124182641506195,0.0,0.8016319870948792,2946,11250092,90525,21054,426.35203270969504,5,1691,0,0,1233.080,30.777793884277344,-36.40089416503906,47.66765440305355,EXPLORING
7754.781000,LIDAR_ONLY,MIXED,run04,LIDAR_ONLY,0.12090624123811722,0.3375368118286133,0.22166971862316132,0.22140800952911377,0.22166971862316132,0.0,5.532371997833252,2948,11257736,90934,21121,426.74485065990905,5,1693,0,0,1234.080,31.10190200805664,-36.45787811279297,47.92089394815147,EXPLORING
7755.782000,LIDAR_ONLY,MIXED,run04,LIDAR_ONLY,0.11687904596328735,0.33401164412498474,0.22041885554790497,0.22015707194805145,0.22041885554790497,0.0,2.709059953689575,2951,11269200,90934,21139,426.9754428888453,6,1694,0,0,1235.081,31.253028869628906,-36.561241149902344,48.09763685322312,EXPLORING
7756.781000,LIDAR_ONLY,MIXED,run04,LIDAR_ONLY,0.12961241602897644,0.3423181176185608,0.21899528801441193,0.2182103544473648,0.21899528801441193,0.0,6.513166904449463,2953,11276845,91196,21155,427.29802251526394,7,1696,0,0,1236.080,31.541454315185547,-36.649757385253906,48.35259983865558,EXPLORING
7757.781000,LIDAR_ONLY,MIXED,run04,LIDAR_ONLY,0.13012394309043884,0.3436564803123474,0.21585556864738464,0.21611721813678741,0.21585556864738464,0.0,0.9439849853515625,2955,11284488,91323,21181,427.3920363474188,7,1697,0,0,1237.080,31.517736434936523,-36.61431884765625,48.31026792188002,EXPLORING
7758.783000,LIDAR_ONLY,MIXED,run04,LIDAR_ONLY,0.1290346086025238,0.34741637110710144,0.216378852725029,0.21559393405914307,0.216378852725029,0.0,2.2180259227752686,2958,11295954,91323,21201,427.5960969294125,7,1700,0,0,1238.082,31.611698150634766,-36.51289749145508,48.29489596382083,EXPLORING
7759.787000,LIDAR_ONLY,MIXED,run04,LIDAR_ONLY,0.12228191643953323,0.34811684489250183,0.2182103544473648,0.21899528801441193,0.2182103544473648,0.0,0.7725840210914612,2962,11311239,91739,21221,427.95629170839305,7,1701,0,0,1239.086,31.74208641052246,-36.27540588378906,48.20135787067532,EXPLORING
7760.782000,LIDAR_ONLY,MIXED,run04,LIDAR_ONLY,0.1324613243341446,0.3460821807384491,0.21785807609558105,0.21995286643505096,0.21785807609558105,0.0,1.114730954170227,2965,11322696,91739,21268,428.2543093078485,7,1703,0,0,1240.081,31.751483917236328,-36.28691101074219,48.21620466133317,EXPLORING
7761.783000,LIDAR_ONLY,MIXED,run04,LIDAR_ONLY,0.13003215193748474,0.345813125371933,0.21649214625358582,0.21806283295154572,0.21649214625358582,0.0,5.988572120666504,2967,11330338,92031,21285,428.56468160731475,7,1704,0,0,1241.082,31.83416748046875,-36.306068420410156,48.285094936984144,EXPLORING
7762.781000,LIDAR_ONLY,MIXED,run04,LIDAR_ONLY,0.13666637241840363,0.35204967856407166,0.21686747670173645,0.21948663890361786,0.21686747670173645,0.0,1.586408019065857,2970,11341797,92238,21330,428.88654331605227,7,1706,0,0,1242.080,32.1116943359375,-36.194068908691406,48.38467373983401,EXPLORING
7763.782000,LIDAR_ONLY,MIXED,run04,LIDAR_ONLY,0.1363457292318344,0.35540157556533813,0.217072531580925,0.21785807609558105,0.217072531580925,0.0,5.888384819030762,2971,11345616,92354,21394,429.3391617077957,7,1708,0,0,1243.081,32.37285232543945,-36.259761810302734,48.60737017290027,EXPLORING
7764.781000,LIDAR_ONLY,MIXED,run04,LIDAR_ONLY,0.12802430987358093,0.35314124822616577,0.21608172357082367,0.21896280348300934,0.21608172357082367,0.0,0.9320240020751953,2973,11353254,92483,21422,429.67632794742315,7,1708,0,0,1244.080,32.44690704345703,-36.034523010253906,48.4891040673722,EXPLORING
7765.781000,LIDAR_ONLY,MIXED,run04,LIDAR_ONLY,0.13894493877887726,0.356677383184433,0.2161383330821991,0.21718627214431763,0.2161383330821991,0.0,2.028907060623169,2976,11364706,92483,21444,430.02077594010126,7,1709,0,0,1245.080,32.70842361450195,-35.845916748046875,48.524993090828076,EXPLORING
7766.782000,LIDAR_ONLY,MIXED,run04,LIDAR_ONLY,0.12735873460769653,0.3530324697494507,0.21523958444595337,0.22283320128917694,0.21523958444595337,0.0,0.8906099796295166,2978,11372344,92798,21465,430.3988018361188,7,1711,0,0,1246.081,32.996299743652344,-35.695072174072266,48.60861821416882,EXPLORING
7767.782000,LIDAR_ONLY,MIXED,run04,LIDAR_ONLY,0.1170453280210495,0.34434041380882263,0.21986372768878937,0.21986372768878937,0.21986372768878937,0.0,7.257554054260254,2980,11379979,93021,21514,430.6571277193188,7,1712,0,0,1247.081,33.12224197387695,-35.489158630371094,48.54345487885937,EXPLORING
7768.782000,LIDAR_ONLY,MIXED,run04,LIDAR_ONLY,0.1291777640581131,0.3534088432788849,0.2178010493516922,0.2193717211484909,0.2178010493516922,0.0,0.8780699968338013,2981,11383799,93021,21554,430.93587281825774,7,1712,0,0,1248.081,33.254756927490234,-35.286582946777344,48.486342652974386,EXPLORING
7769.781000,LIDAR_ONLY,MIXED,run04,LIDAR_ONLY,0.13572223484516144,0.3554432690143585,0.2214360535144806,0.2214360535144806,0.2214360535144806,0.0,2.538723945617676,2983,11391434,93072,21561,431.2882210400666,7,1713,0,0,1249.080,33.47331619262695,-35.03702163696289,48.455744684872805,EXPLORING
7770.781000,LIDAR_ONLY,MIXED,run04,LIDAR_ONLY,0.14313916862010956,0.3557380139827728,0.22085407376289368,0.22006811201572418,0.22085407376289368,0.0,8.348846435546875,2984,11395251,93120,21569,431.7141079317708,7,1714,0,0,1250.080,33.794193267822266,-34.82652282714844,48.526664282678325,EXPLORING
7771.783000,LIDAR_ONLY,MIXED,run04,LIDAR_ONLY,0.11965346336364746,0.342146635055542,0.22079622745513916,0.2205343097448349,0.22079622745513916,0.0,1.1225650310516357,2986,11402885,93165,21582,432.041081977134,7,1714,0,0,1251.082,34.04087829589844,-34.730308532714844,48.630014136786095,EXPLORING
7772.782000,LIDAR_ONLY,MIXED,run04,LIDAR_ONLY,0.12967392802238464,0.3525209426879883,0.22155217826366425,0.22050340473651886,0.22155217826366425,0.0,1.932224988937378,2987,11406699,93270,21608,432.27874414650324,7,1716,0,0,1252.081,34.1863899230957,-34.72713851928711,48.72972058980916,EXPLORING
7773.781000,LIDAR_ONLY,MIXED,run04,LIDAR_ONLY,0.12205035239458084,0.3382904827594757,0.22085407376289368,0.2203301042318344,0.22085407376289368,0.0,1.7153550386428833,2991,11421959,93515,21628,432.55266968675323,7,1717,0,0,1253.080,34.15564727783203,-34.73627471923828,48.714672723012654,EXPLORING
7774.782000,LIDAR_ONLY,MIXED,run04,LIDAR_ONLY,0.12552133202552795,0.34119558334350586,0.2133682817220688,0.21494102478027344,0.2133682817220688,0.0,0.8676390051841736,2994,11433409,93697,21676,432.78763520368847,7,1719,0,0,1254.081,34.080665588378906,-34.76249694824219,48.68085253331495,EXPLORING
7775.781000,LIDAR_ONLY,MIXED,run04,LIDAR_ONLY,0.12375113368034363,0.34978750348091125,0.20896697044372559,0.21394860744476318,0.20896697044372559,0.0,4.494614124298096,2996,11441037,93746,21716,433.04547677210803,7,1719,0,0,1255.080,34.028316497802734,-34.73009490966797,48.621069406439254,EXPLORING
7776.781000,LIDAR_ONLY,MIXED,run04,LIDAR_ONLY,0.11837483942508698,0.3524060845375061,0.2029365450143814,0.20713162422180176,0.2029365450143814,0.0,1.3000800609588623,2999,11452478,93774,21727,433.2587412208655,7,1720,0,0,1256.080,33.900177001953125,-34.78706359863281,48.57226136232488,EXPLORING
7777.781000,LIDAR_ONLY,MIXED,run04,LIDAR_ONLY,0.1251451075077057,0.35690951347351074,0.21750524640083313,0.21409852802753448,0.21750524640083313,0.0,0.865634024143219,3001,11460109,93774,21732,433.6075696853366,7,1721,0,0,1257.080,33.65130615234375,-35.00510025024414,48.55584964246619,EXPLORING
7778.783000,LIDAR_ONLY,MIXED,run04,LIDAR_ONLY,0.11533035337924957,0.34921884536743164,0.21887287497520447,0.2165137678384781,0.21887287497520447,0.0,0.9078500270843506,3003,11467741,93832,21735,434.02845554533826,7,1722,0,0,1258.082,33.39799880981445,-35.26628494262695,48.56995512604439,EXPLORING
7779.781000,LIDAR_ONLY,MIXED,run04,LIDAR_ONLY,0.11085047572851181,0.3435644209384918,0.21902017295360565,0.2161383330821991,0.21902017295360565,0.0,1.095924973487854,3006,11479190,93852,21737,434.27820165754525,7,1724,0,0,1259.080,33.210357666015625,-35.31623077392578,48.47749688697249,EXPLORING
7780.781000,LIDAR_ONLY,MIXED,run04,LIDAR_ONLY,0.1089727133512497,0.3420341908931732,0.2091194987297058,0.21278825402259827,0.2091194987297058,0.0,1.0566409826278687,3008,11486819,93907,21740,434.559128716326,7,1725,0,0,1260.080,33.08219528198242,-35.43833923339844,48.478978675618876,EXPLORING
7781.782000,LIDAR_ONLY,MIXED,run04,LIDAR_ONLY,0.10080774128437042,0.3306558430194855,0.2156708538532257,0.21383647620677948,0.2156708538532257,0.0,0.8765900135040283,3011,11498269,93928,21750,434.82337807263326,7,1726,0,0,1261.081,32.983951568603516,-35.63688659667969,48.557518598136575,EXPLORING
7782.784000,LIDAR_ONLY,MIXED,run04,LIDAR_ONLY,0.10988329350948334,0.340442955493927,0.20848612487316132,0.21084336936473846,0.20848612487316132,0.0,3.85628604888916,3014,11509721,93955,21753,435.08487304056985,7,1727,0,0,1262.083,32.90010452270508,-35.82259750366211,48.6372207359937,EXPLORING
7783.781000,LIDAR_ONLY,MIXED,run04,LIDAR_ONLY,0.10053840279579163,0.3292100131511688,0.22006811201572418,0.22085407376289368,0.22006811201572418,0.0,0.9269829988479614,3017,11521174,93955,21758,435.37573978573204,7,1729,0,0,1263.080,32.799957275390625,-36.06220626831055,48.74652584451222,EXPLORING
7784.781000,LIDAR_ONLY,MIXED,run04,LIDAR_ONLY,0.09546483308076859,0.32020100951194763,0.2205343097448349,0.21974855661392212,0.2205343097448349,0.0,1.9292949438095093,3019,11528812,94291,21792,435.59860432416684,8,1730,0,0,1264.080,32.77360153198242,-36.232852935791016,48.8552183317826,EXPLORING
7785.781000,LIDAR_ONLY,MIXED,run04,LIDAR_ONLY,0.12185723334550858,0.3382241129875183,0.21864362061023712,0.22047656774520874,0.21864362061023712,0.0,1.2308850288391113,3021,11536450,94386,21819,435.73601462840753,8,1731,0,0,1265.080,32.83645248413086,-36.140655517578125,48.82912365286693,EXPLORING
7786.783000,LIDAR_ONLY,MIXED,run04,LIDAR_ONLY,0.14107586443424225,0.34974706172943115,0.22006811201572418,0.21954414248466492,0.22006811201572418,0.0,0.8375959992408752,3023,11544082,94473,21831,435.962775595299,8,1732,0,0,1266.082,32.84579849243164,-36.065826416015625,48.78005825451064,EXPLORING
7787.781000,LIDAR_ONLY,MIXED,run04,LIDAR_ONLY,0.135992631316185,0.3523128628730774,0.21596857905387878,0.21649214625358582,0.21596857905387878,0.0,0.7193340063095093,3026,11555539,94473,21842,436.1304471312161,8,1734,0,0,1267.080,32.83674621582031,-35.987674713134766,48.71620354888035,EXPLORING
7788.783000,LIDAR_ONLY,MIXED,run04,LIDAR_ONLY,0.134474977850914,0.3579139709472656,0.21645702421665192,0.21881552040576935,0.21645702421665192,0.0,1.1441869735717773,3027,11559355,94537,21851,436.3631348075681,8,1735,0,0,1268.082,32.77029800415039,-35.93085861206055,48.629446506903456,EXPLORING
7789.781000,LIDAR_ONLY,MIXED,run04,LIDAR_ONLY,0.09790359437465668,0.32562682032585144,0.22047656774520874,0.21759623289108276,0.22047656774520874,0.0,1.9980809688568115,3031,11574629,94745,21851,436.77095851869046,8,1737,0,0,1269.080,32.76823806762695,-35.67186737060547,48.437008687835956,EXPLORING
7790.781000,LIDAR_ONLY,MIXED,run04,LIDAR_ONLY,0.12546443939208984,0.3497580885887146,0.2152031511068344,0.21834862232208252,0.2152031511068344,0.0,0.8408889770507812,3035,11589902,94829,21872,437.1227836013273,8,1739,0,0,1270.080,32.76686477661133,-35.53831100463867,48.33780463550983,EXPLORING
7791.783000,LIDAR_ONLY,MIXED,run04,LIDAR_ONLY,0.13782669603824615,0.35320335626602173,0.2212621122598648,0.21576328575611115,0.2212621122598648,0.0,1.9849720001220703,3037,11597538,95469,21879,437.36191061015717,8,1741,0,0,1271.082,32.89052963256836,-35.600791931152344,48.467591306953416,EXPLORING
7792.782000,LIDAR_ONLY,MIXED,run04,LIDAR_ONLY,0.13897977769374847,0.3589108884334564,0.22073841094970703,0.22676093876361847,0.22073841094970703,0.0,3.268450975418091,3040,11608993,95469,22069,437.712532453025,8,1742,0,0,1272.081,33.16426467895508,-35.49268341064453,48.57471213382491,EXPLORING
7793.781000,LIDAR_ONLY,MIXED,run04,LIDAR_ONLY,0.12177379429340363,0.3450339734554291,0.22146597504615784,0.21963350474834442,0.22146597504615784,0.0,2.2952470779418945,3042,11616630,95573,22102,438.07668975012393,8,1744,0,0,1273.080,33.183250427246094,-35.16431427001953,48.34832968862453,EXPLORING
7794.781000,LIDAR_ONLY,MIXED,run04,LIDAR_ONLY,0.13590751588344574,0.35600167512893677,0.2152031511068344,0.21730013191699982,0.2152031511068344,0.0,2.639357089996338,3044,11624263,95706,22124,438.38622231880055,8,1745,0,0,1274.080,33.320579528808594,-34.91456604003906,48.26170077039534,EXPLORING
7795.785000,LIDAR_ONLY,MIXED,run04,LIDAR_ONLY,0.13192786276340485,0.35132861137390137,0.22047656774520874,0.22100026905536652,0.22047656774520874,0.0,11.59496021270752,3046,11631898,95849,22128,438.7264471165789,8,1747,0,0,1275.084,33.57733154296875,-34.75838851928711,48.326868411815845,EXPLORING
7796.781000,LIDAR_ONLY,MIXED,run04,LIDAR_ONLY,0.1327037364244461,0.34703922271728516,0.21866805851459503,0.2178814858198166,0.21866805851459503,0.0,0.9045689702033997,3048,11639530,95873,22160,439.11713141871945,8,1749,0,0,1276.080,33.90105056762695,-34.616451263427734,48.45082922057379,EXPLORING
7797.785000,LIDAR_ONLY,MIXED,run04,LIDAR_ONLY,0.11691440641880035,0.33456680178642273,0.21974855661392212,0.21974855661392212,0.21974855661392212,0.0,1.554345965385437,3050,11647166,95892,22163,439.4999977042061,8,1750,0,0,1277.084,34.08876037597656,-34.43089294433594,48.45031150403255,EXPLORING
7798.781000,LIDAR_ONLY,MIXED,run04,LIDAR_ONLY,0.12299447506666183,0.34596678614616394,0.21971683204174042,0.21919244527816772,0.21971683204174042,0.0,0.6731470227241516,3053,11658614,95892,22165,439.790308651736,8,1751,0,0,1278.080,34.22344207763672,-34.33019256591797,48.473793339417966,EXPLORING
7799.785000,LIDAR_ONLY,MIXED,run04,LIDAR_ONLY,0.13029682636260986,0.3527778089046478,0.2190600484609604,0.2182767689228058,0.2190600484609604,0.0,0.9170249700546265,3055,11666258,95924,22165,440.08887408738565,8,1754,0,0,1279.084,34.510833740234375,-34.38444519042969,48.71539418959615,EXPLORING
7800.781000,LIDAR_ONLY,MIXED,run04,LIDAR_ONLY,0.11325393617153168,0.33927732706069946,0.22079958021640778,0.21714136004447937,0.22079958021640778,0.0,1.4074480533599854,3058,11677739,95941,22173,440.5359825911123,8,1756,0,0,1280.080,34.864402770996094,-34.3859977722168,48.96758759737958,EXPLORING
7801.781000,LIDAR_ONLY,MIXED,run04,LIDAR_ONLY,0.12152277678251266,0.3462037742137909,0.21981747448444366,0.2166883945465088,0.21981747448444366,0.0,0.6761109828948975,3060,11685406,95941,22175,440.9209780771122,8,1758,0,0,1281.080,35.12557601928711,-34.41223907470703,49.17223769358227,EXPLORING
7802.783000,LIDAR_ONLY,MIXED,run04,LIDAR_ONLY,0.12067549675703049,0.34683769941329956,0.21352127194404602,0.21587052941322327,0.21352127194404602,0.0,1.0471869707107544,3062,11693069,96111,22180,441.17603391690227,8,1760,0,0,1282.082,35.334529876708984,-34.441349029541016,49.34202829151992,EXPLORING
7803.781000,LIDAR_ONLY,MIXED,run04,LIDAR_ONLY,0.12504972517490387,0.34822776913642883,0.2204497903585434,0.218880757689476,0.2204497903585434,0.0,4.23212194442749,3065,11704548,96111,22220,441.5067657545436,8,1760,0,0,1283.080,35.63496780395508,-34.33750915527344,49.48550484838128,EXPLORING
7804.781000,LIDAR_ONLY,MIXED,run04,LIDAR_ONLY,0.13957487046718597,0.3582979142665863,0.21669720113277435,0.2164354920387268,0.21669720113277435,0.0,5.1651530265808105,3068,11716014,96156,22244,441.9316681791087,8,1763,0,0,1284.080,36.00444793701172,-34.314327239990234,49.73622760958314,EXPLORING
7805.782000,LIDAR_ONLY,MIXED,run04,LIDAR_ONLY,0.13633672893047333,0.3572067618370056,0.21884816884994507,0.21727748215198517,0.21884816884994507,0.0,0.817658007144928,3070,11723654,96202,22251,442.3409232501733,8,1764,0,0,1285.081,36.33855438232422,-34.461917877197266,50.08006130219436,EXPLORING
7806.781000,LIDAR_ONLY,MIXED,run04,LIDAR_ONLY,0.12846770882606506,0.34701183438301086,0.2193143218755722,0.21826747059822083,0.2193143218755722,0.0,0.9278460144996643,3072,11731296,96202,22266,442.7359178395778,8,1767,0,0,1286.080,36.68883514404297,-34.53966522216797,50.388059673174254,EXPLORING
7807.781000,LIDAR_ONLY,MIXED,run04,LIDAR_ONLY,0.1322259157896042,0.3459145426750183,0.22012577950954437,0.21907757222652435,0.22012577950954437,0.0,0.8738840222358704,3076,11746574,96235,22276,443.0817481157995,8,1767,0,0,1287.080,37.0050048828125,-34.63132858276367,50.68131864203504,EXPLORING
7808.784000,LIDAR_ONLY,MIXED,run04,LIDAR_ONLY,0.13244619965553284,0.34431952238082886,0.21881552040576935,0.21881552040576935,0.21881552040576935,0.0,1.1580250263214111,3078,11754207,96279,22290,443.4833370542577,8,1769,0,0,1288.083,37.253021240234375,-34.878395080566406,51.03122655352118,EXPLORING
7809.782000,LIDAR_ONLY,MIXED,run04,LIDAR_ONLY,0.12675932049751282,0.34143707156181335,0.21823421120643616,0.21902017295360565,0.21823421120643616,0.0,1.5121389627456665,3081,11765655,96279,22295,443.85891056112683,8,1770,0,0,1289.081,37.534446716308594,-35.074012756347656,51.37038429801053,EXPLORING
7810.782000,LIDAR_ONLY,MIXED,run04,LIDAR_ONLY,0.1346551924943924,0.34571370482444763,0.21939711272716522,0.21677587926387787,0.21939711272716522,0.0,0.9655969738960266,3083,11773288,96434,22308,444.18709162612316,8,1772,0,0,1290.081,37.790225982666016,-35.2493896484375,51.67702887818,EXPLORING
7811.782000,LIDAR_ONLY,MIXED,run04,LIDAR_ONLY,0.13482096791267395,0.3517468273639679,0.21974855661392212,0.22001047432422638,0.21974855661392212,0.0,14.589040756225586,3085,11780924,96591,22343,444.5993636929426,8,1775,0,0,1291.081,37.971038818359375,-35.55380630493164,52.016987360248436,EXPLORING
7812.784000,LIDAR_ONLY,MIXED,run04,LIDAR_ONLY,0.1306736022233963,0.3529055416584015,0.21855345368385315,0.21933962404727936,0.21855345368385315,0.0,1.9993410110473633,3087,11788558,96591,22386,445.0030441160274,8,1777,0,0,1292.083,38.10594177246094,-35.87919235229492,52.338062025809144,EXPLORING
7813.781000,LIDAR_ONLY,MIXED,run04,LIDAR_ONLY,0.12369530647993088,0.3540344536304474,0.2180156707763672,0.2182767689228058,0.2180156707763672,0.0,2.028799057006836,3089,11796205,97017,22411,445.2272087355662,8,1778,0,0,1293.080,38.073570251464844,-35.825679779052734,52.27781257896627,EXPLORING
7814.782000,LIDAR_ONLY,MIXED,run04,LIDAR_ONLY,0.10454767942428589,0.3355179727077484,0.21901041269302368,0.21718749403953552,0.21901041269302368,0.0,2.898240089416504,3091,11803883,97017,22492,445.427013309452,8,1780,0,0,1294.081,38.025272369384766,-35.75264358520508,52.19259167302537,EXPLORING
7815.784000,LIDAR_ONLY,MIXED,run04,LIDAR_ONLY,0.12897799909114838,0.3590749502182007,0.21875,0.21588541567325592,0.21875,0.0,4.957592964172363,3093,11811563,97166,22542,445.6578759514359,8,1781,0,0,1295.083,38.042606353759766,-35.67778396606445,52.15398316963809,EXPLORING
7816.783000,LIDAR_ONLY,MIXED,run04,LIDAR_ONLY,0.1400986611843109,0.3659950792789459,0.22057291865348816,0.21692708134651184,0.22057291865348816,0.0,1.2806110382080078,3095,11819243,97317,22608,445.91393982930873,8,1782,0,0,1296.082,38.00513458251953,-35.560543060302734,52.046483514770536,EXPLORING
7817.781000,LIDAR_ONLY,MIXED,run04,LIDAR_ONLY,0.1261233389377594,0.35252317786216736,0.20937499403953552,0.21432290971279144,0.20937499403953552,0.0,1.1933660507202148,3098,11830763,97409,22636,446.2823880370789,8,1784,0,0,1297.080,37.84812927246094,-35.28310775756836,51.74237240214507,EXPLORING
7818.785000,LIDAR_ONLY,MIXED,run04,LIDAR_ONLY,0.11960738152265549,0.3500801920890808,0.21822915971279144,0.21848958730697632,0.21822915971279144,0.0,2.169857978820801,3100,11838443,97465,22652,446.6454693260341,8,1786,0,0,1298.084,37.57667541503906,-35.09032440185547,51.412378138312974,EXPLORING
7819.782000,LIDAR_ONLY,MIXED,run04,LIDAR_ONLY,0.13177385926246643,0.35383686423301697,0.20390625298023224,0.20286458730697632,0.20390625298023224,0.0,0.7558010220527649,3102,11846123,97532,22673,446.9752406687962,8,1787,0,0,1299.081,37.27922058105469,-35.003902435302734,51.136184462458736,EXPLORING
7820.781000,LIDAR_ONLY,MIXED,run04,LIDAR_ONLY,0.1255277693271637,0.3434450030326843,0.2189054787158966,0.21785807609558105,0.2189054787158966,0.0,0.6883490085601807,3105,11857617,97746,22700,447.3935514684382,8,1788,0,0,1300.080,37.00248718261719,-34.759456634521484,50.76712057391812,EXPLORING
7821.781000,LIDAR_ONLY,MIXED,run04,LIDAR_ONLY,0.12944261729717255,0.3556552827358246,0.21974855661392212,0.22236773371696472,0.21974855661392212,0.0,1.2092169523239136,3107,11865251,97854,22729,447.7863446440358,8,1789,0,0,1301.080,36.71651077270508,-34.56757736206055,50.42734326528347,EXPLORING
7822.781000,LIDAR_ONLY,MIXED,run04,LIDAR_ONLY,0.11859013885259628,0.3522706925868988,0.21561436355113983,0.2184962034225464,0.21561436355113983,0.0,2.813770055770874,3109,11872886,97913,22752,448.19582779091263,8,1790,0,0,1302.080,36.36064147949219,-34.55165100097656,50.15786016407537,EXPLORING
7823.783000,LIDAR_ONLY,MIXED,run04,LIDAR_ONLY,0.12565067410469055,0.3425601124763489,0.21357442438602448,0.2161949723958969,0.21357442438602448,0.0,1.125594973564148,3111,11880516,97975,22760,448.49477027833876,8,1792,0,0,1303.082,36.40592956542969,-34.51915740966797,50.168336373460086,EXPLORING
7824.781000,LIDAR_ONLY,MIXED,run04,LIDAR_ONLY,0.13434603810310364,0.35309141874313354,0.208912193775177,0.20865006744861603,0.208912193775177,0.0,0.9777069687843323,3113,11888147,97991,22768,448.71917597363097,8,1793,0,0,1304.080,36.442325592041016,-34.49026107788086,50.174886099946676,EXPLORING
7825.781000,LIDAR_ONLY,MIXED,run04,LIDAR_ONLY,0.12559393048286438,0.3551354706287384,0.2092718631029129,0.21162912249565125,0.2092718631029129,0.0,1.112185001373291,3116,11899599,97994,22772,449.0591437955937,8,1794,0,0,1305.080,36.29375076293945,-34.49308776855469,50.06902966856508,EXPLORING
7826.781000,LIDAR_ONLY,MIXED,run04,LIDAR_ONLY,0.12743695080280304,0.3652852475643158,0.2078637033700943,0.2110091745853424,0.2078637033700943,0.0,0.9394090175628662,3118,11907230,98061,22772,449.43534326461895,8,1795,0,0,1306.080,35.9364128112793,-34.4599609375,49.7876861758165,EXPLORING
7827.781000,LIDAR_ONLY,MIXED,run04,LIDAR_ONLY,0.12474571168422699,0.3628682792186737,0.21215295791625977,0.21634364128112793,0.21215295791625977,0.0,1.3770170211791992,3120,11914864,98069,22772,449.8420534736939,8,1796,0,0,1307.080,35.576560974121094,-34.46931076049805,49.53508657626403,EXPLORING
7828.781000,LIDAR_ONLY,MIXED,run04,LIDAR_ONLY,0.1107778549194336,0.3513069152832031,0.208912193775177,0.21363040804862976,0.208912193775177,0.0,2.113801956176758,3122,11922496,98069,22775,450.25840196491254,8,1797,0,0,1308.080,35.21327209472656,-34.462738037109375,49.27022729923983,EXPLORING
7829.783000,LIDAR_ONLY,MIXED,run04,LIDAR_ONLY,0.11946918815374374,0.34779393672943115,0.20633673667907715,0.2118355631828308,0.20633673667907715,0.0,5.128559112548828,3124,11930130,98086,22776,450.6284456943901,8,1798,0,0,1309.082,35.019161224365234,-34.632564544677734,49.25095808320304,EXPLORING
7830.781000,LIDAR_ONLY,MIXED,run04,LIDAR_ONLY,0.1314937025308609,0.367736279964447,0.2126767933368683,0.21346254646778107,0.2126767933368683,0.0,1.8017280101776123,3126,11937764,98087,22776,450.8538279616146,8,1799,0,0,1310.080,34.9659309387207,-34.76695251464844,49.3077883881478,EXPLORING
7831.782000,LIDAR_ONLY,MIXED,run04,LIDAR_ONLY,0.1209358349442482,0.35743534564971924,0.2126767933368683,0.2145102173089981,0.2126767933368683,0.0,0.7852590084075928,3128,11945402,98094,22776,451.0883057903834,8,1800,0,0,1311.081,34.76186752319336,-34.81743240356445,49.19900483155003,EXPLORING
7832.781000,LIDAR_ONLY,MIXED,run04,LIDAR_ONLY,0.11017689108848572,0.3456832468509674,0.21147798001766205,0.2088574469089508,0.21147798001766205,0.0,1.2120620012283325,3131,11956853,98094,22776,451.5073381708967,8,1802,0,0,1312.080,34.38661575317383,-34.820396423339844,48.93670540106525,EXPLORING
7833.786000,LIDAR_ONLY,MIXED,run04,LIDAR_ONLY,0.1119358167052269,0.3460750877857208,0.2145664095878601,0.19386953115463257,0.2145664095878601,0.0,1.1945010423660278,3133,11964487,98095,22776,451.88009620507256,8,1803,0,0,1313.085,34.088924407958984,-34.89814758300781,48.783581060971116,EXPLORING
7834.781000,LIDAR_ONLY,MIXED,run04,LIDAR_ONLY,0.11783868074417114,0.3483671545982361,0.20896697044372559,0.20949134230613708,0.20896697044372559,0.0,3.6000020503997803,3135,11972118,98149,22781,452.200776345083,8,1805,0,0,1314.080,33.86347198486328,-35.07794189453125,48.75550578101927,EXPLORING
7835.781000,LIDAR_ONLY,MIXED,run04,LIDAR_ONLY,0.11257504671812057,0.34185174107551575,0.20865006744861603,0.21022281050682068,0.20865006744861603,0.0,1.8515379428863525,3138,11983568,98149,22791,452.6100910762412,8,1807,0,0,1315.080,33.50421905517578,-35.136993408203125,48.54940024023442,EXPLORING
7836.781000,LIDAR_ONLY,MIXED,run04,LIDAR_ONLY,0.11591821163892746,0.34970009326934814,0.2091194987297058,0.21016772091388702,0.2091194987297058,0.0,1.5540579557418823,3140,11991200,98177,22792,452.9657438434609,8,1807,0,0,1316.080,33.378273010253906,-35.39833068847656,48.65238136888402,EXPLORING
7837.782000,LIDAR_ONLY,MIXED,run04,LIDAR_ONLY,0.12335989624261856,0.35298600792884827,0.20932669937610626,0.21011266112327576,0.20932669937610626,0.0,2.4273738861083984,3143,12002649,98186,22792,453.27947451094354,8,1809,0,0,1317.081,33.248008728027344,-35.63259506225586,48.73412828898089,EXPLORING
7838.781000,LIDAR_ONLY,MIXED,run04,LIDAR_ONLY,0.12082907557487488,0.3491361737251282,0.21153342723846436,0.20943643152713776,0.21153342723846436,0.0,0.8415769934654236,3145,12010281,98186,22792,453.6921196439274,8,1809,0,0,1318.080,33.027408599853516,-35.90903091430664,48.787004052450364,EXPLORING
7839.781000,LIDAR_ONLY,MIXED,run04,LIDAR_ONLY,0.11320900171995163,0.34400564432144165,0.21933962404727936,0.22012577950954437,0.21933962404727936,0.0,0.9383130073547363,3147,12017910,98193,22794,454.06573221164564,8,1811,0,0,1319.080,32.821346282958984,-36.10891342163086,48.79547295962097,EXPLORING
7840.781000,LIDAR_ONLY,MIXED,run04,LIDAR_ONLY,0.12807811796665192,0.35757794976234436,0.21875818073749542,0.21561436355113983,0.21875818073749542,0.0,3.215941905975342,3148,12021727,98207,22794,454.187195545652,8,1813,0,0,1320.080,32.83576202392578,-36.04233169555664,48.75593042422813,EXPLORING
7841.781000,LIDAR_ONLY,MIXED,run04,LIDAR_ONLY,0.11314196139574051,0.3416133224964142,0.2145102173089981,0.21293871104717255,0.2145102173089981,0.0,3.2961699962615967,3151,12033182,98301,22797,454.34980869430495,8,1813,0,0,1321.080,32.85772705078125,-35.978431701660156,48.72352199817087,EXPLORING
7842.781000,LIDAR_ONLY,MIXED,run04,LIDAR_ONLY,0.1043328121304512,0.32907602190971375,0.21357442438602448,0.21252620220184326,0.21357442438602448,0.0,0.9949820041656494,3157,12056091,98439,22802,454.5201346803541,8,1815,0,0,1322.080,32.92703628540039,-35.95316696166992,48.75165267578006,EXPLORING
7843.782000,LIDAR_ONLY,MIXED,run04,LIDAR_ONLY,0.1251257210969925,0.3496783971786499,0.21226415038108826,0.21174004673957825,0.21226415038108826,0.0,1.7789599895477295,3160,12067542,98439,22818,454.7458261446859,8,1816,0,0,1323.081,33.006229400634766,-35.88138198852539,48.752316487285576,EXPLORING
7844.782000,LIDAR_ONLY,MIXED,run04,LIDAR_ONLY,0.13044041395187378,0.3540724515914917,0.2184962034225464,0.22059208154678345,0.2184962034225464,0.0,1.4887449741363525,3162,12075174,98489,22821,455.13826425961264,8,1817,0,0,1324.081,33.11743927001953,-35.55393981933594,48.58756108425333,EXPLORING
7845.783000,LIDAR_ONLY,MIXED,run04,LIDAR_ONLY,0.13562926650047302,0.35636967420578003,0.22015707194805145,0.2193717211484909,0.22015707194805145,0.0,3.387986898422241,3164,12082813,98489,22823,455.4950457436083,8,1818,0,0,1325.082,33.237857818603516,-35.27796173095703,48.46847889824379,EXPLORING
7846.782000,LIDAR_ONLY,MIXED,run04,LIDAR_ONLY,0.13565735518932343,0.35400792956352234,0.2192247211933136,0.2179151326417923,0.2192247211933136,0.0,1.4646940231323242,3166,12090448,98511,22824,455.8252793636676,8,1820,0,0,1326.081,33.462188720703125,-35.058380126953125,48.4635069472881,EXPLORING
7847.782000,LIDAR_ONLY,MIXED,run04,LIDAR_ONLY,0.13424867391586304,0.3531358242034912,0.21995286643505096,0.21759623289108276,0.21995286643505096,0.0,0.8968660235404968,3168,12098087,98547,22824,456.26484345050665,8,1820,0,0,1327.081,33.82506561279297,-34.9378662109375,48.62810254858349,EXPLORING
7848.781000,LIDAR_ONLY,MIXED,run04,LIDAR_ONLY,0.13249774277210236,0.34653952717781067,0.22006811201572418,0.21928216516971588,0.22006811201572418,0.0,1.1575959920883179,3170,12105719,98547,22826,456.6839161216759,8,1822,0,0,1328.080,34.13772964477539,-34.757530212402344,48.717274402178965,EXPLORING
7849.782000,LIDAR_ONLY,MIXED,run04,LIDAR_ONLY,0.1334124058485031,0.35003113746643066,0.22038784623146057,0.22012577950954437,0.22038784623146057,0.0,6.456303119659424,3171,12109535,98584,22828,457.1109683223963,8,1823,0,0,1329.081,34.43158721923828,-34.54840850830078,48.77528738438781,EXPLORING
7850.783000,LIDAR_ONLY,MIXED,run04,LIDAR_ONLY,0.13310183584690094,0.3538403809070587,0.21939711272716522,0.21992136538028717,0.21939711272716522,0.0,6.813226222991943,3173,12117167,98584,22831,457.5417034297536,8,1826,0,0,1330.082,34.77897262573242,-34.470726013183594,48.96640886387191,EXPLORING
7851.784000,LIDAR_ONLY,MIXED,run04,LIDAR_ONLY,0.13579954206943512,0.35583943128585815,0.21954414248466492,0.21928216516971588,0.21954414248466492,0.0,1.3651670217514038,3175,12124800,98584,22831,457.94976135387583,8,1828,0,0,1331.083,35.11042785644531,-34.46063232421875,49.19530448924071,EXPLORING
7852.781000,LIDAR_ONLY,MIXED,run04,LIDAR_ONLY,0.12285466492176056,0.3458114266395569,0.2189054787158966,0.2168106883764267,0.2189054787158966,0.0,1.4325339794158936,3177,12132435,98585,22831,458.297766306336,8,1829,0,0,1332.080,35.33795166015625,-34.58592224121094,49.4454946868616,EXPLORING
7853.781000,LIDAR_ONLY,MIXED,run04,LIDAR_ONLY,0.1355109065771103,0.35750892758369446,0.21998430788516998,0.21763013303279877,0.21998430788516998,0.0,1.6287109851837158,3179,12140079,98585,22831,458.6489596094261,8,1830,0,0,1333.080,35.67456817626953,-34.58335876464844,49.68483624199957,EXPLORING
7854.782000,LIDAR_ONLY,MIXED,run04,LIDAR_ONLY,0.12755025923252106,0.352016419172287,0.2146596908569336,0.21413612365722656,0.2146596908569336,0.0,3.127427101135254,3181,12147722,98585,22831,459.083468118182,8,1830,0,0,1334.081,36.03181457519531,-34.54452133178711,49.91507161865319,EXPLORING
7855.781000,LIDAR_ONLY,MIXED,run04,LIDAR_ONLY,0.14377231895923615,0.36091747879981995,0.2192247211933136,0.21817705035209656,0.2192247211933136,0.0,3.094496965408325,3183,12155358,98592,22832,459.36785677481606,8,1832,0,0,1335.080,36.26508712768555,-34.56892395019531,50.10055211968828,EXPLORING
7856.781000,LIDAR_ONLY,MIXED,run04,LIDAR_ONLY,0.1337367445230484,0.3526948094367981,0.2145664095878601,0.2169242799282074,0.2145664095878601,0.0,0.9550169706344604,3186,12166809,98592,22832,459.6269321911289,8,1833,0,0,1336.080,36.481903076171875,-34.6297721862793,50.299584157390434,EXPLORING
7857.781000,LIDAR_ONLY,MIXED,run04,LIDAR_ONLY,0.13610664010047913,0.3514030873775482,0.21744826436042786,0.2161383330821991,0.21744826436042786,0.0,0.9832630157470703,3188,12174442,98600,22832,459.9570016049083,8,1836,0,0,1337.080,36.76313781738281,-34.67732620239258,50.53654567217245,EXPLORING
7858.783000,LIDAR_ONLY,MIXED,run04,LIDAR_ONLY,0.13212762773036957,0.3434160649776459,0.21823421120643616,0.21928216516971588,0.21823421120643616,0.0,1.0588500499725342,3190,12182077,98602,22832,460.3673034143542,8,1837,0,0,1338.082,37.120975494384766,-34.79179763793945,50.87565616027027,EXPLORING
7859.783000,LIDAR_ONLY,MIXED,run04,LIDAR_ONLY,0.1253194361925125,0.34019309282302856,0.21881552040576935,0.21881552040576935,0.21881552040576935,0.0,0.947147011756897,3196,12204973,98639,22832,460.7548237647085,8,1839,0,0,1339.082,37.477535247802734,-34.89961624145508,51.20980811306121,EXPLORING
7860.782000,LIDAR_ONLY,MIXED,run04,LIDAR_ONLY,0.1364300549030304,0.3469676375389099,0.21840587258338928,0.22155217826366425,0.21840587258338928,0.0,1.4972920417785645,3199,12216421,98713,22835,461.0053023018862,8,1841,0,0,1340.081,37.655879974365234,-35.020511627197266,51.4227251147946,EXPLORING
7861.781000,LIDAR_ONLY,MIXED,run04,LIDAR_ONLY,0.13608978688716888,0.3504398465156555,0.21666230261325836,0.21823421120643616,0.21666230261325836,0.0,0.886771023273468,3200,12220238,98713,22848,461.33505745247,8,1842,0,0,1341.080,37.796791076660156,-35.29377365112305,51.71211160106512,EXPLORING
7862.781000,LIDAR_ONLY,MIXED,run04,LIDAR_ONLY,0.13478650152683258,0.35348203778266907,0.2192247211933136,0.22001047432422638,0.2192247211933136,0.0,2.159881114959717,3202,12227872,98784,22853,461.664706982634,8,1845,0,0,1342.080,37.94593811035156,-35.54804992675781,51.99473213460972,EXPLORING
7863.782000,LIDAR_ONLY,MIXED,run04,LIDAR_ONLY,0.12618567049503326,0.3507273197174072,0.21955044567584991,0.2179822325706482,0.21955044567584991,0.0,2.7210209369659424,3204,12235518,98801,22860,461.9652603365112,8,1847,0,0,1343.081,37.87588119506836,-35.47284698486328,51.892191612646926,EXPLORING
7864.781000,LIDAR_ONLY,MIXED,run04,LIDAR_ONLY,0.11482542753219604,0.34668248891830444,0.21875,0.21666666865348816,0.21875,0.0,1.753499984741211,3205,12239358,98810,22866,462.1269556754564,8,1848,0,0,1344.080,37.82858657836914,-35.440738677978516,51.835724581565145,EXPLORING
7865.781000,LIDAR_ONLY,MIXED,run04,LIDAR_ONLY,0.1135188639163971,0.34669798612594604,0.21953125298023224,0.2161458283662796,0.21953125298023224,0.0,1.8113659620285034,3207,12247038,98810,22870,462.2910649597395,8,1849,0,0,1345.080,37.804412841796875,-35.36269760131836,51.764742339512125,EXPLORING
7866.783000,LIDAR_ONLY,MIXED,run04,LIDAR_ONLY,0.12798240780830383,0.3566904067993164,0.21770833432674408,0.21692708134651184,0.21770833432674408,0.0,2.1531291007995605,3209,12254718,98869,22880,462.47428598439234,8,1851,0,0,1346.082,37.79999923706055,-35.36496353149414,51.763067260655404,EXPLORING
7867.782000,LIDAR_ONLY,MIXED,run04,LIDAR_ONLY,0.12011733651161194,0.3475175201892853,0.20989583432674408,0.21380208432674408,0.20989583432674408,0.0,1.465790033340454,3211,12262398,98918,22888,462.7371381193265,8,1851,0,0,1347.081,37.618186950683594,-35.272071838378906,51.56686946363715,EXPLORING
7868.781000,LIDAR_ONLY,MIXED,run04,LIDAR_ONLY,0.11292988061904907,0.3314177393913269,0.21782177686691284,0.21782177686691284,0.21782177686691284,0.0,1.048848032951355,3213,12270076,98918,22894,463.0278174561025,8,1852,0,0,1348.080,37.5859375,-35.01271438598633,51.36621592901723,EXPLORING
7869.782000,LIDAR_ONLY,MIXED,run04,LIDAR_ONLY,0.12107177823781967,0.34200167655944824,0.21382008492946625,0.2127770483493805,0.21382008492946625,0.0,2.0064361095428467,3215,12277746,98936,22897,463.29018061983624,8,1854,0,0,1349.081,37.57241439819336,-34.81303787231445,51.22040024123868,EXPLORING
7870.781000,LIDAR_ONLY,MIXED,run04,LIDAR_ONLY,0.13607722520828247,0.36196810007095337,0.21346555650234222,0.2176409214735031,0.21346555650234222,0.0,0.7967820167541504,3217,12285414,98949,22898,463.5603669557641,8,1855,0,0,1350.080,37.452877044677734,-34.86306381225586,51.16685335872504,EXPLORING
7871.788000,LIDAR_ONLY,MIXED,run04,LIDAR_ONLY,0.12544602155685425,0.35365262627601624,0.2168106883764267,0.21628698706626892,0.2168106883764267,0.0,2.286478042602539,3219,12293051,98993,22898,463.8549099791939,8,1857,0,0,1351.087,37.1856575012207,-34.88001251220703,50.983179358883206,EXPLORING
7872.781000,LIDAR_ONLY,MIXED,run04,LIDAR_ONLY,0.11458339542150497,0.3385368585586548,0.2092718631029129,0.21346254646778107,0.2092718631029129,0.0,1.162822961807251,3222,12304501,99092,22910,464.1567130339311,8,1859,0,0,1352.080,36.97617721557617,-34.80785369873047,50.78110888155189,EXPLORING
7873.783000,LIDAR_ONLY,MIXED,run04,LIDAR_ONLY,0.1190403401851654,0.3363654613494873,0.21105001866817474,0.21131186187267303,0.21105001866817474,0.0,2.5021109580993652,3225,12315951,99092,22917,464.4684999593807,8,1860,0,0,1353.082,36.925086975097656,-34.61668395996094,50.612980362583876,EXPLORING
7874.781000,LIDAR_ONLY,MIXED,run04,LIDAR_ONLY,0.1275111883878708,0.3602650761604309,0.20900996029376984,0.21215295791625977,0.20900996029376984,0.0,1.3991060256958008,3228,12327399,99143,22930,464.80571375499613,8,1860,0,0,1354.080,36.69459533691406,-34.44386291503906,50.326638575259075,EXPLORING
7875.784000,LIDAR_ONLY,MIXED,run04,LIDAR_ONLY,0.12561343610286713,0.36411646008491516,0.21383647620677948,0.21881552040576935,0.21383647620677948,0.0,1.042889952659607,3231,12338852,99191,22939,465.2398828810531,8,1860,0,0,1355.083,36.33671951293945,-34.44678497314453,50.06831751001095,EXPLORING
7876.781000,LIDAR_ONLY,MIXED,run04,LIDAR_ONLY,0.12358018010854721,0.36175233125686646,0.2078092247247696,0.21042977273464203,0.2078092247247696,0.0,0.6872180104255676,3237,12361753,99364,22959,465.66840450755615,8,1861,0,0,1356.080,35.97759246826172,-34.405029296875,49.77943538785214,EXPLORING
7877.782000,LIDAR_ONLY,MIXED,run04,LIDAR_ONLY,0.11204906553030014,0.35204699635505676,0.21598951518535614,0.2144167721271515,0.21598951518535614,0.0,4.956999778747559,3239,12369386,99366,22969,466.0699966383508,8,1863,0,0,1357.081,35.67741012573242,-34.33920669555664,49.51725304189282,EXPLORING
7878.784000,LIDAR_ONLY,MIXED,run04,LIDAR_ONLY,0.11791598051786423,0.35781753063201904,0.21022281050682068,0.21363040804862976,0.21022281050682068,0.0,1.6482590436935425,3241,12377019,99366,22969,466.32046612050556,8,1866,0,0,1358.083,35.48996353149414,-34.293006896972656,49.35025718517212,EXPLORING
7879.786000,LIDAR_ONLY,MIXED,run04,LIDAR_ONLY,0.13517792522907257,0.36870840191841125,0.21073298156261444,0.21099476516246796,0.21073298156261444,0.0,3.65752911567688,3243,12384659,99366,22969,466.66299715893615,8,1867,0,0,1359.085,35.18254852294922,-34.343040466308594,49.16458854283966,EXPLORING
7880.781000,LIDAR_ONLY,MIXED,run04,LIDAR_ONLY,0.12334266304969788,0.359691858291626,0.20774464309215546,0.21114599704742432,0.20774464309215546,0.0,0.71110999584198,3246,12396124,99376,22969,467.0314804054013,8,1869,0,0,1360.080,34.85749053955078,-34.45355987548828,49.01013774785755,EXPLORING
7881.785000,LIDAR_ONLY,MIXED,run04,LIDAR_ONLY,0.13336968421936035,0.3642169237136841,0.2066439986228943,0.21161390841007233,0.2066439986228943,0.0,16.50958251953125,3248,12403771,99376,22972,467.43503972705184,8,1871,0,0,1361.084,34.51089859008789,-34.50521469116211,48.80075586269028,EXPLORING
7882.781000,LIDAR_ONLY,MIXED,run04,LIDAR_ONLY,0.10098093748092651,0.33722251653671265,0.21673202514648438,0.21856209635734558,0.21673202514648438,0.0,5.645618915557861,3250,12411421,99376,22972,467.8132320302968,8,1873,0,0,1362.080,34.298255920410156,-34.644596099853516,48.74956933464778,EXPLORING
7883.787000,LIDAR_ONLY,MIXED,run04,LIDAR_ONLY,0.10291989147663116,0.338696151971817,0.21396808326244354,0.21396808326244354,0.21396808326244354,0.0,1.431244969367981,3252,12419069,99390,22972,468.16923094737626,8,1875,0,0,1363.086,34.28822708129883,-34.54856491088867,48.67430604134209,EXPLORING
7884.781000,LIDAR_ONLY,MIXED,run04,LIDAR_ONLY,0.11973847448825836,0.3555748462677002,0.21417364478111267,0.21417364478111267,0.21417364478111267,0.0,2.3958001136779785,3254,12426718,99390,22972,468.42578820547294,8,1876,0,0,1364.080,34.16724395751953,-34.61292266845703,48.634939855235224,EXPLORING
7885.781000,LIDAR_ONLY,MIXED,run04,LIDAR_ONLY,0.11399587243795395,0.35032033920288086,0.21161390841007233,0.21370650827884674,0.21161390841007233,0.0,1.0846359729766846,3255,12430541,99390,22972,468.78480133134923,8,1878,0,0,1365.080,33.984458923339844,-34.70620346069336,48.573312514957685,EXPLORING
7886.782000,LIDAR_ONLY,MIXED,run04,LIDAR_ONLY,0.11166791617870331,0.34831148386001587,0.2111606001853943,0.21142257750034332,0.2111606001853943,0.0,2.013887882232666,3257,12438176,99390,22972,469.07630593559696,8,1881,0,0,1366.081,33.8309326171875,-34.78602600097656,48.523216342625396,EXPLORING
7887.795000,LIDAR_ONLY,MIXED,run04,LIDAR_ONLY,0.10542682558298111,0.341707319021225,0.20895522832870483,0.2100026160478592,0.20895522832870483,0.0,5.65532922744751,3259,12445815,99394,22972,469.3833148519555,8,1883,0,0,1367.094,33.68247604370117,-34.914615631103516,48.512294095584735,EXPLORING
7888.781000,LIDAR_ONLY,MIXED,run04,LIDAR_ONLY,0.10548237711191177,0.34130263328552246,0.21074704825878143,0.21074704825878143,0.21074704825878143,0.0,4.483838081359863,3262,12457270,99402,22972,469.7327269962941,8,1884,0,0,1368.080,33.51646423339844,-35.01029968261719,48.46625430991417,EXPLORING
7889.781000,LIDAR_ONLY,MIXED,run04,LIDAR_ONLY,0.11061494052410126,0.34269723296165466,0.2099606841802597,0.21179553866386414,0.2099606841802597,0.0,1.7209969758987427,3264,12464903,99402,22972,470.05267076963946,8,1886,0,0,1369.080,33.39597702026367,-35.11250305175781,48.45701859342894,EXPLORING
7890.782000,LIDAR_ONLY,MIXED,run04,LIDAR_ONLY,0.12978635728359222,0.360426127910614,0.20922915637493134,0.21080230176448822,0.20922915637493134,0.0,1.9213049411773682,3265,12468717,99408,22972,470.32787828417236,8,1887,0,0,1370.081,33.32413864135742,-35.314022064208984,48.55390652407012,EXPLORING
7891.782000,LIDAR_ONLY,MIXED,run04,LIDAR_ONLY,0.11908669769763947,0.34740686416625977,0.21142257750034332,0.21168456971645355,0.21142257750034332,0.0,3.453566074371338,3267,12476352,99410,22972,470.6279712518136,8,1888,0,0,1371.081,33.26549530029297,-35.585933685302734,48.71196161278844,EXPLORING
7892.781000,LIDAR_ONLY,MIXED,run04,LIDAR_ONLY,0.1253931224346161,0.3529799282550812,0.2184962034225464,0.21666230261325836,0.2184962034225464,0.0,1.5714550018310547,3270,12487801,99410,22972,471.09936763727194,8,1889,0,0,1372.080,32.98389434814453,-35.89458084106445,48.746916449053245,EXPLORING
7893.783000,LIDAR_ONLY,MIXED,run04,LIDAR_ONLY,0.10421450436115265,0.3272663354873657,0.21881552040576935,0.21750524640083313,0.21881552040576935,0.0,0.8710330128669739,3275,12506884,99458,22973,471.48063857702664,8,1890,0,0,1373.082,32.829776763916016,-36.19065475463867,48.86165600794228,EXPLORING
7894.781000,LIDAR_ONLY,MIXED,run04,LIDAR_ONLY,0.12316935509443283,0.34317976236343384,0.21608172357082367,0.2139863818883896,0.21608172357082367,0.0,2.9344160556793213,3276,12510702,99458,22976,471.86144802104286,8,1891,0,0,1374.080,32.80987548828125,-36.53243637084961,49.10203942534761,EXPLORING
7895.781000,LIDAR_ONLY,MIXED,run04,LIDAR_ONLY,0.10241583734750748,0.33371567726135254,0.21832460165023804,0.21727748215198517,0.21832460165023804,0.0,1.0099200010299683,3278,12518338,99463,22976,472.3013748013049,8,1893,0,0,1375.080,32.843482971191406,-36.50558853149414,49.10453912970788,EXPLORING
7896.781000,LIDAR_ONLY,MIXED,run04,LIDAR_ONLY,0.12095507234334946,0.3532775342464447,0.21765321493148804,0.21948663890361786,0.21765321493148804,0.0,0.6391820311546326,3280,12525972,99509,22979,472.5924882215597,8,1895,0,0,1376.080,32.77739715576172,-36.32750701904297,48.92800027044132,EXPLORING
7897.783000,LIDAR_ONLY,MIXED,run04,LIDAR_ONLY,0.1173657476902008,0.34654948115348816,0.2205343097448349,0.21686747670173645,0.2205343097448349,0.0,0.6015539765357971,3281,12529790,99509,22979,472.78011125846103,8,1896,0,0,1377.082,32.84663391113281,-36.263919830322266,48.92726068460747,EXPLORING
7898.781000,LIDAR_ONLY,MIXED,run04,LIDAR_ONLY,0.11538378149271011,0.3365994095802307,0.21387434005737305,0.21439790725708008,0.21387434005737305,0.0,1.5719729661941528,3284,12541248,99532,22982,472.9528031859522,8,1898,0,0,1378.080,32.94266891479492,-36.207618713378906,48.95012301757732,EXPLORING
7899.786000,LIDAR_ONLY,MIXED,run04,LIDAR_ONLY,0.12096446752548218,0.3494904339313507,0.21340665221214294,0.21131186187267303,0.21340665221214294,0.0,1.5246939659118652,3286,12548884,99705,22989,473.15723349206127,8,1899,0,0,1379.085,33.024539947509766,-36.186702728271484,48.989805102572056,EXPLORING
7900.781000,LIDAR_ONLY,MIXED,run04,LIDAR_ONLY,0.12780001759529114,0.3541237413883209,0.2080167680978775,0.21325647830963135,0.2080167680978775,0.0,2.0988919734954834,3289,12560337,99739,22989,473.555867874783,8,1902,0,0,1380.080,33.183387756347656,-35.878997802734375,48.87067594289063,EXPLORING
7901.782000,LIDAR_ONLY,MIXED,run04,LIDAR_ONLY,0.13039638102054596,0.35536524653434753,0.21963350474834442,0.22041885554790497,0.21963350474834442,0.0,8.153912544250488,3290,12564157,99739,23019,473.9741832211915,8,1903,0,0,1381.081,33.371212005615234,-35.57435607910156,48.77577012961269,EXPLORING
7902.783000,LIDAR_ONLY,MIXED,run04,LIDAR_ONLY,0.13357490301132202,0.35547834634780884,0.21806283295154572,0.21675392985343933,0.21806283295154572,0.0,6.560443878173828,3292,12571795,99760,23020,474.36456826897074,8,1905,0,0,1382.082,33.61838150024414,-35.315311431884766,48.75725258414028,EXPLORING
7903.786000,LIDAR_ONLY,MIXED,run04,LIDAR_ONLY,0.13081277906894684,0.35224297642707825,0.2207077294588089,0.2196592390537262,0.2207077294588089,0.0,3.1404659748077393,3294,12579430,99799,23020,474.7359392092019,8,1906,0,0,1383.085,33.82463455200195,-35.03569793701172,48.69813905569464,EXPLORING
7904.782000,LIDAR_ONLY,MIXED,run04,LIDAR_ONLY,0.1325770765542984,0.35048767924308777,0.2214360535144806,0.22038784623146057,0.2214360535144806,0.0,1.372465968132019,3296,12587062,99808,23021,475.02850062073634,8,1908,0,0,1384.081,33.8716926574707,-34.7877311706543,48.55286437165201,EXPLORING
7905.781000,LIDAR_ONLY,MIXED,run04,LIDAR_ONLY,0.1277051866054535,0.3469177782535553,0.2203301042318344,0.22085407376289368,0.2203301042318344,0.0,1.472641944885254,3297,12590879,99818,23021,475.5281360523929,8,1910,0,0,1385.080,34.23468780517578,-34.60737991333008,48.678402438534214,EXPLORING
7906.782000,LIDAR_ONLY,MIXED,run04,LIDAR_ONLY,0.12087690085172653,0.34561485052108765,0.21855345368385315,0.21907757222652435,0.21855345368385315,0.0,1.747318983078003,3299,12598512,99826,23022,475.9504329613341,8,1910,0,0,1386.081,34.568260192871094,-34.586204528808594,48.89858672083703,EXPLORING
7907.781000,LIDAR_ONLY,MIXED,run04,LIDAR_ONLY,0.11783871054649353,0.3426057994365692,0.21817705035209656,0.21870088577270508,0.21817705035209656,0.0,3.5149879455566406,3301,12606143,99830,23022,476.2621642047795,8,1913,0,0,1387.080,34.788490295410156,-34.59468078613281,49.06049508841349,EXPLORING
7908.787000,LIDAR_ONLY,MIXED,run04,LIDAR_ONLY,0.13730724155902863,0.34277141094207764,0.2194291651248932,0.21838177740573883,0.2194291651248932,0.0,0.9463160037994385,3304,12617597,99830,23022,476.55634566313364,8,1915,0,0,1388.086,34.62419891357422,-34.59772491455078,48.946289191212294,EXPLORING
7909.781000,LIDAR_ONLY,MIXED,run04,LIDAR_ONLY,0.11957569420337677,0.3272276520729065,0.21974855661392212,0.21739129722118378,0.21974855661392212,0.0,1.11525297164917,3306,12625233,99839,23022,476.8506134164789,8,1916,0,0,1389.080,34.60261535644531,-34.346065521240234,48.75340984803157,EXPLORING
7910.781000,LIDAR_ONLY,MIXED,run04,LIDAR_ONLY,0.12838952243328094,0.3431514501571655,0.21960167586803436,0.21802935004234314,0.21960167586803436,0.0,1.9594240188598633,3308,12632865,99845,23022,477.03196918804065,8,1917,0,0,1390.080,34.602867126464844,-34.334869384765625,48.745701797183955,EXPLORING
7911.781000,LIDAR_ONLY,MIXED,run04,LIDAR_ONLY,0.13155335187911987,0.3518182337284088,0.22079622745513916,0.21817705035209656,0.22079622745513916,0.0,1.5911270380020142,3310,12640498,99845,23022,477.1640978460262,8,1917,0,0,1391.080,34.65260696411133,-34.35194396972656,48.79304136019174,EXPLORING
7912.781000,LIDAR_ONLY,MIXED,run04,LIDAR_ONLY,0.13335318863391876,0.35446393489837646,0.2151997983455658,0.21650561690330505,0.2151997983455658,0.0,0.8410379886627197,3312,12648150,99885,23022,477.644594091124,8,1918,0,0,1392.080,35.06939697265625,-34.388980865478516,49.11583666656428,EXPLORING
7913.784000,LIDAR_ONLY,MIXED,run04,LIDAR_ONLY,0.12369145452976227,0.348503977060318,0.22016191482543945,0.2151997983455658,0.22016191482543945,0.0,1.1400619745254517,3315,12659640,99885,23025,477.95516556224976,8,1919,0,0,1393.083,35.30516815185547,-34.391357421875,49.28611058100381,EXPLORING
7914.781000,LIDAR_ONLY,MIXED,run04,LIDAR_ONLY,0.1322922259569168,0.355036199092865,0.21818657219409943,0.21505095064640045,0.21818657219409943,0.0,1.432832956314087,3316,12663467,99913,23042,478.38725285022093,8,1921,0,0,1394.080,35.691036224365234,-34.46270751953125,49.61277841429747,EXPLORING
7915.786000,LIDAR_ONLY,MIXED,run04,LIDAR_ONLY,0.11199024319648743,0.33896464109420776,0.21800576150417328,0.217482328414917,0.21800576150417328,0.0,2.8342020511627197,3318,12671111,99913,23042,478.82216836508115,8,1922,0,0,1395.085,36.06215286254883,-34.403934478759766,49.839827414227955,EXPLORING
7916.781000,LIDAR_ONLY,MIXED,run04,LIDAR_ONLY,0.1345486044883728,0.3569953739643097,0.21978022158145905,0.21794871985912323,0.21978022158145905,0.0,1.1471070051193237,3320,12678753,99913,23042,479.0161879771239,8,1923,0,0,1396.080,36.22195053100586,-34.476600646972656,50.005641009721415,EXPLORING
7917.783000,LIDAR_ONLY,MIXED,run04,LIDAR_ONLY,0.1382485032081604,0.35519635677337646,0.21838177740573883,0.2189054787158966,0.21838177740573883,0.0,2.297231912612915,3321,12682572,99915,23042,479.3939738450755,8,1925,0,0,1397.082,36.495460510253906,-34.63364791870117,50.312085709594285,EXPLORING
7918.783000,LIDAR_ONLY,MIXED,run04,LIDAR_ONLY,0.13225477933883667,0.3468703031539917,0.21960167586803436,0.21802935004234314,0.21960167586803436,0.0,1.2104860544204712,3323,12690208,99917,23042,479.8161605017142,8,1927,0,0,1398.082,36.861427307128906,-34.68684005737305,50.614609420937086,EXPLORING
7919.781000,LIDAR_ONLY,MIXED,run04,LIDAR_ONLY,0.1283394992351532,0.3411482274532318,0.21829140186309814,0.21750524640083313,0.21829140186309814,0.0,1.056965947151184,3325,12697841,99917,23042,480.1743831574454,8,1928,0,0,1399.080,37.18202590942383,-34.790016174316406,50.91899981101528,EXPLORING
7920.786000,LIDAR_ONLY,MIXED,run04,LIDAR_ONLY,0.12924635410308838,0.340536892414093,0.21855345368385315,0.21933962404727936,0.21855345368385315,0.0,3.5357980728149414,3326,12701657,99920,23042,480.57415863232865,8,1929,0,0,1400.085,37.51801681518555,-34.93193054199219,51.26145563589944,EXPLORING
7921.783000,LIDAR_ONLY,MIXED,run04,LIDAR_ONLY,0.13686592876911163,0.34688714146614075,0.2186107486486435,0.2207077294588089,0.2186107486486435,0.0,1.1295219659805298,3328,12709288,99926,23043,480.99115112192715,8,1930,0,0,1401.082,37.798763275146484,-35.17300033569336,51.63120345174303,EXPLORING
7922.785000,LIDAR_ONLY,MIXED,run04,LIDAR_ONLY,0.13036084175109863,0.3432573080062866,0.21782438457012177,0.2196592390537262,0.21782438457012177,0.0,1.7084280252456665,3330,12716921,99926,23044,481.33908037419957,8,1932,0,0,1402.084,38.00067901611328,-35.3519287109375,51.90091161702464,EXPLORING
7923.781000,LIDAR_ONLY,MIXED,run04,LIDAR_ONLY,0.12822292745113373,0.34995222091674805,0.21843896806240082,0.21870088577270508,0.21843896806240082,0.0,0.946645975112915,3332,12724553,99998,23046,481.5703143037573,8,1934,0,0,1403.080,38.0892219543457,-35.497825622558594,52.06513525467023,EXPLORING
7924.782000,LIDAR_ONLY,MIXED,run04,LIDAR_ONLY,0.13313473761081696,0.35572317242622375,0.21911726891994476,0.2188560962677002,0.21911726891994476,0.0,1.7465980052947998,3335,12736035,100005,23049,481.90508600824955,8,1936,0,0,1404.081,38.14756774902344,-35.806941986083984,52.31890187694269,EXPLORING
7925.781000,LIDAR_ONLY,MIXED,run04,LIDAR_ONLY,0.1276579648256302,0.34933599829673767,0.22126661241054535,0.2183997929096222,0.22126661241054535,0.0,1.6778099536895752,3337,12743710,100005,23050,482.36812593452015,8,1937,0,0,1405.080,38.19648742675781,-36.19046401977539,52.617624274999656,EXPLORING
7926.781000,LIDAR_ONLY,MIXED,run04,LIDAR_ONLY,0.1272633969783783,0.34826022386550903,0.21927084028720856,0.21796874701976776,0.21927084028720856,0.0,4.644739151000977,3340,12755230,100096,23061,482.6865332076025,8,1938,0,0,1406.080,38.28435134887695,-36.445518493652344,52.85697710892644,EXPLORING
7927.782000,LIDAR_ONLY,MIXED,run04,LIDAR_ONLY,0.13092069327831268,0.36034446954727173,0.2213541716337204,0.21927084028720856,0.2213541716337204,0.0,0.8878189921379089,3343,12766750,100114,23064,483.05951387477637,8,1939,0,0,1407.081,38.3156623840332,-36.77952194213867,53.11040878222234,EXPLORING
7928.781000,LIDAR_ONLY,MIXED,run04,LIDAR_ONLY,0.12739168107509613,0.3652637004852295,0.21927084028720856,0.21718749403953552,0.21927084028720856,0.0,0.907800018787384,3345,12774430,100138,23067,483.46748510913784,8,1941,0,0,1408.080,38.15672302246094,-37.110137939453125,53.22584130890429,EXPLORING
7929.782000,LIDAR_ONLY,MIXED,run04,LIDAR_ONLY,0.1216491311788559,0.36082956194877625,0.21796874701976776,0.21588541567325592,0.21796874701976776,0.0,2.250335931777954,3347,12782110,100160,23074,483.85961218460307,8,1943,0,0,1409.081,37.99622344970703,-37.433837890625,53.3375813906514,EXPLORING
7930.781000,LIDAR_ONLY,MIXED,run04,LIDAR_ONLY,0.11926978826522827,0.35570093989372253,0.2161458283662796,0.21510416269302368,0.2161458283662796,0.0,1.0155999660491943,3349,12789790,100160,23080,484.24520409080424,8,1945,0,0,1410.080,37.752113342285156,-37.65676498413086,53.321165367105905,EXPLORING
7931.781000,LIDAR_ONLY,MIXED,run04,LIDAR_ONLY,0.12641596794128418,0.362154096364975,0.21796874701976776,0.21588541567325592,0.21796874701976776,0.0,1.1295629739761353,3351,12797470,100196,23081,484.66232980167683,8,1946,0,0,1411.080,37.57942199707031,-37.9666862487793,53.41886336521477,EXPLORING
7932.783000,LIDAR_ONLY,MIXED,run04,LIDAR_ONLY,0.1070781871676445,0.3438388407230377,0.2135416716337204,0.21692708134651184,0.2135416716337204,0.0,1.0068720579147339,3353,12805150,100196,23084,485.05851945093735,8,1947,0,0,1412.082,37.59794235229492,-38.32184982299805,53.68483809413941,EXPLORING
7933.782000,LIDAR_ONLY,MIXED,run04,LIDAR_ONLY,0.11113398522138596,0.3495773673057556,0.21718749403953552,0.21901041269302368,0.21718749403953552,0.0,1.473572015762329,3356,12816670,100199,23084,485.3556526212521,8,1948,0,0,1413.081,37.561092376708984,-38.293312072753906,53.63866055314266,EXPLORING
7934.781000,LIDAR_ONLY,MIXED,run04,LIDAR_ONLY,0.11714696139097214,0.35295364260673523,0.21588541567325592,0.21432290971279144,0.21588541567325592,0.0,0.9071419835090637,3357,12820510,100238,23085,485.6504989354164,8,1949,0,0,1414.080,37.40593719482422,-38.44477462768555,53.638582259946226,EXPLORING
7935.781000,LIDAR_ONLY,MIXED,run04,LIDAR_ONLY,0.11575014889240265,0.34771910309791565,0.2174479216337204,0.21458333730697632,0.2174479216337204,0.0,1.0788480043411255,3359,12828190,100286,23092,486.0792406628316,8,1951,0,0,1415.080,37.13101577758789,-38.70304870605469,53.63330409405795,EXPLORING
7936.783000,LIDAR_ONLY,MIXED,run04,LIDAR_ONLY,0.10929373651742935,0.34685370326042175,0.21796874701976776,0.21666666865348816,0.21796874701976776,0.0,1.37745201587677,3360,12832030,100311,23098,486.3740686792638,8,1952,0,0,1416.082,37.053001403808594,-38.78096389770508,53.635633283826785,EXPLORING
7937.783000,LIDAR_ONLY,MIXED,run04,LIDAR_ONLY,0.12360332161188126,0.35952499508857727,0.21770833432674408,0.21953125298023224,0.21770833432674408,0.0,1.3656439781188965,3362,12839710,100359,23112,486.6190626457842,8,1954,0,0,1417.082,37.08192825317383,-38.964534759521484,53.788448949353274,EXPLORING
7938.783000,LIDAR_ONLY,MIXED,run04,LIDAR_ONLY,0.1266341209411621,0.3566690683364868,0.21901041269302368,0.22109374403953552,0.21901041269302368,0.0,2.1522390842437744,3365,12851230,100499,23128,487.01398485859914,8,1955,0,0,1418.082,36.99138259887695,-39.30183792114258,53.97119239028919,EXPLORING
7939.794000,LIDAR_ONLY,MIXED,run04,LIDAR_ONLY,0.11716809868812561,0.3472914397716522,0.2161458283662796,0.21692708134651184,0.2161458283662796,0.0,4.817468166351318,3366,12855070,100499,23138,487.4126511560026,8,1957,0,0,1419.093,36.801536560058594,-39.5819091796875,54.04603149508018,EXPLORING
7940.781000,LIDAR_ONLY,MIXED,run04,LIDAR_ONLY,0.12303343415260315,0.35170137882232666,0.21822915971279144,0.21770833432674408,0.21822915971279144,0.0,1.4100160598754883,3368,12862750,100574,23141,487.8255733495473,8,1957,0,0,1420.080,36.76963806152344,-39.912174224853516,54.26675415215901,EXPLORING
7941.781000,LIDAR_ONLY,MIXED,run04,LIDAR_ONLY,0.11393392831087112,0.3403221666812897,0.21666666865348816,0.21796874701976776,0.21666666865348816,0.0,3.2507150173187256,3370,12870430,100686,23144,488.2532173325302,8,1959,0,0,1421.080,36.788455963134766,-40.23009490966797,54.51369909563359,EXPLORING
7942.794000,LIDAR_ONLY,MIXED,run04,LIDAR_ONLY,0.08619803190231323,0.31385722756385803,0.21588541567325592,0.2174479216337204,0.21588541567325592,0.0,1.1389809846878052,3372,12878110,100686,23166,488.6070906272622,8,1959,0,0,1422.093,36.669551849365234,-40.406986236572266,54.564393276071314,EXPLORING
7943.781000,LIDAR_ONLY,MIXED,run04,LIDAR_ONLY,0.09472095221281052,0.32326024770736694,0.21562500298023224,0.21640625596046448,0.21562500298023224,0.0,3.0018129348754883,3374,12885790,100780,23176,488.91687588734845,8,1960,0,0,1423.080,36.743263244628906,-40.57310104370117,54.73697175463267,EXPLORING
7944.781000,LIDAR_ONLY,MIXED,run04,LIDAR_ONLY,0.10284609347581863,0.3329724967479706,0.21380208432674408,0.21875,0.21380208432674408,0.0,0.9320549964904785,3376,12893470,100873,23187,489.1595149874275,8,1961,0,0,1424.080,36.77726745605469,-40.73808670043945,54.882156067973895,EXPLORING
7945.781000,LIDAR_ONLY,MIXED,run04,LIDAR_ONLY,0.11012621223926544,0.33919593691825867,0.21536459028720856,0.21770833432674408,0.21536459028720856,0.0,2.2870609760284424,3379,12904990,100967,23197,489.42197663241546,8,1963,0,0,1425.080,36.85215377807617,-40.92835998535156,55.07361910957648,EXPLORING
7946.781000,LIDAR_ONLY,MIXED,run04,LIDAR_ONLY,0.11705173552036285,0.3423476219177246,0.21276041865348816,0.21640625596046448,0.21276041865348816,0.0,0.9368559718132019,3381,12912670,100967,23215,489.79062286467416,8,1964,0,0,1426.080,36.986026763916016,-41.231964111328125,55.38891717477436,EXPLORING
7947.781000,LIDAR_ONLY,MIXED,run04,LIDAR_ONLY,0.11461081355810165,0.34127113223075867,0.21276041865348816,0.21640625596046448,0.21276041865348816,0.0,0.8450660109519958,3383,12920350,101088,23253,490.2503666147985,8,1965,0,0,1427.080,37.052947998046875,-41.60371780395508,55.71068966547005,EXPLORING
7948.782000,LIDAR_ONLY,MIXED,run04,LIDAR_ONLY,0.13237597048282623,0.3527108132839203,0.22239583730697632,0.22499999403953552,0.22239583730697632,0.0,1.8241389989852905,3384,12924190,101331,23253,490.495597233691,8,1966,0,0,1428.081,37.20053482055664,-41.7646598815918,55.929033847057184,EXPLORING
7949.783000,LIDAR_ONLY,MIXED,run04,LIDAR_ONLY,0.12407732754945755,0.34856098890304565,0.21510416269302368,0.2200520783662796,0.21510416269302368,0.0,1.792546033859253,3386,12931870,101420,23253,490.85703704751825,8,1969,0,0,1429.082,37.29583740234375,-41.93046951293945,56.116251214063354,EXPLORING
7950.785000,LIDAR_ONLY,MIXED,run04,LIDAR_ONLY,0.11259806156158447,0.33589163422584534,0.21406249701976776,0.21666666865348816,0.21406249701976776,0.0,1.3525689840316772,3389,12943390,101479,23269,491.1230585868634,8,1970,0,0,1430.084,37.369651794433594,-42.14371871948242,56.32471448496272,EXPLORING
7951.782000,LIDAR_ONLY,MIXED,run04,LIDAR_ONLY,0.11574584990739822,0.3400522768497467,0.21328124403953552,0.21510416269302368,0.21328124403953552,0.0,1.6781530380249023,3391,12951070,101584,23296,491.55689538688193,8,1972,0,0,1431.081,37.37434005737305,-42.48848342895508,56.58623305727146,EXPLORING
7952.782000,LIDAR_ONLY,MIXED,run04,LIDAR_ONLY,0.12216387689113617,0.3462686240673065,0.21562500298023224,0.21692708134651184,0.21562500298023224,0.0,3.434438943862915,3393,12958750,101677,23307,491.89788871926976,8,1973,0,0,1432.081,37.53614044189453,-42.77908706665039,56.91134167279506,EXPLORING
7953.782000,LIDAR_ONLY,MIXED,run04,LIDAR_ONLY,0.11613503843545914,0.33914488554000854,0.21328124403953552,0.21692708134651184,0.21328124403953552,0.0,1.4691849946975708,3395,12966430,101719,23342,492.2946062200015,8,1974,0,0,1433.081,37.624000549316406,-43.09608840942383,57.207748492892584,EXPLORING
7954.781000,LIDAR_ONLY,MIXED,run04,LIDAR_ONLY,0.10467500239610672,0.3279576301574707,0.21302083134651184,0.2161458283662796,0.21302083134651184,0.0,2.7001090049743652,3397,12974110,101823,23351,492.65746245744356,8,1975,0,0,1434.080,37.6660270690918,-43.443058013916016,57.49710198451189,EXPLORING
7955.784000,LIDAR_ONLY,MIXED,run04,LIDAR_ONLY,0.11365212500095367,0.33380722999572754,0.2122395783662796,0.21510416269302368,0.2122395783662796,0.0,1.3320590257644653,3399,12981790,101964,23351,493.0708493995011,8,1977,0,0,1435.083,37.65723419189453,-43.81669998168945,57.77419866787068,EXPLORING
7956.784000,LIDAR_ONLY,MIXED,run04,LIDAR_ONLY,0.11161453276872635,0.3347361385822296,0.21484375,0.21770833432674408,0.2161458283662796,0.0,1.6959680318832397,3401,12989470,102042,23384,493.49189236327794,8,1978,0,0,1436.083,37.79731369018555,-44.131752014160156,58.104521822203736,EXPLORING
7957.781000,LIDAR_ONLY,MIXED,run04,LIDAR_ONLY,0.11784139275550842,0.33843713998794556,0.21979166567325592,0.21901041269302368,0.21979166567325592,0.0,1.2154350280761719,3403,12997150,102152,23406,493.81448301279835,8,1979,0,0,1437.080,37.90760803222656,-44.31132507324219,58.31266501475899,EXPLORING
7958.782000,LIDAR_ONLY,MIXED,run04,LIDAR_ONLY,0.10726600885391235,0.3302738070487976,0.22031250596046448,0.21822915971279144,0.22031250596046448,0.0,2.925981044769287,3405,13004830,102278,23424,494.0455671052128,8,1981,0,0,1438.081,37.946529388427734,-44.421302795410156,58.42155156591726,EXPLORING
7959.783000,LIDAR_ONLY,MIXED,run04,LIDAR_ONLY,0.10077928006649017,0.32323458790779114,0.21432290971279144,0.21718749403953552,0.21432290971279144,0.0,18.991897583007812,3407,13012510,102348,23445,494.28909952167857,8,1983,0,0,1439.082,37.911651611328125,-44.55649185180664,58.50180082260494,EXPLORING
7960.791000,LIDAR_ONLY,MIXED,run04,LIDAR_ONLY,0.10926748812198639,0.33164602518081665,0.21536459028720856,0.21692708134651184,0.21536459028720856,0.0,1.2191710472106934,3409,13020190,102406,23485,494.6677255585917,8,1985,0,0,1440.090,37.77743148803711,-44.892757415771484,58.67180225893953,EXPLORING
7961.833000,LIDAR_ONLY,MIXED,run04,LIDAR_ONLY,0.11905429512262344,0.3388445973396301,0.21380208432674408,0.21718749403953552,0.21380208432674408,0.0,0.5711650252342224,3412,13031710,102556,23520,495.0875862532807,8,1986,0,0,1441.132,37.745826721191406,-45.23891067504883,58.916827991277366,EXPLORING
7962.781000,LIDAR_ONLY,MIXED,run04,LIDAR_ONLY,0.10719284415245056,0.3306460976600647,0.21875,0.21770833432674408,0.21875,0.0,3.2305428981781006,3415,13043230,103093,23520,495.4535319275155,8,1987,0,0,1442.080,37.644718170166016,-45.493534088134766,59.04805312482841,EXPLORING
7963.781000,LIDAR_ONLY,MIXED,run04,LIDAR_ONLY,0.10421859472990036,0.3288031816482544,0.21901041269302368,0.21770833432674408,0.21901041269302368,0.0,0.9315699934959412,3417,13050910,103396,23558,495.7894555559657,8,1988,0,0,1443.080,37.588951110839844,-45.79562759399414,59.24571487169719,EXPLORING
7964.781000,LIDAR_ONLY,MIXED,run04,LIDAR_ONLY,0.11299394071102142,0.3346644639968872,0.21406249701976776,0.21666666865348816,0.21406249701976776,0.0,0.6031180024147034,3420,13062430,103503,23745,496.1466387651792,8,1990,0,0,1444.080,37.58329391479492,-45.77243423461914,59.22419882757281,EXPLORING
7965.781000,LIDAR_ONLY,MIXED,run04,LIDAR_ONLY,0.11456399410963058,0.3324092924594879,0.21822915971279144,0.22031250596046448,0.21822915971279144,0.0,0.9141089916229248,3423,13073950,103720,23779,496.62152682765003,8,1993,0,0,1445.080,37.63100051879883,-45.718441009521484,59.21278586391698,EXPLORING
7966.783000,LIDAR_ONLY,MIXED,run04,LIDAR_ONLY,0.12206640839576721,0.33510279655456543,0.21145834028720856,0.21432290971279144,0.21145834028720856,0.0,2.4799399375915527,3425,13081630,103926,23779,496.936805966152,8,1994,0,0,1446.082,37.93429946899414,-45.744964599609375,59.42640994723785,EXPLORING
7967.781000,LIDAR_ONLY,MIXED,run04,LIDAR_ONLY,0.11366371065378189,0.3329807221889496,0.21953125298023224,0.21953125298023224,0.21953125298023224,0.0,3.668181896209717,3427,13089310,104022,23852,497.50045459411473,8,1995,0,0,1447.080,37.9669303894043,-45.82665252685547,59.51012591737939,EXPLORING
7968.781000,LIDAR_ONLY,MIXED,run04,LIDAR_ONLY,0.12286283820867538,0.33966782689094543,0.21822915971279144,0.21770833432674408,0.21822915971279144,0.0,0.9669420123100281,3430,13100830,104603,23882,497.84194008904524,8,1996,0,0,1448.080,37.87067794799805,-45.899208068847656,59.50471308849989,EXPLORING
7969.786000,LIDAR_ONLY,MIXED,run04,LIDAR_ONLY,0.11145472526550293,0.33210289478302,0.21953125298023224,0.21979166567325592,0.21953125298023224,0.0,1.6740880012512207,3431,13104670,104678,23943,498.12214619535246,8,1997,0,0,1449.085,37.960323333740234,-46.08406448364258,59.70437287172316,EXPLORING
7970.784000,LIDAR_ONLY,MIXED,run04,LIDAR_ONLY,0.12499672919511795,0.33583229780197144,0.22239583730697632,0.2213541716337204,0.22239583730697632,0.0,1.7371419668197632,3433,13112350,104678,23971,498.4512911841689,8,1998,0,0,1450.083,38.20335388183594,-46.1843147277832,59.93639628178156,EXPLORING
7971.782000,LIDAR_ONLY,MIXED,run04,LIDAR_ONLY,0.11900694668292999,0.33611199259757996,0.21979166567325592,0.21796874701976776,0.21979166567325592,0.0,2.403362989425659,3434,13116190,104783,23996,498.83934793748705,8,1999,0,0,1451.081,38.52130889892578,-46.34073257446289,60.259757664841956,EXPLORING
7972.784000,LIDAR_ONLY,MIXED,run04,LIDAR_ONLY,0.12021523714065552,0.33425700664520264,0.21979166567325592,0.21822915971279144,0.21979166567325592,0.0,1.1686160564422607,3436,13123870,104873,24019,499.13705777056776,8,2000,0,0,1452.083,38.725563049316406,-46.50125503540039,60.513792385285306,EXPLORING
7973.781000,LIDAR_ONLY,MIXED,run04,LIDAR_ONLY,0.1162024661898613,0.3301803171634674,0.21875,0.21875,0.21875,0.0,1.2262940406799316,3438,13131550,105275,24052,499.51709975055934,8,2002,0,0,1453.080,39.0477409362793,-46.513275146484375,60.72967399078951,EXPLORING
7974.782000,LIDAR_ONLY,MIXED,run04,LIDAR_ONLY,0.12021192908287048,0.33410143852233887,0.21848958730697632,0.21848958730697632,0.21848958730697632,0.0,0.7268199920654297,3440,13139230,105275,24085,499.83574292743583,8,2004,0,0,1454.081,39.21525192260742,-46.47239303588867,60.80626173891043,EXPLORING
7975.783000,LIDAR_ONLY,MIXED,run04,LIDAR_ONLY,0.12030815333127975,0.3344835340976715,0.21901041269302368,0.21770833432674408,0.21901041269302368,0.0,0.8815919756889343,3442,13146910,105494,24085,500.1052159429617,8,2005,0,0,1455.082,39.337032318115234,-46.40717315673828,60.835103479738585,EXPLORING
7976.783000,LIDAR_ONLY,MIXED,run04,LIDAR_ONLY,0.11698698997497559,0.3321934938430786,0.21953125298023224,0.21848958730697632,0.21953125298023224,0.0,0.9375680088996887,3444,13154590,105605,24134,500.4140174747656,8,2006,0,0,1456.082,39.58548355102539,-46.4344482421875,61.01680062494185,EXPLORING
7977.789000,LIDAR_ONLY,MIXED,run04,LIDAR_ONLY,0.11304527521133423,0.32497701048851013,0.21822915971279144,0.21640625596046448,0.21822915971279144,0.0,1.4051140546798706,3446,13162270,105857,24173,500.70588076255626,8,2009,0,0,1457.088,39.7824821472168,-46.39722442626953,61.116523366904076,EXPLORING
7978.781000,LIDAR_ONLY,MIXED,run04,LIDAR_ONLY,0.12091395258903503,0.3298605680465698,0.2200520783662796,0.21692708134651184,0.2200520783662796,0.0,1.1556390523910522,3449,13173790,106059,24173,500.9895803545732,8,2010,0,0,1458.080,40.002403259277344,-46.35575485229492,61.228498120144394,EXPLORING
7979.787000,LIDAR_ONLY,MIXED,run04,LIDAR_ONLY,0.1190497875213623,0.3309710621833801,0.22109374403953552,0.21901041269302368,0.22109374403953552,0.0,10.509002685546875,3450,13177630,106157,24268,501.4010592301126,8,2012,0,0,1459.086,40.368934631347656,-46.37685775756836,61.48450033116587,EXPLORING
7980.783000,LIDAR_ONLY,MIXED,run04,LIDAR_ONLY,0.11837271600961685,0.332933247089386,0.21901041269302368,0.21718749403953552,0.21901041269302368,0.0,3.5240530967712402,3453,13189150,106157,24330,501.80248685962954,8,2014,0,0,1460.082,40.72099685668945,-46.43470001220703,61.75969692409757,EXPLORING
7981.781000,LIDAR_ONLY,MIXED,run04,LIDAR_ONLY,0.12357983738183975,0.33773913979530334,0.21979166567325592,0.21770833432674408,0.21979166567325592,0.0,0.9225890040397644,3455,13196830,106254,24350,502.17043310816297,8,2015,0,0,1461.080,41.0335693359375,-46.57084655761719,62.06831750628226,EXPLORING
7982.782000,LIDAR_ONLY,MIXED,run04,LIDAR_ONLY,0.12100831419229507,0.3366759121417999,0.21875,0.21562500298023224,0.21875,0.0,0.9563570022583008,3458,13208350,106419,24376,502.5587349290429,8,2016,0,0,1462.081,41.304901123046875,-46.78461456298828,62.408114621913235,EXPLORING
7983.781000,LIDAR_ONLY,MIXED,run04,LIDAR_ONLY,0.1225605383515358,0.33981403708457947,0.22161458432674408,0.21875,0.22161458432674408,0.0,1.9843440055847168,3461,13219870,106540,24409,502.93286237507755,8,2017,0,0,1463.080,41.57816696166992,-46.96641159057617,62.725312601126866,EXPLORING
7984.785000,LIDAR_ONLY,MIXED,run04,LIDAR_ONLY,0.1200229749083519,0.33790433406829834,0.2200520783662796,0.21692708134651184,0.2200520783662796,0.0,0.7945539951324463,3463,13227550,106630,24423,503.2858919664082,8,2020,0,0,1464.084,41.83987045288086,-47.14814376831055,63.03489985618259,EXPLORING
7985.782000,LIDAR_ONLY,MIXED,run04,LIDAR_ONLY,0.12087850272655487,0.34112340211868286,0.21953125298023224,0.21640625596046448,0.21953125298023224,0.0,0.992247998714447,3467,13242910,106883,24442,503.7741851756969,8,2020,0,0,1465.081,42.10052490234375,-47.49177169799805,63.4649363232195,EXPLORING
7986.784000,LIDAR_ONLY,MIXED,run04,LIDAR_ONLY,0.12190279364585876,0.33649736642837524,0.21640625596046448,0.21510416269302368,0.21640625596046448,0.0,0.8611609935760498,3469,13250590,106970,24452,504.10062529899125,8,2021,0,0,1466.083,42.29207992553711,-47.69350051879883,63.74296062156443,EXPLORING
7987.781000,LIDAR_ONLY,MIXED,run04,LIDAR_ONLY,0.11474789679050446,0.3351292908191681,0.2174479216337204,0.21640625596046448,0.2174479216337204,0.0,1.600635051727295,3470,13254430,106970,24484,504.4338332592074,8,2022,0,0,1467.080,42.58188247680664,-47.7969856262207,64.01283385976807,EXPLORING
7988.782000,LIDAR_ONLY,MIXED,run04,LIDAR_ONLY,0.12450865656137466,0.34164610505104065,0.22109374403953552,0.21666666865348816,0.22109374403953552,0.0,6.003148078918457,3472,13262110,107068,24496,504.80672098245145,8,2024,0,0,1468.081,42.75729751586914,-48.088069915771484,64.34689354482381,EXPLORING
7989.794000,LIDAR_ONLY,MIXED,run04,LIDAR_ONLY,0.10992894321680069,0.32627108693122864,0.21901041269302368,0.21640625596046448,0.21901041269302368,0.0,2.494515895843506,3473,13265950,107181,24508,505.1707134542497,8,2026,0,0,1469.093,43.009056091308594,-48.24229049682617,64.62948719976563,EXPLORING
7990.783000,LIDAR_ONLY,MIXED,run04,LIDAR_ONLY,0.12152562290430069,0.33934760093688965,0.22239583730697632,0.22031250596046448,0.22239583730697632,0.0,1.6761770248413086,3475,13273630,107259,24520,505.5267466934722,8,2028,0,0,1470.082,43.2588996887207,-48.461456298828125,64.95935330553404,EXPLORING
7991.782000,LIDAR_ONLY,MIXED,run04,LIDAR_ONLY,0.12187957763671875,0.3389490246772766,0.21901041269302368,0.2161458283662796,0.21901041269302368,0.0,1.5747100114822388,3477,13281310,107342,24532,505.9024538559368,8,2029,0,0,1471.081,43.400550842285156,-48.73514938354492,65.25790768218191,EXPLORING
7992.782000,LIDAR_ONLY,MIXED,run04,LIDAR_ONLY,0.11599304527044296,0.3301934599876404,0.21875,0.21692708134651184,0.21875,0.0,10.493780136108398,3478,13285150,107412,24542,506.2516581362816,8,2031,0,0,1472.081,43.62007522583008,-48.90126037597656,65.52797545061823,EXPLORING
7993.784000,LIDAR_ONLY,MIXED,run04,LIDAR_ONLY,0.10960035771131516,0.3292822539806366,0.21901041269302368,0.21901041269302368,0.21901041269302368,0.0,1.3499890565872192,3480,13292830,107474,24553,506.5677336979692,8,2033,0,0,1473.083,43.91385269165039,-48.95070266723633,65.76069085703709,EXPLORING
7994.792000,LIDAR_ONLY,MIXED,run04,LIDAR_ONLY,0.10802528262138367,0.3298529386520386,0.21796874701976776,0.21510416269302368,0.21796874701976776,0.0,2.2391390800476074,3482,13300510,107550,24564,506.88219119554867,8,2036,0,0,1474.091,44.08125305175781,-49.186885833740234,66.04829131195038,EXPLORING
7995.781000,LIDAR_ONLY,MIXED,run04,LIDAR_ONLY,0.10395220667123795,0.326801061630249,0.21901041269302368,0.21953125298023224,0.21901041269302368,0.0,1.608240008354187,3484,13308190,107689,24596,507.1618380657771,8,2037,0,0,1475.080,44.13953399658203,-49.26546096801758,66.14570355744718,EXPLORING
7996.784000,LIDAR_ONLY,MIXED,run04,LIDAR_ONLY,0.1081918478012085,0.32935887575149536,0.21953125298023224,0.21927084028720856,0.21953125298023224,0.0,1.057297945022583,3486,13315870,107792,24624,507.5845956973881,8,2039,0,0,1476.083,44.208290100097656,-49.43929672241211,66.32108775582367,EXPLORING
7997.843000,LIDAR_ONLY,MIXED,run04,LIDAR_ONLY,0.10677287727594376,0.3248443305492401,0.21848958730697632,0.21770833432674408,0.21848958730697632,0.0,1.2029880285263062,3488,13323550,108007,24669,507.7852131905921,8,2040,0,0,1477.142,44.31842041015625,-49.46913146972656,66.41676609832872,EXPLORING
7998.782000,LIDAR_ONLY,MIXED,run04,LIDAR_ONLY,0.11209920048713684,0.3271317183971405,0.21901041269302368,0.21901041269302368,0.21901041269302368,0.0,0.8134490251541138,3490,13331230,108468,24669,508.1526810886198,8,2042,0,0,1478.081,44.6267204284668,-49.49102020263672,66.6391333176199,EXPLORING
7999.781000,LIDAR_ONLY,MIXED,run04,LIDAR_ONLY,0.11461790651082993,0.330761194229126,0.21770833432674408,0.21666666865348816,0.21770833432674408,0.0,1.8898440599441528,3493,13342750,108674,24719,508.5620231158713,8,2044,0,0,1479.080,44.98097610473633,-49.565853118896484,66.93227974505122,EXPLORING
8000.796000,LIDAR_ONLY,MIXED,run04,LIDAR_ONLY,0.10819298028945923,0.32599127292633057,0.21770833432674408,0.21588541567325592,0.21770833432674408,0.0,1.2458380460739136,3496,13354270,108674,24845,508.9927583364184,8,2046,0,0,1480.095,45.335304260253906,-49.63523864746094,67.22212455988941,EXPLORING
8001.781000,LIDAR_ONLY,MIXED,run04,LIDAR_ONLY,0.10376562923192978,0.32606029510498047,0.21953125298023224,0.21536459028720856,0.21953125298023224,0.0,0.8180149793624878,3498,13361950,109005,24845,509.3845847176052,8,2046,0,0,1481.080,45.62701416015625,-49.811492919921875,67.54906231696185,EXPLORING
8002.781000,LIDAR_ONLY,MIXED,run04,LIDAR_ONLY,0.11461108177900314,0.33264416456222534,0.21880698204040527,0.21568116545677185,0.21880698204040527,0.0,8.277003288269043,3501,13373469,109131,24877,509.70967961840796,8,2047,0,0,1482.080,45.82856369018555,-50.0194091796875,67.83851809588006,EXPLORING
8003.781000,LIDAR_ONLY,MIXED,run04,LIDAR_ONLY,0.10788746923208237,0.32405444979667664,0.21984891593456268,0.2159416526556015,0.21984891593456268,0.0,3.1268699169158936,3504,13384985,109309,24926,510.08490923308335,8,2049,0,0,1483.080,46.148189544677734,-50.0633430480957,68.08714295873813,EXPLORING
8004.781000,LIDAR_ONLY,MIXED,run04,LIDAR_ONLY,0.10852867364883423,0.32702717185020447,0.2183428853750229,0.21443459391593933,0.2183428853750229,0.0,0.9326000213623047,3506,13392662,109445,24986,510.5242116134921,8,2051,0,0,1484.080,46.51382064819336,-50.048038482666016,68.32427296294445,EXPLORING
8005.781000,LIDAR_ONLY,MIXED,run04,LIDAR_ONLY,0.10825227200984955,0.32859551906585693,0.21914948523044586,0.21888859570026398,0.21914948523044586,0.0,1.4307880401611328,3508,13400327,109672,25022,510.92559884461156,9,2052,0,0,1485.080,46.820220947265625,-50.20693588256836,68.6493507920205,EXPLORING
8006.781000,LIDAR_ONLY,MIXED,run04,LIDAR_ONLY,0.10518985241651535,0.32664886116981506,0.21810592710971832,0.21732324361801147,0.21810592710971832,0.0,1.4484319686889648,3511,13411826,109832,25078,511.06814786058254,10,2053,0,0,1486.080,46.85639572143555,-50.22551727294922,68.68761301328209,EXPLORING
8007.781000,LIDAR_ONLY,MIXED,run04,LIDAR_ONLY,0.10599329322576523,0.3273680508136749,0.21810592710971832,0.21497520804405212,0.21810592710971832,0.0,4.916830062866211,3513,13419491,110073,25126,511.3911880433328,10,2055,0,0,1487.080,47.16222381591797,-50.23324203491211,68.90222872530599,EXPLORING
8008.783000,LIDAR_ONLY,MIXED,run04,LIDAR_ONLY,0.11166815459728241,0.33001473546028137,0.2212943583726883,0.21790188550949097,0.2212943583726883,0.0,3.0121009349823,3514,13423323,110231,25202,511.7806501691712,10,2056,0,0,1488.082,47.4976921081543,-50.31681823730469,69.19302983891343,EXPLORING
8009.782000,LIDAR_ONLY,MIXED,run04,LIDAR_ONLY,0.10342201590538025,0.32647448778152466,0.21508744359016418,0.2143043577671051,0.21508744359016418,0.0,1.5621520280838013,3516,13430987,110427,25254,512.2150995961431,10,2058,0,0,1489.081,47.874515533447266,-50.401798248291016,69.51382674387071,EXPLORING
8010.782000,LIDAR_ONLY,MIXED,run04,LIDAR_ONLY,0.0956275463104248,0.3204493522644043,0.21529227495193481,0.21398746967315674,0.21529227495193481,0.0,12.026328086853027,3517,13434819,110481,25278,512.5899789859926,10,2060,0,0,1490.081,48.169921875,-50.3731575012207,69.69689672453647,EXPLORING
8011.781000,LIDAR_ONLY,MIXED,run04,LIDAR_ONLY,0.10464215278625488,0.3275788128376007,0.21810592710971832,0.21601878106594086,0.21810592710971832,0.0,3.7823541164398193,3519,13442484,110673,25331,512.9641268612061,10,2061,0,0,1491.080,48.53940963745117,-50.415462493896484,69.98323670618898,EXPLORING
8012.781000,LIDAR_ONLY,MIXED,run04,LIDAR_ONLY,0.09496782720088959,0.3214830756187439,0.21888859570026398,0.2186277061700821,0.21888859570026398,0.0,1.258579969406128,3521,13450150,110821,25389,513.3613498204483,10,2063,0,0,1492.080,48.812313079833984,-50.3902702331543,70.15469332901891,EXPLORING
8013.781000,LIDAR_ONLY,MIXED,run04,LIDAR_ONLY,0.10496969521045685,0.3302241563796997,0.2170623540878296,0.2168014645576477,0.2170623540878296,0.0,0.9242749810218811,3523,13457816,110780,25434,513.7258462299087,10,2065,0,0,1493.080,49.12720489501953,-50.31000518798828,70.31669845013795,EXPLORING
8014.785000,LIDAR_ONLY,MIXED,run04,LIDAR_ONLY,0.10929879546165466,0.3293364942073822,0.2154970020055771,0.21601878106594086,0.2154970020055771,0.0,1.3720289468765259,3524,13461649,110868,25463,513.997539426674,10,2066,0,0,1494.084,49.05587387084961,-50.34249496459961,70.29014776013504,EXPLORING
8015.782000,LIDAR_ONLY,MIXED,run04,LIDAR_ONLY,0.11286687105894089,0.3277537226676941,0.2165970802307129,0.2147703617811203,0.2165970802307129,0.0,2.57309889793396,3526,13469313,110959,25484,514.3804117704519,10,2067,0,0,1495.081,48.95600891113281,-50.353736877441406,70.22854922411491,EXPLORING
8016.784000,LIDAR_ONLY,MIXED,run04,LIDAR_ONLY,0.12056611478328705,0.3389616906642914,0.21555323898792267,0.21346555650234222,0.21555323898792267,0.0,2.7625620365142822,3528,13476976,111133,25535,514.5039271041109,10,2069,0,0,1496.083,48.90443801879883,-50.341529846191406,70.18385354277876,EXPLORING
8017.789000,LIDAR_ONLY,MIXED,run04,LIDAR_ONLY,0.1169653981924057,0.344437837600708,0.21575789153575897,0.2168014645576477,0.21575789153575897,0.0,1.4386940002441406,3531,13488473,111485,25580,514.6531720574351,10,2072,0,0,1497.088,48.88684844970703,-50.32191848754883,70.15753057460675,EXPLORING
8018.781000,LIDAR_ONLY,MIXED,run04,LIDAR_ONLY,0.12249597907066345,0.35039326548576355,0.2154047042131424,0.2172323763370514,0.2154047042131424,0.0,5.351585865020752,3537,13511456,112020,25638,514.9243634401477,10,2074,0,0,1498.080,48.68232727050781,-50.38332748413086,70.05932268035268,EXPLORING
8019.787000,LIDAR_ONLY,MIXED,run04,LIDAR_ONLY,0.12343279272317886,0.3515129089355469,0.21874184906482697,0.2182197868824005,0.21874184906482697,0.0,0.8786870241165161,3539,13519117,112020,25761,515.3286133921823,10,2074,0,0,1499.086,48.32249069213867,-50.45986557006836,69.86502562516023,EXPLORING
8020.789000,LIDAR_ONLY,MIXED,run04,LIDAR_ONLY,0.12941113114356995,0.3548494577407837,0.2200469821691513,0.2190028727054596,0.2200469821691513,0.0,0.9472029805183411,3541,13526778,112075,25777,515.7535819498183,10,2076,0,0,1500.088,47.9601936340332,-50.514163970947266,69.65430548557919,EXPLORING
8021.865000,LIDAR_ONLY,MIXED,run04,LIDAR_ONLY,0.11373293399810791,0.34519845247268677,0.21874184906482697,0.21848081052303314,0.21874184906482697,0.0,6.797175884246826,3544,13538271,112211,25777,516.1412459865433,10,2078,0,0,1501.164,47.647701263427734,-50.51297378540039,69.43864856775984,EXPLORING
8022.781000,LIDAR_ONLY,MIXED,run04,LIDAR_ONLY,0.11617753654718399,0.34160077571868896,0.2199895679950714,0.2194676399230957,0.2199895679950714,0.0,1.7056039571762085,3546,13545934,112398,25817,516.4941676610343,10,2080,0,0,1502.080,47.43666076660156,-50.392921447753906,69.20654446956735,EXPLORING
8023.781000,LIDAR_ONLY,MIXED,run04,LIDAR_ONLY,0.12277005612850189,0.3501221835613251,0.22030802071094513,0.22030802071094513,0.22030802071094513,0.0,0.766094982624054,3549,13557429,112479,25836,516.7241704926346,10,2081,0,0,1503.080,47.237709045410156,-50.37822723388672,69.05961065017556,EXPLORING
8024.792000,LIDAR_ONLY,MIXED,run04,LIDAR_ONLY,0.1098170354962349,0.34121373295783997,0.2194676399230957,0.21842379868030548,0.2194676399230957,0.0,0.8204240202903748,3552,13568926,112479,25862,517.2138386928369,10,2083,0,0,1504.091,46.86963653564453,-50.581905364990234,68.95763498124043,EXPLORING
8025.781000,LIDAR_ONLY,MIXED,run04,LIDAR_ONLY,0.11401379853487015,0.34539031982421875,0.2194676399230957,0.2194676399230957,0.2194676399230957,0.0,0.9166079759597778,3553,13572758,112598,25886,517.4074803435616,10,2084,0,0,1505.080,46.72581100463867,-50.61557388305664,68.88469665148689,EXPLORING
8026.781000,LIDAR_ONLY,MIXED,run04,LIDAR_ONLY,0.1174430102109909,0.34703555703163147,0.21842379868030548,0.2194676399230957,0.21842379868030548,0.0,7.036456108093262,3556,13584255,112641,25898,517.7025743570664,10,2085,0,0,1506.080,46.50973129272461,-50.60265350341797,68.72879880770384,EXPLORING
8027.782000,LIDAR_ONLY,MIXED,run04,LIDAR_ONLY,0.11752486974000931,0.34792211651802063,0.21941038966178894,0.21914948523044586,0.21941038966178894,0.0,0.725400984287262,3559,13595750,112674,25926,518.0218449330454,10,2086,0,0,1507.081,46.254844665527344,-50.5972900390625,68.55261529423636,EXPLORING
8028.796000,LIDAR_ONLY,MIXED,run04,LIDAR_ONLY,0.12614485621452332,0.3528825342655182,0.2165970802307129,0.21816283464431763,0.2165970802307129,0.0,0.5832039713859558,3561,13603415,112860,25934,518.3558068342467,10,2088,0,0,1508.095,45.9269905090332,-50.59602737426758,68.33089889769917,EXPLORING
8029.782000,LIDAR_ONLY,MIXED,run04,LIDAR_ONLY,0.12370239198207855,0.3515877425670624,0.21941038966178894,0.21941038966178894,0.21941038966178894,0.0,0.8981299996376038,3563,13611081,112875,25965,518.787587013038,10,2089,0,0,1509.081,45.56009292602539,-50.584293365478516,68.0761253423668,EXPLORING
8030.788000,LIDAR_ONLY,MIXED,run04,LIDAR_ONLY,0.12206698209047318,0.35068219900131226,0.2194676399230957,0.2194676399230957,0.2194676399230957,0.0,2.763740062713623,3564,13614913,112973,25998,519.2022686534491,10,2090,0,0,1510.087,45.20124053955078,-50.60875701904297,67.85473574575322,EXPLORING
8031.784000,LIDAR_ONLY,MIXED,run04,LIDAR_ONLY,0.12093837559223175,0.35044950246810913,0.2199895679950714,0.22025051712989807,0.2199895679950714,0.0,1.1549220085144043,3566,13622577,112894,26010,519.5974084142869,10,2091,0,0,1511.083,44.851905822753906,-50.632843017578125,67.64056216575874,EXPLORING
8032.782000,LIDAR_ONLY,MIXED,run04,LIDAR_ONLY,0.11709533631801605,0.3482935428619385,0.22097574174404144,0.21914948523044586,0.22097574174404144,0.0,1.2369109392166138,3567,13626410,113013,26046,519.9924839425903,10,2092,0,0,1512.081,44.489471435546875,-50.62267303466797,67.39314671192295,EXPLORING
8033.781000,LIDAR_ONLY,MIXED,run04,LIDAR_ONLY,0.11835335940122604,0.3490336835384369,0.21914948523044586,0.2201930582523346,0.21914948523044586,0.0,3.8148510456085205,3569,13634076,113046,26057,520.358225016697,10,2093,0,0,1513.080,44.14188003540039,-50.644073486328125,67.18032861986622,EXPLORING
8034.783000,LIDAR_ONLY,MIXED,run04,LIDAR_ONLY,0.11593139916658401,0.3470269441604614,0.2201930582523346,0.21941038966178894,0.2201930582523346,0.0,1.2751649618148804,3571,13641742,113065,26062,520.753435678587,10,2094,0,0,1514.082,43.79742431640625,-50.64057159423828,66.9518584930695,EXPLORING
8035.781000,LIDAR_ONLY,MIXED,run04,LIDAR_ONLY,0.1121664047241211,0.34332185983657837,0.21972860395908356,0.2199895679950714,0.21972860395908356,0.0,2.8210959434509277,3572,13645574,113155,26062,521.1507739787469,10,2096,0,0,1515.080,43.44483947753906,-50.668704986572266,66.74310380155842,EXPLORING
8036.781000,LIDAR_ONLY,MIXED,run04,LIDAR_ONLY,0.11438463628292084,0.3448634743690491,0.2194676399230957,0.22051148116588593,0.2194676399230957,0.0,4.489439010620117,3573,13649406,113170,26068,521.5156448664392,10,2098,0,0,1516.080,43.09453582763672,-50.68043518066406,66.52455468480264,EXPLORING
8037.784000,LIDAR_ONLY,MIXED,run04,LIDAR_ONLY,0.11262430995702744,0.3430834114551544,0.21941038966178894,0.2199321687221527,0.21941038966178894,0.0,1.2111669778823853,3575,13657072,113196,26086,521.9301987324906,10,2099,0,0,1517.083,42.7385139465332,-50.61379623413086,66.24355481885591,EXPLORING
8038.783000,LIDAR_ONLY,MIXED,run04,LIDAR_ONLY,0.11084794253110886,0.34033334255218506,0.21909232437610626,0.21935315430164337,0.21909232437610626,0.0,1.2418019771575928,3577,13664740,113228,26090,522.3041783758956,10,2100,0,0,1518.082,42.4358024597168,-50.690738677978516,66.10764300643321,EXPLORING
8039.782000,LIDAR_ONLY,MIXED,run04,LIDAR_ONLY,0.10476697981357574,0.3347989618778229,0.22039645910263062,0.2198747992515564,0.22039645910263062,0.0,1.4990179538726807,3578,13668574,113238,26093,522.6420499916954,10,2102,0,0,1519.081,42.211463928222656,-50.877410888671875,66.10742057993694,EXPLORING
8040.782000,LIDAR_ONLY,MIXED,run04,LIDAR_ONLY,0.11264246702194214,0.3416454493999481,0.21810592710971832,0.21784502267837524,0.21810592710971832,0.0,1.0238230228424072,3579,13672407,113260,26095,522.999281566889,10,2102,0,0,1520.081,42.14999008178711,-50.92223358154297,66.1027083425161,EXPLORING
8041.783000,LIDAR_ONLY,MIXED,run04,LIDAR_ONLY,0.115418940782547,0.3431875705718994,0.21784502267837524,0.21784502267837524,0.21784502267837524,0.0,2.6515350341796875,3580,13676240,113270,26097,523.2541954891209,10,2103,0,0,1521.082,41.94585418701172,-50.87779998779297,65.93844229081068,EXPLORING
8042.784000,LIDAR_ONLY,MIXED,run04,LIDAR_ONLY,0.11064815521240234,0.3383606970310211,0.2194676399230957,0.21920667588710785,0.2194676399230957,0.0,1.0141119956970215,3582,13683905,113260,26101,523.5810903639563,10,2104,0,0,1522.083,41.69563674926758,-50.99957275390625,65.8737876032944,EXPLORING
8043.781000,LIDAR_ONLY,MIXED,run04,LIDAR_ONLY,0.11294015496969223,0.33949416875839233,0.2201356291770935,0.22039645910263062,0.2201356291770935,0.0,0.8416630029678345,3584,13691572,113277,26102,523.9057658673153,10,2106,0,0,1523.080,41.66957092285156,-51.28879928588867,66.08151953352812,EXPLORING
8044.785000,LIDAR_ONLY,MIXED,run04,LIDAR_ONLY,0.10935844480991364,0.33809810876846313,0.2198747992515564,0.22039645910263062,0.2198747992515564,0.0,4.033005237579346,3587,13703071,113332,26111,524.2381628847296,10,2106,0,0,1524.084,41.46628189086914,-51.515968322753906,66.1303325600598,EXPLORING
8045.781000,LIDAR_ONLY,MIXED,run04,LIDAR_ONLY,0.1076575443148613,0.3375881016254425,0.21967127919197083,0.2183668166399002,0.21967127919197083,0.0,1.4478989839553833,3589,13710737,113489,26111,524.5760215477223,10,2107,0,0,1525.080,41.414039611816406,-51.63617706298828,66.19131980231265,EXPLORING
8046.781000,LIDAR_ONLY,MIXED,run04,LIDAR_ONLY,0.11059926450252533,0.3391754925251007,0.21784502267837524,0.2168014645576477,0.21784502267837524,0.0,3.530565023422241,3591,13718404,113516,26124,524.8876262173428,10,2108,0,0,1526.080,41.2630500793457,-51.81153869628906,66.23404223628312,EXPLORING
8047.781000,LIDAR_ONLY,MIXED,run04,LIDAR_ONLY,0.11093159765005112,0.3383847177028656,0.22228020429611206,0.2201930582523346,0.22228020429611206,0.0,1.0436429977416992,3594,13729904,113658,26142,525.0547209748103,10,2109,0,0,1527.080,41.31203842163086,-51.74717330932617,66.21425774964852,EXPLORING
8048.782000,LIDAR_ONLY,MIXED,run04,LIDAR_ONLY,0.11161122471094131,0.336190789937973,0.22097574174404144,0.22071485221385956,0.22097574174404144,0.0,4.4770331382751465,3596,13737570,113713,26147,525.2913104124963,10,2110,0,0,1528.081,41.22791290283203,-51.73849868774414,66.15502013030856,EXPLORING
8049.781000,LIDAR_ONLY,MIXED,run04,LIDAR_ONLY,0.12138906866312027,0.34197431802749634,0.22086049616336823,0.21981747448444366,0.22086049616336823,0.0,2.4913740158081055,3598,13745240,113793,26200,525.5658616307106,10,2111,0,0,1529.080,41.179683685302734,-51.646728515625,66.0531962071393,EXPLORING
8050.781000,LIDAR_ONLY,MIXED,run04,LIDAR_ONLY,0.12171643227338791,0.3387606739997864,0.21972860395908356,0.21920667588710785,0.21972860395908356,0.0,1.2518960237503052,3600,13752905,113868,26238,525.8403977569758,10,2111,0,0,1530.080,41.243011474609375,-51.682437896728516,66.1206022388974,EXPLORING
8051.782000,LIDAR_ONLY,MIXED,run04,LIDAR_ONLY,0.116544708609581,0.3378809094429016,0.2192387878894806,0.21897810697555542,0.2192387878894806,0.0,11.759532928466797,3601,13756741,113845,26252,526.1957840019187,10,2113,0,0,1531.081,41.33253860473633,-51.41205978393555,65.96553912465926,EXPLORING
8052.782000,LIDAR_ONLY,MIXED,run04,LIDAR_ONLY,0.09693291038274765,0.3272879719734192,0.21941038966178894,0.2201930582523346,0.21941038966178894,0.0,8.463662147521973,3603,13764410,113902,26258,526.7097526698072,10,2113,0,0,1532.081,41.2523193359375,-51.71377182006836,66.15090066647556,EXPLORING
8053.781000,LIDAR_ONLY,MIXED,run04,LIDAR_ONLY,0.10794501006603241,0.3365477919578552,0.21888859570026398,0.2186277061700821,0.21888859570026398,0.0,4.913784980773926,3604,13768243,113902,26259,527.1880700561826,10,2114,0,0,1533.080,41.23573303222656,-51.7973518371582,66.20592805402023,EXPLORING
8054.781000,LIDAR_ONLY,MIXED,run04,LIDAR_ONLY,0.10699016600847244,0.336627334356308,0.21810592710971832,0.21888859570026398,0.21810592710971832,0.0,1.451019048690796,3606,13775909,113920,26265,527.4085855685502,10,2114,0,0,1534.080,41.18019104003906,-51.89536666870117,66.24810046322948,EXPLORING
8055.782000,LIDAR_ONLY,MIXED,run04,LIDAR_ONLY,0.10670707374811172,0.33626410365104675,0.21726655960083008,0.2177882045507431,0.21726655960083008,0.0,4.431793212890625,3608,13783576,113975,26265,527.7427878326506,10,2115,0,0,1535.081,41.025856018066406,-51.923030853271484,66.1739818704135,EXPLORING
8056.781000,LIDAR_ONLY,MIXED,run04,LIDAR_ONLY,0.11281727999448776,0.34093087911605835,0.22097574174404144,0.21914948523044586,0.22097574174404144,0.0,7.0718889236450195,3609,13787409,114017,26271,528.0124641297332,10,2117,0,0,1536.080,40.87956619262695,-52.004085540771484,66.14709326211707,EXPLORING
8057.781000,LIDAR_ONLY,MIXED,run04,LIDAR_ONLY,0.11480939388275146,0.3406892418861389,0.21967127919197083,0.21967127919197083,0.21967127919197083,0.0,1.2679539918899536,3611,13795078,114211,26284,528.2930855082307,10,2118,0,0,1537.080,40.619720458984375,-52.03956985473633,66.01479461296937,EXPLORING
8058.783000,LIDAR_ONLY,MIXED,run04,LIDAR_ONLY,0.11174691468477249,0.3387042284011841,0.2180490344762802,0.22117891907691956,0.2180490344762802,0.0,0.83017897605896,3613,13802746,114214,26288,528.7171768805592,10,2119,0,0,1538.082,40.24361038208008,-51.99790954589844,65.75109233136301,EXPLORING
8059.783000,LIDAR_ONLY,MIXED,run04,LIDAR_ONLY,0.10943359136581421,0.33755913376808167,0.21888859570026398,0.21914948523044586,0.21888859570026398,0.0,1.1019619703292847,3615,13810411,114244,26316,529.148080293623,10,2120,0,0,1539.082,39.86945343017578,-52.04526901245117,65.56034940391226,EXPLORING
8060.783000,LIDAR_ONLY,MIXED,run04,LIDAR_ONLY,0.10408171266317368,0.3321015238761902,0.21937842667102814,0.22042308747768402,0.21937842667102814,0.0,0.7542700171470642,3617,13818073,114273,26324,529.5553037282473,10,2121,0,0,1540.082,39.515846252441406,-52.07539749145508,65.36991567303556,EXPLORING
8061.783000,LIDAR_ONLY,MIXED,run04,LIDAR_ONLY,0.10587263852357864,0.3348711431026459,0.21978595852851868,0.21978595852851868,0.21978595852851868,0.0,2.450701951980591,3618,13821904,114290,26333,529.9587231482177,10,2123,0,0,1541.082,39.17900466918945,-52.107322692871094,65.19236820390685,EXPLORING
8062.784000,LIDAR_ONLY,MIXED,run04,LIDAR_ONLY,0.1119900792837143,0.3373834192752838,0.21958224475383759,0.21984334290027618,0.21958224475383759,0.0,1.1338920593261719,3620,13829565,114283,26335,530.3043266471121,10,2124,0,0,1542.083,38.889305114746094,-52.194156646728516,65.08829331975096,EXPLORING
8063.781000,LIDAR_ONLY,MIXED,run04,LIDAR_ONLY,0.11015575379133224,0.3373037278652191,0.2200469821691513,0.2200469821691513,0.2200469821691513,0.0,1.1937830448150635,3622,13837225,114300,26340,530.7226469201427,10,2126,0,0,1543.080,38.50128936767578,-52.12576675415039,64.80218791300247,EXPLORING
8064.782000,LIDAR_ONLY,MIXED,run04,LIDAR_ONLY,0.1146431639790535,0.341734915971756,0.21952493488788605,0.21874184906482697,0.21952493488788605,0.0,1.2710360288619995,3625,13848716,114322,26342,531.1123886227316,10,2127,0,0,1544.081,38.17961883544922,-52.224639892578125,64.69138717773826,EXPLORING
8065.781000,LIDAR_ONLY,MIXED,run04,LIDAR_ONLY,0.11244051903486252,0.3409554064273834,0.2200469821691513,0.22056904435157776,0.2200469821691513,0.0,2.033292055130005,3626,13852547,114367,26342,531.5142254664491,10,2128,0,0,1545.080,37.881771087646484,-52.44139862060547,64.69164198630861,EXPLORING
8066.796000,LIDAR_ONLY,MIXED,run04,LIDAR_ONLY,0.10670135170221329,0.3369576334953308,0.21874184906482697,0.22030802071094513,0.21874184906482697,0.0,1.2302429676055908,3629,13864041,114367,26346,531.8589429943695,10,2130,0,0,1546.095,37.60707092285156,-52.61328125,64.67093023216688,EXPLORING
8067.781000,LIDAR_ONLY,MIXED,run04,LIDAR_ONLY,0.11595580726861954,0.34338948130607605,0.2167101800441742,0.2185378521680832,0.2167101800441742,0.0,0.9946799874305725,3632,13875531,114437,26346,532.211695488128,10,2130,0,0,1547.080,37.39276885986328,-52.750579833984375,64.65851229760192,EXPLORING
8068.781000,LIDAR_ONLY,MIXED,run04,LIDAR_ONLY,0.11671390384435654,0.3440762162208557,0.2188560962677002,0.2188560962677002,0.2188560962677002,0.0,1.0188720226287842,3633,13879360,114454,26353,532.5390713549277,10,2132,0,0,1548.080,37.2161865234375,-53.01144790649414,64.76989000168538,EXPLORING
8069.782000,LIDAR_ONLY,MIXED,run04,LIDAR_ONLY,0.11245302855968475,0.3415943682193756,0.21874184906482697,0.2190028727054596,0.21874184906482697,0.0,1.5582950115203857,3636,13890849,114496,26359,532.835689733613,10,2133,0,0,1549.081,37.02384948730469,-53.09248352050781,64.7260229843009,EXPLORING
8070.781000,LIDAR_ONLY,MIXED,run04,LIDAR_ONLY,0.10729306191205978,0.33776554465293884,0.2202194333076477,0.21917450428009033,0.2202194333076477,0.0,3.1356770992279053,3639,13902336,114518,26364,533.2269173597103,10,2135,0,0,1550.080,36.70983123779297,-53.307437896728516,64.72384333921651,EXPLORING
8071.781000,LIDAR_ONLY,MIXED,run04,LIDAR_ONLY,0.10842002928256989,0.338959664106369,0.21969696879386902,0.21865203976631165,0.21969696879386902,0.0,0.8374239802360535,3643,13917650,114621,26371,533.578295301491,10,2135,0,0,1551.080,36.53649139404297,-53.475223541259766,64.76415820134632,EXPLORING
8072.781000,LIDAR_ONLY,MIXED,run04,LIDAR_ONLY,0.11664640158414841,0.34495195746421814,0.21952493488788605,0.21926389634609222,0.21952493488788605,0.0,0.9128580093383789,3645,13925309,114742,26391,533.8498438456082,10,2135,0,0,1552.080,36.319889068603516,-53.49202346801758,64.65611172407337,EXPLORING
8073.783000,LIDAR_ONLY,MIXED,run04,LIDAR_ONLY,0.12230401486158371,0.3470274806022644,0.2194930762052536,0.2192317694425583,0.2194930762052536,0.0,0.8405960202217102,3647,13932967,114757,26400,534.2210651884056,10,2136,0,0,1553.082,35.993289947509766,-53.61712646484375,64.57705148436358,EXPLORING
8074.782000,LIDAR_ONLY,MIXED,run04,LIDAR_ONLY,0.11347676813602448,0.33940646052360535,0.2190028727054596,0.22109109163284302,0.2190028727054596,0.0,4.4202399253845215,3649,13940628,114771,26445,534.5604223759921,10,2137,0,0,1554.081,35.897010803222656,-53.860469818115234,64.72579070093974,EXPLORING
8075.781000,LIDAR_ONLY,MIXED,run04,LIDAR_ONLY,0.12208344787359238,0.3476061224937439,0.21844786405563354,0.21897047758102417,0.21844786405563354,0.0,2.05889892578125,3650,13944455,114839,26446,534.7653761148101,10,2139,0,0,1555.080,35.75625228881836,-53.96615982055664,64.7359139888312,EXPLORING
8076.782000,LIDAR_ONLY,MIXED,run04,LIDAR_ONLY,0.10944364964962006,0.34079498052597046,0.218913272023201,0.218913272023201,0.218913272023201,0.0,7.8289899826049805,3651,13948283,114829,26473,534.9744042581174,10,2140,0,0,1556.081,35.70550537109375,-53.98925018310547,64.72715741001022,EXPLORING
8077.781000,LIDAR_ONLY,MIXED,run04,LIDAR_ONLY,0.10769768059253693,0.33829206228256226,0.2178114354610443,0.21911726891994476,0.2178114354610443,0.0,1.7250440120697021,3653,13955942,114870,26478,535.2924784550986,10,2141,0,0,1557.080,35.529563903808594,-54.065223693847656,64.69374981498372,EXPLORING
8078.784000,LIDAR_ONLY,MIXED,run04,LIDAR_ONLY,0.10491453111171722,0.3350074291229248,0.21786834299564362,0.21812957525253296,0.21786834299564362,0.0,1.945834994316101,3655,13963596,114958,26478,535.5227690179744,10,2144,0,0,1558.083,35.436546325683594,-54.1707649230957,64.7310097429567,EXPLORING
8079.781000,LIDAR_ONLY,MIXED,run04,LIDAR_ONLY,0.1035713255405426,0.3339868485927582,0.2177545726299286,0.2177545726299286,0.2177545726299286,0.0,1.613239049911499,3656,13967426,114994,26479,535.850792437757,10,2145,0,0,1559.080,35.267696380615234,-54.26667785644531,64.71913179613027,EXPLORING
8080.784000,LIDAR_ONLY,MIXED,run04,LIDAR_ONLY,0.10402105003595352,0.3333672285079956,0.21818657219409943,0.21818657219409943,0.21818657219409943,0.0,2.84493088722229,3658,13975083,115012,26506,536.0823562924197,10,2147,0,0,1560.083,35.17689895629883,-54.38454055786133,64.76863312871141,EXPLORING
8081.781000,LIDAR_ONLY,MIXED,run04,LIDAR_ONLY,0.10696585476398468,0.33540666103363037,0.21870917081832886,0.2192317694425583,0.21870917081832886,0.0,0.6815739870071411,3660,13982740,115029,26512,536.4072495263024,10,2149,0,0,1561.080,35.01622772216797,-54.512451171875,64.78909715944448,EXPLORING
8082.785000,LIDAR_ONLY,MIXED,run04,LIDAR_ONLY,0.1075056940317154,0.3363915979862213,0.21911726891994476,0.2188560962677002,0.21911726891994476,0.0,0.8502020239830017,3662,13990398,115025,26515,536.6738777292665,10,2149,0,0,1562.084,34.906185150146484,-54.69529342651367,64.88374619004271,EXPLORING
8083.781000,LIDAR_ONLY,MIXED,run04,LIDAR_ONLY,0.12145321071147919,0.34650832414627075,0.21844786405563354,0.21897047758102417,0.21844786405563354,0.0,1.2117609977722168,3664,13998054,115119,26517,536.914539904084,10,2150,0,0,1563.080,34.69137954711914,-54.76198959350586,64.8247739891587,EXPLORING
8084.782000,LIDAR_ONLY,MIXED,run04,LIDAR_ONLY,0.12286488711833954,0.34373852610588074,0.2187989503145218,0.21958224475383759,0.2187989503145218,0.0,2.7277209758758545,3667,14009540,115113,26534,537.3250783046409,10,2152,0,0,1564.081,34.404476165771484,-54.94485855102539,64.82661395405457,EXPLORING
8085.781000,LIDAR_ONLY,MIXED,run04,LIDAR_ONLY,0.11646801233291626,0.3428468108177185,0.219321146607399,0.2190600484609604,0.219321146607399,0.0,4.404965877532959,3669,14017200,115139,26534,537.6754445925649,10,2154,0,0,1565.080,34.24391174316406,-55.20672607421875,64.963933098388,EXPLORING
8086.781000,LIDAR_ONLY,MIXED,run04,LIDAR_ONLY,0.12362317740917206,0.34430837631225586,0.2190028727054596,0.2182197868824005,0.2190028727054596,0.0,0.7127749919891357,3671,14024861,115152,26535,538.0198807626887,10,2155,0,0,1566.080,33.942344665527344,-55.33208084106445,64.91230184044025,EXPLORING
8087.781000,LIDAR_ONLY,MIXED,run04,LIDAR_ONLY,0.09999028593301773,0.31815993785858154,0.22323760390281677,0.2151436060667038,0.22323760390281677,0.0,0.8495829701423645,3676,14044007,115235,26541,538.3930379726178,10,2156,0,0,1567.080,33.87853240966797,-55.64128112792969,65.14285826307795,EXPLORING
8088.782000,LIDAR_ONLY,MIXED,run04,LIDAR_ONLY,0.10302625596523285,0.3289918005466461,0.2187989503145218,0.2182767689228058,0.2187989503145218,0.0,2.5911660194396973,3678,14051668,115294,26552,538.6453014309783,10,2158,0,0,1568.081,33.80830383300781,-55.74930191040039,65.19870379647546,EXPLORING
8089.785000,LIDAR_ONLY,MIXED,run04,LIDAR_ONLY,0.11977848410606384,0.3490162789821625,0.2207418978214264,0.218913272023201,0.2207418978214264,0.0,3.8298380374908447,3681,14063151,115313,26558,538.9419008743226,10,2159,0,0,1569.084,33.73257827758789,-55.73588180541992,65.1479886478272,EXPLORING
8090.781000,LIDAR_ONLY,MIXED,run04,LIDAR_ONLY,0.10914189368486404,0.3421541750431061,0.2197543829679489,0.21844786405563354,0.2197543829679489,0.0,1.6125240325927734,3683,14070807,115300,26560,539.307787098155,10,2160,0,0,1570.080,33.40450668334961,-55.64645004272461,64.90203590036482,EXPLORING
8091.781000,LIDAR_ONLY,MIXED,run04,LIDAR_ONLY,0.11245236545801163,0.34406518936157227,0.22088773548603058,0.21749347448349,0.22088773548603058,0.0,2.0839719772338867,3685,14078465,115339,26569,539.6198889319554,10,2162,0,0,1571.080,33.17084884643555,-55.653221130371094,64.7879038711329,EXPLORING
8092.783000,LIDAR_ONLY,MIXED,run04,LIDAR_ONLY,0.12601156532764435,0.3532834053039551,0.21807260811328888,0.21833376586437225,0.21807260811328888,0.0,1.37220299243927,3688,14089952,115369,26570,539.9519908096254,10,2164,0,0,1572.082,32.85044860839844,-55.617149353027344,64.59339126647585,EXPLORING
8093.788000,LIDAR_ONLY,MIXED,run04,LIDAR_ONLY,0.12777133285999298,0.35417383909225464,0.21665361523628235,0.21769772469997406,0.21665361523628235,0.0,1.1947170495986938,3690,14097613,115428,26572,540.3850930684257,10,2166,0,0,1573.087,32.49391555786133,-55.659603118896484,64.44946514745618,EXPLORING
8094.781000,LIDAR_ONLY,MIXED,run04,LIDAR_ONLY,0.12935680150985718,0.35554569959640503,0.21812957525253296,0.21917450428009033,0.21812957525253296,0.0,1.1745489835739136,3693,14109102,115437,26572,540.8080028155806,10,2167,0,0,1574.080,32.12455368041992,-55.70070266723633,64.29963852427103,EXPLORING
8095.782000,LIDAR_ONLY,MIXED,run04,LIDAR_ONLY,0.12708956003189087,0.35282862186431885,0.21555323898792267,0.21581420302391052,0.21555323898792267,0.0,3.3813018798828125,3694,14112934,115448,26576,541.1944483728752,10,2170,0,0,1575.081,31.836994171142578,-55.779727935791016,64.22508105442144,EXPLORING
8096.783000,LIDAR_ONLY,MIXED,run04,LIDAR_ONLY,0.12329044193029404,0.3498704433441162,0.217027947306633,0.21807260811328888,0.217027947306633,0.0,1.8890019655227661,3696,14120595,115458,26579,541.490916629879,10,2172,0,0,1576.082,31.61969566345215,-55.91294860839844,64.23357441634096,EXPLORING
8097.782000,LIDAR_ONLY,MIXED,run04,LIDAR_ONLY,0.12451520562171936,0.3508375883102417,0.21807260811328888,0.2188560962677002,0.21807260811328888,0.0,4.154975891113281,3698,14128255,115506,26579,541.8533520954749,10,2173,0,0,1577.081,31.332422256469727,-56.07744216918945,64.23620271555858,EXPLORING
8098.782000,LIDAR_ONLY,MIXED,run04,LIDAR_ONLY,0.12478739768266678,0.347775399684906,0.2188560962677002,0.21728910505771637,0.2188560962677002,0.0,1.5159510374069214,3700,14135916,115518,26579,542.2281088605293,10,2175,0,0,1578.081,31.03578758239746,-56.22539138793945,64.22152865886089,EXPLORING
8099.781000,LIDAR_ONLY,MIXED,run04,LIDAR_ONLY,0.10863545536994934,0.332681804895401,0.2177545726299286,0.2169712781906128,0.2177545726299286,0.0,0.7790020108222961,3701,14139746,115552,26579,542.5453619290512,10,2176,0,0,1579.080,30.921892166137695,-56.45510482788086,64.36794466232176,EXPLORING
8100.783000,LIDAR_ONLY,MIXED,run04,LIDAR_ONLY,0.11732225865125656,0.3507086932659149,0.2183908075094223,0.21734587848186493,0.2183908075094223,0.0,2.9116010665893555,3703,14147407,115571,26580,542.8027839382231,10,2178,0,0,1580.082,30.83369255065918,-56.45565414428711,64.32610418384749,EXPLORING
8101.781000,LIDAR_ONLY,MIXED,run04,LIDAR_ONLY,0.10520492494106293,0.3414841890335083,0.2187989503145218,0.2177545726299286,0.2187989503145218,0.0,1.3914140462875366,3705,14155070,115571,26582,543.1633978780136,10,2179,0,0,1581.080,30.791854858398438,-56.40741729736328,64.26371740444122,EXPLORING
8102.781000,LIDAR_ONLY,MIXED,run04,LIDAR_ONLY,0.1204291507601738,0.350114643573761,0.21833376586437225,0.21650561690330505,0.21833376586437225,0.0,2.334099054336548,3706,14158899,115582,26582,543.4539313753604,10,2181,0,0,1582.080,30.790449142456055,-56.43714141845703,64.28913586232657,EXPLORING
8103.795000,LIDAR_ONLY,MIXED,run04,LIDAR_ONLY,0.12369364500045776,0.35080593824386597,0.21790188550949097,0.2171189934015274,0.21790188550949097,0.0,1.0834230184555054,3708,14166561,115613,26582,543.6893233060227,10,2182,0,0,1583.094,30.602907180786133,-56.540313720703125,64.2902448805702,EXPLORING
8104.783000,LIDAR_ONLY,MIXED,run04,LIDAR_ONLY,0.12579180300235748,0.3514010012149811,0.21691463887691498,0.21874184906482697,0.21691463887691498,0.0,0.7802810072898865,3712,14181884,115613,26588,544.1053155044169,10,2183,0,0,1584.082,30.242006301879883,-56.66854476928711,64.23234465787296,EXPLORING
8105.781000,LIDAR_ONLY,MIXED,run04,LIDAR_ONLY,0.1257496029138565,0.3458811044692993,0.21833376586437225,0.217027947306633,0.21833376586437225,0.0,1.4688609838485718,3715,14193376,115709,26621,544.4887420136647,10,2185,0,0,1585.080,29.977827072143555,-56.87177658081055,64.28810640629857,EXPLORING
8106.781000,LIDAR_ONLY,MIXED,run04,LIDAR_ONLY,0.11786139011383057,0.3489310145378113,0.21833376586437225,0.21650561690330505,0.21833376586437225,0.0,0.9325529932975769,3717,14201035,115924,26671,544.8799294782716,10,2186,0,0,1586.080,29.777467727661133,-57.06682586669922,64.36778671161673,EXPLORING
8107.783000,LIDAR_ONLY,MIXED,run04,LIDAR_ONLY,0.12670773267745972,0.36217108368873596,0.22140991687774658,0.2151436060667038,0.22140991687774658,0.0,0.7680699825286865,3719,14208694,115974,26671,545.2041281908112,10,2188,0,0,1587.082,29.4649715423584,-57.10679244995117,64.25933896993338,EXPLORING
8108.781000,LIDAR_ONLY,MIXED,run04,LIDAR_ONLY,0.11434292048215866,0.354020893573761,0.2189457267522812,0.21555323898792267,0.2189457267522812,0.0,1.6225550174713135,3722,14220187,115983,26674,545.640467091748,10,2188,0,0,1588.080,29.102191925048828,-57.083282470703125,64.07286325277418,EXPLORING
8109.784000,LIDAR_ONLY,MIXED,run04,LIDAR_ONLY,0.12175392359495163,0.36083585023880005,0.2180156707763672,0.2164490818977356,0.2180156707763672,0.0,0.9619280099868774,3723,14224017,116026,26674,545.9991463142023,10,2191,0,0,1589.083,28.854984283447266,-57.0627555847168,63.94264456519546,EXPLORING
8110.781000,LIDAR_ONLY,MIXED,run04,LIDAR_ONLY,0.12416581809520721,0.35610607266426086,0.214360311627388,0.2172323763370514,0.214360311627388,0.0,1.8480260372161865,3726,14235503,116036,26674,546.3292870560679,10,2193,0,0,1590.080,28.56547737121582,-57.1424446105957,63.88379747889918,EXPLORING
8111.782000,LIDAR_ONLY,MIXED,run04,LIDAR_ONLY,0.1283552348613739,0.3546813726425171,0.21859493851661682,0.21859493851661682,0.21859493851661682,0.0,0.9015169739723206,3729,14246992,116030,26677,546.7111242328032,10,2194,0,0,1591.081,28.299406051635742,-57.3595085144043,63.95986278596621,EXPLORING
8112.782000,LIDAR_ONLY,MIXED,run04,LIDAR_ONLY,0.12533541023731232,0.3617791533470154,0.2169712781906128,0.2185378521680832,0.2169712781906128,0.0,2.8027310371398926,3731,14254649,116101,26677,546.9740649041222,10,2194,0,0,1592.081,28.113630294799805,-57.488155364990234,63.99342873368847,EXPLORING
8113.784000,LIDAR_ONLY,MIXED,run04,LIDAR_ONLY,0.11655358970165253,0.35825759172439575,0.22053827345371246,0.21740266680717468,0.22053827345371246,0.0,4.24981689453125,3733,14262306,116107,26678,547.4003304973015,10,2194,0,0,1593.083,27.748125076293945,-57.64376449584961,63.973880037795354,EXPLORING
8114.781000,LIDAR_ONLY,MIXED,run04,LIDAR_ONLY,0.12021905183792114,0.3603992164134979,0.22053827345371246,0.21766397356987,0.22053827345371246,0.0,1.2898999452590942,3734,14266133,116101,26686,547.776358700363,10,2196,0,0,1594.080,27.482511520385742,-57.75044631958008,63.95543934056269,EXPLORING
8115.782000,LIDAR_ONLY,MIXED,run04,LIDAR_ONLY,0.12082114070653915,0.36078739166259766,0.2196395993232727,0.21572211384773254,0.2196395993232727,0.0,4.33796501159668,3736,14273792,116143,26688,548.0353856486489,10,2198,0,0,1595.081,27.31496238708496,-57.894798278808594,64.01414513753693,EXPLORING
8116.781000,LIDAR_ONLY,MIXED,run04,LIDAR_ONLY,0.12399794161319733,0.3643758296966553,0.21870917081832886,0.22001567482948303,0.21870917081832886,0.0,0.7845709919929504,3738,14281447,116275,26693,548.4220536809347,10,2199,0,0,1596.080,26.97313690185547,-58.016910552978516,63.97975099330734,EXPLORING
8117.781000,LIDAR_ONLY,MIXED,run04,LIDAR_ONLY,0.12276115268468857,0.3658222556114197,0.21812957525253296,0.21943573653697968,0.21812957525253296,0.0,0.965785026550293,3740,14289105,116235,26700,548.8672045813842,10,2201,0,0,1597.080,26.643980026245117,-58.149681091308594,63.96236498176982,EXPLORING
8118.792000,LIDAR_ONLY,MIXED,run04,LIDAR_ONLY,0.10823871940374374,0.35271772742271423,0.2179252654314041,0.21531225740909576,0.2179252654314041,0.0,1.4980299472808838,3741,14292932,116328,26718,549.2037418132429,10,2204,0,0,1598.091,26.398157119750977,-58.22317886352539,63.92729254467242,EXPLORING
8119.781000,LIDAR_ONLY,MIXED,run04,LIDAR_ONLY,0.12138733267784119,0.36359524726867676,0.21809624135494232,0.2196652740240097,0.21809624135494232,0.0,2.71197509765625,3743,14300583,116328,26718,549.4814602261374,10,2205,0,0,1599.080,26.277976989746094,-58.297542572021484,63.945548670636605,EXPLORING
8120.781000,LIDAR_ONLY,MIXED,run04,LIDAR_ONLY,0.1257912516593933,0.3681242763996124,0.21856209635734558,0.21856209635734558,0.21856209635734558,0.0,1.1991560459136963,3745,14308234,116509,26758,549.8953121894796,10,2207,0,0,1600.080,25.997547149658203,-58.559288024902344,64.06996685550641,EXPLORING
8121.781000,LIDAR_ONLY,MIXED,run04,LIDAR_ONLY,0.1201893761754036,0.36376625299453735,0.21972273290157318,0.21972273290157318,0.21972273290157318,0.0,8.425227165222168,3748,14319703,116799,26790,550.1903359666708,10,2209,0,0,1601.080,25.885480880737305,-58.75381088256836,64.20254239136258,EXPLORING
8122.781000,LIDAR_ONLY,MIXED,run04,LIDAR_ONLY,0.11833114922046661,0.3577738106250763,0.21684540808200836,0.21736855804920197,0.21684540808200836,0.0,0.9118300080299377,3751,14331168,117051,26801,550.5118024077211,10,2210,0,0,1602.080,25.63382339477539,-58.93000793457031,64.26303074378639,EXPLORING
8123.781000,LIDAR_ONLY,MIXED,run04,LIDAR_ONLY,0.11698608100414276,0.3584979176521301,0.21727748215198517,0.2193717211484909,0.21727748215198517,0.0,0.5053510069847107,3754,14342633,116923,26850,550.9483317973128,10,2211,0,0,1603.080,25.30030632019043,-59.043495178222656,64.23502759449065,EXPLORING
8124.783000,LIDAR_ONLY,MIXED,run04,LIDAR_ONLY,0.120726078748703,0.36261236667633057,0.218880757689476,0.2196652740240097,0.218880757689476,0.0,3.6812210083007812,3757,14354100,117163,26910,551.2627186013409,10,2214,0,0,1604.082,25.1871280670166,-59.30951690673828,64.435309874959,EXPLORING
8125.786000,LIDAR_ONLY,MIXED,run04,LIDAR_ONLY,0.12116174399852753,0.36153486371040344,0.2178010493516922,0.21989528834819794,0.2178010493516922,0.0,1.358085036277771,3759,14361744,117584,26934,551.6249561643436,10,2214,0,0,1605.085,25.012357711791992,-59.59776306152344,64.63288978066177,EXPLORING
8126.781000,LIDAR_ONLY,MIXED,run04,LIDAR_ONLY,0.11855246126651764,0.3586544990539551,0.21826747059822083,0.21957603096961975,0.21826747059822083,0.0,0.9791100025177002,3761,14369385,117506,26966,551.9918252398351,10,2217,0,0,1606.080,24.81239891052246,-59.6461296081543,64.60042811884846,EXPLORING
8127.781000,LIDAR_ONLY,MIXED,run04,LIDAR_ONLY,0.11472226679325104,0.356219083070755,0.21739129722118378,0.21739129722118378,0.21739129722118378,0.0,1.3416630029678345,3764,14380839,117733,27027,552.3413463985396,10,2218,0,0,1607.080,24.715511322021484,-59.80165481567383,64.70698473171115,EXPLORING
8128.781000,LIDAR_ONLY,MIXED,run04,LIDAR_ONLY,0.12583233416080475,0.36094439029693604,0.21753926575183868,0.2193717211484909,0.21753926575183868,0.0,1.0223729610443115,3766,14388478,118000,27098,552.578501055209,10,2219,0,0,1608.080,24.671228408813477,-59.98832702636719,64.86268782706642,EXPLORING
8129.785000,LIDAR_ONLY,MIXED,run04,LIDAR_ONLY,0.12718075513839722,0.36605578660964966,0.2177208513021469,0.21981181204319,0.2177208513021469,0.0,0.8541139960289001,3768,14396126,118176,27132,552.9710328260929,10,2221,0,0,1609.084,24.634714126586914,-60.36311340332031,65.19565730155313,EXPLORING
8130.782000,LIDAR_ONLY,MIXED,run04,LIDAR_ONLY,0.1352851539850235,0.36648568511009216,0.21951857209205627,0.21690215170383453,0.21951857209205627,0.0,1.2796050310134888,3770,14403770,118606,27132,553.3414207299081,10,2223,0,0,1610.081,24.573633193969727,-60.65879821777344,65.44656023966799,EXPLORING
8131.782000,LIDAR_ONLY,MIXED,run04,LIDAR_ONLY,0.12236857414245605,0.3520769476890564,0.21740266680717468,0.21818657219409943,0.21740266680717468,0.0,4.160882949829102,3772,14411422,118755,27191,553.7480981979292,10,2225,0,0,1611.081,24.627655029296875,-60.995662689208984,65.77910655687705,EXPLORING
8132.783000,LIDAR_ONLY,MIXED,run04,LIDAR_ONLY,0.1350601613521576,0.3684648871421814,0.21796874701976776,0.21484375,0.21796874701976776,0.0,1.7901910543441772,3774,14419089,118672,27260,554.0463841029585,10,2227,0,0,1612.082,24.627544403076172,-61.27268600463867,66.03602316486041,EXPLORING
8133.782000,LIDAR_ONLY,MIXED,run04,LIDAR_ONLY,0.14282910525798798,0.3738522231578827,0.21875,0.21666666865348816,0.21875,0.0,1.514428973197937,3775,14422929,118965,27305,554.4654081784336,10,2227,0,0,1613.081,24.547462463378906,-61.64657974243164,66.353424222342,EXPLORING
8134.781000,LIDAR_ONLY,MIXED,run04,LIDAR_ONLY,0.13611161708831787,0.36657267808914185,0.21927084028720856,0.21302083134651184,0.21927084028720856,0.0,2.798003911972046,3777,14430609,119112,27338,554.8815473647329,10,2228,0,0,1614.080,24.507568359375,-61.94576644897461,66.61679148665304,EXPLORING
8135.781000,LIDAR_ONLY,MIXED,run04,LIDAR_ONLY,0.1411568522453308,0.3738211393356323,0.21822915971279144,0.21536459028720856,0.21822915971279144,0.0,0.8884959816932678,3778,14434449,119232,27338,555.2768888607462,10,2230,0,0,1615.080,24.435007095336914,-62.29895782470703,66.91881333122231,EXPLORING
8136.782000,LIDAR_ONLY,MIXED,run04,LIDAR_ONLY,0.12773336470127106,0.36708852648735046,0.2174479216337204,0.21692708134651184,0.2174479216337204,0.0,0.770907998085022,3780,14442129,119290,27456,555.7039705134257,10,2232,0,0,1616.081,24.406099319458008,-62.65391540527344,67.23889061449516,EXPLORING
8137.782000,LIDAR_ONLY,MIXED,run04,LIDAR_ONLY,0.11715878546237946,0.3564634323120117,0.21822915971279144,0.21328124403953552,0.21822915971279144,0.0,1.9798239469528198,3782,14449809,119443,27456,555.9676470802993,10,2234,0,0,1617.081,24.223217010498047,-62.814083099365234,67.3221443084438,EXPLORING
8138.784000,LIDAR_ONLY,MIXED,run04,LIDAR_ONLY,0.1344427466392517,0.3692987561225891,0.21822915971279144,0.21718749403953552,0.21822915971279144,0.0,1.2075990438461304,3784,14457489,119443,27456,556.3575230958743,10,2236,0,0,1618.083,24.029245376586914,-63.06546401977539,67.48744616619327,EXPLORING
8139.781000,LIDAR_ONLY,MIXED,run04,LIDAR_ONLY,0.14082089066505432,0.37139445543289185,0.21770833432674408,0.21770833432674408,0.21770833432674408,0.0,1.1083710193634033,3786,14465169,119568,27507,556.712038553584,10,2237,0,0,1619.080,23.982568740844727,-63.34211730957031,67.72950086637742,EXPLORING
8140.781000,LIDAR_ONLY,MIXED,run04,LIDAR_ONLY,0.1352478265762329,0.3594232201576233,0.21796874701976776,0.21848958730697632,0.21796874701976776,0.0,0.9817969799041748,3787,14469009,119518,27532,556.9775881052616,10,2239,0,0,1620.080,24.000537872314453,-63.45546340942383,67.84187040700678,EXPLORING
8141.782000,LIDAR_ONLY,MIXED,run04,LIDAR_ONLY,0.14424078166484833,0.36479300260543823,0.21692708134651184,0.21692708134651184,0.21692708134651184,0.0,1.336542010307312,3790,14480529,119672,27559,557.2342955578395,10,2240,0,0,1621.081,24.026790618896484,-63.602569580078125,67.9887569491486,EXPLORING
8142.781000,LIDAR_ONLY,MIXED,run04,LIDAR_ONLY,0.14098051190376282,0.3697429895401001,0.21718749403953552,0.21666666865348816,0.21718749403953552,0.0,3.8298699855804443,3793,14492049,119728,27566,557.6502979799301,10,2242,0,0,1622.080,24.09676170349121,-63.97139358520508,68.3585416182088,EXPLORING
8143.782000,LIDAR_ONLY,MIXED,run04,LIDAR_ONLY,0.14118216931819916,0.3685007095336914,0.21875,0.21536459028720856,0.21875,0.0,1.3058439493179321,3796,14503569,119782,27605,558.0834685329477,10,2243,0,0,1623.081,24.113895416259766,-64.3393325805664,68.7089980168006,EXPLORING
8144.782000,LIDAR_ONLY,MIXED,run04,LIDAR_ONLY,0.13430041074752808,0.3645372688770294,0.2252604216337204,0.21848958730697632,0.2252604216337204,0.0,0.7229419946670532,3798,14511249,119759,27619,558.5236088140771,10,2245,0,0,1624.081,24.17418670654297,-64.71029663085938,69.07756577380437,EXPLORING
8145.781000,LIDAR_ONLY,MIXED,run04,LIDAR_ONLY,0.12871906161308289,0.36337602138519287,0.21822915971279144,0.2135416716337204,0.21822915971279144,0.0,0.8121320009231567,3800,14518929,119797,27628,558.9260824475467,10,2246,0,0,1625.080,24.119991302490234,-65.07609558105469,69.40150062640184,EXPLORING
8146.785000,LIDAR_ONLY,MIXED,run04,LIDAR_ONLY,0.11626983433961868,0.35132116079330444,0.21718749403953552,0.21692708134651184,0.21718749403953552,0.0,3.4727370738983154,3802,14526609,119822,27628,559.2999031251252,10,2247,0,0,1626.084,23.94872283935547,-65.3753433227539,69.62307817758237,EXPLORING
8147.783000,LIDAR_ONLY,MIXED,run04,LIDAR_ONLY,0.12065784633159637,0.3540293872356415,0.2200520783662796,0.21640625596046448,0.2200520783662796,0.0,1.2243009805679321,3803,14530449,119849,27632,559.7098820889428,10,2248,0,0,1627.082,23.756120681762695,-65.67842102050781,69.8419970602607,EXPLORING
8148.782000,LIDAR_ONLY,MIXED,run04,LIDAR_ONLY,0.13015210628509521,0.36014798283576965,0.21718749403953552,0.2161458283662796,0.21718749403953552,0.0,1.7647379636764526,3805,14538129,119866,27633,560.0745894111907,10,2249,0,0,1628.081,23.780467987060547,-66.0016098022461,70.1542523533104,EXPLORING
8149.782000,LIDAR_ONLY,MIXED,run04,LIDAR_ONLY,0.11503302305936813,0.34781602025032043,0.2161458283662796,0.21718749403953552,0.2161458283662796,0.0,7.000912189483643,3807,14545809,119877,27636,560.2648538438494,10,2250,0,0,1629.081,23.735258102416992,-65.93152618408203,70.07299580647842,RETURNING
8150.783000,LIDAR_ONLY,MIXED,run04,LIDAR_ONLY,0.1066594272851944,0.3394126892089844,0.2161458283662796,0.21770833432674408,0.2161458283662796,0.0,0.7800750136375427,3810,14557329,119894,27636,560.4826222877128,10,2252,0,0,1630.082,23.718997955322266,-65.93497467041016,70.07073495565474,RETURNING
8151.783000,LIDAR_ONLY,MIXED,run04,LIDAR_ONLY,0.10592485219240189,0.33918219804763794,0.2161458283662796,0.21848958730697632,0.2161458283662796,0.0,0.7748010158538818,3811,14561169,119888,27639,560.5901725072702,10,2254,0,0,1631.082,23.730594635009766,-65.83853149414062,69.98392357917487,RETURNING
8152.782000,LIDAR_ONLY,MIXED,run04,LIDAR_ONLY,0.11881696432828903,0.35731998085975647,0.2161458283662796,0.21822915971279144,0.2161458283662796,0.0,0.9052709937095642,3813,14568849,119928,27650,560.8265578151677,10,2254,0,0,1632.081,23.784225463867188,-65.83100128173828,69.99504424783238,RETURNING
8153.781000,LIDAR_ONLY,MIXED,run04,LIDAR_ONLY,0.12688826024532318,0.3622090220451355,0.21822915971279144,0.21718749403953552,0.21822915971279144,0.0,0.7949069738388062,3817,14584209,119965,27651,561.0812266945968,10,2255,0,0,1633.080,23.773956298828125,-65.6584243774414,69.82926297361205,RETURNING
8154.781000,LIDAR_ONLY,MIXED,run04,LIDAR_ONLY,0.1401543766260147,0.36761781573295593,0.21822915971279144,0.21692708134651184,0.21822915971279144,0.0,1.0085740089416504,3818,14588049,119975,27656,561.4629671060297,10,2255,0,0,1634.080,23.787328720092773,-65.32194519042969,69.5175522585111,RETURNING
8155.782000,LIDAR_ONLY,MIXED,run04,LIDAR_ONLY,0.13791267573833466,0.3686067461967468,0.2174479216337204,0.22057291865348816,0.2174479216337204,0.0,1.1669780015945435,3821,14599569,119988,27657,561.8026584031554,10,2256,0,0,1635.081,23.91046905517578,-65.02972412109375,69.28543929300209,RETURNING
8156.783000,LIDAR_ONLY,MIXED,run04,LIDAR_ONLY,0.13371291756629944,0.36465975642204285,0.22057291865348816,0.21796874701976776,0.22057291865348816,0.0,1.1377999782562256,3823,14607249,119999,27658,562.1441422486138,10,2256,0,0,1636.082,23.94217300415039,-64.7957763671875,69.07689172309722,RETURNING
8157.782000,LIDAR_ONLY,MIXED,run04,LIDAR_ONLY,0.12254226952791214,0.36233848333358765,0.2135416716337204,0.21458333730697632,0.2135416716337204,0.0,0.8682259917259216,3825,14614929,119999,27658,562.5086714423485,10,2258,0,0,1637.081,23.958398818969727,-64.43964385986328,68.74859661305382,RETURNING
8158.781000,LIDAR_ONLY,MIXED,run04,LIDAR_ONLY,0.1299927979707718,0.36436766386032104,0.21380208432674408,0.21770833432674408,0.21380208432674408,0.0,2.2135210037231445,3826,14618769,120002,27661,562.9316203562556,10,2260,0,0,1638.080,23.87038803100586,-64.09954833984375,68.3991589947841,RETURNING
8159.782000,LIDAR_ONLY,MIXED,run04,LIDAR_ONLY,0.12251262366771698,0.3602887690067291,0.21380208432674408,0.21406249701976776,0.21380208432674408,0.0,0.7600359916687012,3829,14630289,120023,27661,563.3075940857517,10,2262,0,0,1639.081,23.857986450195312,-63.751529693603516,68.06877998893789,RETURNING
8160.781000,LIDAR_ONLY,MIXED,run04,LIDAR_ONLY,0.11452885717153549,0.3543783724308014,0.21432290971279144,0.21718749403953552,0.21432290971279144,0.0,1.1440919637680054,3831,14637969,120027,27661,563.6572651044069,10,2263,0,0,1640.080,23.782535552978516,-63.42585754394531,67.73733524565907,RETURNING
8161.782000,LIDAR_ONLY,MIXED,run04,LIDAR_ONLY,0.12885630130767822,0.3622628450393677,0.21510416269302368,0.21875,0.21510416269302368,0.0,0.8980429768562317,3833,14645649,120079,27669,563.9936370750858,10,2264,0,0,1641.081,23.740100860595703,-63.113826751708984,67.43030515095202,RETURNING
8162.783000,LIDAR_ONLY,MIXED,run04,LIDAR_ONLY,0.13045445084571838,0.3655041754245758,0.21848958730697632,0.21718749403953552,0.21848958730697632,0.0,1.0382529497146606,3835,14653329,120087,27669,564.4236892056728,10,2265,0,0,1642.082,23.845943450927734,-62.73495864868164,67.11335715570908,RETURNING
8163.782000,LIDAR_ONLY,MIXED,run04,LIDAR_ONLY,0.1205487847328186,0.3584011495113373,0.21979166567325592,0.21901041269302368,0.21979166567325592,0.0,1.1992779970169067,3837,14661009,120092,27671,564.8494263648893,10,2265,0,0,1643.081,23.877668380737305,-62.39622116088867,66.80816076117426,RETURNING
8164.782000,LIDAR_ONLY,MIXED,run04,LIDAR_ONLY,0.12625183165073395,0.3607919216156006,0.21692708134651184,0.21588541567325592,0.21692708134651184,0.0,0.8592399954795837,3840,14672529,120102,27673,565.1729623430446,10,2266,0,0,1644.081,23.953567504882812,-62.21265411376953,66.66398291026833,RETURNING
8165.784000,LIDAR_ONLY,MIXED,run04,LIDAR_ONLY,0.10810806602239609,0.3466744124889374,0.2174479216337204,0.21875,0.2174479216337204,0.0,4.643517017364502,3841,14676369,120093,27673,565.5164838835091,10,2267,0,0,1645.083,23.949859619140625,-61.87565231323242,66.34825779156672,RETURNING
8166.785000,LIDAR_ONLY,MIXED,run04,LIDAR_ONLY,0.1034775897860527,0.3405449390411377,0.21588541567325592,0.21692708134651184,0.21588541567325592,0.0,1.2690889835357666,3843,14684049,120110,27680,565.9169086374019,10,2268,0,0,1646.084,23.835142135620117,-61.57545852661133,66.02689426722851,RETURNING
8167.783000,LIDAR_ONLY,MIXED,run04,LIDAR_ONLY,0.11706863343715668,0.35302773118019104,0.21328124403953552,0.2161458283662796,0.21328124403953552,0.0,1.2770580053329468,3845,14691729,120115,27683,566.2165998765189,10,2269,0,0,1647.082,23.75674057006836,-61.326045989990234,65.76599944388347,RETURNING
8168.798000,LIDAR_ONLY,MIXED,run04,LIDAR_ONLY,0.12329943478107452,0.3579266369342804,0.21510416269302368,0.2161458283662796,0.21510416269302368,0.0,1.5332260131835938,3846,14695569,120144,27683,566.5096492994185,10,2270,0,0,1648.097,23.819551467895508,-61.070430755615234,65.55050483365106,RETURNING
8169.784000,LIDAR_ONLY,MIXED,run04,LIDAR_ONLY,0.11360439658164978,0.35044750571250916,0.21979166567325592,0.21796874701976776,0.21979166567325592,0.0,2.8939530849456787,3847,14699409,120158,27699,566.9158164936881,10,2271,0,0,1649.083,23.9279842376709,-60.69990158081055,65.24512797729432,RETURNING
8170.782000,LIDAR_ONLY,MIXED,run04,LIDAR_ONLY,0.1239030733704567,0.3579484820365906,0.21901041269302368,0.21875,0.21901041269302368,0.0,1.0777629613876343,3849,14707089,120195,27700,567.2735344856758,10,2271,0,0,1650.081,24.051544189453125,-60.39594650268555,65.00805636001726,RETURNING
8171.784000,LIDAR_ONLY,MIXED,run04,LIDAR_ONLY,0.12479724735021591,0.35935214161872864,0.21822915971279144,0.21718749403953552,0.21822915971279144,0.0,1.4493099451065063,3851,14714769,120192,27701,567.6515196084907,10,2271,0,0,1651.083,24.261539459228516,-60.125274658203125,64.83495219428526,RETURNING
8172.781000,LIDAR_ONLY,MIXED,run04,LIDAR_ONLY,0.12170368432998657,0.3569501042366028,0.21901041269302368,0.21770833432674408,0.21901041269302368,0.0,1.9948699474334717,3853,14722449,120226,27715,567.9904331837205,10,2272,0,0,1652.080,24.379840850830078,-59.830421447753906,64.60616120912219,RETURNING
8173.784000,LIDAR_ONLY,MIXED,run04,LIDAR_ONLY,0.12922343611717224,0.3580622971057892,0.22083333134651184,0.21901041269302368,0.22083333134651184,0.0,1.1655160188674927,3855,14730129,120243,27717,568.321243060247,10,2272,0,0,1653.083,24.587787628173828,-59.601219177246094,64.4729750235049,RETURNING
8174.784000,LIDAR_ONLY,MIXED,run04,LIDAR_ONLY,0.1176544725894928,0.3525736927986145,0.21185998618602753,0.21212121844291687,0.21185998618602753,0.0,1.7098610401153564,3858,14741621,120268,27719,568.7304914585847,10,2273,0,0,1654.083,24.922224044799805,-59.43759536743164,64.45032468768841,RETURNING
8175.781000,LIDAR_ONLY,MIXED,run04,LIDAR_ONLY,0.11474472284317017,0.3504612445831299,0.2198377400636673,0.21852917969226837,0.2198377400636673,0.0,1.3097000122070312,3860,14749267,120331,27719,569.0887013967423,10,2276,0,0,1655.080,24.926128387451172,-59.3206901550293,64.3440409653965,RETURNING
8176.781000,LIDAR_ONLY,MIXED,run04,LIDAR_ONLY,0.11445176601409912,0.35007208585739136,0.20848612487316132,0.2118910402059555,0.20848612487316132,0.0,0.7982680201530457,3863,14760723,120353,27720,569.4435150142141,10,2277,0,0,1656.080,24.886825561523438,-59.411834716796875,64.41288412508622,RETURNING
8177.782000,LIDAR_ONLY,MIXED,run04,LIDAR_ONLY,0.07953766733407974,0.3085117042064667,0.20790782570838928,0.21078816056251526,0.20790782570838928,0.0,2.684875965118408,3864,14764542,120355,27721,569.636341324865,10,2277,0,0,1657.081,24.826595306396484,-59.37409591674805,64.35481880020795,RETURNING
8178.782000,LIDAR_ONLY,MIXED,run04,LIDAR_ONLY,0.09598647803068161,0.329047828912735,0.2219020128250122,0.21954414248466492,0.2219020128250122,0.0,0.6535760164260864,3866,14772178,120443,27723,570.12686184131,10,2279,0,0,1658.081,24.869178771972656,-59.48575973510742,64.47426684930161,RETURNING
8179.781000,LIDAR_ONLY,MIXED,run04,LIDAR_ONLY,0.10039626061916351,0.3356264531612396,0.22085407376289368,0.21902017295360565,0.22085407376289368,0.0,1.5596369504928589,3869,14783630,120527,27723,570.5670677915389,10,2281,0,0,1659.080,25.0837459564209,-59.33209991455078,64.41577073852923,RETURNING
8180.782000,LIDAR_ONLY,MIXED,run04,LIDAR_ONLY,0.11254759132862091,0.34831929206848145,0.21832460165023804,0.21727748215198517,0.21832460165023804,0.0,12.675544738769531,3872,14795087,120601,27735,570.9426434107197,10,2282,0,0,1660.081,25.119230270385742,-59.196372985839844,64.3046303070739,RETURNING
8181.781000,LIDAR_ONLY,MIXED,run04,LIDAR_ONLY,0.10415991395711899,0.33971476554870605,0.21718627214431763,0.21744826436042786,0.21718627214431763,0.0,0.7995920181274414,3874,14802722,120546,27752,571.200339588837,10,2283,0,0,1661.080,25.136199951171875,-59.052486419677734,64.17884359723689,RETURNING
8182.781000,LIDAR_ONLY,MIXED,run04,LIDAR_ONLY,0.1205771416425705,0.3534368872642517,0.21928216516971588,0.21823421120643616,0.21928216516971588,0.0,0.6469200253486633,3876,14810358,120666,27764,571.5287533345164,10,2284,0,0,1662.080,25.267866134643555,-58.76933670043945,63.970299694707265,RETURNING
8183.782000,LIDAR_ONLY,MIXED,run04,LIDAR_ONLY,0.1291225254535675,0.35826191306114197,0.22236773371696472,0.22132006287574768,0.22236773371696472,0.0,0.9101229906082153,3878,14817994,120666,27764,571.8465146299218,10,2286,0,0,1663.081,25.439237594604492,-58.545249938964844,63.83259512709264,RETURNING
8184.782000,LIDAR_ONLY,MIXED,run04,LIDAR_ONLY,0.12392918765544891,0.3540962338447571,0.22100026905536652,0.22047656774520874,0.22100026905536652,0.0,2.2425320148468018,3880,14825631,120751,27764,572.3006253445199,10,2288,0,0,1664.081,25.74149513244629,-58.27078628540039,63.70249479860074,RETURNING
8185.783000,LIDAR_ONLY,MIXED,run04,LIDAR_ONLY,0.12115228921175003,0.35152900218963623,0.2213500738143921,0.21847200393676758,0.2213500738143921,0.0,2.8387410640716553,3882,14833271,120757,27765,572.6336060856701,10,2290,0,0,1665.082,25.874208450317383,-58.012882232666016,63.52060976027423,RETURNING
8186.781000,LIDAR_ONLY,MIXED,run04,LIDAR_ONLY,0.11541672050952911,0.34514889121055603,0.21570681035518646,0.2130890041589737,0.21570681035518646,0.0,1.3088619709014893,3884,14840910,120781,27775,573.0595825709584,10,2291,0,0,1666.080,26.13098907470703,-57.70627212524414,63.34619865248712,RETURNING
8187.781000,LIDAR_ONLY,MIXED,run04,LIDAR_ONLY,0.11849887669086456,0.3472716212272644,0.21387434005737305,0.2133507877588272,0.21387434005737305,0.0,6.578176975250244,3885,14844730,120798,27776,573.475466808684,10,2292,0,0,1667.080,26.35158920288086,-57.4359245300293,63.19169190999057,RETURNING
8188.781000,LIDAR_ONLY,MIXED,run04,LIDAR_ONLY,0.10981277376413345,0.34035491943359375,0.214192196726799,0.21340665221214294,0.214192196726799,0.0,1.4388580322265625,3886,14848549,120800,27776,573.8894398413569,10,2293,0,0,1668.080,26.655141830444336,-57.21706771850586,63.12041870023037,RETURNING
8189.785000,LIDAR_ONLY,MIXED,run04,LIDAR_ONLY,0.11274468898773193,0.33939415216445923,0.21492145955562592,0.21204188466072083,0.21492145955562592,0.0,0.9036250114440918,3888,14856191,120811,27776,574.2053953562148,10,2294,0,0,1669.084,26.867189407348633,-57.01676559448242,63.02900134011067,RETURNING
8190.782000,LIDAR_ONLY,MIXED,run04,LIDAR_ONLY,0.11530721932649612,0.3396812379360199,0.2203921526670456,0.2190849632024765,0.2203921526670456,0.0,3.866925001144409,3889,14860016,120830,27776,574.5781023777413,10,2296,0,0,1670.081,27.008441925048828,-56.70419692993164,62.807001664701225,RETURNING
8191.783000,LIDAR_ONLY,MIXED,run04,LIDAR_ONLY,0.11341053247451782,0.33897262811660767,0.21647058427333832,0.21568627655506134,0.21647058427333832,0.0,3.6894590854644775,3890,14863841,120825,27778,574.9453914604885,10,2297,0,0,1671.082,27.212135314941406,-56.45976638793945,62.67457944673895,RETURNING
8192.781000,LIDAR_ONLY,MIXED,run04,LIDAR_ONLY,0.11437205225229263,0.3378922939300537,0.21484579145908356,0.2140616774559021,0.21484579145908356,0.0,1.462090015411377,3892,14871491,120839,27779,575.3140864599113,10,2298,0,0,1672.080,27.44361686706543,-56.187381744384766,62.530561561953654,RETURNING
8193.782000,LIDAR_ONLY,MIXED,run04,LIDAR_ONLY,0.11848347634077072,0.338967889547348,0.21981181204319,0.21327757835388184,0.21981181204319,0.0,5.129205226898193,3894,14879141,120839,27782,575.7326260749617,10,2299,0,0,1673.081,27.740571975708008,-56.00532531738281,62.498260138423795,RETURNING
8194.781000,LIDAR_ONLY,MIXED,run04,LIDAR_ONLY,0.11090202629566193,0.3312523066997528,0.21755027770996094,0.21546095609664917,0.21755027770996094,0.0,1.1773719787597656,3896,14886799,120882,27782,576.0918006113704,10,2301,0,0,1674.080,27.95635414123535,-55.78157424926758,62.39421647964243,RETURNING
8195.781000,LIDAR_ONLY,MIXED,run04,LIDAR_ONLY,0.1082669198513031,0.32798272371292114,0.216187983751297,0.214360311627388,0.216187983751297,0.0,0.7736629843711853,3898,14894455,120883,27782,576.4204509912,10,2302,0,0,1675.080,28.15162467956543,-55.56619644165039,62.28974590341508,RETURNING
8196.781000,LIDAR_ONLY,MIXED,run04,LIDAR_ONLY,0.11362255364656448,0.3324509561061859,0.2160961627960205,0.2142670452594757,0.2160961627960205,0.0,0.831089973449707,3901,14905941,120901,27785,576.8534403750209,10,2303,0,0,1676.080,28.521982192993164,-55.43527603149414,62.34155083503453,RETURNING
8197.781000,LIDAR_ONLY,MIXED,run04,LIDAR_ONLY,0.108183354139328,0.3238108158111572,0.2169712781906128,0.2146214097738266,0.2169712781906128,0.0,1.214115023612976,3904,14917432,120917,27787,577.2456652659117,10,2305,0,0,1677.080,28.816022872924805,-55.24713897705078,62.30974868879816,RETURNING
8198.781000,LIDAR_ONLY,MIXED,run04,LIDAR_ONLY,0.11177710443735123,0.32752156257629395,0.21740266680717468,0.21452835202217102,0.21740266680717468,0.0,1.613319993019104,3907,14928916,120911,27788,577.6319372259698,10,2306,0,0,1678.080,29.031599044799805,-55.0312385559082,62.21869462362024,RETURNING
8199.781000,LIDAR_ONLY,MIXED,run04,LIDAR_ONLY,0.11212856322526932,0.3313462436199188,0.22355706989765167,0.21128231287002563,0.22355706989765167,0.0,1.1691659688949585,3909,14936575,120917,27788,577.9445725313267,10,2306,0,0,1679.080,29.259498596191406,-54.866275787353516,62.179748852773805,RETURNING
8200.781000,LIDAR_ONLY,MIXED,run04,LIDAR_ONLY,0.1177419126033783,0.3373512327671051,0.21755027770996094,0.21363280713558197,0.21755027770996094,0.0,1.0583239793777466,3914,14955723,120942,27790,578.3608412116799,10,2307,0,0,1680.080,29.63686752319336,-54.839599609375,62.334738041564755,RETURNING
8201.783000,LIDAR_ONLY,MIXED,run04,LIDAR_ONLY,0.11090291291475296,0.3275493383407593,0.2182197868824005,0.2143043577671051,0.2182197868824005,0.0,1.4442859888076782,3915,14959554,120955,27790,578.7651810829943,10,2309,0,0,1681.082,30.00322151184082,-54.74050521850586,62.42282864459303,RETURNING
8202.785000,LIDAR_ONLY,MIXED,run04,LIDAR_ONLY,0.11024032533168793,0.32912498712539673,0.2189457267522812,0.2171189934015274,0.2189457267522812,0.0,2.783087968826294,3917,14967217,120955,27791,579.084494437019,10,2310,0,0,1682.084,30.22449493408203,-54.5493049621582,62.362166534648516,RETURNING
8203.781000,LIDAR_ONLY,MIXED,run04,LIDAR_ONLY,0.11424771696329117,0.33589547872543335,0.2168014645576477,0.21888859570026398,0.2168014645576477,0.0,3.997859001159668,3919,14974880,120956,27791,579.5850036866042,10,2311,0,0,1683.080,30.643945693969727,-54.5689697265625,62.583672508207144,RETURNING
8204.781000,LIDAR_ONLY,MIXED,run04,LIDAR_ONLY,0.10820472985506058,0.3323429226875305,0.2151997983455658,0.2159832864999771,0.2151997983455658,0.0,3.072374105453491,3921,14982541,120961,27791,579.804757512733,10,2313,0,0,1684.080,30.785680770874023,-54.615013122558594,62.69329850904891,RETURNING
8205.782000,LIDAR_ONLY,MIXED,run04,LIDAR_ONLY,0.11045056581497192,0.33067312836647034,0.2169712781906128,0.2148825079202652,0.2169712781906128,0.0,6.448431968688965,3923,14990200,120963,27792,580.1238948269786,10,2315,0,0,1685.081,30.924928665161133,-54.66219711303711,62.802854778293344,RETURNING
8206.781000,LIDAR_ONLY,MIXED,run04,LIDAR_ONLY,0.10727009177207947,0.327877402305603,0.2140992134809494,0.216187983751297,0.2140992134809494,0.0,2.257673978805542,3925,14997860,120969,27792,580.359051246015,10,2315,0,0,1686.080,31.064123153686523,-54.590450286865234,62.80914230911013,RETURNING
8207.781000,LIDAR_ONLY,MIXED,run04,LIDAR_ONLY,0.1146443709731102,0.3328838646411896,0.21587052941322327,0.21743670105934143,0.21587052941322327,0.0,1.2511229515075684,3926,15001691,120965,27793,580.6251991043084,10,2315,0,0,1687.080,31.232892990112305,-54.53410720825195,62.84388208096323,RETURNING
8208.782000,LIDAR_ONLY,MIXED,run04,LIDAR_ONLY,0.11783236265182495,0.332947313785553,0.21749347448349,0.21749347448349,0.21749347448349,0.0,5.72918176651001,3928,15009350,120970,27794,580.9160375735321,10,2317,0,0,1688.081,31.44644546508789,-54.37508773803711,62.81257735257704,RETURNING
8209.786000,LIDAR_ONLY,MIXED,run04,LIDAR_ONLY,0.11578813940286636,0.3331734538078308,0.21650561690330505,0.217027947306633,0.21650561690330505,0.0,1.0687860250473022,3930,15017009,121250,27827,581.1835132833639,10,2320,0,0,1689.085,31.5744571685791,-54.241310119628906,62.761108220061445,RETURNING
8210.783000,LIDAR_ONLY,MIXED,run04,LIDAR_ONLY,0.1206996813416481,0.33648210763931274,0.21734587848186493,0.21577847003936768,0.21734587848186493,0.0,4.398173809051514,3931,15020837,121280,27834,581.4631703171525,10,2320,0,0,1690.082,31.791717529296875,-54.23975372314453,62.86934383097373,RETURNING
8211.797000,LIDAR_ONLY,MIXED,run04,LIDAR_ONLY,0.11586853116750717,0.3314354419708252,0.21888859570026398,0.21888859570026398,0.21888859570026398,0.0,1.3728660345077515,3933,15028503,121285,27834,581.8689920673166,10,2323,0,0,1691.096,32.15227127075195,-54.166412353515625,62.98935091974359,RETURNING
8212.781000,LIDAR_ONLY,MIXED,run04,LIDAR_ONLY,0.0980762466788292,0.3161696791648865,0.21807260811328888,0.217027947306633,0.21807260811328888,0.0,6.789856910705566,3935,15036161,121307,27834,582.2095976040156,10,2323,0,0,1692.080,32.334228515625,-53.92921447753906,62.878866921678494,RETURNING
8213.781000,LIDAR_ONLY,MIXED,run04,LIDAR_ONLY,0.10220140218734741,0.32286977767944336,0.2165621668100357,0.21577847003936768,0.2165621668100357,0.0,1.4310280084609985,3937,15043819,121328,27834,582.5656021843575,10,2324,0,0,1693.080,32.354984283447266,-53.640682220458984,62.64229722721894,RETURNING
8214.782000,LIDAR_ONLY,MIXED,run04,LIDAR_ONLY,0.1035991758108139,0.32353833317756653,0.217027947306633,0.21650561690330505,0.217027947306633,0.0,1.6000070571899414,3940,15055308,121360,27835,582.9333481364832,10,2325,0,0,1694.081,32.46854782104492,-53.58348083496094,62.652098486861924,RETURNING
8215.781000,LIDAR_ONLY,MIXED,run04,LIDAR_ONLY,0.09502702951431274,0.3132006824016571,0.22051148116588593,0.22155532240867615,0.22051148116588593,0.0,1.4837590456008911,3945,15074465,121365,27844,583.26130138262,10,2325,0,0,1695.080,32.56199264526367,-53.544769287109375,62.66749524117074,RETURNING
8216.781000,LIDAR_ONLY,MIXED,run04,LIDAR_ONLY,0.09663887321949005,0.3126250207424164,0.2188560962677002,0.21937842667102814,0.2188560962677002,0.0,1.0556739568710327,3948,15085953,121376,27844,583.5241504622761,10,2326,0,0,1696.080,32.64790344238281,-53.34246063232422,62.53953138675704,RETURNING
8217.783000,LIDAR_ONLY,MIXED,run04,LIDAR_ONLY,0.08436127752065659,0.30203577876091003,0.22042308747768402,0.21937842667102814,0.22042308747768402,0.0,1.1849329471588135,3951,15097441,121401,27844,584.0007873407635,10,2328,0,0,1697.082,32.57832336425781,-53.21845245361328,62.39743873130939,RETURNING
8218.781000,LIDAR_ONLY,MIXED,run04,LIDAR_ONLY,0.09221683442592621,0.3109365403652191,0.21874184906482697,0.2190028727054596,0.21874184906482697,0.0,1.7357900142669678,3952,15101272,121396,27854,584.4499409343705,10,2328,0,0,1698.080,32.72513198852539,-53.223812103271484,62.47877774119033,RETURNING
8219.781000,LIDAR_ONLY,MIXED,run04,LIDAR_ONLY,0.09158879518508911,0.3089371621608734,0.2207418978214264,0.218913272023201,0.2207418978214264,0.0,1.5453449487686157,3955,15112763,121412,27854,584.7389059070384,10,2329,0,0,1699.080,32.82875061035156,-53.24433517456055,62.55058034203118,RETURNING
8220.781000,LIDAR_ONLY,MIXED,run04,LIDAR_ONLY,0.08616335690021515,0.302712619304657,0.2202194333076477,0.22048066556453705,0.2202194333076477,0.0,1.2511860132217407,3957,15120419,121412,27854,585.0475352309734,10,2330,0,0,1700.080,32.88755416870117,-52.97367858886719,62.35135094940061,RETURNING
8221.781000,LIDAR_ONLY,MIXED,run04,LIDAR_ONLY,0.08757025748491287,0.3022001385688782,0.22042308747768402,0.2178114354610443,0.22042308747768402,0.0,0.6748759746551514,3959,15128078,121520,27854,585.4614909243206,10,2332,0,0,1701.080,32.792320251464844,-52.631961822509766,62.010880326186886,RETURNING
8222.781000,LIDAR_ONLY,MIXED,run04,LIDAR_ONLY,0.08588151633739471,0.2988283336162567,0.22016191482543945,0.2188560962677002,0.22016191482543945,0.0,0.7824069857597351,3961,15135737,121567,27854,585.8351841727585,10,2333,0,0,1702.080,32.8444938659668,-52.27939987182617,61.73966500164113,RETURNING
8223.781000,LIDAR_ONLY,MIXED,run04,LIDAR_ONLY,0.09294868260622025,0.30263787508010864,0.22030802071094513,0.21952493488788605,0.22030802071094513,0.0,1.1708929538726807,3963,15143396,121568,27900,586.2616107449743,10,2334,0,0,1703.080,32.91368865966797,-51.925350189208984,61.47717354751749,RETURNING
8224.781000,LIDAR_ONLY,MIXED,run04,LIDAR_ONLY,0.09438927471637726,0.3036005198955536,0.21969696879386902,0.21682339906692505,0.21969696879386902,0.0,0.8623740077018738,3965,15151054,121567,27926,586.6601267521354,10,2334,0,0,1704.080,33.11215591430664,-51.646697998046875,61.34888836481655,RETURNING
8225.783000,LIDAR_ONLY,MIXED,run04,LIDAR_ONLY,0.0923728495836258,0.30132079124450684,0.21911726891994476,0.21755027770996094,0.21911726891994476,0.0,1.8722460269927979,3966,15154883,121569,27926,587.0590719307887,10,2336,0,0,1705.082,33.30498504638672,-51.35720443725586,61.21008220504459,RETURNING
8226.785000,LIDAR_ONLY,MIXED,run04,LIDAR_ONLY,0.10091622918844223,0.3097001910209656,0.21911726891994476,0.21755027770996094,0.21911726891994476,0.0,6.700558185577393,3968,15162542,121570,27926,587.4354413099256,10,2338,0,0,1706.084,33.50925827026367,-51.08388137817383,61.0927396966393,RETURNING
8227.781000,LIDAR_ONLY,MIXED,run04,LIDAR_ONLY,0.10335297137498856,0.3182394206523895,0.21842379868030548,0.2176409214735031,0.21842379868030548,0.0,3.602005958557129,3969,15166374,121572,27926,587.6266633327987,10,2339,0,0,1707.080,33.64537811279297,-51.018638610839844,61.11302854019751,RETURNING
8228.781000,LIDAR_ONLY,MIXED,run04,LIDAR_ONLY,0.09318917244672775,0.30596697330474854,0.21972860395908356,0.2176409214735031,0.21972860395908356,0.0,1.3555699586868286,3971,15174038,121572,27926,587.9297293158046,10,2340,0,0,1708.080,33.81550979614258,-50.88266372680664,61.093561474145545,RETURNING
8229.788000,LIDAR_ONLY,MIXED,run04,LIDAR_ONLY,0.1008119061589241,0.30965960025787354,0.22033898532390594,0.21851368248462677,0.22033898532390594,0.0,1.0552170276641846,3973,15181705,121574,27926,588.2489702245477,10,2342,0,0,1709.087,33.994720458984375,-50.64221954345703,60.99315005656075,RETURNING
8230.781000,LIDAR_ONLY,MIXED,run04,LIDAR_ONLY,0.09787192940711975,0.31068113446235657,0.21909232437610626,0.22065727412700653,0.21909232437610626,0.0,1.6919529438018799,3974,15185539,121574,27927,588.623367920942,10,2343,0,0,1710.080,34.17081069946289,-50.3626708984375,60.85993550580156,RETURNING
8231.781000,LIDAR_ONLY,MIXED,run04,LIDAR_ONLY,0.10801437497138977,0.3188137412071228,0.21903520822525024,0.21825292706489563,0.21903520822525024,0.0,4.306674957275391,3976,15193209,121574,27927,589.0112713139744,10,2345,0,0,1711.080,34.44185256958008,-50.125160217285156,60.81662098444709,RETURNING
8232.783000,LIDAR_ONLY,MIXED,run04,LIDAR_ONLY,0.11040125787258148,0.3218933045864105,0.21981747448444366,0.21773141622543335,0.21981747448444366,0.0,6.858001232147217,3978,15200878,121580,27927,589.3967056465794,10,2348,0,0,1712.082,34.72726058959961,-49.99140548706055,60.86880393380997,RETURNING
8233.786000,LIDAR_ONLY,MIXED,run04,LIDAR_ONLY,0.10280168056488037,0.31554844975471497,0.22086049616336823,0.2179921716451645,0.22086049616336823,0.0,2.7007908821105957,3981,15212385,121653,27927,589.7318192661531,10,2348,0,0,1713.085,34.907005310058594,-49.77064895629883,60.790660405160416,RETURNING
8234.781000,LIDAR_ONLY,MIXED,run04,LIDAR_ONLY,0.10994891822338104,0.3238782584667206,0.2181391716003418,0.2183997929096222,0.2181391716003418,0.0,0.7924739718437195,3984,15223893,121655,27935,590.0304286831152,10,2349,0,0,1714.080,35.034217834472656,-49.52371597290039,60.662036716559186,RETURNING
8235.782000,LIDAR_ONLY,MIXED,run04,LIDAR_ONLY,0.11724556982517242,0.32872509956359863,0.21996350586414337,0.2178785502910614,0.21996350586414337,0.0,7.533608913421631,3986,15231567,121657,27935,590.35721637483,10,2349,0,0,1715.081,35.297630310058594,-49.4300537109375,60.73829359645625,RETURNING
8236.781000,LIDAR_ONLY,MIXED,run04,LIDAR_ONLY,0.11518142372369766,0.32809075713157654,0.21944227814674377,0.21657544374465942,0.21944227814674377,0.0,2.135420083999634,3989,15243077,121729,27935,590.7086420742204,10,2352,0,0,1716.080,35.60866928100586,-49.297271728515625,60.81188386128053,RETURNING
8237.782000,LIDAR_ONLY,MIXED,run04,LIDAR_ONLY,0.11623402684926987,0.32773107290267944,0.22016675770282745,0.21599791944026947,0.22016675770282745,0.0,1.6510759592056274,3991,15250753,121724,27943,591.1145502639595,10,2353,0,0,1717.081,35.87188720703125,-49.10892868041992,60.814189946649684,RETURNING
8238.785000,LIDAR_ONLY,MIXED,run04,LIDAR_ONLY,0.10753501951694489,0.32380595803260803,0.21958842873573303,0.21802552044391632,0.21958842873573303,0.0,0.9426040053367615,3994,15262269,121733,27943,591.4312146642677,10,2356,0,0,1718.084,35.91887664794922,-48.8662109375,60.646178097376726,RETURNING
8239.805000,LIDAR_ONLY,MIXED,run04,LIDAR_ONLY,0.10422351956367493,0.32246866822242737,0.21984891593456268,0.22010940313339233,0.21984891593456268,0.0,1.3937419652938843,3995,15266108,121733,27945,591.7607269895827,10,2356,0,0,1719.104,35.93601989746094,-48.71798324584961,60.53698173894569,RETURNING
8240.783000,LIDAR_ONLY,MIXED,run04,LIDAR_ONLY,0.10716256499290466,0.3257778584957123,0.21979166567325592,0.21822915971279144,0.21979166567325592,0.0,0.9415379762649536,3997,15273788,121735,27946,592.0386223329393,10,2357,0,0,1720.082,36.036251068115234,-48.7145881652832,60.593803607905095,RETURNING
8241.782000,LIDAR_ONLY,MIXED,run04,LIDAR_ONLY,0.10817430913448334,0.32654517889022827,0.2200520783662796,0.2174479216337204,0.2200520783662796,0.0,13.231870651245117,3998,15277628,121736,27946,592.3899097434037,10,2359,0,0,1721.081,36.110164642333984,-48.637943267822266,60.57623279565682,RETURNING
8242.784000,LIDAR_ONLY,MIXED,run04,LIDAR_ONLY,0.11391381919384003,0.3277202844619751,0.21927084028720856,0.21822915971279144,0.21927084028720856,0.0,2.931185007095337,4000,15285308,121755,27946,592.7841044852332,10,2360,0,0,1722.083,36.25397491455078,-48.587188720703125,60.62138094090118,RETURNING
8243.781000,LIDAR_ONLY,MIXED,run04,LIDAR_ONLY,0.10872158408164978,0.32360923290252686,0.22031250596046448,0.21848958730697632,0.22031250596046448,0.0,15.336679458618164,4002,15292988,121736,27946,592.9811085030582,10,2362,0,0,1723.080,36.22054672241211,-48.46253967285156,60.50150537300165,RETURNING
8244.785000,LIDAR_ONLY,MIXED,run04,LIDAR_ONLY,0.11642008274793625,0.32896822690963745,0.2200520783662796,0.21927084028720856,0.2200520783662796,0.0,1.626952052116394,4004,15300668,121901,27951,593.317446585382,10,2363,0,0,1724.084,36.3226203918457,-48.16244888305664,60.322804033868934,RETURNING
8245.785000,LIDAR_ONLY,MIXED,run04,LIDAR_ONLY,0.12021656334400177,0.3306945264339447,0.21901041269302368,0.21822915971279144,0.21901041269302368,0.0,1.7039450407028198,4006,15308348,121901,27977,593.7032168828888,10,2365,0,0,1725.084,36.60752487182617,-47.96891784667969,60.34081545726227,RETURNING
8246.786000,LIDAR_ONLY,MIXED,run04,LIDAR_ONLY,0.12026581168174744,0.33134591579437256,0.21901041269302368,0.21901041269302368,0.21901041269302368,0.0,1.3684029579162598,4008,15316028,122043,27977,594.1062534426596,10,2366,0,0,1726.085,36.85212326049805,-47.72038269042969,60.292617252506105,RETURNING
8247.782000,LIDAR_ONLY,MIXED,run04,LIDAR_ONLY,0.114239402115345,0.3285972774028778,0.21822915971279144,0.21666666865348816,0.21822915971279144,0.0,2.715543031692505,4010,15323708,122054,28006,594.4288932573163,10,2368,0,0,1727.081,36.88888168334961,-47.41773986816406,60.075932086348935,RETURNING
8248.782000,LIDAR_ONLY,MIXED,run04,LIDAR_ONLY,0.10993985831737518,0.32727980613708496,0.21979166567325592,0.21848958730697632,0.21979166567325592,0.0,0.8548380136489868,4012,15331388,122068,28007,594.6969992727512,10,2368,0,0,1728.081,37.04115295410156,-47.551212310791016,60.27479039625972,RETURNING
8249.781000,LIDAR_ONLY,MIXED,run04,LIDAR_ONLY,0.1105746477842331,0.3271568715572357,0.21848958730697632,0.2161458283662796,0.21848958730697632,0.0,1.6826720237731934,4015,15342908,122068,28014,594.9603328023741,10,2369,0,0,1729.080,37.20179748535156,-47.54123306274414,60.36578352068428,RETURNING
8250.781000,LIDAR_ONLY,MIXED,run04,LIDAR_ONLY,0.11199227720499039,0.3290024399757385,0.21953125298023224,0.21692708134651184,0.21953125298023224,0.0,1.1787209510803223,4017,15350588,122073,28014,595.1910596859483,10,2371,0,0,1730.080,37.25237274169922,-47.400943756103516,60.286598901881426,RETURNING
8251.789000,LIDAR_ONLY,MIXED,run04,LIDAR_ONLY,0.124491386115551,0.3341314494609833,0.21848958730697632,0.21848958730697632,0.21848958730697632,0.0,0.8551409840583801,4020,15362108,122090,28017,595.5061705704347,10,2372,0,0,1731.088,37.358680725097656,-47.11622619628906,60.12898713712451,RETURNING
8252.783000,LIDAR_ONLY,MIXED,run04,LIDAR_ONLY,0.12071442604064941,0.3332374393939972,0.21927084028720856,0.21901041269302368,0.21927084028720856,0.0,1.0959349870681763,4022,15369788,122124,28017,595.9359858857024,10,2373,0,0,1732.082,37.51319885253906,-46.77480697631836,59.95838507655725,RETURNING
8253.781000,LIDAR_ONLY,MIXED,run04,LIDAR_ONLY,0.12269479036331177,0.3342280685901642,0.21718749403953552,0.21666666865348816,0.21718749403953552,0.0,0.8415430188179016,4025,15381308,122125,28019,596.3579794489867,10,2374,0,0,1733.080,37.565914154052734,-46.43152618408203,59.72411578489351,RETURNING
8254.781000,LIDAR_ONLY,MIXED,run04,LIDAR_ONLY,0.12884990870952606,0.3378276824951172,0.21718749403953552,0.21692708134651184,0.21718749403953552,0.0,0.9371010065078735,4027,15388988,122138,28020,596.7748271471092,10,2374,0,0,1734.080,37.71438217163086,-46.091548919677734,59.55410127748227,RETURNING
8255.786000,LIDAR_ONLY,MIXED,run04,LIDAR_ONLY,0.12936396896839142,0.3422400653362274,0.21718749403953552,0.21640625596046448,0.21718749403953552,0.0,2.15885591506958,4030,15400508,122138,28020,597.1712631651475,10,2376,0,0,1735.085,37.84083557128906,-45.766090393066406,59.38307309854326,RETURNING
8256.783000,LIDAR_ONLY,MIXED,run04,LIDAR_ONLY,0.11682356148958206,0.33826765418052673,0.21848958730697632,0.21536459028720856,0.21848958730697632,0.0,0.7545419931411743,4032,15408188,122141,28020,597.602227294911,10,2377,0,0,1736.082,37.79011917114258,-45.40104293823242,59.06973612552271,RETURNING
8257.783000,LIDAR_ONLY,MIXED,run04,LIDAR_ONLY,0.11696736514568329,0.3391058146953583,0.2174479216337204,0.21822915971279144,0.2174479216337204,0.0,3.0022990703582764,4034,15415868,122142,28026,597.9237171450372,10,2378,0,0,1737.082,37.72534942626953,-45.117271423339844,58.810343155329036,RETURNING
8258.781000,LIDAR_ONLY,MIXED,run04,LIDAR_ONLY,0.11744271963834763,0.33876684308052063,0.22161458432674408,0.2213541716337204,0.22161458432674408,0.0,6.964722156524658,4036,15423548,122143,28026,598.2062154295506,10,2379,0,0,1738.080,37.74382781982422,-44.897552490234375,58.65384218217831,RETURNING
8259.782000,LIDAR_ONLY,MIXED,run04,LIDAR_ONLY,0.10682766884565353,0.3309347927570343,0.2174479216337204,0.21510416269302368,0.2174479216337204,0.0,1.346917986869812,4038,15431228,122143,28026,598.4679810072731,10,2380,0,0,1739.081,37.651153564453125,-44.739532470703125,58.47325794784586,RETURNING
8260.781000,LIDAR_ONLY,MIXED,run04,LIDAR_ONLY,0.12594890594482422,0.34512314200401306,0.21770833432674408,0.21666666865348816,0.21770833432674408,0.0,1.3245320320129395,4040,15438908,122155,28026,598.8161040508157,10,2381,0,0,1740.080,37.58930206298828,-44.40250015258789,58.17580963777624,RETURNING
8262.065000,LIDAR_ONLY,MIXED,run04,LIDAR_ONLY,0.12420782446861267,0.34559762477874756,0.2161458283662796,0.21848958730697632,0.2161458283662796,0.0,15.966031074523926,4043,15450428,122155,28026,599.0073345893195,10,2383,0,0,1741.364,37.61671829223633,-44.2586555480957,58.08384743748643,RETURNING
8262.781000,LIDAR_ONLY,MIXED,run04,LIDAR_ONLY,0.1306336522102356,0.34933921694755554,0.21718749403953552,0.21510416269302368,0.21718749403953552,0.0,1.2852710485458374,4044,15454268,122156,28026,599.0960385176782,11,2383,0,0,1742.080,37.66741180419922,-44.18730163574219,58.06236944787677,RETURNING
8263.782000,LIDAR_ONLY,MIXED,run04,LIDAR_ONLY,0.13202515244483948,0.3501756191253662,0.21953125298023224,0.21458333730697632,0.21953125298023224,0.0,1.564344048500061,4045,15458108,122174,28026,599.6162564695426,13,2383,0,0,1743.081,37.74284744262695,-43.716129302978516,57.753873969913286,RETURNING
8264.784000,LIDAR_ONLY,MIXED,run04,LIDAR_ONLY,0.13189269602298737,0.350104957818985,0.2161458283662796,0.21718749403953552,0.2161458283662796,0.0,0.5913540124893188,4047,15465788,122173,28027,599.6235895762134,15,2383,0,0,1744.083,37.742427825927734,-43.71743392944336,57.754587276681534,RETURNING
8265.787000,LIDAR_ONLY,MIXED,run04,LIDAR_ONLY,0.13186869025230408,0.3500923812389374,0.21536459028720856,0.2174479216337204,0.21536459028720856,0.0,1.2485430240631104,4048,15469628,122176,28027,599.628816011694,17,2383,0,0,1745.086,37.74341583251953,-43.718711853027344,57.75620023566976,RETURNING
8266.781000,LIDAR_ONLY,MIXED,run04,LIDAR_ONLY,0.13189697265625,0.35010826587677,0.21562500298023224,0.21770833432674408,0.21562500298023224,0.0,1.1325080394744873,4050,15477308,122885,28327,599.6330098890828,19,2383,0,0,1746.080,37.74332809448242,-43.7186164855957,57.75607071284216,RETURNING
8267.782000,LIDAR_ONLY,MIXED,run04,LIDAR_ONLY,0.13191157579421997,0.35011810064315796,0.21562500298023224,0.2174479216337204,0.21562500298023224,0.0,1.3110519647598267,4053,15488828,122950,28327,599.6391587914793,21,2383,0,0,1747.081,37.74272537231445,-43.71815490722656,57.75532745764727,RETURNING
8268.781000,LIDAR_ONLY,MIXED,run04,LIDAR_ONLY,0.1319204866886139,0.3501245379447937,0.21588541567325592,0.2174479216337204,0.21588541567325592,0.0,1.6377860307693481,4055,15496508,122951,28361,599.6436329224572,23,2383,0,0,1748.080,37.74417495727539,-43.7183952331543,57.75645664860861,RETURNING
8269.781000,LIDAR_ONLY,MIXED,run04,LIDAR_ONLY,0.13192902505397797,0.35012996196746826,0.21510416269302368,0.2161458283662796,0.21510416269302368,0.0,1.2995660305023193,4058,15508028,122952,28362,599.648187169298,25,2383,0,0,1749.080,37.74403381347656,-43.71885299682617,57.756710912166575,RETURNING
8270.782000,LIDAR_ONLY,MIXED,run04,LIDAR_ONLY,0.13193632662296295,0.35013440251350403,0.2161458283662796,0.21718749403953552,0.2161458283662796,0.0,4.633697986602783,4060,15515708,122952,28362,599.6522011075439,27,2383,0,0,1750.081,37.74433517456055,-43.71855926513672,57.75668551055006,RETURNING
8271.788000,LIDAR_ONLY,MIXED,run04,LIDAR_ONLY,0.13194400072097778,0.35013967752456665,0.21536459028720856,0.21666666865348816,0.21536459028720856,0.0,0.8983929753303528,4063,15527228,122952,28362,599.6553393431017,29,2383,0,0,1751.087,37.745147705078125,-43.71974182128906,57.758111609915126,RETURNING
8272.795000,LIDAR_ONLY,MIXED,run04,LIDAR_ONLY,0.13195109367370605,0.3501444458961487,0.21640625596046448,0.21770833432674408,0.21640625596046448,0.0,1.6842050552368164,4065,15534908,122952,28362,599.6591073246065,31,2383,0,0,1752.094,37.744110107421875,-43.71857833862305,57.75655286941342,RETURNING
8273.781000,LIDAR_ONLY,MIXED,run04,LIDAR_ONLY,0.13195760548114777,0.3501489758491516,0.21848958730697632,0.2200520783662796,0.21848958730697632,0.0,0.9280019998550415,4068,15546428,122952,28362,599.6649525950988,33,2383,0,0,1753.080,37.74444580078125,-43.71862030029297,57.756804003277324,RETURNING
8274.784000,LIDAR_ONLY,MIXED,run04,LIDAR_ONLY,0.13196347653865814,0.35015398263931274,0.21510416269302368,0.21666666865348816,0.21510416269302368,0.0,9.456756591796875,4070,15554108,122952,28362,599.6702667139748,35,2383,0,0,1754.083,37.74534225463867,-43.71931838989258,57.75791823568816,RETURNING
8275.781000,LIDAR_ONLY,MIXED,run04,LIDAR_ONLY,0.13196823000907898,0.3501572608947754,0.2135416716337204,0.21796874701976776,0.2135416716337204,0.0,0.9150270223617554,4072,15561788,122952,28362,599.6771263271727,37,2383,0,0,1755.080,37.74474334716797,-43.719329833984375,57.75753551856663,RETURNING
8276.781000,LIDAR_ONLY,MIXED,run04,LIDAR_ONLY,0.13197527825832367,0.3501618802547455,0.21510416269302368,0.21640625596046448,0.21510416269302368,0.0,2.9526588916778564,4074,15569468,122952,28362,599.6816190006091,39,2383,0,0,1756.080,37.74602127075195,-43.7189826965332,57.75810787463231,RETURNING
8277.781000,LIDAR_ONLY,MIXED,run04,LIDAR_ONLY,0.13197937607765198,0.3501656949520111,0.21510416269302368,0.21666666865348816,0.21510416269302368,0.0,1.7252140045166016,4076,15577148,122952,28362,599.6861046682732,41,2383,0,0,1757.080,37.745262145996094,-43.71903991699219,57.757655100048446,RETURNING
8278.782000,LIDAR_ONLY,MIXED,run04,LIDAR_ONLY,0.1259232759475708,0.34795624017715454,0.21510416269302368,0.21770833432674408,0.21510416269302368,0.0,3.4822630882263184,4079,15588668,122952,28362,599.7876740668652,41,2384,0,0,1758.081,37.73756790161133,-43.63429260253906,57.68850030326535,RETURNING
8279.783000,LIDAR_ONLY,MIXED,run04,LIDAR_ONLY,0.12066833674907684,0.3456219434738159,0.21640625596046448,0.21822915971279144,0.21640625596046448,0.0,1.8937269449234009,4081,15596348,122952,28362,600.2178636298419,41,2386,0,0,1759.082,37.57431411743164,-43.27854919433594,57.312739223226785,RETURNING
8280.782000,LIDAR_ONLY,MIXED,run04,LIDAR_ONLY,0.13429602980613708,0.3534781336784363,0.21510416269302368,0.21640625596046448,0.21510416269302368,0.0,7.442636013031006,4083,15604028,122952,28362,600.5301235400259,41,2388,0,0,1760.081,37.5916748046875,-43.00188064575195,57.1155332030868,RETURNING
8281.781000,LIDAR_ONLY,MIXED,run04,LIDAR_ONLY,0.13168835639953613,0.35447895526885986,0.21640625596046448,0.21822915971279144,0.21640625596046448,0.0,0.985148012638092,4085,15611708,122952,28362,600.9858677408686,41,2389,0,0,1761.080,37.62849426269531,-42.620914459228516,56.85362402085503,RETURNING
8282.787000,LIDAR_ONLY,MIXED,run04,LIDAR_ONLY,0.1220344826579094,0.3559199869632721,0.21562500298023224,0.21640625596046448,0.21562500298023224,0.0,1.3338830471038818,4088,15623228,122953,28362,601.4074771927437,41,2391,0,0,1762.086,37.53752136230469,-42.291175842285156,56.54642484854146,RETURNING
8283.788000,LIDAR_ONLY,MIXED,run04,LIDAR_ONLY,0.0893627256155014,0.3164757788181305,0.21536459028720856,0.21718749403953552,0.21536459028720856,0.0,0.8965640068054199,4090,15630908,122953,28362,601.7471810867723,41,2392,0,0,1763.087,37.3019905090332,-42.172271728515625,56.30123149089905,RETURNING
8284.781000,LIDAR_ONLY,MIXED,run04,LIDAR_ONLY,0.11174719780683517,0.3449658453464508,0.21380208432674408,0.2161458283662796,0.21380208432674408,0.0,1.0057649612426758,4092,15638588,122956,28362,602.0573645582023,41,2393,0,0,1764.080,37.22604751586914,-42.19722366333008,56.2696552009609,RETURNING
8285.783000,LIDAR_ONLY,MIXED,run04,LIDAR_ONLY,0.12035614997148514,0.35088515281677246,0.21640625596046448,0.2161458283662796,0.21640625596046448,0.0,1.180359959602356,4095,15650108,122957,28363,602.2776982081606,41,2394,0,0,1765.082,37.303260803222656,-42.1287727355957,56.26949850870817,RETURNING
8286.782000,LIDAR_ONLY,MIXED,run04,LIDAR_ONLY,0.12875662744045258,0.35961923003196716,0.21901041269302368,0.21536459028720856,0.21901041269302368,0.0,1.1966630220413208,4098,15661628,122959,28363,602.6216094376638,41,2395,0,0,1766.081,37.27614212036133,-41.80266571044922,56.007710810577635,RETURNING
8287.782000,LIDAR_ONLY,MIXED,run04,LIDAR_ONLY,0.10615725070238113,0.3355036973953247,0.21041665971279144,0.20781250298023224,0.21041665971279144,0.0,1.0436099767684937,4100,15669308,122964,28363,603.0039597727582,41,2396,0,0,1767.081,37.138648986816406,-41.56878662109375,55.74167007115336,RETURNING
8288.783000,LIDAR_ONLY,MIXED,run04,LIDAR_ONLY,0.09166944026947021,0.317930668592453,0.21822915971279144,0.21640625596046448,0.21822915971279144,0.0,1.256600022315979,4101,15673148,122964,28364,603.3604340347312,41,2398,0,0,1768.082,36.84557342529297,-41.57841873168945,55.554048196597755,RETURNING
8289.781000,LIDAR_ONLY,MIXED,run04,LIDAR_ONLY,0.1182716116309166,0.34766125679016113,0.21250000596046448,0.21718749403953552,0.21250000596046448,0.0,3.673516035079956,4103,15680828,122964,28364,603.6005957913181,41,2400,0,0,1769.080,36.67919921875,-41.44743347167969,55.34568569808945,RETURNING
8290.783000,LIDAR_ONLY,MIXED,run04,LIDAR_ONLY,0.13924013078212738,0.3647211492061615,0.21901041269302368,0.21588541567325592,0.21901041269302368,0.0,4.990937232971191,4105,15688508,122964,28364,603.8115956922769,41,2402,0,0,1770.082,36.71188735961914,-41.38998031616211,55.32435862608388,RETURNING
8291.782000,LIDAR_ONLY,MIXED,run04,LIDAR_ONLY,0.11734011024236679,0.3519912660121918,0.21718749403953552,0.2135416716337204,0.21718749403953552,0.0,1.425536036491394,4106,15692348,122980,28364,604.1962058590145,41,2404,0,0,1771.081,36.769927978515625,-41.06481170654297,55.12021446157579,RETURNING
8292.782000,LIDAR_ONLY,MIXED,run04,LIDAR_ONLY,0.12700456380844116,0.3591693341732025,0.21041665971279144,0.20624999701976776,0.21041665971279144,0.0,1.7326730489730835,4108,15700028,122996,28365,604.4722158131333,41,2405,0,0,1772.081,36.68020248413086,-40.85391616821289,54.903294604976864,RETURNING
8293.781000,LIDAR_ONLY,MIXED,run04,LIDAR_ONLY,0.14327025413513184,0.3676251769065857,0.2174479216337204,0.2174479216337204,0.2174479216337204,0.0,10.672246932983398,4110,15707708,123012,28366,604.8368918058005,41,2406,0,0,1773.080,36.7339973449707,-40.536888122558594,54.70391269258886,RETURNING
8294.783000,LIDAR_ONLY,MIXED,run04,LIDAR_ONLY,0.12928424775600433,0.36269518733024597,0.21328124403953552,0.2161458283662796,0.21328124403953552,0.0,1.1644749641418457,4111,15711548,123025,28366,605.1973984716375,41,2407,0,0,1774.082,36.88130187988281,-40.245750427246094,54.58793839864894,RETURNING
8295.781000,LIDAR_ONLY,MIXED,run04,LIDAR_ONLY,0.13005997240543365,0.3586888611316681,0.21875,0.21848958730697632,0.21875,0.0,1.263774037361145,4113,15719228,123024,28372,605.5868429556608,41,2410,0,0,1775.080,36.81441116333008,-39.916934967041016,54.300599860558606,RETURNING
8296.785000,LIDAR_ONLY,MIXED,run04,LIDAR_ONLY,0.1219644770026207,0.3562624454498291,0.21406249701976776,0.21588541567325592,0.21406249701976776,0.0,1.1410800218582153,4115,15726908,123025,28372,605.9693232071938,42,2410,0,0,1776.084,36.83518981933594,-39.588584899902344,54.07383918090651,RETURNING
8297.781000,LIDAR_ONLY,MIXED,run04,LIDAR_ONLY,0.1246015802025795,0.358113169670105,0.2122395783662796,0.21380208432674408,0.2122395783662796,0.0,0.8918650150299072,4117,15734588,123026,28372,606.054652081193,44,2410,0,0,1777.080,36.838924407958984,-39.57890319824219,54.069295826750356,RETURNING
8298.782000,LIDAR_ONLY,MIXED,run04,LIDAR_ONLY,0.1246427670121193,0.35814154148101807,0.21822915971279144,0.21770833432674408,0.21822915971279144,0.0,0.9678850173950195,4120,15746108,123029,28372,606.0640344701854,46,2410,0,0,1778.081,36.83954620361328,-39.57743453979492,54.06864443058334,RETURNING
8299.781000,LIDAR_ONLY,MIXED,run04,LIDAR_ONLY,0.12466873228549957,0.3581600487232208,0.21822915971279144,0.21562500298023224,0.21822915971279144,0.0,1.1825439929962158,4122,15753788,123038,28373,606.0691723760157,48,2410,0,0,1779.080,36.839012145996094,-39.57777404785156,54.068529077122996,RETURNING
8300.781000,LIDAR_ONLY,MIXED,run04,LIDAR_ONLY,0.12468837946653366,0.3581734299659729,0.21901041269302368,0.21588541567325592,0.21901041269302368,0.0,1.0661159753799438,4124,15761468,123038,28375,606.0731619080742,50,2410,0,0,1780.080,36.838314056396484,-39.57755661010742,54.06789429415852,RETURNING
8301.781000,LIDAR_ONLY,MIXED,run04,LIDAR_ONLY,0.12469993531703949,0.3581814467906952,0.21901041269302368,0.21588541567325592,0.21901041269302368,0.0,1.297018051147461,4126,15769148,123039,28378,606.0767064078782,52,2410,0,0,1781.080,36.83832550048828,-39.577598571777344,54.06793280670318,RETURNING
8302.781000,LIDAR_ONLY,MIXED,run04,LIDAR_ONLY,0.12470690160989761,0.35818788409233093,0.21979166567325592,0.21640625596046448,0.21979166567325592,0.0,1.8317209482192993,4129,15780668,123039,28378,606.0804315470871,54,2410,0,0,1782.080,36.83860778808594,-39.57826614379883,54.068613790074274,RETURNING
8303.781000,LIDAR_ONLY,MIXED,run04,LIDAR_ONLY,0.12471388280391693,0.3581938147544861,0.21901041269302368,0.21588541567325592,0.21901041269302368,0.0,0.8452600240707397,4131,15788348,123039,28378,606.0865787720393,56,2410,0,0,1783.080,36.83900833129883,-39.5777587890625,54.068515308888266,RETURNING
8304.781000,LIDAR_ONLY,MIXED,run04,LIDAR_ONLY,0.12472169101238251,0.3581993877887726,0.21848958730697632,0.2161458283662796,0.21848958730697632,0.0,0.9369459748268127,4133,15796028,123040,28378,606.0894481371469,58,2410,0,0,1784.080,36.83852767944336,-39.577571868896484,54.06805100842971,RETURNING
8305.784000,LIDAR_ONLY,MIXED,run04,LIDAR_ONLY,0.1247282400727272,0.3582031726837158,0.21848958730697632,0.21588541567325592,0.21848958730697632,0.0,1.5020380020141602,4134,15799868,123040,28379,606.094379716859,60,2410,0,0,1785.083,36.83933639526367,-39.576602935791016,54.06789276857551,RETURNING
8306.781000,LIDAR_ONLY,MIXED,run04,LIDAR_ONLY,0.12473425269126892,0.3582075834274292,0.21901041269302368,0.21588541567325592,0.21901041269302368,0.0,0.9113960266113281,4136,15807548,123040,28379,606.0975809294721,62,2410,0,0,1786.080,36.83835983276367,-39.57713317871094,54.06761553599211,RETURNING
8307.781000,LIDAR_ONLY,MIXED,run04,LIDAR_ONLY,0.12473905831575394,0.35821157693862915,0.21901041269302368,0.21484375,0.21901041269302368,0.0,3.8186910152435303,4138,15815228,123040,28379,606.1023408853907,64,2410,0,0,1787.080,36.83858871459961,-39.577693939208984,54.06818194674444,RETURNING
8308.785000,LIDAR_ONLY,MIXED,run04,LIDAR_ONLY,0.12474525719881058,0.3582156300544739,0.21822915971279144,0.21588541567325592,0.21822915971279144,0.0,1.261391043663025,4140,15822908,123040,28379,606.1067365987782,66,2410,0,0,1788.084,36.8382568359375,-39.577030181884766,54.067469969988736,RETURNING
8309.783000,LIDAR_ONLY,MIXED,run04,LIDAR_ONLY,0.12475042045116425,0.3582180440425873,0.21901041269302368,0.21588541567325592,0.21901041269302368,0.0,1.8160550594329834,4141,15826748,123040,28379,606.1102898217682,68,2410,0,0,1789.082,36.838836669921875,-39.57733154296875,54.06808561501514,RETURNING
8310.783000,LIDAR_ONLY,MIXED,run04,LIDAR_ONLY,0.12475600093603134,0.35822242498397827,0.21901041269302368,0.21562500298023224,0.21901041269302368,0.0,2.325613021850586,4143,15834428,123040,28379,606.1148143948897,70,2410,0,0,1790.082,36.839210510253906,-39.57664108276367,54.067834921357004,RETURNING
8311.784000,LIDAR_ONLY,MIXED,run04,LIDAR_ONLY,0.12476003170013428,0.35822588205337524,0.21901041269302368,0.21588541567325592,0.21901041269302368,0.0,1.2627689838409424,4145,15842108,123040,28379,606.1185399079047,72,2410,0,0,1791.083,36.83838653564453,-39.57725143432617,54.06772029062115,RETURNING
8312.781000,LIDAR_ONLY,MIXED,run04,LIDAR_ONLY,0.12476465851068497,0.35822999477386475,0.21875,0.21588541567325592,0.21875,0.0,1.2911070585250854,4147,15849788,123040,28379,606.1214812283979,74,2410,0,0,1792.080,36.83863830566406,-39.57719421386719,54.067849942335435,RETURNING
8313.784000,LIDAR_ONLY,MIXED,run04,LIDAR_ONLY,0.1247696653008461,0.3582336902618408,0.21901041269302368,0.2161458283662796,0.21901041269302368,0.0,1.0809799432754517,4150,15861308,123040,28379,606.1258241092089,76,2410,0,0,1793.083,36.83858871459961,-39.57749938964844,54.0680395389528,RETURNING
8314.782000,LIDAR_ONLY,MIXED,run04,LIDAR_ONLY,0.12477473169565201,0.3582373261451721,0.21875,0.21588541567325592,0.21875,0.0,2.0619869232177734,4153,15872828,123040,28379,606.1288522760191,78,2410,0,0,1794.081,36.84024429321289,-39.5775032043457,54.069170322378724,RETURNING
8315.781000,LIDAR_ONLY,MIXED,run04,LIDAR_ONLY,0.12477841973304749,0.35823988914489746,0.21848958730697632,0.21588541567325592,0.21848958730697632,0.0,1.6556379795074463,4156,15884348,123040,28379,606.1352822186882,80,2410,0,0,1795.080,36.83898162841797,-39.57694625854492,54.06790235835221,RETURNING
8316.784000,LIDAR_ONLY,MIXED,run04,LIDAR_ONLY,0.12478247284889221,0.3582429587841034,0.21848958730697632,0.21588541567325592,0.21848958730697632,0.0,1.4316070079803467,4161,15903548,123040,28379,606.137486302423,82,2410,0,0,1796.083,36.83922576904297,-39.57726287841797,54.068300457055805,RETURNING
8317.782000,LIDAR_ONLY,MIXED,run04,LIDAR_ONLY,0.12478421628475189,0.3582451045513153,0.21901041269302368,0.21692708134651184,0.21901041269302368,0.0,4.573169231414795,4164,15915068,123040,28379,606.141535518321,84,2410,0,0,1797.081,36.83945083618164,-39.5768928527832,54.068182952350725,RETURNING
8318.781000,LIDAR_ONLY,MIXED,run04,LIDAR_ONLY,0.12478722631931305,0.35824739933013916,0.21901041269302368,0.21588541567325592,0.21901041269302368,0.0,6.132335186004639,4165,15918908,123040,28379,606.1457418836976,86,2410,0,0,1798.080,36.83892059326172,-39.577232360839844,54.068070194495014,RETURNING
8319.788000,LIDAR_ONLY,MIXED,run04,LIDAR_ONLY,0.12478992342948914,0.35824963450431824,0.21848958730697632,0.21588541567325592,0.21848958730697632,0.0,2.9182400703430176,4168,15930428,123040,28379,606.1490785747212,88,2410,0,0,1799.087,36.83903884887695,-39.57736587524414,54.068248495014814,RETURNING
8320.781000,LIDAR_ONLY,MIXED,run04,LIDAR_ONLY,0.12479288876056671,0.3582518994808197,0.21901041269302368,0.21588541567325592,0.21901041269302368,0.0,1.4243429899215698,4170,15938108,123040,28379,606.1535159788116,90,2410,0,0,1800.080,36.83914566040039,-39.57667922973633,54.0678186596043,RETURNING
8321.783000,LIDAR_ONLY,MIXED,run04,LIDAR_ONLY,0.12479415535926819,0.3582530617713928,0.21901041269302368,0.21588541567325592,0.21901041269302368,0.0,2.147834062576294,4171,15941948,123040,28379,606.1573448545984,92,2410,0,0,1801.082,36.84004592895508,-39.57638931274414,54.06821983671405,RETURNING
8322.781000,LIDAR_ONLY,MIXED,run04,LIDAR_ONLY,0.12479625642299652,0.3582550585269928,0.21770833432674408,0.21458333730697632,0.21770833432674408,0.0,1.6554210186004639,4173,15949628,123040,28379,606.162528799483,94,2410,0,0,1802.080,36.83916091918945,-39.577239990234375,54.06823951940232,RETURNING
8323.781000,LIDAR_ONLY,MIXED,run04,LIDAR_ONLY,0.1247970312833786,0.35825592279434204,0.21901041269302368,0.21588541567325592,0.21901041269302368,0.0,1.602897047996521,4175,15957308,123040,28379,606.1706184238848,96,2410,0,0,1803.080,36.840850830078125,-39.57728958129883,54.069427214864305,RETURNING
8324.783000,LIDAR_ONLY,MIXED,run04,LIDAR_ONLY,0.12479803711175919,0.35825708508491516,0.21901041269302368,0.21588541567325592,0.21901041269302368,0.0,1.2998859882354736,4177,15964988,123040,28379,606.1767634079066,98,2410,0,0,1804.082,36.840354919433594,-39.577064514160156,54.068924588741616,RETURNING
8325.783000,LIDAR_ONLY,MIXED,run04,LIDAR_ONLY,0.1247972622513771,0.3582572042942047,0.21901041269302368,0.21666666865348816,0.21901041269302368,0.0,2.89047908782959,4179,15972668,123040,28379,606.1803392434849,100,2410,0,0,1805.082,36.8402099609375,-39.575801849365234,54.067901599716265,RETURNING
8326.784000,LIDAR_ONLY,MIXED,run04,LIDAR_ONLY,0.12479867041110992,0.3582582473754883,0.21901041269302368,0.21588541567325592,0.21901041269302368,0.0,2.252984046936035,4182,15984188,123040,28379,606.1841005893793,102,2410,0,0,1806.083,36.840633392333984,-39.57634353637695,54.068586596668375,RETURNING
8327.782000,LIDAR_ONLY,MIXED,run04,LIDAR_ONLY,0.12479913234710693,0.358258992433548,0.21901041269302368,0.21588541567325592,0.21901041269302368,0.0,0.9248430132865906,4184,15991868,123040,28379,606.1868873005021,104,2410,0,0,1807.081,36.840980529785156,-39.57668685913086,54.06907441653699,RETURNING
8328.781000,LIDAR_ONLY,MIXED,run04,LIDAR_ONLY,0.12479845434427261,0.3582580089569092,0.21901041269302368,0.21588541567325592,0.21901041269302368,0.0,1.77229905128479,4187,16003388,123040,28379,606.1913913605937,106,2410,0,0,1808.080,36.84099578857422,-39.57649230957031,54.06894241133105,RETURNING
8329.785000,LIDAR_ONLY,MIXED,run04,LIDAR_ONLY,0.12479697912931442,0.3582579791545868,0.21901041269302368,0.21588541567325592,0.21901041269302368,0.0,0.6671819686889648,4189,16011068,123040,28379,606.1955770495352,108,2410,0,0,1809.084,36.8408317565918,-39.5767822265625,54.06904285502543,RETURNING
8330.781000,LIDAR_ONLY,MIXED,run04,LIDAR_ONLY,0.12479578703641891,0.3582572340965271,0.22031250596046448,0.21718749403953552,0.22031250596046448,0.0,2.3665359020233154,4192,16022588,123040,28379,606.1990645922135,110,2410,0,0,1810.080,36.84130096435547,-39.57634353637695,54.06904144919572,RETURNING
8331.781000,LIDAR_ONLY,MIXED,run04,LIDAR_ONLY,0.12479598075151443,0.3582570552825928,0.21901041269302368,0.21588541567325592,0.21901041269302368,0.0,0.6633020043373108,4195,16034108,123040,28379,606.204141022877,112,2410,0,0,1811.080,36.84081268310547,-39.576881408691406,54.06910245670828,RETURNING
8332.781000,LIDAR_ONLY,MIXED,run04,LIDAR_ONLY,0.12479450553655624,0.35825634002685547,0.21901041269302368,0.21588541567325592,0.21901041269302368,0.0,1.3017749786376953,4202,16060988,123040,28379,606.2066265867066,114,2410,0,0,1812.080,36.84061813354492,-39.57715606689453,54.06917094092651,RETURNING
8333.781000,LIDAR_ONLY,MIXED,run04,LIDAR_ONLY,0.12479173392057419,0.35825419425964355,0.22187499701976776,0.21718749403953552,0.22187499701976776,0.0,0.9247909784317017,4204,16068668,123040,28379,606.2114899842518,116,2410,0,0,1813.080,36.84115219116211,-39.57624053955078,54.06886469290744,RETURNING
8334.784000,LIDAR_ONLY,MIXED,run04,LIDAR_ONLY,0.12478934973478317,0.35825273394584656,0.21901041269302368,0.21588541567325592,0.21901041269302368,0.0,1.2911039590835571,4207,16080188,123040,28379,606.2143426899646,118,2410,0,0,1814.083,36.841575622558594,-39.57692337036133,54.06965300009873,RETURNING
8335.782000,LIDAR_ONLY,MIXED,run04,LIDAR_ONLY,0.1247873306274414,0.35825204849243164,0.21901041269302368,0.21588541567325592,0.21901041269302368,0.0,1.6000750064849854,4208,16084028,123040,28379,606.2178344223469,120,2410,0,0,1815.081,36.84135818481445,-39.57648468017578,54.069183747178776,RETURNING
8336.781000,LIDAR_ONLY,MIXED,run04,LIDAR_ONLY,0.12478524446487427,0.3582506775856018,0.21901041269302368,0.21588541567325592,0.21901041269302368,0.0,1.3284759521484375,4209,16087868,123040,28379,606.2208559642118,122,2410,0,0,1816.080,36.841217041015625,-39.57609558105469,54.06880277630883,RETURNING
8337.782000,LIDAR_ONLY,MIXED,run04,LIDAR_ONLY,0.1247817873954773,0.3582480549812317,0.21901041269302368,0.21588541567325592,0.21901041269302368,0.0,8.537593841552734,4211,16095548,123040,28379,606.2238957426878,124,2410,0,0,1817.081,36.841392517089844,-39.57617950439453,54.06898376612322,RETURNING
8338.782000,LIDAR_ONLY,MIXED,run04,LIDAR_ONLY,0.12477988004684448,0.3582474887371063,0.22031250596046448,0.21718749403953552,0.22031250596046448,0.0,5.256115913391113,4212,16099388,123040,28379,606.2284376493392,126,2410,0,0,1818.081,36.84151840209961,-39.575775146484375,54.06877357084069,RETURNING
8339.781000,LIDAR_ONLY,MIXED,run04,LIDAR_ONLY,0.12477658689022064,0.3582453429698944,0.21901041269302368,0.21588541567325592,0.21901041269302368,0.0,1.2596909999847412,4214,16107068,123040,28379,606.233643257189,128,2410,0,0,1819.080,36.84204864501953,-39.57587432861328,54.06920745615068,RETURNING
8340.781000,LIDAR_ONLY,MIXED,run04,LIDAR_ONLY,0.12477336823940277,0.35824301838874817,0.21901041269302368,0.21588541567325592,0.21901041269302368,0.0,3.520766019821167,4216,16114748,123040,28379,606.2380964904503,130,2410,0,0,1820.080,36.84187698364258,-39.57566452026367,54.06893692426076,RETURNING
8341.783000,LIDAR_ONLY,MIXED,run04,LIDAR_ONLY,0.12476962059736252,0.35824069380760193,0.21901041269302368,0.21588541567325592,0.21901041269302368,0.0,5.417003154754639,4217,16118588,123040,28379,606.2432598031365,132,2410,0,0,1821.082,36.84233474731445,-39.575286865234375,54.068972412440544,RETURNING
8342.781000,LIDAR_ONLY,MIXED,run04,LIDAR_ONLY,0.12476636469364166,0.3582390248775482,0.21901041269302368,0.21588541567325592,0.21901041269302368,0.0,1.6751960515975952,4218,16122428,123040,28379,606.248928127238,134,2410,0,0,1822.080,36.842124938964844,-39.57571029663086,54.06913937905023,RETURNING
8343.789000,LIDAR_ONLY,MIXED,run04,LIDAR_ONLY,0.12476325780153275,0.3582373857498169,0.21901041269302368,0.2135416716337204,0.21901041269302368,0.0,1.0762310028076172,4221,16133948,123040,28379,606.253078608223,136,2410,0,0,1823.088,36.842105865478516,-39.576351165771484,54.06959546154762,RETURNING
8344.787000,LIDAR_ONLY,MIXED,run04,LIDAR_ONLY,0.12475992739200592,0.3582346737384796,0.21901041269302368,0.21588541567325592,0.21901041269302368,0.0,1.2555170059204102,4226,16153148,123040,28379,606.2570497813857,138,2410,0,0,1824.086,36.84248733520508,-39.57627487182617,54.069799539667244,RETURNING
8345.781000,LIDAR_ONLY,MIXED,run04,LIDAR_ONLY,0.12475746124982834,0.3582337200641632,0.21901041269302368,0.21588541567325592,0.21901041269302368,0.0,1.8187470436096191,4228,16160828,123040,28379,606.2613538677265,140,2410,0,0,1825.080,36.84169006347656,-39.57597351074219,54.069035726396145,RETURNING
8346.781000,LIDAR_ONLY,MIXED,run04,LIDAR_ONLY,0.12475330382585526,0.35823044180870056,0.21901041269302368,0.21588541567325592,0.21901041269302368,0.0,1.2299519777297974,4230,16168508,123040,28379,606.2680453785474,142,2410,0,0,1826.080,36.841407775878906,-39.57601547241211,54.068874099903056,RETURNING
8347.783000,LIDAR_ONLY,MIXED,run04,LIDAR_ONLY,0.1247483566403389,0.35822737216949463,0.21718749403953552,0.21380208432674408,0.21718749403953552,0.0,3.256016969680786,4232,16176188,123040,28379,606.2734078657921,144,2410,0,0,1827.082,36.84206008911133,-39.57524871826172,54.06875734597781,RETURNING
8348.781000,LIDAR_ONLY,MIXED,run04,LIDAR_ONLY,0.12474432587623596,0.35822445154190063,0.21901041269302368,0.21588541567325592,0.21901041269302368,0.0,3.2343881130218506,4235,16187708,123040,28379,606.2783017714823,146,2410,0,0,1828.080,36.84302520751953,-39.57590103149414,54.06989240451791,RETURNING
8349.785000,LIDAR_ONLY,MIXED,run04,LIDAR_ONLY,0.12473921477794647,0.3582209050655365,0.22031250596046448,0.21692708134651184,0.22031250596046448,0.0,1.0804519653320312,4237,16195388,123040,28379,606.2832682705802,148,2410,0,0,1829.084,36.84261703491211,-39.575618743896484,54.06940766955019,RETURNING
8350.781000,LIDAR_ONLY,MIXED,run04,LIDAR_ONLY,0.12473511695861816,0.3582180142402649,0.21901041269302368,0.21588541567325592,0.21901041269302368,0.0,2.5186569690704346,4240,16206908,123040,28379,606.2868913527675,150,2410,0,0,1830.080,36.84218215942383,-39.575565338134766,54.06907226689295,RETURNING
8351.782000,LIDAR_ONLY,MIXED,run04,LIDAR_ONLY,0.12473117560148239,0.3582158386707306,0.21901041269302368,0.21588541567325592,0.21901041269302368,0.0,3.0368640422821045,4243,16218428,123040,28379,606.290008449723,152,2410,0,0,1831.081,36.84295654296875,-39.57616424560547,54.07003827325566,RETURNING
8352.781000,LIDAR_ONLY,MIXED,run04,LIDAR_ONLY,0.12472748011350632,0.3582141101360321,0.21901041269302368,0.21588541567325592,0.21901041269302368,0.0,1.3263579607009888,4245,16226108,123040,28379,606.2949102621834,154,2410,0,0,1832.080,36.84259796142578,-39.57609558105469,54.06974368727581,RETURNING
8353.782000,LIDAR_ONLY,MIXED,run04,LIDAR_ONLY,0.12472502142190933,0.35821235179901123,0.21901041269302368,0.21692708134651184,0.21901041269302368,0.0,1.0006970167160034,4247,16233788,123040,28379,606.2985213736046,156,2410,0,0,1833.081,36.8421516418457,-39.575130462646484,54.068733172442016,RETURNING
8354.785000,LIDAR_ONLY,MIXED,run04,LIDAR_ONLY,0.12472156435251236,0.3582102358341217,0.21901041269302368,0.21640625596046448,0.21901041269302368,0.0,0.9545590281486511,4249,16241468,123040,28379,606.3032309424683,158,2410,0,0,1834.084,36.84294891357422,-39.574825286865234,54.06905305210864,RETURNING
8355.781000,LIDAR_ONLY,MIXED,run04,LIDAR_ONLY,0.12471717596054077,0.35820746421813965,0.21901041269302368,0.21588541567325592,0.21901041269302368,0.0,1.2354639768600464,4250,16245308,123040,28379,606.3078609809771,160,2410,0,0,1835.080,36.842281341552734,-39.57521438598633,54.068882973053746,RETURNING
8356.781000,LIDAR_ONLY,MIXED,run04,LIDAR_ONLY,0.12471406161785126,0.35820549726486206,0.21901041269302368,0.21588541567325592,0.21901041269302368,0.0,17.09172821044922,4251,16249148,123040,28379,606.3111246373736,162,2410,0,0,1836.080,36.84249496459961,-39.57503890991211,54.068900094895675,RETURNING
8357.781000,LIDAR_ONLY,MIXED,run04,LIDAR_ONLY,0.1247105523943901,0.3582031726837158,0.21848958730697632,0.21588541567325592,0.21848958730697632,0.0,0.8482139706611633,4253,16256828,123040,28379,606.315375965055,164,2410,0,0,1837.080,36.84275436401367,-39.574989318847656,54.06904054795344,RETURNING
8358.782000,LIDAR_ONLY,MIXED,run04,LIDAR_ONLY,0.12470750510692596,0.35820090770721436,0.21901041269302368,0.21588541567325592,0.21901041269302368,0.0,2.736140012741089,4254,16260668,123040,28379,606.3200957874212,166,2410,0,0,1838.081,36.84292221069336,-39.575435638427734,54.06948158933434,RETURNING
8359.782000,LIDAR_ONLY,MIXED,run04,LIDAR_ONLY,0.12470381706953049,0.35819894075393677,0.21901041269302368,0.21692708134651184,0.21901041269302368,0.0,1.9574580192565918,4256,16268348,123040,28379,606.3257505381192,168,2410,0,0,1839.081,36.843162536621094,-39.57481002807617,54.06918744409897,RETURNING
8360.781000,LIDAR_ONLY,MIXED,run04,LIDAR_ONLY,0.12470021843910217,0.35819658637046814,0.21901041269302368,0.21458333730697632,0.21901041269302368,0.0,1.7884739637374878,4258,16276028,123040,28379,606.3309936430351,170,2410,0,0,1840.080,36.843528747558594,-39.57512664794922,54.06966871713775,RETURNING
8361.781000,LIDAR_ONLY,MIXED,run04,LIDAR_ONLY,0.12469568848609924,0.35819414258003235,0.21901041269302368,0.21588541567325592,0.21901041269302368,0.0,1.1250979900360107,4259,16279868,123040,28379,606.3368025476857,172,2410,0,0,1841.080,36.84354019165039,-39.57502365112305,54.06960112960284,RETURNING
8362.781000,LIDAR_ONLY,MIXED,run04,LIDAR_ONLY,0.12469317018985748,0.3581920266151428,0.21901041269302368,0.21588541567325592,0.21901041269302368,0.0,1.3560700416564941,4260,16283708,123040,28379,606.3403968892572,174,2410,0,0,1842.080,36.8426399230957,-39.574073791503906,54.068292473835555,RETURNING
8363.781000,LIDAR_ONLY,MIXED,run04,LIDAR_ONLY,0.12468860298395157,0.3581896126270294,0.21901041269302368,0.21588541567325592,0.21901041269302368,0.0,0.8447800278663635,4262,16291388,123040,28379,606.3453376389558,176,2410,0,0,1843.080,36.842960357666016,-39.574459075927734,54.06879281229755,RETURNING
8364.781000,LIDAR_ONLY,MIXED,run04,LIDAR_ONLY,0.11275431513786316,0.3468378186225891,0.21901041269302368,0.21588541567325592,0.21901041269302368,0.0,0.9005789756774902,4265,16302908,123040,28379,606.3990773183666,176,2411,0,0,1844.080,36.84420394897461,-39.614097595214844,54.098658702561686,RETURNING
8365.781000,LIDAR_ONLY,MIXED,run04,LIDAR_ONLY,0.10298267006874084,0.33046743273735046,0.21901041269302368,0.21588541567325592,0.21901041269302368,0.0,0.7797589898109436,4267,16310588,123040,28379,606.6001076740156,176,2412,0,0,1845.080,36.72993087768555,-39.707942962646484,54.089753955649755,RETURNING
8366.781000,LIDAR_ONLY,MIXED,run04,LIDAR_ONLY,0.10828482359647751,0.3334297239780426,0.21901041269302368,0.21588541567325592,0.21901041269302368,0.0,0.7448999881744385,4270,16322108,123040,28379,606.8335021499383,176,2413,0,0,1846.080,36.66409683227539,-39.7071418762207,54.04448325394941,RETURNING
8367.781000,LIDAR_ONLY,MIXED,run04,LIDAR_ONLY,0.10769765079021454,0.33129340410232544,0.2200520783662796,0.2174479216337204,0.2200520783662796,0.0,3.1701290607452393,4273,16333628,123040,28379,607.2845402136603,177,2414,0,0,1847.080,36.24079513549805,-39.628536224365234,53.7001869694167,RETURNING
8368.781000,LIDAR_ONLY,MIXED,run04,LIDAR_ONLY,0.10985857993364334,0.3328092694282532,0.21484375,0.21562500298023224,0.21484375,0.0,0.7598559856414795,4276,16345148,123040,28379,607.3895479750415,179,2414,0,0,1848.080,36.24543762207031,-39.60974884033203,53.68945821847463,RETURNING
8369.785000,LIDAR_ONLY,MIXED,run04,LIDAR_ONLY,0.10999499261379242,0.3329017758369446,0.21458333730697632,0.21406249701976776,0.21458333730697632,0.0,0.68818199634552,4279,16356668,123045,28379,607.3976743614713,181,2414,0,0,1849.084,36.243778228759766,-39.60883331298828,53.687662576947595,RETURNING
8370.781000,LIDAR_ONLY,MIXED,run04,LIDAR_ONLY,0.10996213555335999,0.33287912607192993,0.21458333730697632,0.21380208432674408,0.21458333730697632,0.0,2.705526113510132,4282,16368188,123043,28379,607.4014873660218,183,2414,0,0,1850.080,36.244598388671875,-39.60948944091797,53.68870030275017,RETURNING
8371.781000,LIDAR_ONLY,MIXED,run04,LIDAR_ONLY,0.10999748110771179,0.33290407061576843,0.21197916567325592,0.21406249701976776,0.21197916567325592,0.0,1.0049790143966675,4285,16379708,123053,28379,607.4048129301045,185,2414,0,0,1851.080,36.24380111694336,-39.609100341796875,53.68787503040352,RETURNING
8372.782000,LIDAR_ONLY,MIXED,run04,LIDAR_ONLY,0.11003461480140686,0.33292996883392334,0.21276041865348816,0.21510416269302368,0.21276041865348816,0.0,3.4089889526367188,4286,16383548,123053,28380,607.4070810171769,187,2414,0,0,1852.081,36.244747161865234,-39.6090202331543,53.68845457674475,RETURNING
8373.781000,LIDAR_ONLY,MIXED,run04,LIDAR_ONLY,0.11007089167833328,0.33295494318008423,0.21197916567325592,0.21380208432674408,0.21197916567325592,0.0,2.874337911605835,4287,16387388,123053,28380,607.4112783112259,189,2414,0,0,1853.080,36.24370193481445,-39.6083984375,53.68729024186219,RETURNING
8374.781000,LIDAR_ONLY,MIXED,run04,LIDAR_ONLY,0.11010465025901794,0.33297765254974365,0.21197916567325592,0.2135416716337204,0.21197916567325592,0.0,1.485474944114685,4289,16395068,123053,28380,607.4133466368712,191,2414,0,0,1854.080,36.243370056152344,-39.60860061645508,53.687215359858804,RETURNING
8375.783000,LIDAR_ONLY,MIXED,run04,LIDAR_ONLY,0.1101367175579071,0.3330012559890747,0.21458333730697632,0.21536459028720856,0.21458333730697632,0.0,5.9255452156066895,4290,16398908,123053,28380,607.416738505339,193,2414,0,0,1855.082,36.24303436279297,-39.60799026489258,53.68653845344269,RETURNING
8376.781000,LIDAR_ONLY,MIXED,run04,LIDAR_ONLY,0.1101698949933052,0.33302345871925354,0.21197916567325592,0.2135416716337204,0.21197916567325592,0.0,5.7420148849487305,4292,16406588,123053,28380,607.4209734930056,195,2414,0,0,1856.080,36.24284744262695,-39.60810852050781,53.686499513913176,RETURNING
8377.788000,LIDAR_ONLY,MIXED,run04,LIDAR_ONLY,0.110197514295578,0.33304092288017273,0.21197916567325592,0.21380208432674408,0.21197916567325592,0.0,1.2586719989776611,4294,16414268,123053,28380,607.424181780201,197,2414,0,0,1857.087,36.24317169189453,-39.608009338378906,53.68664523151854,RETURNING
8378.782000,LIDAR_ONLY,MIXED,run04,LIDAR_ONLY,0.11023104190826416,0.33306336402893066,0.21197916567325592,0.21276041865348816,0.21197916567325592,0.0,0.8341420292854309,4296,16421948,123053,28380,607.4276241839058,199,2414,0,0,1858.081,36.242347717285156,-39.60697555541992,53.68532631372501,RETURNING
8379.782000,LIDAR_ONLY,MIXED,run04,LIDAR_ONLY,0.11025860160589218,0.333082377910614,0.21197916567325592,0.21380208432674408,0.21197916567325592,0.0,0.7660989761352539,4298,16429628,123053,28380,607.4322860313862,201,2414,0,0,1859.081,36.24234390258789,-39.607200622558594,53.685489782860834,RETURNING
8380.781000,LIDAR_ONLY,MIXED,run04,LIDAR_ONLY,0.11028534919023514,0.33310046792030334,0.2122395783662796,0.2135416716337204,0.2122395783662796,0.0,1.2272599935531616,4300,16437308,123053,28380,607.4363547685173,203,2414,0,0,1860.080,36.242462158203125,-39.606937408447266,53.685375426405976,RETURNING
8381.781000,LIDAR_ONLY,MIXED,run04,LIDAR_ONLY,0.11030776053667068,0.333114892244339,0.21197916567325592,0.2135416716337204,0.21197916567325592,0.0,0.9929230213165283,4302,16444988,123053,28380,607.4384818412115,205,2414,0,0,1861.080,36.242164611816406,-39.60643005371094,53.68480025934298,RETURNING
8382.781000,LIDAR_ONLY,MIXED,run04,LIDAR_ONLY,0.11180685460567474,0.3341532349586487,0.21328124403953552,0.21380208432674408,0.21328124403953552,0.0,3.0629429817199707,4304,16452668,123053,28380,607.4431592856864,206,2415,0,0,1862.080,36.24296188354492,-39.606689453125,53.68552984985081,RETURNING
8383.783000,LIDAR_ONLY,MIXED,run04,LIDAR_ONLY,0.1204909160733223,0.3441216051578522,0.21197916567325592,0.2135416716337204,0.21197916567325592,0.0,1.0398789644241333,4306,16460348,123053,28380,607.5626143778615,206,2415,0,0,1863.082,36.33917999267578,-39.551979064941406,53.71023074290616,RETURNING
8384.782000,LIDAR_ONLY,MIXED,run04,LIDAR_ONLY,0.11912957578897476,0.35055387020111084,0.2122395783662796,0.21276041865348816,0.2122395783662796,0.0,1.005007028579712,4309,16471868,123053,28380,607.831644271782,207,2415,0,0,1864.081,36.40224838256836,-39.5263786315918,53.73408627605116,RETURNING
8385.786000,LIDAR_ONLY,MIXED,run04,LIDAR_ONLY,0.11811322718858719,0.3498069941997528,0.2122395783662796,0.2135416716337204,0.2122395783662796,0.0,0.9818840026855469,4312,16483388,123053,28380,607.8539526867264,209,2415,0,0,1865.085,36.4092903137207,-39.536651611328125,53.74641338594008,RETURNING
8386.782000,LIDAR_ONLY,MIXED,run04,LIDAR_ONLY,0.11816449463367462,0.3498479127883911,0.21406249701976776,0.21510416269302368,0.21406249701976776,0.0,0.7485669851303101,4315,16494908,123054,28380,607.8616928238439,211,2415,0,0,1866.081,36.409549713134766,-39.5373649597168,53.747113850047775,RETURNING
8387.783000,LIDAR_ONLY,MIXED,run04,LIDAR_ONLY,0.1181895062327385,0.3498660624027252,0.21848958730697632,0.2174479216337204,0.21848958730697632,0.0,0.9398409724235535,4317,16502588,123065,28380,607.8650652229258,213,2415,0,0,1867.082,36.410133361816406,-39.537593841552734,53.74767758507032,RETURNING
8388.781000,LIDAR_ONLY,MIXED,run04,LIDAR_ONLY,0.11819423735141754,0.34987014532089233,0.21901041269302368,0.2161458283662796,0.21901041269302368,0.0,0.8944740295410156,4319,16510268,123064,28380,607.8696596707072,215,2415,0,0,1868.080,36.41022491455078,-39.53733444213867,53.74754878823151,RETURNING
8389.784000,LIDAR_ONLY,MIXED,run04,LIDAR_ONLY,0.11819816380739212,0.34987321496009827,0.21901041269302368,0.21536459028720856,0.21901041269302368,0.0,1.9175139665603638,4321,16517948,123066,28380,607.8739873916572,218,2415,0,0,1869.083,36.41014862060547,-39.53659439086914,53.74695272308132,RETURNING
8390.781000,LIDAR_ONLY,MIXED,run04,LIDAR_ONLY,0.11820372194051743,0.3498761057853699,0.21901041269302368,0.21536459028720856,0.21901041269302368,0.0,0.7596889734268188,4323,16525628,123066,28380,607.8793022789746,219,2415,0,0,1870.080,36.41044235229492,-39.53685760498047,53.74734532208326,RETURNING
8391.782000,LIDAR_ONLY,MIXED,run04,LIDAR_ONLY,0.11820812523365021,0.3498804271221161,0.21901041269302368,0.21536459028720856,0.21901041269302368,0.0,1.0838279724121094,4325,16533308,123066,28380,607.8817897504239,221,2415,0,0,1871.081,36.410400390625,-39.536922454833984,53.747364599927536,RETURNING
8392.781000,LIDAR_ONLY,MIXED,run04,LIDAR_ONLY,0.11821187287569046,0.34988391399383545,0.21901041269302368,0.21536459028720856,0.21901041269302368,0.0,1.369236946105957,4327,16540988,123066,28380,607.8861941376596,223,2415,0,0,1872.080,36.41015625,-39.536781311035156,53.74709538965192,RETURNING
8393.781000,LIDAR_ONLY,MIXED,run04,LIDAR_ONLY,0.11821577697992325,0.3498866856098175,0.21901041269302368,0.21536459028720856,0.21901041269302368,0.0,0.95489102602005,4329,16548668,123066,28380,607.8892539105145,225,2415,0,0,1873.080,36.41059112548828,-39.536746978759766,53.74736472772461,RETURNING
8394.782000,LIDAR_ONLY,MIXED,run04,LIDAR_ONLY,0.11821867525577545,0.349888414144516,0.21901041269302368,0.21562500298023224,0.21901041269302368,0.0,2.526582956314087,4331,16556348,123066,28380,607.8939408043249,227,2415,0,0,1874.081,36.41164779663086,-39.536582946777344,53.74795988522058,RETURNING
8395.783000,LIDAR_ONLY,MIXED,run04,LIDAR_ONLY,0.11822065711021423,0.3498902916908264,0.21901041269302368,0.21510416269302368,0.21901041269302368,0.0,1.679455041885376,4333,16564028,123066,28380,607.8979773417612,229,2415,0,0,1875.082,36.41177749633789,-39.536277770996094,53.74782326647016,RETURNING
8396.781000,LIDAR_ONLY,MIXED,run04,LIDAR_ONLY,0.11822270601987839,0.3498915731906891,0.21901041269302368,0.21562500298023224,0.21901041269302368,0.0,1.7861449718475342,4335,16571708,123066,28380,607.9020283303248,231,2415,0,0,1876.080,36.410606384277344,-39.5366096496582,53.74727404579086,RETURNING
8397.781000,LIDAR_ONLY,MIXED,run04,LIDAR_ONLY,0.11822513490915298,0.3498934805393219,0.21901041269302368,0.21536459028720856,0.21901041269302368,0.0,2.627185106277466,4338,16583228,123066,28380,607.9065559648855,233,2415,0,0,1877.080,36.4118537902832,-39.536407470703125,53.74797035541787,RETURNING
8398.781000,LIDAR_ONLY,MIXED,run04,LIDAR_ONLY,0.11822772026062012,0.34989526867866516,0.21901041269302368,0.21588541567325592,0.21901041269302368,0.0,4.426324844360352,4341,16594748,123066,28380,607.9118117218931,235,2415,0,0,1878.080,36.41179275512695,-39.536136627197266,53.74772978083411,RETURNING
8399.781000,LIDAR_ONLY,MIXED,run04,LIDAR_ONLY,0.11823004484176636,0.349897176027298,0.21901041269302368,0.21588541567325592,0.21901041269302368,0.0,0.8792210221290588,4343,16602428,123066,28380,607.9151554842882,237,2415,0,0,1879.080,36.411617279052734,-39.53667068481445,53.74800375037785,RETURNING
8400.803000,LIDAR_ONLY,MIXED,run04,LIDAR_ONLY,0.11822975426912308,0.3498978316783905,0.21901041269302368,0.21536459028720856,0.21901041269302368,0.0,1.2339659929275513,4346,16613948,123066,28380,607.9188705359544,239,2415,0,0,1880.102,36.41161346435547,-39.536434173583984,53.74782719223186,RETURNING
8401.781000,LIDAR_ONLY,MIXED,run04,LIDAR_ONLY,0.11969368159770966,0.3437764048576355,0.21901041269302368,0.21562500298023224,0.21901041269302368,0.0,3.7261040210723877,4349,16625468,123066,28380,607.9496726053271,239,2417,0,0,1881.080,36.41944122314453,-39.55956268310547,53.77014384282829,RETURNING
8402.781000,LIDAR_ONLY,MIXED,run04,LIDAR_ONLY,0.1109064519405365,0.33474868535995483,0.21901041269302368,0.21562500298023224,0.21901041269302368,0.0,4.800023078918457,4351,16633148,123066,28380,608.0812063888728,241,2417,0,0,1882.080,36.36852264404297,-39.62883377075195,53.78668624192051,RETURNING
8403.781000,LIDAR_ONLY,MIXED,run04,LIDAR_ONLY,0.11095564812421799,0.33479201793670654,0.21901041269302368,0.21510416269302368,0.21901041269302368,0.0,1.407960057258606,4354,16644668,123066,28380,608.0874496073473,243,2417,0,0,1883.080,36.36699676513672,-39.62868118286133,53.78554211601591,RETURNING
8404.781000,LIDAR_ONLY,MIXED,run04,LIDAR_ONLY,0.11096815764904022,0.3348025977611542,0.21666666865348816,0.2200520783662796,0.21666666865348816,0.0,13.708024978637695,4357,16656188,123066,28380,608.0918833598924,245,2417,0,0,1884.080,36.36654281616211,-39.628849029541016,53.78535885598738,RETURNING
8405.781000,LIDAR_ONLY,MIXED,run04,LIDAR_ONLY,0.11098705232143402,0.33481496572494507,0.21666666865348816,0.21848958730697632,0.21666666865348816,0.0,2.068734884262085,4359,16663868,123066,28380,608.0944190716866,247,2417,0,0,1885.080,36.36647415161133,-39.628814697265625,53.78528713465483,RETURNING
8406.782000,LIDAR_ONLY,MIXED,run04,LIDAR_ONLY,0.11100324988365173,0.33482566475868225,0.21666666865348816,0.21848958730697632,0.21666666865348816,0.0,6.992156982421875,4361,16671548,123066,28380,608.0993721937258,249,2417,0,0,1886.081,36.36701583862305,-39.62925720214844,53.785979414454026,RETURNING
8407.785000,LIDAR_ONLY,MIXED,run04,LIDAR_ONLY,0.11102086305618286,0.33483758568763733,0.21666666865348816,0.21822915971279144,0.21666666865348816,0.0,1.2715990543365479,4362,16675388,123066,28380,608.1043277292438,251,2417,0,0,1887.084,36.36692428588867,-39.629154205322266,53.785841626644704,RETURNING
8408.782000,LIDAR_ONLY,MIXED,run04,LIDAR_ONLY,0.1110280454158783,0.3348427414894104,0.21666666865348816,0.21822915971279144,0.21666666865348816,0.0,2.9250919818878174,4363,16679228,123066,28380,608.1077972086615,253,2417,0,0,1888.081,36.36686706542969,-39.629249572753906,53.785873204098515,RETURNING
8409.781000,LIDAR_ONLY,MIXED,run04,LIDAR_ONLY,0.11105228215456009,0.334858238697052,0.21666666865348816,0.21848958730697632,0.21666666865348816,0.0,8.824524879455566,4365,16686908,123066,28380,608.1093461502328,255,2417,0,0,1889.080,36.36668395996094,-39.62957000732422,53.78598549593999,RETURNING
8410.790000,LIDAR_ONLY,MIXED,run04,LIDAR_ONLY,0.1110682263970375,0.3348698318004608,0.21666666865348816,0.21848958730697632,0.21666666865348816,0.0,5.248329162597656,4366,16690748,123066,28380,608.1122478991537,257,2417,0,0,1890.089,36.36713790893555,-39.62934494018555,53.78612659347543,RETURNING
8411.781000,LIDAR_ONLY,MIXED,run04,LIDAR_ONLY,0.11108412593603134,0.33488091826438904,0.21666666865348816,0.21848958730697632,0.21666666865348816,0.0,1.5936980247497559,4368,16698428,123066,28380,608.1173631529693,259,2417,0,0,1891.080,36.36680221557617,-39.62894058227539,53.785601697185456,RETURNING
8412.783000,LIDAR_ONLY,MIXED,run04,LIDAR_ONLY,0.11109764128923416,0.3348892331123352,0.21666666865348816,0.21848958730697632,0.21666666865348816,0.0,1.2467540502548218,4370,16706108,123135,28380,608.1196568362786,261,2417,0,0,1892.082,36.36619186401367,-39.62856674194336,53.78491358282343,RETURNING
8413.781000,LIDAR_ONLY,MIXED,run04,LIDAR_ONLY,0.11110993474721909,0.3348967134952545,0.21666666865348816,0.21848958730697632,0.21666666865348816,0.0,7.078306198120117,4372,16713788,123137,28380,608.1244798374889,263,2417,0,0,1893.080,36.36639404296875,-39.628509521484375,53.78500812151925,RETURNING
8414.784000,LIDAR_ONLY,MIXED,run04,LIDAR_ONLY,0.1111242026090622,0.33490610122680664,0.21666666865348816,0.21875,0.21666666865348816,0.0,1.77143394947052,4374,16721468,123137,28425,608.1280538277636,265,2417,0,0,1894.083,36.36589813232422,-39.628150939941406,53.78440862583831,RETURNING
8415.781000,LIDAR_ONLY,MIXED,run04,LIDAR_ONLY,0.1111372783780098,0.3349137008190155,0.21666666865348816,0.21875,0.21666666865348816,0.0,1.9803589582443237,4376,16729148,123137,28425,608.1326012153585,267,2417,0,0,1895.080,36.36685562133789,-39.62850570678711,53.78531739678274,RETURNING
8416.781000,LIDAR_ONLY,MIXED,run04,LIDAR_ONLY,0.11114911735057831,0.3349209427833557,0.21666666865348816,0.21848958730697632,0.21666666865348816,0.0,24.64838981628418,4378,16736828,123137,28425,608.1361545535996,269,2417,0,0,1896.080,36.36608123779297,-39.6280632019043,53.784467783756746,RETURNING
8417.781000,LIDAR_ONLY,MIXED,run04,LIDAR_ONLY,0.11116177588701248,0.33492928743362427,0.21666666865348816,0.21848958730697632,0.21666666865348816,0.0,0.7969840168952942,4381,16748348,123137,28425,608.1404598697846,271,2417,0,0,1897.080,36.366024017333984,-39.627593994140625,53.78408339058627,RETURNING
8418.781000,LIDAR_ONLY,MIXED,run04,LIDAR_ONLY,0.11117417365312576,0.33493754267692566,0.21666666865348816,0.21822915971279144,0.21666666865348816,0.0,0.9516289830207825,4384,16759868,123137,28425,608.1445694374404,273,2417,0,0,1898.080,36.366329193115234,-39.62818908691406,53.784728183230186,RETURNING
8419.786000,LIDAR_ONLY,MIXED,run04,LIDAR_ONLY,0.11118835210800171,0.3349476456642151,0.21666666865348816,0.21848958730697632,0.21666666865348816,0.0,0.8641690015792847,4386,16767548,123137,28425,608.1485514170863,275,2417,0,0,1899.085,36.36611557006836,-39.62786865234375,53.7843476555822,RETURNING
8420.781000,LIDAR_ONLY,MIXED,run04,LIDAR_ONLY,0.11120069026947021,0.33495575189590454,0.21666666865348816,0.21848958730697632,0.21666666865348816,0.0,1.1747620105743408,4389,16779068,123137,28425,608.1524395926676,277,2417,0,0,1900.080,36.36595153808594,-39.62806701660156,53.78438290108759,RETURNING
8421.781000,LIDAR_ONLY,MIXED,run04,LIDAR_ONLY,0.11121224611997604,0.3349629342556,0.21666666865348816,0.21822915971279144,0.21666666865348816,0.0,0.7757610082626343,4391,16786748,123137,28425,608.1551517457016,278,2417,0,0,1901.080,36.365638732910156,-39.62755584716797,53.78379478283381,RETURNING
8422.782000,LIDAR_ONLY,MIXED,run04,LIDAR_ONLY,0.11122272163629532,0.3349691331386566,0.21666666865348816,0.21822915971279144,0.21666666865348816,0.0,0.869858980178833,4394,16798268,123137,28425,608.1586186337456,281,2417,0,0,1902.081,36.365150451660156,-39.626930236816406,53.783003702304015,RETURNING
8423.782000,LIDAR_ONLY,MIXED,run04,LIDAR_ONLY,0.11123473197221756,0.33497679233551025,0.21666666865348816,0.21875,0.21666666865348816,0.0,2.456984043121338,4397,16809788,123137,28425,608.1618609484283,283,2417,0,0,1903.081,36.36558532714844,-39.62688446044922,53.78326400732116,RETURNING
8424.781000,LIDAR_ONLY,MIXED,run04,LIDAR_ONLY,0.1112455502152443,0.3349839746952057,0.21666666865348816,0.21848958730697632,0.21666666865348816,0.0,0.8657619953155518,4399,16817468,123137,28425,608.1649368905204,285,2417,0,0,1904.080,36.36587142944336,-39.62753677368164,53.78393806236292,RETURNING
8425.781000,LIDAR_ONLY,MIXED,run04,LIDAR_ONLY,0.10768575221300125,0.33037641644477844,0.21666666865348816,0.21875,0.21666666865348816,0.0,2.7443718910217285,4401,16825148,123137,28425,608.1681056558966,286,2418,0,0,1905.080,36.365867614746094,-39.628013610839844,53.78428680976233,RETURNING
8426.781000,LIDAR_ONLY,MIXED,run04,LIDAR_ONLY,0.10655871033668518,0.3300419747829437,0.21666666865348816,0.21822915971279144,0.21666666865348816,0.0,1.4190479516983032,4402,16828988,123137,28425,608.2420779841657,286,2419,0,0,1906.080,36.308067321777344,-39.59383010864258,53.72002417120336,RETURNING
8427.782000,LIDAR_ONLY,MIXED,run04,LIDAR_ONLY,0.0961824506521225,0.32421767711639404,0.21666666865348816,0.21875,0.21666666865348816,0.0,3.7110280990600586,4404,16836668,123137,28425,608.7198876080345,287,2420,0,0,1907.081,35.93573760986328,-39.604148864746094,53.47672798807869,RETURNING
8428.781000,LIDAR_ONLY,MIXED,run04,LIDAR_ONLY,0.09972892701625824,0.3275225758552551,0.21666666865348816,0.21822915971279144,0.21666666865348816,0.0,1.0208979845046997,4406,16844348,123137,28425,608.8507280758713,289,2420,0,0,1908.080,35.94174575805664,-39.624176025390625,53.495597726374015,RETURNING
8429.784000,LIDAR_ONLY,MIXED,run04,LIDAR_ONLY,0.09963783621788025,0.3274398446083069,0.21666666865348816,0.21848958730697632,0.21666666865348816,0.0,3.577699899673462,4408,16852028,123137,28425,608.8609239643089,291,2420,0,0,1909.083,35.93826675415039,-39.62614440917969,53.49471848239306,RETURNING
8430.783000,LIDAR_ONLY,MIXED,run04,LIDAR_ONLY,0.0995921641588211,0.3273985683917999,0.21250000596046448,0.21458333730697632,0.21250000596046448,0.0,1.4863359928131104,4410,16859708,123137,28425,608.8648046634919,293,2420,0,0,1910.082,35.93840789794922,-39.62614822387695,53.49481612733692,RETURNING
8431.781000,LIDAR_ONLY,MIXED,run04,LIDAR_ONLY,0.09961245954036713,0.32741788029670715,0.2174479216337204,0.21458333730697632,0.2174479216337204,0.0,3.1818959712982178,4412,16867388,123137,28425,608.8682258321035,295,2420,0,0,1911.080,35.93829345703125,-39.62558364868164,53.49432104451146,RETURNING
8432.781000,LIDAR_ONLY,MIXED,run04,LIDAR_ONLY,0.09961730986833572,0.3274223506450653,0.21927084028720856,0.21510416269302368,0.21927084028720856,0.0,1.1040560007095337,4413,16871228,123157,28425,608.8714384835489,297,2420,0,0,1912.080,35.93842697143555,-39.62581253051758,53.494580280003944,RETURNING
8433.782000,LIDAR_ONLY,MIXED,run04,LIDAR_ONLY,0.09961733222007751,0.3274225890636444,0.21901041269302368,0.21588541567325592,0.21901041269302368,0.0,3.627100944519043,4416,16882748,123221,28448,608.8771550135474,299,2420,0,0,1913.081,35.93904113769531,-39.625457763671875,53.49473009010751,RETURNING
8434.781000,LIDAR_ONLY,MIXED,run04,LIDAR_ONLY,0.09961824864149094,0.3274233043193817,0.21901041269302368,0.21458333730697632,0.21901041269302368,0.0,2.1571030616760254,4417,16886588,123221,28448,608.8815590188814,301,2420,0,0,1914.080,35.938228607177734,-39.62574005126953,53.49439333180061,RETURNING
8435.782000,LIDAR_ONLY,MIXED,run04,LIDAR_ONLY,0.09961887449026108,0.32742395997047424,0.21901041269302368,0.21536459028720856,0.21901041269302368,0.0,1.2165910005569458,4419,16894268,123221,28448,608.8856866026267,303,2420,0,0,1915.081,35.93873977661133,-39.62529754638672,53.4944089568482,RETURNING
8436.781000,LIDAR_ONLY,MIXED,run04,LIDAR_ONLY,0.09962023049592972,0.32742542028427124,0.21901041269302368,0.21536459028720856,0.21901041269302368,0.0,1.5999059677124023,4422,16905788,123221,28448,608.8885034843847,305,2420,0,0,1916.080,35.93891143798828,-39.62557601928711,53.49473055263742,RETURNING
8437.781000,LIDAR_ONLY,MIXED,run04,LIDAR_ONLY,0.09962140768766403,0.32742637395858765,0.21901041269302368,0.21536459028720856,0.21901041269302368,0.0,2.0960960388183594,4424,16913468,123221,28448,608.8929984676254,307,2420,0,0,1917.080,35.93943786621094,-39.624900817871094,53.494584073473746,RETURNING
8438.782000,LIDAR_ONLY,MIXED,run04,LIDAR_ONLY,0.09962332248687744,0.32742804288864136,0.21901041269302368,0.21484375,0.21901041269302368,0.0,2.4153029918670654,4426,16921148,123221,28448,608.8968933970058,309,2420,0,0,1918.081,35.9393310546875,-39.62437438964844,53.49412238109351,RETURNING
8439.781000,LIDAR_ONLY,MIXED,run04,LIDAR_ONLY,0.09962423890829086,0.32742875814437866,0.22187499701976776,0.21718749403953552,0.22187499701976776,0.0,1.2766139507293701,4431,16940348,123221,28448,608.8999138867651,311,2420,0,0,1919.080,35.939544677734375,-39.624481201171875,53.494345014057494,RETURNING
8440.789000,LIDAR_ONLY,MIXED,run04,LIDAR_ONLY,0.09962739050388336,0.32743215560913086,0.22187499701976776,0.21588541567325592,0.22187499701976776,0.0,1.3036060333251953,4433,16948028,123222,28448,608.9047167753504,313,2420,0,0,1920.088,35.9390754699707,-39.625736236572266,53.494959427544345,RETURNING
8441.781000,LIDAR_ONLY,MIXED,run04,LIDAR_ONLY,0.09962862730026245,0.32743316888809204,0.21901041269302368,0.21562500298023224,0.21901041269302368,0.0,2.4489850997924805,4436,16959548,123222,28448,608.9094020845836,315,2420,0,0,1921.080,35.93995666503906,-39.62508010864258,53.4950654149156,RETURNING
8442.781000,LIDAR_ONLY,MIXED,run04,LIDAR_ONLY,0.09962905943393707,0.32743340730667114,0.21901041269302368,0.21458333730697632,0.21901041269302368,0.0,7.663496017456055,4439,16971068,123222,28448,608.9134268708394,317,2420,0,0,1922.080,35.93960952758789,-39.6253547668457,53.49503564715952,RETURNING
8443.781000,LIDAR_ONLY,MIXED,run04,LIDAR_ONLY,0.09599334746599197,0.3233417272567749,0.21953125298023224,0.21588541567325592,0.21953125298023224,0.0,0.9352390170097351,4442,16982588,123222,28448,608.918290465698,318,2421,0,0,1923.080,35.93905258178711,-39.62488555908203,53.49431393197728,RETURNING
8444.781000,LIDAR_ONLY,MIXED,run04,LIDAR_ONLY,0.10436622053384781,0.3256953954696655,0.21770833432674408,0.21458333730697632,0.21770833432674408,0.0,1.326498031616211,4444,16990268,123222,28448,609.1127974994175,318,2423,0,0,1924.080,35.7720832824707,-39.54180908203125,53.3206486989537,RETURNING
8445.789000,LIDAR_ONLY,MIXED,run04,LIDAR_ONLY,0.1036437526345253,0.3257382810115814,0.21901041269302368,0.21588541567325592,0.21901041269302368,0.0,2.2316958904266357,4446,16997948,123222,28448,609.4453538469918,318,2425,0,0,1925.088,35.59089279174805,-39.28960037231445,53.01207309362169,RETURNING
8446.782000,LIDAR_ONLY,MIXED,run04,LIDAR_ONLY,0.09591730684041977,0.32385700941085815,0.21901041269302368,0.21458333730697632,0.21901041269302368,0.0,1.367445945739746,4448,17005628,123222,28448,609.7345428067614,318,2427,0,0,1926.081,35.347816467285156,-39.251434326171875,52.82082247895565,RETURNING
8447.783000,LIDAR_ONLY,MIXED,run04,LIDAR_ONLY,0.08487983047962189,0.31263867020606995,0.21822915971279144,0.21536459028720856,0.21822915971279144,0.0,4.440746784210205,4450,17013308,123224,28448,610.1781560810931,318,2429,0,0,1927.082,34.93558120727539,-39.32841873168945,52.60338551333516,RETURNING
8448.781000,LIDAR_ONLY,MIXED,run04,LIDAR_ONLY,0.08445832878351212,0.31176844239234924,0.21666666865348816,0.21458333730697632,0.21666666865348816,0.0,17.173999786376953,4451,17017148,123227,28448,610.3887378526409,318,2429,0,0,1928.080,34.840938568115234,-39.33094787597656,52.54247291439121,RETURNING
8449.785000,LIDAR_ONLY,MIXED,run04,LIDAR_ONLY,0.10825393348932266,0.33278346061706543,0.2122395783662796,0.21380208432674408,0.2122395783662796,0.0,2.4009690284729004,4453,17024828,123225,28449,610.7888318109036,318,2431,0,0,1929.084,34.64976119995117,-39.41088104248047,52.47590690046908,RETURNING
8450.782000,LIDAR_ONLY,MIXED,run04,LIDAR_ONLY,0.0913400948047638,0.31893131136894226,0.21979166567325592,0.21484375,0.21979166567325592,0.0,3.972188949584961,4454,17028668,123247,28452,611.2914500369038,318,2433,0,0,1930.081,34.622135162353516,-39.312889099121094,52.38409053334696,RETURNING
8451.790000,LIDAR_ONLY,MIXED,run04,LIDAR_ONLY,0.10279611498117447,0.3252997398376465,0.21927084028720856,0.21510416269302368,0.21927084028720856,0.0,2.2581379413604736,4456,17036348,123250,28452,611.7750658190226,318,2435,0,0,1931.089,34.75909423828125,-39.45170211791992,52.578783643774265,RETURNING
8452.784000,LIDAR_ONLY,MIXED,run04,LIDAR_ONLY,0.11165230721235275,0.32529959082603455,0.21901041269302368,0.2109375,0.21901041269302368,0.0,1.7388219833374023,4458,17044028,123259,28452,611.8893824099051,318,2436,0,0,1932.083,34.8246955871582,-39.454471588134766,52.62424988246472,RETURNING
8453.797000,LIDAR_ONLY,MIXED,run04,LIDAR_ONLY,0.12030616402626038,0.33732128143310547,0.21953125298023224,0.21875,0.21953125298023224,0.0,4.4377899169921875,4459,17047868,123267,28456,612.0492079174855,318,2436,0,0,1933.096,34.89445114135742,-39.482608795166016,52.69151620283397,RETURNING
8454.782000,LIDAR_ONLY,MIXED,run04,LIDAR_ONLY,0.1368170976638794,0.34903988242149353,0.21015624701976776,0.21640625596046448,0.21015624701976776,0.0,1.4827040433883667,4461,17055548,123267,28456,612.2719318919762,318,2437,0,0,1934.081,34.89082336425781,-39.49721145629883,52.70005715844415,RETURNING
8455.783000,LIDAR_ONLY,MIXED,run04,LIDAR_ONLY,0.1448102742433548,0.35364681482315063,0.2109375,0.21588541567325592,0.2109375,0.0,0.8573009967803955,4463,17063228,123269,28456,612.6816329224989,318,2438,0,0,1935.082,35.16644287109375,-39.51835250854492,52.89872475595521,RETURNING
8456.781000,LIDAR_ONLY,MIXED,run04,LIDAR_ONLY,0.143561452627182,0.3534645140171051,0.21718749403953552,0.21432290971279144,0.21718749403953552,0.0,3.9969170093536377,4466,17074748,123275,28456,613.1014486247558,318,2439,0,0,1936.080,35.32335662841797,-39.7075080871582,53.14434531870378,RETURNING
8457.781000,LIDAR_ONLY,MIXED,run04,LIDAR_ONLY,0.15634159743785858,0.3589688539505005,0.21640625596046448,0.20703125,0.21640625596046448,0.0,1.1209230422973633,4468,17082428,123280,28456,613.3779660077101,318,2440,0,0,1937.080,35.55583190917969,-39.78004837036133,53.35320632122907,RETURNING
8458.781000,LIDAR_ONLY,MIXED,run04,LIDAR_ONLY,0.1354375034570694,0.3513248562812805,0.21536459028720856,0.21979166567325592,0.21536459028720856,0.0,0.9815809726715088,4470,17090108,123297,28456,613.738578240832,318,2441,0,0,1938.080,35.47625732421875,-39.75263977050781,53.27975767207169,RETURNING
8459.782000,LIDAR_ONLY,MIXED,run04,LIDAR_ONLY,0.13603916764259338,0.3525253236293793,0.21901041269302368,0.2161458283662796,0.21901041269302368,0.0,2.959920883178711,4472,17097788,123288,28456,614.1163234687282,320,2441,0,0,1939.081,35.581356048583984,-39.72292709350586,53.32765724602187,RETURNING
8460.783000,LIDAR_ONLY,MIXED,run04,LIDAR_ONLY,0.1349743753671646,0.3519640862941742,0.2174479216337204,0.21822915971279144,0.2174479216337204,0.0,3.8669650554656982,4474,17105468,123337,28457,614.1397833828324,322,2441,0,0,1940.082,35.57231521606445,-39.727203369140625,53.32481133426102,RETURNING
8461.793000,LIDAR_ONLY,MIXED,run04,LIDAR_ONLY,0.1351393461227417,0.35205042362213135,0.2122395783662796,0.2174479216337204,0.2122395783662796,0.0,0.9252679944038391,4477,17116988,123337,28457,614.1453310274935,324,2441,0,0,1941.092,35.57338333129883,-39.72626495361328,53.32482474382685,RETURNING
8462.781000,LIDAR_ONLY,MIXED,run04,LIDAR_ONLY,0.13514970242977142,0.3520564138889313,0.21510416269302368,0.21536459028720856,0.21510416269302368,0.0,0.7322540283203125,4479,17124668,123350,28457,614.1487447101257,326,2441,0,0,1942.080,35.57444763183594,-39.72647476196289,53.32569103340787,RETURNING
8463.782000,LIDAR_ONLY,MIXED,run04,LIDAR_ONLY,0.13514989614486694,0.35205599665641785,0.21510416269302368,0.2161458283662796,0.21510416269302368,0.0,0.8658369779586792,4482,17136188,123354,28457,614.1529266863884,328,2441,0,0,1943.081,35.573951721191406,-39.72652053833008,53.32539431599008,RETURNING
8464.783000,LIDAR_ONLY,MIXED,run04,LIDAR_ONLY,0.1351621150970459,0.3520614802837372,0.21510416269302368,0.2161458283662796,0.21510416269302368,0.0,0.6561800241470337,4484,17143868,123354,28458,614.1571683154116,330,2441,0,0,1944.082,35.57292938232422,-39.72645568847656,53.32466401492168,RETURNING
8465.783000,LIDAR_ONLY,MIXED,run04,LIDAR_ONLY,0.13560305535793304,0.3524109721183777,0.21510416269302368,0.21588541567325592,0.21510416269302368,0.0,0.8360940217971802,4486,17151548,123354,28458,614.1603374613218,331,2442,0,0,1945.082,35.57386779785156,-39.726158142089844,53.325068355510076,RETURNING
8466.781000,LIDAR_ONLY,MIXED,run04,LIDAR_ONLY,0.1356881558895111,0.35392358899116516,0.21510416269302368,0.21588541567325592,0.21510416269302368,0.0,0.8952239751815796,4488,17159228,123354,28458,614.4179260887821,331,2444,0,0,1946.080,35.76818084716797,-39.59354019165039,53.35640654162686,RETURNING
8467.782000,LIDAR_ONLY,MIXED,run04,LIDAR_ONLY,0.11154329776763916,0.34074103832244873,0.21510416269302368,0.2161458283662796,0.21510416269302368,0.0,1.687554955482483,4490,17166908,123354,28458,614.8394962097661,331,2444,0,0,1947.081,35.99965286254883,-39.378028869628906,53.35258965874416,RETURNING
8468.782000,LIDAR_ONLY,MIXED,run04,LIDAR_ONLY,0.1325978934764862,0.35277625918388367,0.21510416269302368,0.21588541567325592,0.21510416269302368,0.0,4.420183181762695,4492,17174588,123354,28458,615.1218907423786,331,2445,0,0,1948.081,36.081626892089844,-39.20821762084961,53.28285626009195,RETURNING
8469.814000,LIDAR_ONLY,MIXED,run04,LIDAR_ONLY,0.14829696714878082,0.3457573652267456,0.21536459028720856,0.21640625596046448,0.21536459028720856,0.0,1.0859700441360474,4493,17178428,123355,28458,615.415018203646,331,2445,0,0,1949.113,36.350189208984375,-39.1326789855957,53.409708812295236,RETURNING
8470.781000,LIDAR_ONLY,MIXED,run04,LIDAR_ONLY,0.13297803699970245,0.3489430248737335,0.21536459028720856,0.21406249701976776,0.21536459028720856,0.0,1.1663589477539062,4497,17193788,123355,28458,615.8092305302052,331,2447,0,0,1950.080,36.677799224853516,-39.092403411865234,53.60382934559779,RETURNING
8471.781000,LIDAR_ONLY,MIXED,run04,LIDAR_ONLY,0.1359824538230896,0.3586558997631073,0.21406249701976776,0.21536459028720856,0.21406249701976776,0.0,10.357279777526855,4498,17197628,123383,28459,616.055764182171,333,2447,0,0,1951.080,36.82468032836914,-39.015655517578125,53.64859542868101,RETURNING
8472.821000,LIDAR_ONLY,MIXED,run04,LIDAR_ONLY,0.13582012057304382,0.35856226086616516,0.21380208432674408,0.21536459028720856,0.21380208432674408,0.0,1.3409860134124756,4500,17205308,123389,28459,616.0819063723794,335,2447,0,0,1952.120,36.82750701904297,-39.007816314697266,53.644835191662445,RETURNING
8473.787000,LIDAR_ONLY,MIXED,run04,LIDAR_ONLY,0.1358862966299057,0.3586060404777527,0.21171875298023224,0.21588541567325592,0.21171875298023224,0.0,1.148229956626892,4503,17216828,123451,28460,616.0889595497374,337,2447,0,0,1953.086,36.82689666748047,-39.00867462158203,53.64504031337049,RETURNING
8474.781000,LIDAR_ONLY,MIXED,run04,LIDAR_ONLY,0.1358962059020996,0.35861778259277344,0.2122395783662796,0.21458333730697632,0.2122395783662796,0.0,1.0577360391616821,4505,17224508,123452,28461,616.0942317587353,339,2447,0,0,1954.080,36.82593536376953,-39.008975982666016,53.64459954751985,RETURNING
8475.781000,LIDAR_ONLY,MIXED,run04,LIDAR_ONLY,0.13591207563877106,0.35863080620765686,0.21119791269302368,0.21458333730697632,0.21119791269302368,0.0,1.537788987159729,4507,17232188,123452,28466,616.0982158959355,341,2447,0,0,1955.080,36.825416564941406,-39.00847625732422,53.643880028764194,RETURNING
8476.784000,LIDAR_ONLY,MIXED,run04,LIDAR_ONLY,0.13593603670597076,0.3586483597755432,0.21197916567325592,0.21588541567325592,0.21197916567325592,0.0,2.893893003463745,4511,17247548,123452,28466,616.1027652638276,343,2447,0,0,1956.083,36.82633972167969,-39.00813674926758,53.64426686839707,RETURNING
8477.781000,LIDAR_ONLY,MIXED,run04,LIDAR_ONLY,0.13596004247665405,0.35866639018058777,0.21197916567325592,0.21458333730697632,0.21197916567325592,0.0,0.6278280019760132,4513,17255228,123452,28466,616.1088152051182,345,2447,0,0,1957.080,36.825992584228516,-39.00752639770508,53.64358474782839,RETURNING
8478.781000,LIDAR_ONLY,MIXED,run04,LIDAR_ONLY,0.13598325848579407,0.3586840033531189,0.21197916567325592,0.21458333730697632,0.21197916567325592,0.0,1.9203189611434937,4516,17266748,123452,28466,616.1112124199,347,2447,0,0,1958.080,36.82630157470703,-39.00786209106445,53.644040962633674,RETURNING
8479.781000,LIDAR_ONLY,MIXED,run04,LIDAR_ONLY,0.1360040158033371,0.35869941115379333,0.2109375,0.2135416716337204,0.2109375,0.0,1.482079029083252,4518,17274428,123452,28466,616.1140570420799,349,2447,0,0,1959.080,36.826080322265625,-39.00857925415039,53.644410569643235,RETURNING
8480.782000,LIDAR_ONLY,MIXED,run04,LIDAR_ONLY,0.13602575659751892,0.35871708393096924,0.21197916567325592,0.21458333730697632,0.21197916567325592,0.0,1.0477590560913086,4519,17278268,123452,28466,616.1187786105185,351,2447,0,0,1960.081,36.826560974121094,-39.00846862792969,53.64466007957997,RETURNING
8481.781000,LIDAR_ONLY,MIXED,run04,LIDAR_ONLY,0.13604745268821716,0.35873377323150635,0.21197916567325592,0.21458333730697632,0.21197916567325592,0.0,1.5846439599990845,4520,17282108,123452,28466,616.1220812185447,353,2447,0,0,1961.080,36.82672882080078,-39.00732421875,53.64394314530849,RETURNING
8482.781000,LIDAR_ONLY,MIXED,run04,LIDAR_ONLY,0.13606809079647064,0.35875049233436584,0.2122395783662796,0.21510416269302368,0.2122395783662796,0.0,1.7466659545898438,4523,17293628,123452,28466,616.1250196036129,355,2447,0,0,1962.080,36.82709503173828,-39.00703048706055,53.643980960134044,RETURNING
8483.782000,LIDAR_ONLY,MIXED,run04,LIDAR_ONLY,0.13608966767787933,0.35876715183258057,0.21432290971279144,0.21640625596046448,0.21432290971279144,0.0,1.9677729606628418,4524,17297468,123452,28466,616.1290093038212,357,2447,0,0,1963.081,36.82707595825195,-39.00652313232422,53.643598950278665,RETURNING
8484.781000,LIDAR_ONLY,MIXED,run04,LIDAR_ONLY,0.13610802590847015,0.35878124833106995,0.21197916567325592,0.21302083134651184,0.21197916567325592,0.0,1.890172004699707,4526,17305148,123452,28466,616.1330619245532,359,2447,0,0,1964.080,36.827476501464844,-39.006187438964844,53.64362982978527,RETURNING
8485.781000,LIDAR_ONLY,MIXED,run04,LIDAR_ONLY,0.13227467238903046,0.3610950708389282,0.21119791269302368,0.21432290971279144,0.21119791269302368,0.0,4.661681175231934,4528,17312828,123452,28466,616.2405364737535,359,2448,0,0,1965.080,36.87177658081055,-38.931861877441406,53.62006239204436,RETURNING
8486.812000,LIDAR_ONLY,MIXED,run04,LIDAR_ONLY,0.12178631871938705,0.35482844710350037,0.21197916567325592,0.2135416716337204,0.21197916567325592,0.0,4.851371765136719,4530,17320508,123452,28466,616.6467240892416,359,2451,0,0,1966.111,36.991512298583984,-38.5849494934082,53.45150778295769,RETURNING
8487.781000,LIDAR_ONLY,MIXED,run04,LIDAR_ONLY,0.13131335377693176,0.3526230454444885,0.21197916567325592,0.21458333730697632,0.21197916567325592,0.0,0.9710999727249146,4532,17328188,123452,28466,616.9551638800313,359,2453,0,0,1967.080,37.15898513793945,-38.33918380737305,53.39078989543047,RETURNING
8488.783000,LIDAR_ONLY,MIXED,run04,LIDAR_ONLY,0.12464234977960587,0.35311564803123474,0.21250000596046448,0.2135416716337204,0.21250000596046448,0.0,1.1350840330123901,4534,17335868,123452,28466,617.3949718125325,359,2453,0,0,1968.082,37.4600715637207,-38.09837341308594,53.42879263583153,RETURNING
8489.781000,LIDAR_ONLY,MIXED,run04,LIDAR_ONLY,0.12026668339967728,0.3519105613231659,0.21796874701976776,0.21562500298023224,0.21796874701976776,0.0,4.806124210357666,4536,17343548,123452,28466,617.707741235131,359,2455,0,0,1969.080,37.48486328125,-37.80841827392578,53.23987727638916,RETURNING
8490.781000,LIDAR_ONLY,MIXED,run04,LIDAR_ONLY,0.1283254772424698,0.35524800419807434,0.21406249701976776,0.21302083134651184,0.21406249701976776,0.0,1.5368210077285767,4538,17351228,123475,28467,617.9810105994467,359,2456,0,0,1970.080,37.61614227294922,-37.59051513671875,53.17813441443331,RETURNING
8491.781000,LIDAR_ONLY,MIXED,run04,LIDAR_ONLY,0.13813525438308716,0.3598226010799408,0.20937499403953552,0.21380208432674408,0.20937499403953552,0.0,1.2031999826431274,4541,17362748,123475,28467,618.410125106313,359,2457,0,0,1971.080,37.93111038208008,-37.399906158447266,53.267388211096794,RETURNING
8492.781000,LIDAR_ONLY,MIXED,run04,LIDAR_ONLY,0.12854918837547302,0.356532484292984,0.21979166567325592,0.2200520783662796,0.21979166567325592,0.0,0.8853380084037781,4543,17370428,123501,28467,618.8022083260573,359,2457,0,0,1972.080,38.170814514160156,-37.14521408081055,53.26040072094236,RETURNING
8493.781000,LIDAR_ONLY,MIXED,run04,LIDAR_ONLY,0.12870198488235474,0.35587432980537415,0.21380208432674408,0.21588541567325592,0.21380208432674408,0.0,1.6137529611587524,4546,17381948,123502,28467,619.1870513834884,359,2458,0,0,1973.080,38.325843811035156,-36.84700393676758,53.16450157212267,RETURNING
8494.783000,LIDAR_ONLY,MIXED,run04,LIDAR_ONLY,0.11770854890346527,0.34746769070625305,0.21250000596046448,0.21458333730697632,0.21250000596046448,0.0,8.329631805419922,4549,17393468,123505,28469,619.5807258957644,359,2459,0,0,1974.082,38.4447021484375,-36.54682159423828,53.04297822661377,RETURNING
8495.781000,LIDAR_ONLY,MIXED,run04,LIDAR_ONLY,0.11566523462533951,0.3437613248825073,0.21406249701976776,0.2161458283662796,0.21406249701976776,0.0,1.0529199838638306,4551,17401148,123506,28469,619.9521191343421,359,2461,0,0,1975.080,38.4976692199707,-36.21340560913086,52.852376583448255,RETURNING
8496.781000,LIDAR_ONLY,MIXED,run04,LIDAR_ONLY,0.12520712614059448,0.3490273356437683,0.21796874701976776,0.21848958730697632,0.21796874701976776,0.0,0.7762680053710938,4555,17416508,123506,28469,620.3881745994796,359,2462,0,0,1976.080,38.47506332397461,-35.85364532470703,52.58999110980212,RETURNING
8497.781000,LIDAR_ONLY,MIXED,run04,LIDAR_ONLY,0.12484626471996307,0.35456493496894836,0.21901041269302368,0.21875,0.21901041269302368,0.0,1.3994799852371216,4557,17424188,123508,28469,620.8148997245062,359,2463,0,0,1977.080,38.286983489990234,-35.52901840209961,52.23119460845836,RETURNING
8498.783000,LIDAR_ONLY,MIXED,run04,LIDAR_ONLY,0.1159576028585434,0.3477894067764282,0.21822915971279144,0.21796874701976776,0.21822915971279144,0.0,0.7263870239257812,4558,17428028,123511,28469,621.1873300444672,359,2465,0,0,1978.082,38.05165100097656,-35.31427001953125,51.912617923129886,RETURNING
8499.783000,LIDAR_ONLY,MIXED,run04,LIDAR_ONLY,0.12274294346570969,0.34455981850624084,0.21692708134651184,0.21692708134651184,0.21692708134651184,0.0,1.3004909753799438,4561,17439548,123511,28470,621.4435666377864,359,2466,0,0,1979.082,37.899593353271484,-35.172122955322266,51.70446714133036,RETURNING
8500.781000,LIDAR_ONLY,MIXED,run04,LIDAR_ONLY,0.13480564951896667,0.3469195067882538,0.21718749403953552,0.21848958730697632,0.21718749403953552,0.0,6.0434699058532715,4562,17443388,123511,28470,621.7769595228359,359,2468,0,0,1980.080,37.836727142333984,-34.89685821533203,51.47138533998468,RETURNING
8501.782000,LIDAR_ONLY,MIXED,run04,LIDAR_ONLY,0.11489603668451309,0.34263262152671814,0.21718749403953552,0.21822915971279144,0.21718749403953552,0.0,5.561933994293213,4564,17451068,123511,28470,622.1198881034311,359,2469,0,0,1981.081,37.84083938598633,-34.94652557373047,51.508092556833454,RETURNING
8502.781000,LIDAR_ONLY,MIXED,run04,LIDAR_ONLY,0.11185851693153381,0.33827686309814453,0.21497774124145508,0.21759623289108276,0.21497774124145508,0.0,3.3393189907073975,4566,17458727,123511,28470,622.4257777602796,359,2470,0,0,1982.080,37.69520568847656,-34.87827682495117,51.35482350887868,RETURNING
8503.781000,LIDAR_ONLY,MIXED,run04,LIDAR_ONLY,0.12154746800661087,0.33940795063972473,0.21666230261325836,0.21823421120643616,0.21666230261325836,0.0,1.373420000076294,4569,17470179,123512,28470,622.7150018744923,359,2472,0,0,1983.080,37.59021759033203,-34.6619873046875,51.130943551365625,RETURNING
8504.783000,LIDAR_ONLY,MIXED,run04,LIDAR_ONLY,0.12643809616565704,0.35438835620880127,0.21509037911891937,0.2177102416753769,0.21509037911891937,0.0,1.5651129484176636,4570,17473996,123543,28470,622.9844040681511,359,2473,0,0,1984.082,37.40743637084961,-34.495094299316406,50.88343442617936,RETURNING
8505.781000,LIDAR_ONLY,MIXED,run04,LIDAR_ONLY,0.12507452070713043,0.3568953275680542,0.21503405272960663,0.21765321493148804,0.21503405272960663,0.0,0.7610440254211426,4572,17481632,123555,28470,623.4705779590631,359,2475,0,0,1985.080,36.97883987426758,-34.57710647583008,50.625169064558804,RETURNING
8506.782000,LIDAR_ONLY,MIXED,run04,LIDAR_ONLY,0.13343633711338043,0.35954549908638,0.21262110769748688,0.21602514386177063,0.21262110769748688,0.0,1.3406319618225098,4574,17489268,123564,28470,623.773863121785,359,2475,0,0,1986.081,36.69546890258789,-34.57698059082031,50.41847319382198,RETURNING
8507.781000,LIDAR_ONLY,MIXED,run04,LIDAR_ONLY,0.10963255912065506,0.3363729417324066,0.2095886766910553,0.2129945009946823,0.2095886766910553,0.0,1.0765659809112549,4576,17496899,123580,28473,624.0740763658866,359,2476,0,0,1987.080,36.56272888183594,-34.55242919921875,50.30508131185292,RETURNING
8508.781000,LIDAR_ONLY,MIXED,run04,LIDAR_ONLY,0.1326805204153061,0.3464111089706421,0.21089860796928406,0.20854073762893677,0.21089860796928406,0.0,1.118904948234558,4578,17504534,123598,28476,624.5875996368699,359,2477,0,0,1988.080,36.61634826660156,-34.52474594116211,50.32506988656247,RETURNING
8509.781000,LIDAR_ONLY,MIXED,run04,LIDAR_ONLY,0.11133244633674622,0.31717485189437866,0.20733945071697235,0.21074704825878143,0.20733945071697235,0.0,1.8082250356674194,4581,17515982,123598,28482,624.9928382107809,359,2479,0,0,1989.080,36.677818298339844,-34.48736572265625,50.34419803971594,RETURNING
8510.781000,LIDAR_ONLY,MIXED,run04,LIDAR_ONLY,0.11227553337812424,0.31560400128364563,0.20906470715999603,0.21168456971645355,0.20906470715999603,0.0,0.846127986907959,4584,17527431,123600,28482,625.3687358086512,359,2481,0,0,1990.080,36.58307647705078,-34.35533142089844,50.18473981112292,RETURNING
8511.782000,LIDAR_ONLY,MIXED,run04,LIDAR_ONLY,0.11117763817310333,0.33209818601608276,0.2080712765455246,0.21174004673957825,0.2080712765455246,0.0,0.7231979966163635,4586,17535062,123614,28482,625.6699084197966,359,2481,0,0,1991.081,36.65974807739258,-34.354591369628906,50.2401508172443,RETURNING
8512.782000,LIDAR_ONLY,MIXED,run04,LIDAR_ONLY,0.12746620178222656,0.3623725175857544,0.2143605798482895,0.21645702421665192,0.2143605798482895,0.0,2.6756579875946045,4589,17546508,123705,28482,625.9465992449259,359,2483,0,0,1992.081,36.56696319580078,-34.520626068115234,50.28632159374779,RETURNING
8513.781000,LIDAR_ONLY,MIXED,run04,LIDAR_ONLY,0.12372978031635284,0.35758015513420105,0.21230366826057434,0.21387434005737305,0.21230366826057434,0.0,2.758941888809204,4592,17557961,123705,28482,626.3627036941893,359,2484,0,0,1993.080,36.20538330078125,-34.546287536621094,50.04172434792236,RETURNING
8514.781000,LIDAR_ONLY,MIXED,run04,LIDAR_ONLY,0.11077477782964706,0.34774675965309143,0.21105001866817474,0.21576328575611115,0.21105001866817474,0.0,0.717631995677948,4595,17569415,123708,28533,626.7554580858535,359,2485,0,0,1994.080,35.846351623535156,-34.47353744506836,49.732131432951455,RETURNING
8515.782000,LIDAR_ONLY,MIXED,run04,LIDAR_ONLY,0.11124818027019501,0.3530755639076233,0.2111606001853943,0.20932669937610626,0.2111606001853943,0.0,1.490630030632019,4598,17580867,123708,28533,626.9844131719129,359,2487,0,0,1995.081,35.70119094848633,-34.555274963378906,49.684418771817974,RETURNING
8516.781000,LIDAR_ONLY,MIXED,run04,LIDAR_ONLY,0.12673576176166534,0.36434489488601685,0.2092718631029129,0.21162912249565125,0.2092718631029129,0.0,1.2894450426101685,4600,17588499,123711,28533,627.287098010179,359,2489,0,0,1996.080,35.442142486572266,-34.651954650878906,49.566150360825816,RETURNING
8517.782000,LIDAR_ONLY,MIXED,run04,LIDAR_ONLY,0.10826519131660461,0.34812527894973755,0.21005761623382568,0.2132006287574768,0.21005761623382568,0.0,4.950318813323975,4602,17596136,123716,28533,627.5789254742939,359,2490,0,0,1997.081,35.224098205566406,-34.56989288330078,49.35296270808885,RETURNING
8518.781000,LIDAR_ONLY,MIXED,run04,LIDAR_ONLY,0.1200372576713562,0.3572710156440735,0.21284404397010803,0.21153342723846436,0.21284404397010803,0.0,4.159296989440918,4604,17603769,123718,28533,627.8764513236912,359,2491,0,0,1998.080,34.98340606689453,-34.51389694213867,49.14212701585759,RETURNING
8519.782000,LIDAR_ONLY,MIXED,run04,LIDAR_ONLY,0.10552156716585159,0.34170952439308167,0.21226415038108826,0.21147798001766205,0.21226415038108826,0.0,10.396373748779297,4606,17611400,123723,28533,628.269752942705,359,2493,0,0,1999.081,34.644615173339844,-34.48895263671875,48.88393165034064,RETURNING
8520.781000,LIDAR_ONLY,MIXED,run04,LIDAR_ONLY,0.10198260098695755,0.3372880220413208,0.2137804627418518,0.21404244005680084,0.2137804627418518,0.0,20.067554473876953,4607,17615217,123728,28533,628.6796124992779,359,2495,0,0,2000.080,34.33079147338867,-34.56412887573242,48.71534014147884,RETURNING
8521.784000,LIDAR_ONLY,MIXED,run04,LIDAR_ONLY,0.12747785449028015,0.3614410161972046,0.2144540399312973,0.21052631735801697,0.2144540399312973,0.0,49.20126724243164,4608,17619036,123728,28533,629.028195206907,359,2496,0,0,2001.083,34.15053939819336,-34.787818908691406,48.747861158399786,RETURNING
8522.789000,LIDAR_ONLY,MIXED,run04,LIDAR_ONLY,0.11788471043109894,0.34743523597717285,0.21187548339366913,0.21396808326244354,0.21187548339366913,0.0,2.94923996925354,4611,17630501,123728,28533,629.3477787304627,359,2497,0,0,2002.088,33.89255142211914,-34.933692932128906,48.672072196221386,RETURNING
8523.781000,LIDAR_ONLY,MIXED,run04,LIDAR_ONLY,0.12183637171983719,0.3489338755607605,0.2085953950881958,0.21174004673957825,0.2085953950881958,0.0,9.866332054138184,4613,17638138,123728,28533,629.6546527119738,359,2499,0,0,2003.080,33.763389587402344,-34.949546813964844,48.593623137476285,RETURNING
8524.782000,LIDAR_ONLY,MIXED,run04,LIDAR_ONLY,0.10374511778354645,0.3346211910247803,0.21005761623382568,0.2079622894525528,0.21005761623382568,0.0,2.0833799839019775,4615,17645774,123736,28533,629.8907601020994,359,2500,0,0,2004.081,33.877437591552734,-34.95771408081055,48.678796502341996,RETURNING
8525.783000,LIDAR_ONLY,MIXED,run04,LIDAR_ONLY,0.11570455878973007,0.3485131561756134,0.20733945071697235,0.20969855785369873,0.20733945071697235,0.0,5.03950309753418,4618,17657222,123749,28533,630.1522263432349,359,2501,0,0,2005.082,33.89710998535156,-34.716453552246094,48.519573975684125,RETURNING
8526.781000,LIDAR_ONLY,MIXED,run04,LIDAR_ONLY,0.10507091879844666,0.33418604731559753,0.2084425836801529,0.20949134230613708,0.2084425836801529,0.0,6.5756378173828125,4620,17664851,123826,28533,630.4123608390723,359,2501,0,0,2006.080,33.8648796081543,-34.74522018432617,48.51765948471885,RETURNING
8527.782000,LIDAR_ONLY,MIXED,run04,LIDAR_ONLY,0.12692460417747498,0.3541523218154907,0.21933962404727936,0.22012577950954437,0.21933962404727936,0.0,11.721078872680664,4623,17676294,123891,28539,630.632292790228,359,2504,0,0,2007.081,33.88900375366211,-34.79957580566406,48.57342732740359,RETURNING
8528.791000,LIDAR_ONLY,MIXED,run04,LIDAR_ONLY,0.119394451379776,0.3546485900878906,0.21974855661392212,0.21634364128112793,0.21974855661392212,0.0,21.190866470336914,4626,17687742,123916,28548,630.9712924309711,359,2506,0,0,2008.091,33.78062438964844,-35.03753662109375,48.66890544627128,RETURNING
8529.785000,LIDAR_ONLY,MIXED,run04,LIDAR_ONLY,0.124074287712574,0.35893115401268005,0.2088574469089508,0.21042977273464203,0.2088574469089508,0.0,11.02960205078125,4628,17695375,123917,28548,631.3124223477986,359,2507,0,0,2009.084,33.578575134277344,-35.261165618896484,48.69058962256507,RETURNING
8530.781000,LIDAR_ONLY,MIXED,run04,LIDAR_ONLY,0.11299090087413788,0.34264081716537476,0.2088574469089508,0.21147798001766205,0.2088574469089508,0.0,4.824484825134277,4631,17706824,123917,28552,631.5169586984273,359,2509,0,0,2010.080,33.61937713623047,-35.21867752075195,48.687993693808146,RETURNING
8531.781000,LIDAR_ONLY,MIXED,run04,LIDAR_ONLY,0.10196579247713089,0.3300851285457611,0.2212621122598648,0.2191673219203949,0.2212621122598648,0.0,10.942567825317383,4633,17714460,123926,28552,631.7206453925126,359,2511,0,0,2011.080,33.531288146972656,-35.17605209350586,48.596348646301095,RETURNING
8532.781000,LIDAR_ONLY,MIXED,run04,LIDAR_ONLY,0.11000210791826248,0.3377121090888977,0.20838794112205505,0.2110091745853424,0.20838794112205505,0.0,4.3425822257995605,4635,17722090,123957,28552,631.9272973497184,359,2513,0,0,2012.080,33.46623229980469,-35.14095687866211,48.526064028153364,RETURNING
8533.781000,LIDAR_ONLY,MIXED,run04,LIDAR_ONLY,0.11825244873762131,0.35065391659736633,0.20949134230613708,0.2134242206811905,0.20949134230613708,0.0,20.96717071533203,4638,17733535,123959,28555,632.2253233897502,359,2514,0,0,2013.080,33.308837890625,-35.344520568847656,48.5655977844356,RETURNING
8534.783000,LIDAR_ONLY,MIXED,run04,LIDAR_ONLY,0.13080936670303345,0.3590792119503021,0.20870476961135864,0.2118510752916336,0.20870476961135864,0.0,5.455869197845459,4641,17744984,123959,28555,632.6010709054509,359,2516,0,0,2014.082,33.02305603027344,-35.54892349243164,48.51960484443461,RETURNING
8535.781000,LIDAR_ONLY,MIXED,run04,LIDAR_ONLY,0.1253264844417572,0.3561822772026062,0.2083333283662796,0.21095387637615204,0.2083333283662796,0.0,12.574638366699219,4644,17756432,123960,28555,632.9443731930393,359,2517,0,0,2015.080,32.77246856689453,-35.73811340332031,48.48867540986739,RETURNING
8536.782000,LIDAR_ONLY,MIXED,run04,LIDAR_ONLY,0.12240291386842728,0.3544676899909973,0.21409852802753448,0.21383647620677948,0.21409852802753448,0.0,32.998619079589844,4647,17767880,124006,28560,633.3339457706392,359,2519,0,0,2016.081,32.556190490722656,-35.95221710205078,48.50125664243059,RETURNING
8537.781000,LIDAR_ONLY,MIXED,run04,LIDAR_ONLY,0.12411470711231232,0.355739027261734,0.2139863818883896,0.2126767933368683,0.2139863818883896,0.0,16.59032440185547,4649,17775515,124010,28565,633.5634364241324,359,2520,0,0,2017.080,32.43234634399414,-36.071571350097656,48.50690604450783,RETURNING
8538.783000,LIDAR_ONLY,MIXED,run04,LIDAR_ONLY,0.12632951140403748,0.35677874088287354,0.21430443227291107,0.21247053146362305,0.21430443227291107,0.0,2.304121971130371,4651,17783149,124025,28568,633.846567371084,359,2522,0,0,2018.082,32.19712829589844,-36.01826858520508,48.310204304350535,RETURNING
8539.781000,LIDAR_ONLY,MIXED,run04,LIDAR_ONLY,0.12593390047550201,0.35608699917793274,0.21084336936473846,0.21084336936473846,0.21084336936473846,0.0,4.115524768829346,4654,17794604,124164,28568,634.2867405496542,359,2523,0,0,2019.080,31.82969856262207,-36.025413513183594,48.07146710628237,RETURNING
8540.781000,LIDAR_ONLY,MIXED,run04,LIDAR_ONLY,0.13169856369495392,0.3595939576625824,0.21387434005737305,0.2115183174610138,0.21387434005737305,0.0,7.114157199859619,4656,17802243,124166,28579,634.6912503070407,359,2525,0,0,2020.080,31.509004592895508,-36.16898727416992,47.96789909741402,RETURNING
8541.781000,LIDAR_ONLY,MIXED,run04,LIDAR_ONLY,0.1175738051533699,0.3516993224620819,0.2145102173089981,0.2118910402059555,0.2145102173089981,0.0,15.184837341308594,4657,17806061,124166,28580,635.0435210865611,359,2527,0,0,2021.080,31.182003021240234,-36.21753692626953,47.79052451388084,RETURNING
8542.781000,LIDAR_ONLY,MIXED,run04,LIDAR_ONLY,0.1175738051533699,0.3516993224620819,0.2133507877588272,0.21204188466072083,0.2133507877588272,0.0,11.287675857543945,4658,17809881,124166,28580,635.379230913717,359,2528,0,0,2022.080,30.887985229492188,-36.237335205078125,47.614279375652856,RETURNING
8543.781000,LIDAR_ONLY,MIXED,run04,LIDAR_ONLY,0.13321185111999512,0.36267852783203125,0.21110528707504272,0.21110528707504272,0.21110528707504272,0.0,12.950081825256348,4659,17813699,124172,28580,635.6188697330132,359,2529,0,0,2023.080,30.696727752685547,-36.23420715332031,47.488048507569005,RETURNING
8544.781000,LIDAR_ONLY,MIXED,run04,LIDAR_ONLY,0.11741388589143753,0.35198330879211426,0.2130890041589737,0.2117801010608673,0.2130890041589737,0.0,18.210464477539062,4660,17817519,124174,28581,636.0032788069509,359,2531,0,0,2024.080,30.335798263549805,-36.156494140625,47.19598919557309,RETURNING
8545.784000,LIDAR_ONLY,MIXED,run04,LIDAR_ONLY,0.11741388589143753,0.35198330879211426,0.2130890041589737,0.2117801010608673,0.2130890041589737,0.0,18.210464477539062,4660,17817519,124174,28581,636.4640218097338,359,2533,0,0,2025.083,29.933120727539062,-36.194122314453125,46.96717624484867,RETURNING
8546.781000,LIDAR_ONLY,MIXED,run04,LIDAR_ONLY,0.11741388589143753,0.35198330879211426,0.2130890041589737,0.2117801010608673,0.2130890041589737,0.0,18.210464477539062,4660,17817519,124174,28581,636.8507233157349,359,2534,0,0,2026.080,29.576078414916992,-36.180484771728516,46.72988391431043,RETURNING
8547.783000,LIDAR_ONLY,MIXED,run04,LIDAR_ONLY,0.11741388589143753,0.35198330879211426,0.2130890041589737,0.2117801010608673,0.2130890041589737,0.0,18.210464477539062,4660,17817519,124174,28581,637.2398687165102,359,2535,0,0,2027.082,29.25682258605957,-36.16012954711914,46.51265898170687,RETURNING
8548.781000,LIDAR_ONLY,MIXED,run04,LIDAR_ONLY,0.13685335218906403,0.36577433347702026,0.2130890041589737,0.2117801010608673,0.2130890041589737,0.0,18.210464477539062,4660,17817519,124174,28581,637.6007059128237,359,2538,0,0,2028.080,29.05605125427246,-36.053565979003906,46.30361792843167,RETURNING
8549.784000,LIDAR_ONLY,MIXED,run04,LIDAR_ONLY,0.13535179197788239,0.36364638805389404,0.2124379426240921,0.21452835202217102,0.2124379426240921,0.0,7.942540168762207,4661,17821346,124174,28581,637.6007059128237,359,2539,0,0,2029.083,29.05605125427246,-36.053565979003906,46.30361792843167,RETURNING
8550.781000,LIDAR_ONLY,MIXED,run04,LIDAR_ONLY,0.12164247035980225,0.3559132218360901,0.21421107649803162,0.21577847003936768,0.21421107649803162,0.0,1.0825730562210083,4663,17829001,124181,28581,638.0989102099371,359,2540,0,0,2030.080,28.60291290283203,-36.10340118408203,46.05968257211221,RETURNING
8551.783000,LIDAR_ONLY,MIXED,run04,LIDAR_ONLY,0.12712907791137695,0.36079472303390503,0.21432305872440338,0.21484579145908356,0.21432305872440338,0.0,8.986878395080566,4665,17836655,124220,28581,638.4673060007706,359,2542,0,0,2031.082,28.240428924560547,-36.14241409301758,45.86620501989741,RETURNING
8552.782000,LIDAR_ONLY,MIXED,run04,LIDAR_ONLY,0.12180087715387344,0.3559112846851349,0.2142670452594757,0.2140057533979416,0.2142670452594757,0.0,5.867361068725586,4666,17840482,124186,28585,638.8763839548039,359,2543,0,0,2032.081,27.869110107421875,-36.160099029541016,45.65253138735318,RETURNING
8553.781000,LIDAR_ONLY,MIXED,run04,LIDAR_ONLY,0.11689446866512299,0.3516923487186432,0.21546095609664917,0.2144162952899933,0.21546095609664917,0.0,3.2701408863067627,4668,17848141,124324,28654,639.2275511726767,359,2545,0,0,2033.080,27.55929183959961,-36.290157318115234,45.56757783319597,RETURNING
8554.782000,LIDAR_ONLY,MIXED,run04,LIDAR_ONLY,0.11616602540016174,0.3518194556236267,0.2144162952899933,0.21493862569332123,0.2144162952899933,0.0,1.0174460411071777,4670,17855799,124346,28656,639.490053269956,359,2546,0,0,2034.081,27.331539154052734,-36.278602600097656,45.42097054956998,RETURNING
8555.781000,LIDAR_ONLY,MIXED,run04,LIDAR_ONLY,0.11563814431428909,0.3516223430633545,0.21743670105934143,0.21691463887691498,0.21743670105934143,0.0,1.1057449579238892,4672,17863459,124329,28657,639.775784811245,359,2547,0,0,2035.080,27.107166290283203,-36.23080825805664,45.24803801448334,RETURNING
8556.787000,LIDAR_ONLY,MIXED,run04,LIDAR_ONLY,0.11877097934484482,0.3544614911079407,0.2175273895263672,0.21622326970100403,0.2175273895263672,0.0,2.254163980484009,4675,17874957,124356,28659,640.0374542258886,359,2548,0,0,2036.086,26.89017677307129,-36.275062561035156,45.153927580173914,RETURNING
8557.781000,LIDAR_ONLY,MIXED,run04,LIDAR_ONLY,0.13360287249088287,0.36242225766181946,0.21471431851387024,0.21627967059612274,0.21471431851387024,0.0,2.3480169773101807,4677,17882623,124359,28659,640.3491087196567,359,2549,0,0,2037.080,26.612138748168945,-36.2259521484375,44.94932187428101,RETURNING
8558.782000,LIDAR_ONLY,MIXED,run04,LIDAR_ONLY,0.14189296960830688,0.3691525161266327,0.21517996490001678,0.2219613939523697,0.21517996490001678,0.0,2.2001030445098877,4679,17890291,124363,28659,640.807500961412,359,2549,0,0,2038.081,26.253658294677734,-36.19744110107422,44.71494214510479,RETURNING
8559.781000,LIDAR_ONLY,MIXED,run04,LIDAR_ONLY,0.13317660987377167,0.35988402366638184,0.21590612828731537,0.21773141622543335,0.21590612828731537,0.0,0.8076379895210266,4682,17901794,124390,28659,641.157777752146,359,2550,0,0,2039.080,25.977922439575195,-36.14137268066406,44.50807346751104,RETURNING
8560.781000,LIDAR_ONLY,MIXED,run04,LIDAR_ONLY,0.11997169256210327,0.3529873788356781,0.2122555375099182,0.2135593146085739,0.2122555375099182,0.0,0.8409820199012756,4684,17909464,124394,28660,641.4936730294327,359,2550,0,0,2040.080,25.7515869140625,-35.98546600341797,44.24947350742661,RETURNING
8561.781000,LIDAR_ONLY,MIXED,run04,LIDAR_ONLY,0.13218256831169128,0.3649212718009949,0.21298226714134216,0.21454639732837677,0.21298226714134216,0.0,0.6453279852867126,4686,17917135,124397,28660,641.7650346243244,359,2552,0,0,2041.080,25.508197784423828,-36.00339126586914,44.122904685653936,RETURNING
8562.781000,LIDAR_ONLY,MIXED,run04,LIDAR_ONLY,0.12252327054738998,0.3596799373626709,0.21718749403953552,0.21927084028720856,0.21718749403953552,0.0,2.8756790161132812,4689,17928654,124417,28661,642.2907331942387,359,2554,0,0,2042.080,25.115966796875,-36.19190979003906,44.05207281423468,RETURNING
8563.781000,LIDAR_ONLY,MIXED,run04,LIDAR_ONLY,0.1287074089050293,0.3591708838939667,0.21484375,0.21796874701976776,0.21484375,0.0,1.3503170013427734,4691,17936334,124400,28661,642.5498812971042,359,2555,0,0,2043.080,24.913087844848633,-36.19672775268555,43.94069231546992,RETURNING
8564.781000,LIDAR_ONLY,MIXED,run04,LIDAR_ONLY,0.12146318703889847,0.3546179234981537,0.21770833432674408,0.21848958730697632,0.21770833432674408,0.0,0.7615870237350464,4693,17944014,124427,28661,642.8377379367329,359,2556,0,0,2044.080,24.672204971313477,-36.14920425415039,43.76531252478391,RETURNING
8565.781000,LIDAR_ONLY,MIXED,run04,LIDAR_ONLY,0.12660975754261017,0.3609398305416107,0.21718749403953552,0.21770833432674408,0.21718749403953552,0.0,1.4960440397262573,4695,17951694,124427,28664,643.1197525087362,359,2557,0,0,2045.080,24.43988037109375,-36.17906951904297,43.659514118410755,RETURNING
8566.790000,LIDAR_ONLY,MIXED,run04,LIDAR_ONLY,0.13236963748931885,0.3584103584289551,0.21562500298023224,0.21770833432674408,0.21562500298023224,0.0,0.9007539749145508,4698,17963214,124443,28665,643.407958602842,359,2558,0,0,2046.089,24.17477035522461,-36.161197662353516,43.49681170739663,RETURNING
8567.783000,LIDAR_ONLY,MIXED,run04,LIDAR_ONLY,0.13778267800807953,0.3644936680793762,0.21536459028720856,0.2174479216337204,0.21536459028720856,0.0,0.83125901222229,4700,17970894,124462,28665,643.8757736028218,359,2561,0,0,2047.082,23.797998428344727,-36.05158615112305,43.19702913090026,RETURNING
8568.784000,LIDAR_ONLY,MIXED,run04,LIDAR_ONLY,0.1382652223110199,0.37246885895729065,0.21640625596046448,0.21822915971279144,0.21640625596046448,0.0,1.4725699424743652,4701,17974734,124471,28665,644.2608981704536,359,2563,0,0,2048.083,23.473281860351562,-36.0955810546875,43.05587383660304,RETURNING
8569.782000,LIDAR_ONLY,MIXED,run04,LIDAR_ONLY,0.14524291455745697,0.37189990282058716,0.21458333730697632,0.21588541567325592,0.21458333730697632,0.0,3.095089912414551,4704,17986254,124495,28665,644.6348558531071,359,2564,0,0,2049.081,23.14969253540039,-36.14991760253906,42.9260729767571,RETURNING
8570.781000,LIDAR_ONLY,MIXED,run04,LIDAR_ONLY,0.12319966405630112,0.3437790870666504,0.21380208432674408,0.2161458283662796,0.21380208432674408,0.0,3.596693992614746,4706,17993934,124506,28665,645.0204269273687,359,2566,0,0,2050.080,22.91080093383789,-36.04951095581055,42.71294340218459,RETURNING
8571.782000,LIDAR_ONLY,MIXED,run04,LIDAR_ONLY,0.1220967248082161,0.35622644424438477,0.21901041269302368,0.21796874701976776,0.21901041269302368,0.0,2.019566059112549,4708,18001614,124501,28666,645.2544018654615,359,2567,0,0,2051.081,22.72123146057129,-35.97414016723633,42.54782080642896,RETURNING
8572.782000,LIDAR_ONLY,MIXED,run04,LIDAR_ONLY,0.11992920935153961,0.35951003432273865,0.21562500298023224,0.21718749403953552,0.21562500298023224,0.0,1.325719952583313,4710,18009294,124526,28667,645.6777060748092,359,2567,0,0,2052.081,22.650915145874023,-36.0899543762207,42.60836466104758,RETURNING
8573.781000,LIDAR_ONLY,MIXED,run04,LIDAR_ONLY,0.12406732141971588,0.3627873659133911,0.21328124403953552,0.21562500298023224,0.21328124403953552,0.0,1.9749209880828857,4711,18013134,124532,28667,645.9898102673689,359,2568,0,0,2053.080,22.511423110961914,-36.07210159301758,42.51923036944771,RETURNING
8574.781000,LIDAR_ONLY,MIXED,run04,LIDAR_ONLY,0.12206324189901352,0.3577265739440918,0.20729166269302368,0.21145834028720856,0.20729166269302368,0.0,2.2205939292907715,4713,18020814,124532,28668,646.3170647297417,359,2569,0,0,2054.080,22.355653762817383,-36.09495544433594,42.45639669638723,RETURNING
8575.781000,LIDAR_ONLY,MIXED,run04,LIDAR_ONLY,0.1235804632306099,0.35829591751098633,0.21927084028720856,0.2200520783662796,0.21927084028720856,0.0,4.363048076629639,4715,18028494,124827,28668,646.5914227609948,359,2571,0,0,2055.080,22.162485122680664,-36.11116409301758,42.36881925420694,RETURNING
8576.781000,LIDAR_ONLY,MIXED,run04,LIDAR_ONLY,0.129957377910614,0.366028368473053,0.21692708134651184,0.21822915971279144,0.21692708134651184,0.0,0.7630209922790527,4717,18036174,124850,28668,646.9304776277439,359,2572,0,0,2056.080,21.86785316467285,-36.116119384765625,42.21969431143098,RETURNING
8577.782000,LIDAR_ONLY,MIXED,run04,LIDAR_ONLY,0.13219405710697174,0.3691120445728302,0.21484375,0.21510416269302368,0.21484375,0.0,1.405655026435852,4719,18043854,124862,28815,647.2506916924712,359,2573,0,0,2057.081,21.585186004638672,-36.10756301879883,42.06664280033556,RETURNING
8578.781000,LIDAR_ONLY,MIXED,run04,LIDAR_ONLY,0.12602177262306213,0.3656700849533081,0.2161458283662796,0.21666666865348816,0.2161458283662796,0.0,1.7703169584274292,4722,18055374,124875,28821,647.7951848262187,359,2575,0,0,2058.080,21.116270065307617,-36.18949508666992,41.89872731149175,RETURNING
8579.783000,LIDAR_ONLY,MIXED,run04,LIDAR_ONLY,0.12926003336906433,0.368259072303772,0.21510416269302368,0.21666666865348816,0.21510416269302368,0.0,0.5660780072212219,4724,18063054,124862,28824,648.1769836113785,359,2577,0,0,2059.082,20.759838104248047,-36.23253631591797,41.75757620241578,RETURNING
8580.781000,LIDAR_ONLY,MIXED,run04,LIDAR_ONLY,0.13174408674240112,0.36979714035987854,0.21953125298023224,0.21901041269302368,0.21953125298023224,0.0,3.486638069152832,4727,18074574,124878,28825,648.4617613765639,359,2579,0,0,2060.080,20.507333755493164,-36.225074768066406,41.626132313761595,RETURNING
8581.781000,LIDAR_ONLY,MIXED,run04,LIDAR_ONLY,0.12198207527399063,0.36148202419281006,0.21822915971279144,0.21692708134651184,0.21822915971279144,0.0,1.29557204246521,4728,18078414,124879,28825,648.8802534905898,359,2579,0,0,2061.080,20.13878631591797,-36.19927978515625,41.423271675985816,RETURNING
8582.783000,LIDAR_ONLY,MIXED,run04,LIDAR_ONLY,0.12706676125526428,0.3634715974330902,0.21822915971279144,0.21718749403953552,0.21822915971279144,0.0,1.3139439821243286,4730,18086094,124895,28826,649.2660428313227,359,2580,0,0,2062.082,19.782018661499023,-36.255550384521484,41.30039612954512,RETURNING
8583.784000,LIDAR_ONLY,MIXED,run04,LIDAR_ONLY,0.12035661190748215,0.3586568236351013,0.21901041269302368,0.21901041269302368,0.21901041269302368,0.0,1.46738600730896,4733,18097614,124912,28826,649.6592518374512,359,2581,0,0,2063.083,19.438791275024414,-36.242088317871094,41.125245152755525,RETURNING
8584.783000,LIDAR_ONLY,MIXED,run04,LIDAR_ONLY,0.12893150746822357,0.3642048239707947,0.21901041269302368,0.21796874701976776,0.21901041269302368,0.0,0.656000018119812,4736,18109134,124916,28826,649.9542097306179,359,2582,0,0,2064.082,19.195343017578125,-36.162811279296875,40.94069957227688,RETURNING
8585.781000,LIDAR_ONLY,MIXED,run04,LIDAR_ONLY,0.1296636015176773,0.36399737000465393,0.21901041269302368,0.2174479216337204,0.21901041269302368,0.0,1.2999379634857178,4738,18116814,124923,28828,650.2665719335397,359,2583,0,0,2065.080,18.979093551635742,-35.992862701416016,40.68935365904866,RETURNING
8586.781000,LIDAR_ONLY,MIXED,run04,LIDAR_ONLY,0.1215287372469902,0.35699087381362915,0.21953125298023224,0.21927084028720856,0.21953125298023224,0.0,4.2207841873168945,4740,18124494,124928,28828,650.6701392958361,359,2585,0,0,2066.080,18.715635299682617,-35.75436019897461,40.35568546996188,RETURNING
8587.784000,LIDAR_ONLY,MIXED,run04,LIDAR_ONLY,0.1215660572052002,0.3569711148738861,0.21901041269302368,0.21822915971279144,0.21901041269302368,0.0,1.348533034324646,4743,18136014,124951,28828,651.0552926441804,359,2585,0,0,2067.083,18.428958892822266,-35.57259750366211,40.06206455236596,RETURNING
8588.782000,LIDAR_ONLY,MIXED,run04,LIDAR_ONLY,0.12881028652191162,0.3612369894981384,0.21901041269302368,0.21927084028720856,0.21901041269302368,0.0,1.196740984916687,4744,18139854,124953,28828,651.3936397313059,359,2586,0,0,2068.081,18.198556900024414,-35.384849548339844,39.78955223174639,RETURNING
8589.782000,LIDAR_ONLY,MIXED,run04,LIDAR_ONLY,0.1252257376909256,0.3557208478450775,0.21927084028720856,0.22109374403953552,0.21927084028720856,0.0,4.779490947723389,4746,18147534,124955,28829,651.781060606756,359,2587,0,0,2069.081,18.050640106201172,-35.08767318725586,39.457627695847286,RETURNING
8590.793000,LIDAR_ONLY,MIXED,run04,LIDAR_ONLY,0.13270945847034454,0.3609446585178375,0.21901041269302368,0.21848958730697632,0.21901041269302368,0.0,1.1590780019760132,4748,18155214,124953,28829,652.1201517470176,359,2588,0,0,2070.092,17.924789428710938,-34.7931022644043,39.13812093229368,RETURNING
8591.782000,LIDAR_ONLY,MIXED,run04,LIDAR_ONLY,0.13232943415641785,0.3557957708835602,0.21718749403953552,0.21770833432674408,0.21718749403953552,0.0,1.664214015007019,4750,18162894,124958,28829,652.5234072856827,359,2589,0,0,2071.081,17.87928009033203,-34.44050598144531,38.80402004534887,RETURNING
8592.783000,LIDAR_ONLY,MIXED,run04,LIDAR_ONLY,0.13284458220005035,0.35852643847465515,0.21901041269302368,0.21875,0.21901041269302368,0.0,2.0771570205688477,4752,18170574,124964,28830,652.9082932830684,359,2591,0,0,2072.082,17.863252639770508,-34.08106231689453,38.47791324653446,RETURNING
8593.783000,LIDAR_ONLY,MIXED,run04,LIDAR_ONLY,0.1334538459777832,0.36043670773506165,0.2161458283662796,0.21770833432674408,0.2161458283662796,0.0,1.03677499294281,4754,18178254,124971,28830,653.2923127180377,359,2592,0,0,2073.082,17.765165328979492,-33.7463493347168,38.135978809922534,RETURNING
8594.781000,LIDAR_ONLY,MIXED,run04,LIDAR_ONLY,0.14762544631958008,0.3614780306816101,0.21718749403953552,0.2174479216337204,0.21718749403953552,0.0,3.4814369678497314,4756,18185934,124976,28830,653.6421946161572,359,2593,0,0,2074.080,17.714445114135742,-33.44541931152344,37.84618455896296,RETURNING
8595.782000,LIDAR_ONLY,MIXED,run04,LIDAR_ONLY,0.14084652066230774,0.3599649667739868,0.21718749403953552,0.21640625596046448,0.21718749403953552,0.0,1.3469480276107788,4759,18197454,124980,28830,654.083043129884,359,2593,0,0,2075.081,17.85193634033203,-33.09626007080078,37.60306020521528,RETURNING
8596.781000,LIDAR_ONLY,MIXED,run04,LIDAR_ONLY,0.1353631466627121,0.3632648289203644,0.21536459028720856,0.21666666865348816,0.21536459028720856,0.0,2.5425589084625244,4761,18205134,124990,28830,654.4598623463784,359,2595,0,0,2076.080,17.81357192993164,-32.789031982421875,37.31461347815076,RETURNING
8597.785000,LIDAR_ONLY,MIXED,run04,LIDAR_ONLY,0.126261368393898,0.35773032903671265,0.21536459028720856,0.22057291865348816,0.21536459028720856,0.0,0.9393849968910217,4763,18212814,125001,28830,654.822746749692,359,2597,0,0,2077.084,17.697763442993164,-32.49026107788086,36.9968214673241,RETURNING
8598.781000,LIDAR_ONLY,MIXED,run04,LIDAR_ONLY,0.13556189835071564,0.361434668302536,0.21067708730697632,0.21302083134651184,0.21067708730697632,0.0,2.0291268825531006,4765,18220494,124997,28833,655.1253024701225,359,2599,0,0,2078.080,17.540050506591797,-32.254371643066406,36.71423812151282,RETURNING
8599.782000,LIDAR_ONLY,MIXED,run04,LIDAR_ONLY,0.13560429215431213,0.36128708720207214,0.21432290971279144,0.21718749403953552,0.21432290971279144,0.0,1.5629340410232544,4768,18232014,125003,28833,655.3970242156868,359,2600,0,0,2079.081,17.472944259643555,-32.0396614074707,36.493580548772336,RETURNING
8600.781000,LIDAR_ONLY,MIXED,run04,LIDAR_ONLY,0.13189277052879333,0.364485502243042,0.21484375,0.21640625596046448,0.21484375,0.0,1.4040249586105347,4770,18239694,125012,28833,655.6933954684113,359,2602,0,0,2080.080,17.36760711669922,-31.81938362121582,36.24975981694616,RETURNING
8601.782000,LIDAR_ONLY,MIXED,run04,LIDAR_ONLY,0.13603569567203522,0.36145251989364624,0.21666666865348816,0.21770833432674408,0.21666666865348816,0.0,0.7619420289993286,4772,18247374,125013,28833,656.1492043327199,359,2603,0,0,2081.081,17.217823028564453,-31.584896087646484,35.97217988463588,RETURNING
8602.783000,LIDAR_ONLY,MIXED,run04,LIDAR_ONLY,0.13650383055210114,0.3587878942489624,0.21458333730697632,0.21640625596046448,0.21458333730697632,0.0,0.896012008190155,4775,18258894,125029,28833,656.4761336378012,359,2604,0,0,2082.082,17.361963272094727,-31.495986938476562,35.96350076738606,RETURNING
8603.781000,LIDAR_ONLY,MIXED,run04,LIDAR_ONLY,0.11871274560689926,0.35171064734458923,0.21510416269302368,0.21640625596046448,0.21510416269302368,0.0,0.7060019969940186,4777,18266574,125050,28833,656.8201886882841,359,2606,0,0,2083.080,17.241378784179688,-31.523006439208984,35.92914859643024,RETURNING
8604.787000,LIDAR_ONLY,MIXED,run04,LIDAR_ONLY,0.12052525579929352,0.35621902346611023,0.21588541567325592,0.21562500298023224,0.21588541567325592,0.0,1.043647050857544,4780,18278094,125052,28833,657.1720786736338,359,2607,0,0,2084.086,17.163211822509766,-31.400888442993164,35.784501349927446,RETURNING
8605.781000,LIDAR_ONLY,MIXED,run04,LIDAR_ONLY,0.12270333617925644,0.3557015061378479,0.21302083134651184,0.2135416716337204,0.21302083134651184,0.0,1.1316989660263062,4783,18289614,125074,28833,657.4631602475434,359,2608,0,0,2085.080,17.162933349609375,-31.201311111450195,35.609369139168166,RETURNING
8606.781000,LIDAR_ONLY,MIXED,run04,LIDAR_ONLY,0.12416175752878189,0.3581649959087372,0.21380208432674408,0.2161458283662796,0.21380208432674408,0.0,1.2009350061416626,4785,18297294,125121,28834,657.7384468319456,359,2609,0,0,2086.080,17.095664978027344,-31.04636573791504,35.44118970564232,RETURNING
8607.784000,LIDAR_ONLY,MIXED,run04,LIDAR_ONLY,0.11603580415248871,0.3534938097000122,0.21666666865348816,0.21718749403953552,0.21666666865348816,0.0,1.4403769969940186,4787,18304974,125123,28863,658.0276290938688,359,2610,0,0,2087.083,16.96575927734375,-30.986764907836914,35.32642406976569,RETURNING
8608.781000,LIDAR_ONLY,MIXED,run04,LIDAR_ONLY,0.13967658579349518,0.3645005524158478,0.2161458283662796,0.21848958730697632,0.2161458283662796,0.0,6.118238925933838,4789,18312654,125123,28863,658.3215561276555,359,2611,0,0,2088.080,16.958749771118164,-30.712419509887695,35.08264252331242,RETURNING
8609.781000,LIDAR_ONLY,MIXED,run04,LIDAR_ONLY,0.11992312222719193,0.35553866624832153,0.21770833432674408,0.21718749403953552,0.21770833432674408,0.0,0.7488150000572205,4791,18320334,125131,28867,658.7415248033437,359,2612,0,0,2089.080,16.865283966064453,-30.36574935913086,34.73408875892142,RETURNING
8610.785000,LIDAR_ONLY,MIXED,run04,LIDAR_ONLY,0.1254279762506485,0.3614082336425781,0.21718749403953552,0.22031250596046448,0.21718749403953552,0.0,2.5915379524230957,4792,18324174,125136,28867,659.0827943194166,359,2613,0,0,2090.084,16.656753540039062,-30.111177444458008,34.41033947960899,RETURNING
8611.785000,LIDAR_ONLY,MIXED,run04,LIDAR_ONLY,0.1335408240556717,0.36280056834220886,0.21458333730697632,0.21640625596046448,0.21458333730697632,0.0,0.8649250268936157,4794,18331854,125136,28867,659.4990773091337,359,2615,0,0,2091.084,16.361738204956055,-29.91985321044922,34.10052581478287,RETURNING
8612.783000,LIDAR_ONLY,MIXED,run04,LIDAR_ONLY,0.1292484700679779,0.3515956699848175,0.21302083134651184,0.21562500298023224,0.21302083134651184,0.0,1.0655930042266846,4796,18339534,125139,28867,659.9041968809927,359,2616,0,0,2092.082,16.349876403808594,-29.94162940979004,34.11394733142723,RETURNING
8613.786000,LIDAR_ONLY,MIXED,run04,LIDAR_ONLY,0.12690918147563934,0.3531050384044647,0.2161458283662796,0.2161458283662796,0.2161458283662796,0.0,1.3885539770126343,4799,18351054,125139,28867,660.3440070168651,359,2618,0,0,2093.085,16.2850284576416,-29.92941665649414,34.072188729801034,RETURNING
8614.783000,LIDAR_ONLY,MIXED,run04,LIDAR_ONLY,0.1137591153383255,0.3464680314064026,0.21510416269302368,0.21640625596046448,0.21510416269302368,0.0,0.8879650235176086,4800,18354894,125145,28867,660.7700791025401,359,2620,0,0,2094.082,16.18036651611328,-29.878164291381836,33.97721479738919,RETURNING
8615.781000,LIDAR_ONLY,MIXED,run04,LIDAR_ONLY,0.11071734130382538,0.3444879353046417,0.2083333283662796,0.2109375,0.2083333283662796,0.0,1.0487760305404663,4803,18366414,125145,28867,661.1446338052472,359,2621,0,0,2095.080,16.109582901000977,-29.825061798095703,33.89683351064017,RETURNING
8616.782000,LIDAR_ONLY,MIXED,run04,LIDAR_ONLY,0.11345213651657104,0.3473914861679077,0.21510416269302368,0.21953125298023224,0.21510416269302368,0.0,1.1029000282287598,4806,18377934,125154,28867,661.5379148380817,359,2621,0,0,2096.081,16.10733985900879,-29.660625457763672,33.751171765060256,RETURNING
8617.781000,LIDAR_ONLY,MIXED,run04,LIDAR_ONLY,0.1039656549692154,0.3402019441127777,0.21640625596046448,0.2174479216337204,0.21640625596046448,0.0,1.6375709772109985,4809,18389454,125158,28867,661.8445195318318,359,2622,0,0,2097.080,16.002384185791016,-29.521507263183594,33.5788402780348,RETURNING
8618.782000,LIDAR_ONLY,MIXED,run04,LIDAR_ONLY,0.10661206394433975,0.34262651205062866,0.21692708134651184,0.21640625596046448,0.21692708134651184,0.0,1.0903079509735107,4811,18397134,125164,28867,662.1577790056396,359,2623,0,0,2098.081,15.907773971557617,-29.316274642944336,33.35332696831775,RETURNING
8619.781000,LIDAR_ONLY,MIXED,run04,LIDAR_ONLY,0.09935840219259262,0.33375364542007446,0.21718749403953552,0.21640625596046448,0.21718749403953552,0.0,0.9868339896202087,4812,18400974,125164,28867,662.4342167348376,359,2623,0,0,2099.080,15.726001739501953,-29.197412490844727,33.162323170625754,RETURNING
8620.781000,LIDAR_ONLY,MIXED,run04,LIDAR_ONLY,0.10642359405755997,0.3403109014034271,0.21770833432674408,0.21692708134651184,0.21770833432674408,0.0,1.3852349519729614,4815,18412494,125166,28867,662.7505454442284,359,2624,0,0,2100.080,15.559080123901367,-28.99949836730957,32.9089658407293,RETURNING
8621.784000,LIDAR_ONLY,MIXED,run04,LIDAR_ONLY,0.09986633062362671,0.3321305215358734,0.21718749403953552,0.21640625596046448,0.21718749403953552,0.0,1.5641549825668335,4818,18424014,125173,28867,663.0196734103783,359,2625,0,0,2101.083,15.375861167907715,-28.874412536621094,32.712282556962066,RETURNING
8622.782000,LIDAR_ONLY,MIXED,run04,LIDAR_ONLY,0.10191130638122559,0.33498063683509827,0.22109374403953552,0.21901041269302368,0.22109374403953552,0.0,7.0374321937561035,4820,18431694,125175,28867,663.2793868588785,359,2626,0,0,2102.081,15.202198028564453,-28.73810577392578,32.510469612492294,RETURNING
8623.783000,LIDAR_ONLY,MIXED,run04,LIDAR_ONLY,0.10096874833106995,0.334287166595459,0.21822915971279144,0.21770833432674408,0.21822915971279144,0.0,0.8138750195503235,4824,18447054,125178,28867,663.56007476262,359,2626,0,0,2103.082,15.0407075881958,-28.55813980102539,32.27593213389645,RETURNING
8624.782000,LIDAR_ONLY,MIXED,run04,LIDAR_ONLY,0.09167881309986115,0.3209303021430969,0.21822915971279144,0.21692708134651184,0.21822915971279144,0.0,1.2419229745864868,4826,18454734,125179,28867,663.8396765246974,359,2628,0,0,2104.081,14.846173286437988,-28.41775131225586,32.06124637686924,RETURNING
8625.781000,LIDAR_ONLY,MIXED,run04,LIDAR_ONLY,0.10011287778615952,0.33138421177864075,0.21796874701976776,0.21640625596046448,0.21796874701976776,0.0,1.6960890293121338,4828,18462414,125179,28867,664.1187528197937,359,2629,0,0,2105.080,14.716056823730469,-28.23459815979004,31.83867688736401,RETURNING
8626.781000,LIDAR_ONLY,MIXED,run04,LIDAR_ONLY,0.10422836989164352,0.33572593331336975,0.2200520783662796,0.21901041269302368,0.2200520783662796,0.0,0.9535279870033264,4829,18466254,125179,28867,664.3796964831025,359,2631,0,0,2106.080,14.570181846618652,-28.09332847595215,31.64604555476113,RETURNING
8627.783000,LIDAR_ONLY,MIXED,run04,LIDAR_ONLY,0.12027342617511749,0.3469388484954834,0.21536459028720856,0.21458333730697632,0.21536459028720856,0.0,1.2446030378341675,4831,18473934,125179,28867,664.5714397518515,359,2631,0,0,2107.082,14.547640800476074,-27.93661880493164,31.4965966125122,RETURNING
8628.781000,LIDAR_ONLY,MIXED,run04,LIDAR_ONLY,0.10238150507211685,0.33352065086364746,0.21692708134651184,0.21406249701976776,0.21692708134651184,0.0,1.805101990699768,4833,18481614,125183,28867,664.9239236806064,359,2632,0,0,2108.080,14.374031066894531,-27.645143508911133,31.15789465460358,RETURNING
8629.783000,LIDAR_ONLY,MIXED,run04,LIDAR_ONLY,0.12873700261116028,0.3531983494758606,0.21901041269302368,0.21588541567325592,0.21901041269302368,0.0,0.9697449803352356,4835,18489294,125183,28867,665.2516732958576,359,2634,0,0,2109.082,14.443248748779297,-27.440671920776367,31.00879906172538,RETURNING
8630.781000,LIDAR_ONLY,MIXED,run04,LIDAR_ONLY,0.13720571994781494,0.3596910536289215,0.2161458283662796,0.2161458283662796,0.2161458283662796,0.0,4.022025108337402,4837,18496974,125183,28867,665.5130125915804,359,2636,0,0,2110.080,14.42664909362793,-27.226774215698242,30.811902972886976,RETURNING
8631.781000,LIDAR_ONLY,MIXED,run04,LIDAR_ONLY,0.13226664066314697,0.3600929379463196,0.21510416269302368,0.21510416269302368,0.21510416269302368,0.0,4.491055965423584,4839,18504654,125183,28867,666.0161495820659,359,2638,0,0,2111.080,14.31704330444336,-26.823150634765625,30.404072599421585,RETURNING
8632.782000,LIDAR_ONLY,MIXED,run04,LIDAR_ONLY,0.13793976604938507,0.36628109216690063,0.21380208432674408,0.2174479216337204,0.21380208432674408,0.0,2.537087917327881,4841,18512334,125189,28867,666.4263088708071,359,2638,0,0,2112.081,14.215275764465332,-26.495319366455078,30.067008320664115,RETURNING
8633.781000,LIDAR_ONLY,MIXED,run04,LIDAR_ONLY,0.10949774086475372,0.33590391278266907,0.21484375,0.21875,0.21484375,0.0,0.9673870205879211,4844,18523854,125189,28870,666.7428164381262,359,2640,0,0,2113.080,13.98236083984375,-26.342004776000977,29.82209248859587,RETURNING
8634.782000,LIDAR_ONLY,MIXED,run04,LIDAR_ONLY,0.1173257827758789,0.3481977581977844,0.21510416269302368,0.21796874701976776,0.21510416269302368,0.0,0.9302780032157898,4846,18531534,125191,28870,667.0827234131048,359,2640,0,0,2114.081,13.812166213989258,-26.255084991455078,29.665727803107828,RETURNING
8635.781000,LIDAR_ONLY,MIXED,run04,LIDAR_ONLY,0.13181109726428986,0.36072203516960144,0.21432290971279144,0.21692708134651184,0.21432290971279144,0.0,0.9029780030250549,4849,18543054,125193,28870,667.2867577463795,359,2641,0,0,2115.080,13.86147689819336,-26.172842025756836,29.616011837719128,RETURNING
8636.793000,LIDAR_ONLY,MIXED,run04,LIDAR_ONLY,0.1339402049779892,0.36546996235847473,0.21770833432674408,0.21380208432674408,0.21770833432674408,0.0,1.232092022895813,4850,18546894,125195,28870,667.6707993060782,359,2643,0,0,2116.092,13.839956283569336,-25.873716354370117,29.341844589955407,RETURNING
8637.781000,LIDAR_ONLY,MIXED,run04,LIDAR_ONLY,0.1150512844324112,0.3408113420009613,0.2200520783662796,0.21666666865348816,0.2200520783662796,0.0,1.4081039428710938,4853,18558414,125206,28874,667.9913505623796,359,2644,0,0,2117.080,13.620542526245117,-25.727462768554688,29.109660536174182,RETURNING
8638.781000,LIDAR_ONLY,MIXED,run04,LIDAR_ONLY,0.1162983700633049,0.34708333015441895,0.21328124403953552,0.21640625596046448,0.21328124403953552,0.0,1.0463190078735352,4856,18569934,125212,28874,668.2016586236658,359,2646,0,0,2118.080,13.44995403289795,-25.681772232055664,28.98975480374491,RETURNING
8639.782000,LIDAR_ONLY,MIXED,run04,LIDAR_ONLY,0.11652080714702606,0.34698623418807983,0.21171875298023224,0.21510416269302368,0.21171875298023224,0.0,0.8163869976997375,4858,18577614,125213,28874,668.4036338734945,359,2648,0,0,2119.081,13.416661262512207,-25.636558532714844,28.93425708303875,RETURNING
8640.781000,LIDAR_ONLY,MIXED,run04,LIDAR_ONLY,0.11028869450092316,0.3402436077594757,0.21718749403953552,0.21770833432674408,0.21718749403953552,0.0,1.2204689979553223,4861,18589134,125215,28874,668.6681584144035,359,2650,0,0,2120.080,13.252690315246582,-25.490558624267578,28.728977196507685,RETURNING
8641.781000,LIDAR_ONLY,MIXED,run04,LIDAR_ONLY,0.11522762477397919,0.3450605571269989,0.21718749403953552,0.21666666865348816,0.21718749403953552,0.0,1.1500710248947144,4864,18600654,125215,28874,668.9168934018569,359,2651,0,0,2121.080,13.143305778503418,-25.305896759033203,28.514680865023596,RETURNING
8642.782000,LIDAR_ONLY,MIXED,run04,LIDAR_ONLY,0.11673206090927124,0.34468719363212585,0.21953125298023224,0.21875,0.21953125298023224,0.0,0.9154040217399597,4866,18608334,125218,28874,669.1987813299165,359,2653,0,0,2122.081,13.037363052368164,-25.089387893676758,28.27371118530599,RETURNING
8643.781000,LIDAR_ONLY,MIXED,run04,LIDAR_ONLY,0.11617381125688553,0.33987870812416077,0.21822915971279144,0.21640625596046448,0.21822915971279144,0.0,2.1662790775299072,4868,18616014,125218,28874,669.5127537689323,359,2655,0,0,2123.080,12.886763572692871,-24.833969116210938,27.9776292811293,RETURNING
8644.784000,LIDAR_ONLY,MIXED,run04,LIDAR_ONLY,0.10054447501897812,0.3251999318599701,0.21901041269302368,0.21848958730697632,0.21901041269302368,0.0,0.9648709893226624,4870,18623694,125219,28874,669.9471519476274,359,2656,0,0,2124.083,12.686766624450684,-24.535400390625,27.620528894820996,RETURNING
8645.781000,LIDAR_ONLY,MIXED,run04,LIDAR_ONLY,0.10303033143281937,0.327842652797699,0.21770833432674408,0.21848958730697632,0.21770833432674408,0.0,2.77791690826416,4872,18631374,125219,28874,670.2401638544187,359,2657,0,0,2125.080,12.679207801818848,-24.583717346191406,27.65999166910012,RETURNING
8646.785000,LIDAR_ONLY,MIXED,run04,LIDAR_ONLY,0.0944356918334961,0.3156451880931854,0.21875,0.21796874701976776,0.21875,0.0,0.9209179878234863,4874,18639054,125219,28874,670.378300687106,359,2657,0,0,2126.084,12.698859214782715,-24.661788940429688,27.73839258064155,RETURNING
8647.781000,LIDAR_ONLY,MIXED,run04,LIDAR_ONLY,0.08614033460617065,0.3062439262866974,0.21770833432674408,0.21875,0.21770833432674408,0.0,1.1155600547790527,4877,18650574,125227,28874,670.5725456616727,359,2659,0,0,2127.080,12.731736183166504,-24.7077579498291,27.79431359433036,RETURNING
8648.781000,LIDAR_ONLY,MIXED,run04,LIDAR_ONLY,0.11229178309440613,0.33955517411231995,0.21562500298023224,0.21640625596046448,0.21562500298023224,0.0,0.9095510244369507,4879,18658254,125227,28874,670.8016588558655,359,2661,0,0,2128.080,12.81425666809082,-24.701339721679688,27.826510001187934,RETURNING
8649.871000,LIDAR_ONLY,MIXED,run04,LIDAR_ONLY,0.13794635236263275,0.35437777638435364,0.21484375,0.2135416716337204,0.21484375,0.0,1.5703270435333252,4882,18669774,125231,28875,671.1893316944376,359,2664,0,0,2129.170,12.92647933959961,-24.702430725097656,27.879329782171727,RETURNING
8650.784000,LIDAR_ONLY,MIXED,run04,LIDAR_ONLY,0.13293656706809998,0.353701114654541,0.21510416269302368,0.21302083134651184,0.21510416269302368,0.0,1.7892520427703857,4884,18677454,125237,28875,671.4478723749344,359,2664,0,0,2130.083,13.106332778930664,-24.7965030670166,28.046303903824853,RETURNING
8651.781000,LIDAR_ONLY,MIXED,run04,LIDAR_ONLY,0.09205801039934158,0.32224559783935547,0.21171875298023224,0.21458333730697632,0.21171875298023224,0.0,0.9720270037651062,4887,18688974,125238,28875,671.8325870094067,359,2666,0,0,2131.080,13.038413047790527,-24.776397705078125,27.99683713413887,RETURNING
8652.781000,LIDAR_ONLY,MIXED,run04,LIDAR_ONLY,0.0770229622721672,0.2933438718318939,0.21979166567325592,0.2174479216337204,0.21979166567325592,0.0,2.3659369945526123,4890,18700494,125241,28875,672.4606842914724,359,2667,0,0,2132.080,12.991496086120605,-24.893749237060547,28.079004702841953,RETURNING
8653.781000,LIDAR_ONLY,MIXED,run04,LIDAR_ONLY,0.09855532646179199,0.3227711319923401,0.21901041269302368,0.22187499701976776,0.21901041269302368,0.0,2.178920030593872,4893,18712014,125257,28875,673.0577982549219,359,2667,0,0,2133.080,12.845819473266602,-24.845643997192383,27.969165477353023,RETURNING
8654.781000,LIDAR_ONLY,MIXED,run04,LIDAR_ONLY,0.12139757722616196,0.347067266702652,0.21848958730697632,0.2174479216337204,0.21848958730697632,0.0,0.6977300047874451,4896,18723534,125245,28876,673.3972085210813,359,2668,0,0,2134.080,12.916720390319824,-24.826026916503906,27.98439329800045,RETURNING
8655.782000,LIDAR_ONLY,MIXED,run04,LIDAR_ONLY,0.12789367139339447,0.3518763780593872,0.19088540971279144,0.19557291269302368,0.19088540971279144,0.0,0.8910710215568542,4899,18735054,125274,28883,673.6935212436906,359,2669,0,0,2135.081,13.123248100280762,-24.963207244873047,28.20166340658842,RETURNING
8656.781000,LIDAR_ONLY,MIXED,run04,LIDAR_ONLY,0.11790554225444794,0.34442469477653503,0.21067708730697632,0.21432290971279144,0.21067708730697632,0.0,0.5220969915390015,4901,18742734,125273,28886,674.1030437263336,359,2670,0,0,2136.080,13.299633979797363,-25.267467498779297,28.553056369100553,RETURNING
8657.781000,LIDAR_ONLY,MIXED,run04,LIDAR_ONLY,0.12199621647596359,0.3478795289993286,0.21276041865348816,0.21510416269302368,0.21276041865348816,0.0,0.6809089779853821,4904,18754254,125317,28901,674.4774625567815,359,2671,0,0,2137.080,13.46242904663086,-25.551950454711914,28.880624128744724,RETURNING
8658.781000,LIDAR_ONLY,MIXED,run04,LIDAR_ONLY,0.12809640169143677,0.3519554138183594,0.21718749403953552,0.21640625596046448,0.21718749403953552,0.0,0.6397219896316528,4907,18765774,125326,28901,674.7524386703616,359,2672,0,0,2138.080,13.676020622253418,-25.64058494567871,29.058973115007966,RETURNING
8659.781000,LIDAR_ONLY,MIXED,run04,LIDAR_ONLY,0.09875506162643433,0.3298291563987732,0.21406249701976776,0.21875,0.21406249701976776,0.0,1.0969480276107788,4911,18781134,125326,28901,674.9609073982518,359,2673,0,0,2139.080,13.698838233947754,-25.64004135131836,29.06923849600644,RETURNING
8660.783000,LIDAR_ONLY,MIXED,run04,LIDAR_ONLY,0.0942760556936264,0.3236943781375885,0.21927084028720856,0.21796874701976776,0.21927084028720856,0.0,0.8067370057106018,4913,18788814,125331,28901,675.2171562048486,359,2675,0,0,2140.082,13.651872634887695,-25.826860427856445,29.212172386470982,RETURNING
8661.787000,LIDAR_ONLY,MIXED,run04,LIDAR_ONLY,0.13072849810123444,0.3530333936214447,0.21666666865348816,0.21276041865348816,0.21666666865348816,0.0,1.9212859869003296,4915,18796494,125327,28901,675.4643707263988,359,2676,0,0,2141.086,13.75764274597168,-26.021671295166016,29.433830923044347,RETURNING
8662.781000,LIDAR_ONLY,MIXED,run04,LIDAR_ONLY,0.12417271733283997,0.3498120903968811,0.21770833432674408,0.21484375,0.21770833432674408,0.0,0.9352020025253296,4917,18804174,125331,28901,675.8788772869976,359,2678,0,0,2142.080,14.01109790802002,-26.287641525268555,29.78759005838805,RETURNING
8663.787000,LIDAR_ONLY,MIXED,run04,LIDAR_ONLY,0.11687640100717545,0.34604763984680176,0.21171875298023224,0.21536459028720856,0.21171875298023224,0.0,1.650496006011963,4919,18811854,125335,28903,676.1660836005283,359,2679,0,0,2143.086,14.157401084899902,-26.470203399658203,30.017541303693495,RETURNING
8664.781000,LIDAR_ONLY,MIXED,run04,LIDAR_ONLY,0.10813693702220917,0.33660757541656494,0.21796874701976776,0.22057291865348816,0.21796874701976776,0.0,8.24919319152832,4921,18819534,125335,28903,676.4909049252915,359,2681,0,0,2144.080,14.22067642211914,-26.751569747924805,30.295591534126928,RETURNING
8665.786000,LIDAR_ONLY,MIXED,run04,LIDAR_ONLY,0.11890220642089844,0.3455513119697571,0.21510416269302368,0.21432290971279144,0.21510416269302368,0.0,1.080091953277588,4923,18827214,125336,28903,676.9007147827741,359,2683,0,0,2145.085,14.195755004882812,-27.086639404296875,30.580287763878477,RETURNING
8666.782000,LIDAR_ONLY,MIXED,run04,LIDAR_ONLY,0.12623219192028046,0.35060247778892517,0.21536459028720856,0.2174479216337204,0.21536459028720856,0.0,2.1707780361175537,4925,18834894,125338,28903,677.2932877492219,359,2683,0,0,2146.081,14.17214298248291,-27.023958206176758,30.513809333274896,RETURNING
8667.786000,LIDAR_ONLY,MIXED,run04,LIDAR_ONLY,0.13301688432693481,0.3503226935863495,0.21458333730697632,0.21640625596046448,0.21458333730697632,0.0,0.9256669878959656,4927,18842574,125339,28903,677.5663395605809,359,2685,0,0,2147.085,14.253317832946777,-26.83751678466797,30.386806053677194,RETURNING
8668.781000,LIDAR_ONLY,MIXED,run04,LIDAR_ONLY,0.1311754286289215,0.3395395278930664,0.2161458283662796,0.21875,0.2161458283662796,0.0,0.9102789759635925,4930,18854094,125340,28903,677.8509128795852,359,2686,0,0,2148.080,14.207100868225098,-26.74591636657715,30.284229124960284,RETURNING
8669.781000,LIDAR_ONLY,MIXED,run04,LIDAR_ONLY,0.12139478325843811,0.3367049992084503,0.21640625596046448,0.21796874701976776,0.21640625596046448,0.0,1.136625051498413,4932,18861774,125342,28903,678.1974927387264,359,2688,0,0,2149.080,14.175664901733398,-26.73746681213379,30.262029887433034,RETURNING
8670.784000,LIDAR_ONLY,MIXED,run04,LIDAR_ONLY,0.1256515383720398,0.3527444303035736,0.2174479216337204,0.21510416269302368,0.2174479216337204,0.0,1.2958159446716309,4935,18873294,125342,28903,678.5096393386968,359,2689,0,0,2150.083,13.983671188354492,-26.63348388671875,30.08047274062124,RETURNING
8671.781000,LIDAR_ONLY,MIXED,run04,LIDAR_ONLY,0.11339684575796127,0.3477291464805603,0.21458333730697632,0.21640625596046448,0.21458333730697632,0.0,1.5019400119781494,4938,18884814,125345,28903,678.997651785317,359,2691,0,0,2151.080,13.914623260498047,-26.3839054107666,29.82745167840134,RETURNING
8672.781000,LIDAR_ONLY,MIXED,run04,LIDAR_ONLY,0.12720738351345062,0.3525843918323517,0.21510416269302368,0.2161458283662796,0.21510416269302368,0.0,0.7447100281715393,4941,18896334,125349,28903,679.3420382355228,359,2691,0,0,2152.080,13.980403900146484,-26.414276123046875,29.885032843706814,RETURNING
8673.781000,LIDAR_ONLY,MIXED,run04,LIDAR_ONLY,0.12311309576034546,0.3476603031158447,0.21380208432674408,0.21588541567325592,0.21380208432674408,0.0,0.8363649845123291,4942,18900174,125349,28903,679.6160752501285,359,2692,0,0,2153.080,14.069601058959961,-26.422237396240234,29.933887667866834,RETURNING
8674.784000,LIDAR_ONLY,MIXED,run04,LIDAR_ONLY,0.12703119218349457,0.35541412234306335,0.21250000596046448,0.21718749403953552,0.21250000596046448,0.0,1.5047709941864014,4946,18915534,125366,28903,679.9602058632513,359,2693,0,0,2154.083,13.972640037536621,-26.12004852294922,29.62163710967566,RETURNING
8675.783000,LIDAR_ONLY,MIXED,run04,LIDAR_ONLY,0.05753035843372345,0.2630329132080078,0.21302083134651184,0.21562500298023224,0.21302083134651184,0.0,1.0131499767303467,4948,18923214,125377,28906,680.338748964145,359,2693,0,0,2155.082,13.85304069519043,-25.915956497192383,29.385263846811853,RETURNING
8676.781000,LIDAR_ONLY,MIXED,run04,LIDAR_ONLY,0.12567007541656494,0.35886383056640625,0.21250000596046448,0.2109375,0.21250000596046448,0.0,1.6459929943084717,4950,18930894,125390,28909,681.2565212651912,359,2695,0,0,2156.080,14.031257629394531,-25.732664108276367,29.308636794586587,RETURNING
8677.781000,LIDAR_ONLY,MIXED,run04,LIDAR_ONLY,0.1111626848578453,0.34275639057159424,0.21770833432674408,0.22083333134651184,0.21770833432674408,0.0,1.889430046081543,4953,18942414,125390,28909,681.5685815974679,359,2697,0,0,2157.080,13.822227478027344,-25.750078201293945,29.22449139887867,RETURNING
8678.781000,LIDAR_ONLY,MIXED,run04,LIDAR_ONLY,0.11779966950416565,0.3522002696990967,0.21588541567325592,0.21406249701976776,0.21588541567325592,0.0,1.1055819988250732,4955,18950094,125407,28916,681.8394304063256,359,2698,0,0,2158.080,13.683367729187012,-25.583147048950195,29.011769720604516,RETURNING
8679.782000,LIDAR_ONLY,MIXED,run04,LIDAR_ONLY,0.12205266207456589,0.35498011112213135,0.21770833432674408,0.21666666865348816,0.21770833432674408,0.0,0.7100549936294556,4958,18961614,125390,28916,682.1374213782412,359,2699,0,0,2159.081,13.571425437927246,-25.326168060302734,28.732379599736188,RETURNING
8680.782000,LIDAR_ONLY,MIXED,run04,LIDAR_ONLY,0.11658869683742523,0.35160985589027405,0.21796874701976776,0.21536459028720856,0.21796874701976776,0.0,1.2095040082931519,4960,18969294,125424,28921,682.6009460227925,359,2701,0,0,2160.081,13.58621883392334,-25.276315689086914,28.695448263390684,RETURNING
8681.783000,LIDAR_ONLY,MIXED,run04,LIDAR_ONLY,0.09616433829069138,0.325040340423584,0.21770833432674408,0.21770833432674408,0.21770833432674408,0.0,1.2359219789505005,4963,18980814,125515,28976,683.028908559965,359,2702,0,0,2161.082,13.458599090576172,-25.363561630249023,28.712290053470856,RETURNING
8682.783000,LIDAR_ONLY,MIXED,run04,LIDAR_ONLY,0.11300132423639297,0.34419986605644226,0.21875,0.21901041269302368,0.21875,0.0,1.7713079452514648,4966,18992334,125515,28976,683.5641615542319,359,2703,0,0,2162.082,13.429727554321289,-25.52191734313965,28.838814469259216,RETURNING
8683.781000,LIDAR_ONLY,MIXED,run04,LIDAR_ONLY,0.122675821185112,0.35668209195137024,0.21848958730697632,0.22057291865348816,0.21848958730697632,0.0,0.7268999814987183,4969,19003854,125518,28976,683.7218547789683,359,2705,0,0,2163.080,13.431678771972656,-25.49846649169922,28.818972523835793,RETURNING
8684.788000,LIDAR_ONLY,MIXED,run04,LIDAR_ONLY,0.11842508614063263,0.3458516001701355,0.21822915971279144,0.21588541567325592,0.21822915971279144,0.0,3.110291004180908,4971,19011534,125723,29042,683.9612031490849,359,2707,0,0,2164.087,13.504340171813965,-25.520238876342773,28.872149593280522,RETURNING
8685.782000,LIDAR_ONLY,MIXED,run04,LIDAR_ONLY,0.13713493943214417,0.3475915789604187,0.21848958730697632,0.21796874701976776,0.21848958730697632,0.0,1.6873270273208618,4973,19019214,125745,29042,684.3269347048212,359,2708,0,0,2165.081,13.552038192749023,-25.609739303588867,28.97356624589635,RETURNING
8686.781000,LIDAR_ONLY,MIXED,run04,LIDAR_ONLY,0.14234013855457306,0.3524087965488434,0.21822915971279144,0.21848958730697632,0.21822915971279144,0.0,2.0877819061279297,4975,19026894,125745,29045,684.4456956983615,359,2708,0,0,2166.080,13.55141830444336,-25.68238639831543,29.037508544253587,RETURNING
8687.781000,LIDAR_ONLY,MIXED,run04,LIDAR_ONLY,0.1375545710325241,0.3559427559375763,0.2135416716337204,0.21458333730697632,0.2135416716337204,0.0,1.4304510354995728,4978,19038414,125745,29055,684.5921115289718,359,2710,0,0,2167.080,13.548653602600098,-25.71084213256836,29.061390053924498,RETURNING
8688.782000,LIDAR_ONLY,MIXED,run04,LIDAR_ONLY,0.11914143711328506,0.34486451745033264,0.21197916567325592,0.21432290971279144,0.21197916567325592,0.0,0.9378039836883545,4980,19046094,125749,29055,685.0084578505723,359,2712,0,0,2168.081,13.708157539367676,-25.99243927001953,29.38487532003397,RETURNING
8689.781000,LIDAR_ONLY,MIXED,run04,LIDAR_ONLY,0.14062127470970154,0.3566441237926483,0.21562500298023224,0.21666666865348816,0.21562500298023224,0.0,1.1619160175323486,4982,19053774,125749,29055,685.4330516084004,359,2713,0,0,2169.080,13.824676513671875,-26.340362548828125,29.747037907863916,RETURNING
8690.786000,LIDAR_ONLY,MIXED,run04,LIDAR_ONLY,0.11978670954704285,0.3363790512084961,0.21901041269302368,0.21588541567325592,0.21901041269302368,0.0,1.153817057609558,4984,19061454,125749,29057,686.0144271110486,359,2714,0,0,2170.085,13.971439361572266,-26.231250762939453,29.719174309105707,RETURNING
8691.781000,LIDAR_ONLY,MIXED,run04,LIDAR_ONLY,0.1341368556022644,0.3526337146759033,0.21640625596046448,0.21875,0.21640625596046448,0.0,1.4054160118103027,4986,19069134,125751,29057,686.4220693369751,359,2715,0,0,2171.080,13.957340240478516,-26.258434295654297,29.736550068854136,RETURNING
8692.781000,LIDAR_ONLY,MIXED,run04,LIDAR_ONLY,0.12188312411308289,0.3476167917251587,0.21588541567325592,0.21770833432674408,0.21588541567325592,0.0,0.5695750117301941,4989,19080654,125752,29057,686.602398057908,359,2717,0,0,2172.080,13.919511795043945,-26.36126136779785,29.809706267279914,RETURNING
8693.792000,LIDAR_ONLY,MIXED,run04,LIDAR_ONLY,0.11193593591451645,0.33997642993927,0.21901041269302368,0.2161458283662796,0.21901041269302368,0.0,1.3583519458770752,4991,19088334,125752,29057,687.0633787563636,359,2719,0,0,2173.091,14.00483512878418,-26.753751754760742,30.196817892061407,RETURNING
8694.782000,LIDAR_ONLY,MIXED,run04,LIDAR_ONLY,0.10487426072359085,0.33515051007270813,0.21875,0.21588541567325592,0.21875,0.0,1.7758179903030396,4994,19099854,125759,29057,687.4477571880439,359,2721,0,0,2174.081,13.991579055786133,-26.906238555908203,30.325880424475233,RETURNING
8695.782000,LIDAR_ONLY,MIXED,run04,LIDAR_ONLY,0.12874290347099304,0.34986525774002075,0.21796874701976776,0.2174479216337204,0.21796874701976776,0.0,0.7341319918632507,4996,19107534,125776,29057,687.6937778949866,359,2722,0,0,2175.081,14.06954574584961,-26.775922775268555,30.246506928012217,RETURNING
8696.781000,LIDAR_ONLY,MIXED,run04,LIDAR_ONLY,0.13768763840198517,0.34781113266944885,0.21588541567325592,0.21770833432674408,0.21588541567325592,0.0,1.4499620199203491,4999,19119054,125776,29058,688.0248746985635,359,2722,0,0,2176.080,14.011643409729004,-26.664945602416992,30.121333119166486,RETURNING
8697.781000,LIDAR_ONLY,MIXED,run04,LIDAR_ONLY,0.1454690545797348,0.34819814562797546,0.21848958730697632,0.2174479216337204,0.21848958730697632,0.0,0.946461021900177,5000,19122894,125778,29060,688.2987809417629,359,2724,0,0,2177.080,13.996480941772461,-26.561208724975586,30.02246893541707,RETURNING
8698.781000,LIDAR_ONLY,MIXED,run04,LIDAR_ONLY,0.12636370956897736,0.3468318581581116,0.21901041269302368,0.2161458283662796,0.21901041269302368,0.0,0.8582519888877869,5003,19134414,125778,29060,688.6097876652485,359,2726,0,0,2178.080,13.960453033447266,-26.55573844909668,30.00084870398463,RETURNING
8699.781000,LIDAR_ONLY,MIXED,run04,LIDAR_ONLY,0.13036847114562988,0.35906878113746643,0.21822915971279144,0.21484375,0.21822915971279144,0.0,2.6826770305633545,5005,19142094,125778,29060,689.0128329605872,359,2728,0,0,2179.080,13.907959938049316,-26.39214515686035,29.831633380742403,RETURNING
8700.782000,LIDAR_ONLY,MIXED,run04,LIDAR_ONLY,0.12044519931077957,0.3513660728931427,0.21718749403953552,0.21562500298023224,0.21718749403953552,0.0,0.8430989980697632,5008,19153614,125779,29060,689.3674118354838,359,2730,0,0,2180.081,13.772910118103027,-26.12708282470703,29.534178181359533,RETURNING
8701.781000,LIDAR_ONLY,MIXED,run04,LIDAR_ONLY,0.12202604860067368,0.35023996233940125,0.21510416269302368,0.21588541567325592,0.21510416269302368,0.0,0.8395460247993469,5010,19161294,125779,29060,689.6791201006704,359,2732,0,0,2181.080,13.53822135925293,-26.03822135925293,29.34660324609282,RETURNING
8702.787000,LIDAR_ONLY,MIXED,run04,LIDAR_ONLY,0.12329864501953125,0.35413482785224915,0.2135416716337204,0.21640625596046448,0.2135416716337204,0.0,0.9875450134277344,5012,19168974,125783,29060,689.8779882360225,359,2733,0,0,2182.086,13.575885772705078,-25.992353439331055,29.323331829293217,RETURNING
8703.781000,LIDAR_ONLY,MIXED,run04,LIDAR_ONLY,0.11840853095054626,0.34908080101013184,0.21927084028720856,0.21875,0.21927084028720856,0.0,1.0136409997940063,5015,19180494,125787,29060,690.2388247321869,359,2734,0,0,2183.080,13.707239151000977,-25.743406295776367,29.164396178034906,RETURNING
8704.781000,LIDAR_ONLY,MIXED,run04,LIDAR_ONLY,0.1251797080039978,0.3591882288455963,0.2174479216337204,0.21380208432674408,0.2174479216337204,0.0,0.749688982963562,5018,19192014,125795,29060,690.5731932255068,359,2735,0,0,2184.080,13.745392799377441,-25.504159927368164,28.971516335398753,RETURNING
8705.781000,LIDAR_ONLY,MIXED,run04,LIDAR_ONLY,0.12064692378044128,0.3505999445915222,0.21822915971279144,0.21718749403953552,0.21822915971279144,0.0,1.133010983467102,5021,19203534,125805,29060,690.8856237529453,359,2737,0,0,2185.080,13.56589412689209,-25.258987426757812,28.670564322251206,RETURNING
8706.781000,LIDAR_ONLY,MIXED,run04,LIDAR_ONLY,0.11119043827056885,0.3433306813240051,0.2161458283662796,0.21979166567325592,0.2161458283662796,0.0,6.438821792602539,5023,19211214,125805,29061,691.3433988132359,359,2739,0,0,2186.080,13.343565940856934,-25.03529167175293,28.368442751709075,RETURNING
8707.781000,LIDAR_ONLY,MIXED,run04,LIDAR_ONLY,0.12162747979164124,0.35529300570487976,0.2200520783662796,0.21875,0.2200520783662796,0.0,1.0520910024642944,5026,19222734,125805,29061,691.5245221264674,359,2739,0,0,2187.080,13.314563751220703,-24.8724365234375,28.21113020363009,RETURNING
8708.783000,LIDAR_ONLY,MIXED,run04,LIDAR_ONLY,0.1213693842291832,0.355037122964859,0.21718749403953552,0.2161458283662796,0.21718749403953552,0.0,1.2855199575424194,5027,19226574,125805,29061,692.0074387339672,359,2741,0,0,2188.082,13.281393051147461,-24.655498504638672,28.004310765216182,RETURNING
8709.783000,LIDAR_ONLY,MIXED,run04,LIDAR_ONLY,0.11908255517482758,0.3489147126674652,0.2174479216337204,0.21171875298023224,0.2174479216337204,0.0,2.306917905807495,5029,19234254,125805,29061,692.2406462264473,359,2742,0,0,2189.082,13.383804321289062,-24.77828598022461,28.160997475659553,RETURNING
8710.783000,LIDAR_ONLY,MIXED,run04,LIDAR_ONLY,0.11506503820419312,0.34325850009918213,0.2174479216337204,0.21796874701976776,0.2174479216337204,0.0,4.064548015594482,5031,19241934,125808,29061,692.4011450428357,359,2744,0,0,2190.082,13.314629554748535,-24.865333557128906,28.204899218817587,RETURNING
8711.781000,LIDAR_ONLY,MIXED,run04,LIDAR_ONLY,0.09902913123369217,0.32557788491249084,0.21901041269302368,0.21692708134651184,0.21901041269302368,0.0,0.8854349851608276,5033,19249614,125809,29061,692.6217822218298,359,2745,0,0,2191.080,13.333236694335938,-24.91840934753418,28.260474330419882,RETURNING
8712.789000,LIDAR_ONLY,MIXED,run04,LIDAR_ONLY,0.09459394216537476,0.3191927969455719,0.22031250596046448,0.2174479216337204,0.22031250596046448,0.0,1.2362760305404663,5035,19257294,125809,29061,692.7661166113254,359,2747,0,0,2192.088,13.374353408813477,-24.986501693725586,28.339910726544996,RETURNING
8713.781000,LIDAR_ONLY,MIXED,run04,LIDAR_ONLY,0.0990399718284607,0.32797160744667053,0.21588541567325592,0.21536459028720856,0.21588541567325592,0.0,1.7292449474334717,5038,19268814,125810,29061,692.8036563699816,359,2750,0,0,2193.080,13.403914451599121,-24.99995231628418,28.3657260122486,RETURNING
8714.783000,LIDAR_ONLY,MIXED,run04,LIDAR_ONLY,0.11888683587312698,0.3468400537967682,0.21484375,0.21432290971279144,0.21484375,0.0,0.8362169861793518,5040,19276494,125809,29061,693.120106190486,359,2751,0,0,2194.082,13.506977081298828,-25.15802764892578,28.55374438112098,RETURNING
8715.781000,LIDAR_ONLY,MIXED,run04,LIDAR_ONLY,0.11559762060642242,0.34386712312698364,0.21822915971279144,0.21484375,0.21822915971279144,0.0,3.043415069580078,5042,19284174,125810,29061,693.5719108410882,359,2753,0,0,2195.080,13.62203598022461,-25.525344848632812,28.931886947438475,RETURNING
8716.781000,LIDAR_ONLY,MIXED,run04,LIDAR_ONLY,0.11315713077783585,0.3423398435115814,0.21250000596046448,0.21640625596046448,0.21250000596046448,0.0,1.4702860116958618,5045,19295694,125825,29061,694.0035226524168,359,2755,0,0,2196.080,13.78592586517334,-25.845247268676758,29.29127764506626,RETURNING
8717.782000,LIDAR_ONLY,MIXED,run04,LIDAR_ONLY,0.1116592139005661,0.34173423051834106,0.21432290971279144,0.21901041269302368,0.21432290971279144,0.0,5.192279815673828,5048,19307214,125835,29061,694.2976999545742,359,2756,0,0,2197.081,13.899091720581055,-26.001811981201172,29.482689926881413,RETURNING
8718.783000,LIDAR_ONLY,MIXED,run04,LIDAR_ONLY,0.10425977408885956,0.333965539932251,0.21510416269302368,0.21510416269302368,0.21510416269302368,0.0,0.9325119853019714,5050,19314894,125835,29066,694.5093494336265,359,2757,0,0,2198.082,13.937135696411133,-26.126882553100586,29.61093697461002,RETURNING
8719.782000,LIDAR_ONLY,MIXED,run04,LIDAR_ONLY,0.10845103114843369,0.33392852544784546,0.21692708134651184,0.21588541567325592,0.21692708134651184,0.0,0.9090039730072021,5052,19322574,125835,29068,694.8846248308299,359,2759,0,0,2199.081,13.922868728637695,-26.45123863220215,29.890866378812866,RETURNING
8720.781000,LIDAR_ONLY,MIXED,run04,LIDAR_ONLY,0.11224169284105301,0.3392111361026764,0.21822915971279144,0.21848958730697632,0.21822915971279144,0.0,1.4991110563278198,5055,19334094,125835,29068,695.2175007595189,359,2760,0,0,2200.080,13.891416549682617,-26.76104736328125,30.15086233159283,RETURNING
8721.781000,LIDAR_ONLY,MIXED,run04,LIDAR_ONLY,0.1263303905725479,0.34935513138771057,0.21536459028720856,0.21822915971279144,0.21536459028720856,0.0,2.588884115219116,5058,19345614,125835,29068,695.5294094501031,359,2761,0,0,2201.080,13.986677169799805,-27.042757034301758,30.44481571988562,RETURNING
8722.783000,LIDAR_ONLY,MIXED,run04,LIDAR_ONLY,0.1067403182387352,0.3366379141807556,0.21197916567325592,0.22161458432674408,0.21197916567325592,0.0,5.734736919403076,5060,19353294,125835,29068,696.0216328779791,359,2762,0,0,2202.082,14.216691017150879,-27.359498977661133,30.831878252210238,RETURNING
8723.783000,LIDAR_ONLY,MIXED,run04,LIDAR_ONLY,0.10415363311767578,0.3300376534461975,0.21432290971279144,0.21718749403953552,0.21432290971279144,0.0,1.3743230104446411,5062,19360974,125835,29068,696.3092809683451,359,2763,0,0,2203.082,14.249874114990234,-27.626205444335938,31.083984183982107,RETURNING
8724.781000,LIDAR_ONLY,MIXED,run04,LIDAR_ONLY,0.10421524941921234,0.3300062417984009,0.21770833432674408,0.21796874701976776,0.21770833432674408,0.0,1.3059070110321045,5065,19372494,125835,29068,696.7536664656151,359,2765,0,0,2204.080,14.238726615905762,-28.012882232666016,31.42308910451614,RETURNING
8725.782000,LIDAR_ONLY,MIXED,run04,LIDAR_ONLY,0.10131768882274628,0.32914894819259644,0.2161458283662796,0.2174479216337204,0.2161458283662796,0.0,1.252261996269226,5067,19380174,125836,29068,697.0755507398483,359,2765,0,0,2205.081,14.232819557189941,-28.29290771484375,31.670320053120808,RETURNING
8726.781000,LIDAR_ONLY,MIXED,run04,LIDAR_ONLY,0.09687007963657379,0.3223905861377716,0.21562500298023224,0.21848958730697632,0.21562500298023224,0.0,5.547740936279297,5070,19391694,125837,29068,697.4672810916321,359,2767,0,0,2206.080,14.32089900970459,-28.617433547973633,31.999884215281934,RETURNING
8727.781000,LIDAR_ONLY,MIXED,run04,LIDAR_ONLY,0.09388110786676407,0.32156193256378174,0.21145834028720856,0.21484375,0.21145834028720856,0.0,0.6945940256118774,5072,19399374,125837,29068,697.8713980124725,359,2768,0,0,2207.080,14.304937362670898,-28.998123168945312,32.33371340403918,RETURNING
8728.781000,LIDAR_ONLY,MIXED,run04,LIDAR_ONLY,0.1153654232621193,0.3422599732875824,0.21328124403953552,0.2161458283662796,0.21328124403953552,0.0,0.8207600116729736,5074,19407054,125837,29068,698.2305380542684,359,2769,0,0,2208.080,14.448796272277832,-29.23491096496582,32.60972072395791,RETURNING
8729.781000,LIDAR_ONLY,MIXED,run04,LIDAR_ONLY,0.10925325751304626,0.33790072798728943,0.21250000596046448,0.21380208432674408,0.21250000596046448,0.0,5.514480113983154,5077,19418574,125838,29068,698.5653666453256,359,2770,0,0,2209.080,14.698884963989258,-29.377840042114258,32.849052319452205,RETURNING
8730.805000,LIDAR_ONLY,MIXED,run04,LIDAR_ONLY,0.10263825953006744,0.33282482624053955,0.21250000596046448,0.21328124403953552,0.21250000596046448,0.0,1.1046470403671265,5079,19426254,125837,29068,698.8542584501752,359,2773,0,0,2210.104,14.598955154418945,-29.442142486572266,32.86205900779293,RETURNING
8731.781000,LIDAR_ONLY,MIXED,run04,LIDAR_ONLY,0.09092316031455994,0.3216415345668793,0.21927084028720856,0.21875,0.21927084028720856,0.0,0.7757059931755066,5082,19437774,125838,29068,699.7411006554777,359,2774,0,0,2211.080,14.425354957580566,-29.261947631835938,32.6235899454069,RETURNING
8732.781000,LIDAR_ONLY,MIXED,run04,LIDAR_ONLY,0.3637039065361023,0.6500371694564819,0.21640625596046448,0.21536459028720856,0.21640625596046448,0.0,0.925337016582489,5083,19441614,125838,29068,700.9039955353331,359,2775,0,0,2212.080,13.951628684997559,-29.24761199951172,32.40397936849469,RETURNING
8733.781000,LIDAR_ONLY,MIXED,run04,LIDAR_ONLY,0.3637651205062866,0.6500707864761353,0.21328124403953552,0.21588541567325592,0.21328124403953552,0.0,1.1233750581741333,5086,19453134,125840,29068,701.2187255346159,359,2777,0,0,2213.080,13.982356071472168,-29.21220588684082,32.38527986440701,RETURNING
8734.782000,LIDAR_ONLY,MIXED,run04,LIDAR_ONLY,0.36376526951789856,0.6500709056854248,0.21510416269302368,0.21770833432674408,0.21510416269302368,0.0,1.8958300352096558,5088,19460814,125840,29068,701.2263931719929,359,2779,0,0,2214.081,13.982558250427246,-29.21253776550293,32.38566650621676,RETURNING
8735.781000,LIDAR_ONLY,MIXED,run04,LIDAR_ONLY,0.36376526951789856,0.6500709056854248,0.24233825504779816,0.24177071452140808,0.24233825504779816,0.0,2.024256944656372,5093,19471855,126216,29068,701.2332011147253,359,2781,0,0,2215.080,13.98306941986084,-29.212377548217773,32.38574267588267,RETURNING
8736.783000,LIDAR_ONLY,MIXED,run04,LIDAR_ONLY,0.3637652099132538,0.65007084608078,0.241203173995018,0.24290579557418823,0.241203173995018,0.0,0.6950520277023315,5099,19482427,126492,29149,701.2403672733959,359,2781,0,0,2216.082,13.983125686645508,-29.212726593017578,32.38608180689436,RETURNING
8737.789000,LIDAR_ONLY,MIXED,run04,LIDAR_ONLY,0.3637652099132538,0.65007084608078,0.2440408617258072,0.24687854945659637,0.2440408617258072,0.0,5.0167951583862305,5102,19487713,126460,29149,701.2473632160171,359,2782,0,0,2217.088,13.98349666595459,-29.211742401123047,32.38535423712407,RETURNING
8738.781000,LIDAR_ONLY,MIXED,run04,LIDAR_ONLY,0.36376526951789856,0.6500709056854248,0.24006810784339905,0.241203173995018,0.24006810784339905,0.0,0.5962579846382141,5106,19494761,126768,29184,701.2561573046969,359,2784,0,0,2218.080,13.983097076416016,-29.211061477661133,32.38456752570824,RETURNING
8739.782000,LIDAR_ONLY,MIXED,run04,LIDAR_ONLY,0.3637651205062866,0.6500707864761353,0.24177071452140808,0.23439273238182068,0.24177071452140808,0.0,0.981561005115509,5110,19501809,126791,29274,701.2613989109979,359,2785,0,0,2219.081,13.98345947265625,-29.21312141418457,32.386582042829524,RETURNING
8740.781000,LIDAR_ONLY,MIXED,run04,LIDAR_ONLY,0.363765150308609,0.65007084608078,0.241203173995018,0.24233825504779816,0.241203173995018,0.0,1.3448200225830078,5115,19510619,126800,29299,701.2656997887044,359,2787,0,0,2220.080,13.982077598571777,-29.212308883666992,32.38525254745393,RETURNING
8741.781000,LIDAR_ONLY,MIXED,run04,LIDAR_ONLY,0.3637642562389374,0.6500703692436218,0.23723042011260986,0.23723042011260986,0.23723042011260986,0.0,0.7463539838790894,5118,19515905,126801,29309,701.2718728270353,359,2788,0,0,2221.080,13.98247241973877,-29.212682723999023,32.3857602052441,RETURNING
8742.781000,LIDAR_ONLY,MIXED,run04,LIDAR_ONLY,0.3637641668319702,0.650070309638977,0.24233825504779816,0.2389330267906189,0.24233825504779816,0.0,1.035478949546814,5125,19528239,126805,29312,701.2781268348702,359,2789,0,0,2222.080,13.981636047363281,-29.211944580078125,32.38473331950462,RETURNING
8743.781000,LIDAR_ONLY,MIXED,run04,LIDAR_ONLY,0.363763689994812,0.6500700116157532,0.24744608998298645,0.24687854945659637,0.24744608998298645,0.0,0.9140840172767639,5129,19535287,126806,29313,701.2843202872373,359,2789,0,0,2223.080,13.98266887664795,-29.21254539489746,32.38572114777184,RETURNING
8744.783000,LIDAR_ONLY,MIXED,run04,LIDAR_ONLY,0.3637631833553314,0.6500697731971741,0.23836550116539001,0.24063564836978912,0.23836550116539001,0.0,1.857848048210144,5133,19542335,126806,29315,701.2901517576526,359,2792,0,0,2224.082,13.982856750488281,-29.212369918823242,32.38564397778081,RETURNING
8745.781000,LIDAR_ONLY,MIXED,run04,LIDAR_ONLY,0.36376315355300903,0.6500697135925293,0.24063564836978912,0.24177071452140808,0.24063564836978912,0.0,0.7366909980773926,5137,19549383,126814,29315,701.2982454936416,359,2792,0,0,2225.080,13.981461524963379,-29.213525772094727,32.38608424709709,RETURNING
8746.784000,LIDAR_ONLY,MIXED,run04,LIDAR_ONLY,0.36376315355300903,0.6500697135925293,0.24177071452140808,0.25709420442581177,0.24177071452140808,0.0,3.565186023712158,5140,19554669,126814,29319,701.3046499640144,361,2792,0,0,2226.083,13.982647895812988,-29.21409034729004,32.38710565343963,RETURNING
8747.782000,LIDAR_ONLY,MIXED,run04,LIDAR_ONLY,0.36376315355300903,0.6500697135925293,0.24177071452140808,0.24233825504779816,0.24177071452140808,0.0,0.907755970954895,5144,19561717,126814,29320,701.3114651879805,363,2792,0,0,2227.081,13.982489585876465,-29.212173461914062,32.385308257950776,RETURNING
8748.783000,LIDAR_ONLY,MIXED,run04,LIDAR_ONLY,0.36376315355300903,0.6500697135925293,0.24290579557418823,0.2440408617258072,0.24290579557418823,0.0,1.0607659816741943,5148,19568765,126814,29320,701.3202036521352,364,2792,0,0,2228.082,13.981705665588379,-29.213211059570312,32.385905761087805,RETURNING
8749.781000,LIDAR_ONLY,MIXED,run04,LIDAR_ONLY,0.3637619614601135,0.6500690579414368,0.24347332119941711,0.2440408617258072,0.24347332119941711,0.0,1.001412034034729,5151,19574051,126814,29320,701.3278232129923,366,2792,0,0,2229.080,13.982135772705078,-29.213926315307617,32.3867366106724,RETURNING
8750.781000,LIDAR_ONLY,MIXED,run04,LIDAR_ONLY,0.36376315355300903,0.6500697135925293,0.23779796063899994,0.24006810784339905,0.23779796063899994,0.0,1.1941900253295898,5156,19582861,126816,29320,701.3342837670695,368,2792,0,0,2230.080,13.983181953430176,-29.213146209716797,32.38648459428529,RETURNING
8751.781000,LIDAR_ONLY,MIXED,run04,LIDAR_ONLY,0.36376315355300903,0.6500697135925293,0.23779796063899994,0.24233825504779816,0.23779796063899994,0.0,1.0995980501174927,5158,19586385,126818,29320,701.3428988805382,370,2792,0,0,2231.080,13.982393264770508,-29.21411895751953,32.387021535863596,RETURNING
8752.781000,LIDAR_ONLY,MIXED,run04,LIDAR_ONLY,0.36376315355300903,0.6500697135925293,0.24290579557418823,0.2440408617258072,0.24290579557418823,0.0,1.6552770137786865,5164,19596957,126818,29320,701.3537937168212,372,2792,0,0,2232.080,13.983511924743652,-29.21381950378418,32.387234365986956,RETURNING
8753.782000,LIDAR_ONLY,MIXED,run04,LIDAR_ONLY,0.36376315355300903,0.6500697135925293,0.25539159774780273,0.25766175985336304,0.25539159774780273,0.0,0.509926974773407,5169,19605767,126819,29322,701.3609692387076,374,2792,0,0,2233.081,13.983085632324219,-29.21290397644043,32.38622451444821,RETURNING
8754.781000,LIDAR_ONLY,MIXED,run04,LIDAR_ONLY,0.36376315355300903,0.6500697135925293,0.23779796063899994,0.24006810784339905,0.23779796063899994,0.0,1.0803730487823486,5173,19612815,126819,29322,701.3680715392107,376,2792,0,0,2234.080,13.983448028564453,-29.213287353515625,32.3867267793463,RETURNING
8755.786000,LIDAR_ONLY,MIXED,run04,LIDAR_ONLY,0.36376315355300903,0.6500697135925293,0.24460840225219727,0.24744608998298645,0.24460840225219727,0.0,0.6085889935493469,5178,19621625,126819,29322,701.3778327150153,378,2792,0,0,2235.085,13.983625411987305,-29.213247299194336,32.38676723327951,RETURNING
8756.788000,LIDAR_ONLY,MIXED,run04,LIDAR_ONLY,0.36376315355300903,0.6500697135925293,0.22985243797302246,0.22587968409061432,0.22985243797302246,0.0,1.068858027458191,5183,19630435,126819,29322,701.3835391755717,381,2792,0,0,2236.087,13.98328971862793,-29.213407516479492,32.38676681922651,RETURNING
8757.782000,LIDAR_ONLY,MIXED,run04,LIDAR_ONLY,0.36376315355300903,0.6500697135925293,0.24290579557418823,0.23950056731700897,0.24290579557418823,0.0,0.8596559762954712,5188,19639245,126820,29322,701.3902273304236,382,2792,0,0,2237.081,13.98263168334961,-29.21306610107422,32.38617477167569,RETURNING
8758.781000,LIDAR_ONLY,MIXED,run04,LIDAR_ONLY,0.36376315355300903,0.6500697135925293,0.24177071452140808,0.24177071452140808,0.24177071452140808,0.0,0.5864019989967346,5193,19648055,126823,29322,701.3983821463497,384,2792,0,0,2238.080,13.982610702514648,-29.21246337890625,32.385622053719935,RETURNING
8759.781000,LIDAR_ONLY,MIXED,run04,LIDAR_ONLY,0.36376315355300903,0.6500697135925293,0.24177071452140808,0.24063564836978912,0.24177071452140808,0.0,1.331892967224121,5197,19655103,126823,29322,701.4062585552693,386,2792,0,0,2239.080,13.983461380004883,-29.213613510131836,32.387026737436095,RETURNING
8760.782000,LIDAR_ONLY,MIXED,run04,LIDAR_ONLY,0.36376315355300903,0.6500697135925293,0.24177071452140808,0.24233825504779816,0.24177071452140808,0.0,0.7570109963417053,5200,19660389,126824,29322,701.4123469266076,388,2792,0,0,2240.081,13.983918190002441,-29.212364196777344,32.38609708633665,RETURNING
8761.782000,LIDAR_ONLY,MIXED,run04,LIDAR_ONLY,0.36376315355300903,0.6500697135925293,0.241203173995018,0.24347332119941711,0.241203173995018,0.0,1.1130880117416382,5209,19676247,126824,29322,701.422553006805,390,2792,0,0,2241.081,13.981287956237793,-29.213544845581055,32.386026525912975,RETURNING
8762.782000,LIDAR_ONLY,MIXED,run04,LIDAR_ONLY,0.3637619614601135,0.6500690579414368,0.23950056731700897,0.24233825504779816,0.23950056731700897,0.0,1.1333149671554565,5212,19681533,126824,29322,701.4341382787326,392,2792,0,0,2242.081,13.982269287109375,-29.213407516479492,32.38632628270178,RETURNING
8763.781000,LIDAR_ONLY,MIXED,run04,LIDAR_ONLY,0.36376315355300903,0.6500697135925293,0.23779796063899994,0.24063564836978912,0.23779796063899994,0.0,7.115527153015137,5216,19688581,126826,29322,701.439475360198,394,2792,0,0,2243.080,13.98238468170166,-29.21432876586914,32.38720708170696,RETURNING
8764.787000,LIDAR_ONLY,MIXED,run04,LIDAR_ONLY,0.36376315355300903,0.6500697135925293,0.241203173995018,0.2463110089302063,0.241203173995018,0.0,0.6909189820289612,5219,19693867,126826,29322,701.4456129199853,396,2792,0,0,2244.086,13.983814239501953,-29.21277618408203,32.38642381451386,RETURNING
8765.781000,LIDAR_ONLY,MIXED,run04,LIDAR_ONLY,0.36376315355300903,0.6500697135925293,0.241203173995018,0.24290579557418823,0.241203173995018,0.0,0.8867620229721069,5221,19697391,126826,29322,701.455266848488,398,2792,0,0,2245.080,13.982412338256836,-29.214035034179688,32.38695406949307,RETURNING
8766.781000,LIDAR_ONLY,MIXED,run04,LIDAR_ONLY,0.36376315355300903,0.6500697135925293,0.24233825504779816,0.24347332119941711,0.24233825504779816,0.0,0.6245160102844238,5225,19704439,126826,29322,701.4627508176745,400,2792,0,0,2246.080,13.982810974121094,-29.213748931884766,32.38686809453634,RETURNING
8767.782000,LIDAR_ONLY,MIXED,run04,LIDAR_ONLY,0.36376315355300903,0.6500697135925293,0.23723042011260986,0.23950056731700897,0.23723042011260986,0.0,0.6901130080223083,5228,19709724,126826,29322,701.4682391278642,402,2792,0,0,2247.081,13.982054710388184,-29.214080810546875,32.38684097474907,RETURNING
