sim_time_s,configuration,condition,run_id,mode,brightness,rgb_quality,thermal_quality,rgb_valid_fraction,thermal_valid_fraction,selected_valid_fraction,selector_processing_ms,active_cloud_messages,active_points,voxel_count,visible_voxel_count,distance_m,planner_failures,plans_succeeded,goals_reached,mode_switches,elapsed_s,robot_x,robot_y,distance_to_start,mission_phase
6526.243000,RGB_LIDAR,MIXED,run01,UNKNOWN,0.1311468631029129,0.3585333824157715,nan,nan,nan,nan,nan,0,0,0,0,0.0029037086293168314,0,0,0,0,1.094,0.0006363706197589636,0.0006358392420224845,0.0007464944326211071,EXPLORING
6527.243000,RGB_LIDAR,MIXED,run01,RGB_LIDAR,0.1311449110507965,0.3585323989391327,0.2450638860464096,0.2450638860464096,0.2450638860464096,0.2450638860464096,0.7993170022964478,3,10330,2330,882,0.007658733257222783,0,1,0,0,2.094,0.0015264013782143593,0.0006076403660699725,0.0004857231267491548,EXPLORING
6528.244000,RGB_LIDAR,MIXED,run01,RGB_LIDAR,0.1318696141242981,0.35965287685394287,0.24361208081245422,0.2450638860464096,0.24361208081245422,0.2450638860464096,1.0162049531936646,7,24106,2470,924,0.15816931032789155,0,3,0,0,3.095,0.12499619275331497,-0.04098261892795563,0.1304230200744302,EXPLORING
6529.244000,RGB_LIDAR,MIXED,run01,RGB_LIDAR,0.13725240528583527,0.3613514304161072,0.24361208081245422,0.24448315799236298,0.24361208081245422,0.24448315799236298,0.6213330030441284,10,34438,2494,942,0.6169143880329333,0,5,0,0,4.095,0.4162704348564148,-0.24542245268821716,0.4822631741588359,EXPLORING
6530.243000,RGB_LIDAR,MIXED,run01,RGB_LIDAR,0.13325925171375275,0.3589572012424469,0.24258290231227875,0.24345549941062927,0.24258290231227875,0.24345549941062927,1.1756490468978882,13,44852,3971,1138,0.9627729240913632,0,7,0,0,5.094,0.7025020122528076,-0.40760836005210876,0.8112157963429388,EXPLORING
6531.244000,RGB_LIDAR,MIXED,run01,RGB_LIDAR,0.12998776137828827,0.35641908645629883,0.23981508612632751,0.24212655425071716,0.23981508612632751,0.24212655425071716,3.7436470985412598,15,51799,4813,1461,1.3496664295178975,0,7,0,0,6.095,0.9529748558998108,-0.6354175209999084,1.1444664996947749,EXPLORING
6532.243000,RGB_LIDAR,MIXED,run01,RGB_LIDAR,0.1314864158630371,0.35422736406326294,0.25303396582603455,0.25394418835639954,0.25303396582603455,0.25394418835639954,1.0668129920959473,18,61845,5560,1626,1.730456474996453,0,9,0,0,7.094,1.2071971893310547,-0.8669700622558594,1.4853656320934254,EXPLORING
6533.246000,RGB_LIDAR,MIXED,run01,RGB_LIDAR,0.11863146722316742,0.3441649377346039,0.23749281466007233,0.2406555563211441,0.23749281466007233,0.2406555563211441,1.32259202003479,21,72258,6176,1727,2.1574542028988364,0,11,0,0,8.097,1.433184027671814,-1.1265079975128174,1.8220674295790744,EXPLORING
6534.243000,RGB_LIDAR,MIXED,run01,RGB_LIDAR,0.1290961503982544,0.3559039831161499,0.23613493144512177,0.23870784044265747,0.23613493144512177,0.23870784044265747,0.862047016620636,24,82635,6587,1813,2.4016353468187304,0,11,0,0,9.094,1.6045910120010376,-1.1763551235198975,1.988720546131398,EXPLORING
6535.243000,RGB_LIDAR,MIXED,run01,RGB_LIDAR,0.13585391640663147,0.3593044877052307,0.24567680060863495,0.24478234350681305,0.24567680060863495,0.24478234350681305,0.7072110176086426,27,92839,6959,1870,2.750795274579209,0,13,0,0,10.094,1.898701786994934,-1.267397403717041,2.281918896689269,EXPLORING
6536.244000,RGB_LIDAR,MIXED,run01,RGB_LIDAR,0.10456109046936035,0.33175167441368103,0.23407869040966034,0.23860742151737213,0.23407869040966034,0.23860742151737213,0.9421079754829407,30,103451,7408,1971,3.4829244761512244,0,15,0,0,11.095,1.9699524641036987,-1.3842034339904785,2.406738857835178,EXPLORING
6537.243000,RGB_LIDAR,MIXED,run01,RGB_LIDAR,0.10917861759662628,0.33376258611679077,0.2313266396522522,0.2332775890827179,0.2313266396522522,0.2332775890827179,0.7882120013237,33,114132,7650,1990,3.909812294879505,0,17,0,0,12.094,1.9444904327392578,-1.6133722066879272,2.525833011305837,EXPLORING
6538.243000,RGB_LIDAR,MIXED,run01,RGB_LIDAR,0.12857693433761597,0.354366272687912,0.23956546187400818,0.23985134065151215,0.23956546187400818,0.23985134065151215,1.092221975326538,36,124694,7958,2100,4.184709767607231,0,18,0,0,13.094,1.9205352067947388,-1.5417555570602417,2.461973811503285,EXPLORING
6539.243000,RGB_LIDAR,MIXED,run01,RGB_LIDAR,0.13483643531799316,0.3566552698612213,0.24476134777069092,0.24359720945358276,0.24476134777069092,0.24359720945358276,0.9009569883346558,37,128130,8038,2126,4.517965417868322,0,18,0,0,14.094,2.188462972640991,-1.6135122776031494,2.718087973882818,EXPLORING
6540.243000,RGB_LIDAR,MIXED,run01,RGB_LIDAR,0.12375417351722717,0.3454693853855133,0.23410241305828094,0.23522791266441345,0.23410241305828094,0.23522791266441345,2.3564910888671875,44,153044,9099,2466,4.876898799472135,0,20,0,0,15.094,2.50278639793396,-1.6856051683425903,3.016564235968207,EXPLORING
6541.243000,RGB_LIDAR,MIXED,run01,RGB_LIDAR,0.12506386637687683,0.3468569219112396,0.23059804737567902,0.23310153186321259,0.23059804737567902,0.23310153186321259,1.103268027305603,47,163733,9236,2478,5.274704068543347,0,21,0,0,16.094,2.791759967803955,-1.8911901712417603,3.3711041859026682,EXPLORING
6542.243000,RGB_LIDAR,MIXED,run01,RGB_LIDAR,0.1266220062971115,0.3478454649448395,0.2282760590314865,0.23274657130241394,0.2282760590314865,0.23274657130241394,1.0783439874649048,50,174491,9371,2511,5.660633253443138,0,22,0,0,17.094,3.131202220916748,-1.975388765335083,3.7012963901332236,EXPLORING
6543.243000,RGB_LIDAR,MIXED,run01,RGB_LIDAR,0.13416694104671478,0.35317447781562805,0.22805555164813995,0.2313888818025589,0.22805555164813995,0.2313888818025589,0.7859879732131958,52,181665,9432,2521,6.052168896393003,0,24,0,0,18.094,3.482726573944092,-2.0679385662078857,4.049434757696279,EXPLORING
6544.244000,RGB_LIDAR,MIXED,run01,RGB_LIDAR,0.12239298224449158,0.34439706802368164,0.22797784209251404,0.2313019335269928,0.22797784209251404,0.2313019335269928,3.30787992477417,55,192427,9528,2533,6.420171710914123,0,25,0,0,19.095,3.815279483795166,-2.1323459148406982,4.369739182329138,EXPLORING
6545.243000,RGB_LIDAR,MIXED,run01,RGB_LIDAR,0.1246427372097969,0.34602293372154236,0.23245367407798767,0.23357664048671722,0.23245367407798767,0.23357664048671722,6.6695170402526855,58,203212,9595,2539,6.830693226077971,0,27,0,0,20.094,4.106091499328613,-2.3507301807403564,4.730396243720535,EXPLORING
6546.244000,RGB_LIDAR,MIXED,run01,RGB_LIDAR,0.12176905572414398,0.3470862805843353,0.23027954995632172,0.23138666152954102,0.23027954995632172,0.23138666152954102,1.162168025970459,61,214047,9678,2558,7.234174612775831,0,29,0,0,21.095,4.441070556640625,-2.4165422916412354,5.054968252156181,EXPLORING
6547.244000,RGB_LIDAR,MIXED,run01,RGB_LIDAR,0.11115243285894394,0.334451824426651,0.226301372051239,0.22904109954833984,0.226301372051239,0.22904109954833984,1.0849950313568115,62,217697,9755,2569,7.597321552800493,0,30,0,0,22.095,4.7022857666015625,-2.5873894691467285,5.3661358904724645,EXPLORING
6548.243000,RGB_LIDAR,MIXED,run01,RGB_LIDAR,0.11771836876869202,0.34003883600234985,0.22720974683761597,0.23025768995285034,0.22720974683761597,0.23025768995285034,1.6619880199432373,63,221306,9789,2574,7.865993228553621,0,32,0,0,23.094,4.8115553855896,-2.7718355655670166,5.551871804000218,EXPLORING
6549.244000,RGB_LIDAR,MIXED,run01,RGB_LIDAR,0.13148581981658936,0.3510580062866211,0.22938776016235352,0.22911565005779266,0.22938776016235352,0.22911565005779266,0.8522779941558838,66,232266,9982,2598,8.131885575939487,0,34,0,0,24.095,5.039707183837891,-2.836217164993286,5.781987225568859,EXPLORING
6550.245000,RGB_LIDAR,MIXED,run01,RGB_LIDAR,0.12995421886444092,0.3474704623222351,0.2260255366563797,0.2281988561153412,0.2260255366563797,0.2281988561153412,0.8826130032539368,69,243222,10111,2638,8.53998769322299,0,36,0,0,25.096,5.386612415313721,-2.852614641189575,6.094320633380104,EXPLORING
6551.243000,RGB_LIDAR,MIXED,run01,RGB_LIDAR,0.12914860248565674,0.3460635840892792,0.22033441066741943,0.22384034097194672,0.22033441066741943,0.22384034097194672,0.8033120036125183,71,250629,10258,2673,8.964048403944213,0,38,0,0,26.094,5.702394962310791,-3.0360727310180664,6.4592626746648065,EXPLORING
6552.243000,RGB_LIDAR,MIXED,run01,RGB_LIDAR,0.12555363774299622,0.3436621427536011,0.2296113818883896,0.230158731341362,0.2296113818883896,0.230158731341362,1.8469610214233398,73,257956,10363,2707,9.35837167550467,0,40,0,0,27.094,6.042783260345459,-3.143785238265991,6.810641554548056,EXPLORING
6553.243000,RGB_LIDAR,MIXED,run01,RGB_LIDAR,0.12816141545772552,0.34506955742836,0.22580644488334656,0.2266196757555008,0.22580644488334656,0.2266196757555008,0.9811930060386658,76,269021,10548,2739,9.775705047967692,0,41,0,0,28.094,6.374697208404541,-3.2888102531433105,7.172063317988309,EXPLORING
6554.244000,RGB_LIDAR,MIXED,run01,RGB_LIDAR,0.12459609657526016,0.34067970514297485,0.22802720963954926,0.2277550995349884,0.22802720963954926,0.2277550995349884,0.979777991771698,77,272696,10601,2771,10.159002511535302,0,43,0,0,29.095,6.701963901519775,-3.420790910720825,7.52348477976715,EXPLORING
6555.244000,RGB_LIDAR,MIXED,run01,RGB_LIDAR,0.1259739100933075,0.33996713161468506,0.22637422382831573,0.22664500772953033,0.22637422382831573,0.22664500772953033,0.6039729714393616,80,283777,10776,2805,10.561211098101845,0,45,0,0,30.095,6.949531555175781,-3.655075788497925,7.851098019384956,EXPLORING
6556.243000,RGB_LIDAR,MIXED,run01,RGB_LIDAR,0.12657228112220764,0.33950039744377136,0.22775223851203918,0.2280227243900299,0.22775223851203918,0.2280227243900299,0.9640020132064819,83,294888,10903,2855,10.955601318018076,0,47,0,0,31.094,7.215641498565674,-3.864800453186035,8.184482883291096,EXPLORING
6557.243000,RGB_LIDAR,MIXED,run01,RGB_LIDAR,0.12132963538169861,0.3356727957725525,0.22697900235652924,0.22644048929214478,0.22697900235652924,0.22644048929214478,0.9730809926986694,86,305999,10998,2869,11.320495597524133,0,49,0,0,32.094,7.503583908081055,-4.01667594909668,8.510017435466516,EXPLORING
6558.244000,RGB_LIDAR,MIXED,run01,RGB_LIDAR,0.11039751768112183,0.3278079032897949,0.2235991358757019,0.22306033968925476,0.2235991358757019,0.22306033968925476,2.1552720069885254,89,317133,11117,2901,11.721900822746152,0,50,0,0,33.095,7.653726577758789,-4.336130142211914,8.795695157303806,EXPLORING
6559.243000,RGB_LIDAR,MIXED,run01,RGB_LIDAR,0.10441038012504578,0.32317644357681274,0.22561629116535187,0.22561629116535187,0.22561629116535187,0.22561629116535187,3.9004108905792236,91,324575,11257,2930,12.130605995152365,0,51,0,0,34.094,7.794225692749023,-4.612170696258545,9.055635556709447,EXPLORING
6560.247000,RGB_LIDAR,MIXED,run01,RGB_LIDAR,0.11794310063123703,0.3325998783111572,0.2249932885169983,0.2236524522304535,0.2249932885169983,0.2236524522304535,0.7184379696846008,93,332038,11339,2951,12.422691628650488,0,53,0,0,35.098,8.005570411682129,-4.738763332366943,9.301990284529976,EXPLORING
6561.244000,RGB_LIDAR,MIXED,run01,RGB_LIDAR,0.10668808221817017,0.3248518705368042,0.22097378969192505,0.2217763513326645,0.22097378969192505,0.2217763513326645,1.4161880016326904,95,339509,11417,2971,12.638575608609944,0,54,0,0,36.095,8.040468215942383,-4.806507587432861,9.366620158691344,EXPLORING
6562.243000,RGB_LIDAR,MIXED,run01,RGB_LIDAR,0.10034427046775818,0.3183059096336365,0.21978609263896942,0.22165775299072266,0.21978609263896942,0.22165775299072266,1.0901310443878174,98,350734,11619,3004,13.017413064599676,0,55,0,0,37.094,8.054803848266602,-5.126269340515137,9.546754901370512,EXPLORING
6563.244000,RGB_LIDAR,MIXED,run01,RGB_LIDAR,0.10106910765171051,0.31868278980255127,0.2250666618347168,0.2248000055551529,0.2250666618347168,0.2248000055551529,2.203016996383667,101,361963,11796,3051,13.300277225933344,0,57,0,0,38.095,8.01852035522461,-5.292773723602295,9.60688864174767,EXPLORING
6564.243000,RGB_LIDAR,MIXED,run01,RGB_LIDAR,0.10512692481279373,0.3229457437992096,0.21713677048683167,0.2189994752407074,0.21713677048683167,0.2189994752407074,1.6791419982910156,103,369478,11943,3073,13.61488004806702,0,58,0,0,39.094,8.0093412399292,-5.543275833129883,9.7395979751172,EXPLORING
6565.243000,RGB_LIDAR,MIXED,run01,RGB_LIDAR,0.11329062283039093,0.3289349377155304,0.2165689915418625,0.2200319617986679,0.2165689915418625,0.2200319617986679,0.7716580033302307,105,376993,12010,3093,13.893581678717467,0,58,0,0,40.094,8.156036376953125,-5.688751697540283,9.943079721313206,EXPLORING
6566.243000,RGB_LIDAR,MIXED,run01,RGB_LIDAR,0.11589707434177399,0.331762433052063,0.21553552150726318,0.21871685981750488,0.21553552150726318,0.21871685981750488,7.2586870193481445,108,388295,12049,3112,14.191766995795835,0,59,0,0,41.094,8.258424758911133,-5.897754669189453,10.147262210769727,EXPLORING
6567.243000,RGB_LIDAR,MIXED,run01,RGB_LIDAR,0.1057160273194313,0.3229547441005707,0.22142857313156128,0.22195766866207123,0.22142857313156128,0.22195766866207123,4.738101005554199,110,395844,12147,3117,14.432966262407492,0,60,0,0,42.094,8.352581024169922,-6.063258171081543,10.320386823079007,EXPLORING
6568.243000,RGB_LIDAR,MIXED,run01,RGB_LIDAR,0.10147544741630554,0.31870853900909424,0.22028526663780212,0.22319070994853973,0.22028526663780212,0.22319070994853973,0.7046740055084229,113,407201,12314,3140,14.838494676327599,0,62,0,0,43.094,8.377552032470703,-6.408630847930908,10.546832898704967,EXPLORING
6569.244000,RGB_LIDAR,MIXED,run01,RGB_LIDAR,0.11936770379543304,0.3362579941749573,0.22298547625541687,0.22219286859035492,0.22298547625541687,0.22219286859035492,1.0328190326690674,114,410986,12339,3166,15.279296985734332,0,63,0,0,44.095,8.482941627502441,-6.720923900604248,10.82186401988597,EXPLORING
6570.243000,RGB_LIDAR,MIXED,run01,RGB_LIDAR,0.1253747045993805,0.34088197350502014,0.21734532713890076,0.21840296685695648,0.21734532713890076,0.21840296685695648,0.8653159737586975,117,422363,12412,3183,15.57663718086989,0,64,0,0,45.094,8.718548774719238,-6.779440402984619,11.043322192495364,EXPLORING
6571.244000,RGB_LIDAR,MIXED,run01,RGB_LIDAR,0.11422481387853622,0.33392903208732605,0.21443624794483185,0.21759746968746185,0.21443624794483185,0.21759746968746185,2.361104965209961,120,433748,12483,3196,15.888735823928068,0,66,0,0,46.095,8.865532875061035,-7.012940406799316,11.303087938686211,EXPLORING
6572.243000,RGB_LIDAR,MIXED,run01,RGB_LIDAR,0.11483487486839294,0.3366592526435852,0.22134387493133545,0.22028985619544983,0.22134387493133545,0.22028985619544983,0.67426997423172,124,448941,12663,3219,16.33732563356952,0,68,0,0,47.094,8.961458206176758,-7.37166166305542,11.603009518522887,EXPLORING
6573.244000,RGB_LIDAR,MIXED,run01,RGB_LIDAR,0.11916633695363998,0.3404585123062134,0.2210526317358017,0.21921052038669586,0.2210526317358017,0.21921052038669586,1.1279350519180298,126,456540,12753,3252,16.631326049319146,0,69,0,0,48.095,9.107501983642578,-7.505558490753174,11.800864073706915,EXPLORING
6574.244000,RGB_LIDAR,MIXED,run01,RGB_LIDAR,0.11315732449293137,0.3332478702068329,0.2154492884874344,0.22044140100479126,0.2154492884874344,0.22044140100479126,1.2866909503936768,129,467951,12829,3265,16.862633853808333,0,71,0,0,49.095,9.158567428588867,-7.6776509284973145,11.950147186384907,EXPLORING
6575.246000,RGB_LIDAR,MIXED,run01,RGB_LIDAR,0.12560755014419556,0.3423708975315094,0.21574802696704865,0.21811023354530334,0.21574802696704865,0.21811023354530334,6.377254962921143,131,475570,12871,3271,17.309653717430034,0,73,0,0,50.097,9.14992618560791,-8.04064655303955,12.180051567744961,EXPLORING
6576.243000,RGB_LIDAR,MIXED,run01,RGB_LIDAR,0.11685127019882202,0.3384495973587036,0.217072531580925,0.2189054787158966,0.217072531580925,0.2189054787158966,1.5388870239257812,134,487017,12958,3281,17.735359439019053,0,74,0,0,51.094,9.355104446411133,-8.365867614746094,12.549336781628178,EXPLORING
6577.243000,RGB_LIDAR,MIXED,run01,RGB_LIDAR,0.11781059205532074,0.33768922090530396,0.2141176462173462,0.2172549068927765,0.2141176462173462,0.2172549068927765,4.756167888641357,136,494660,13043,3309,18.028981932197357,0,76,0,0,52.094,9.405396461486816,-8.631382942199707,12.76488828772203,EXPLORING
6578.243000,RGB_LIDAR,MIXED,run01,RGB_LIDAR,0.11676788330078125,0.335332453250885,0.2172323763370514,0.2182767689228058,0.2172323763370514,0.2182767689228058,1.2668739557266235,138,502321,13152,3334,18.450935148075267,0,78,0,0,53.094,9.405896186828613,-8.988080978393555,13.009102564765358,EXPLORING
6579.245000,RGB_LIDAR,MIXED,run01,RGB_LIDAR,0.12291614711284637,0.3394359350204468,0.21790188550949097,0.2199895679950714,0.21790188550949097,0.2199895679950714,0.6336119771003723,141,513815,13256,3351,18.874495403663033,0,79,0,0,54.096,9.425938606262207,-9.355117797851562,13.279567681408354,EXPLORING
6580.244000,RGB_LIDAR,MIXED,run01,RGB_LIDAR,0.10803341865539551,0.3280069828033447,0.21547681093215942,0.21547681093215942,0.21547681093215942,0.21547681093215942,1.530951976776123,145,529161,13364,3368,19.272416940966703,0,79,0,0,55.095,9.453010559082031,-9.675908088684082,13.52638320683101,EXPLORING
6581.243000,RGB_LIDAR,MIXED,run01,RGB_LIDAR,0.08802688866853714,0.30896469950675964,0.21328124403953552,0.21562500298023224,0.21328124403953552,0.21562500298023224,2.033281087875366,146,533001,13380,3381,19.59873244594373,0,80,0,0,56.094,9.314690589904785,-9.905144691467285,13.59618439666795,EXPLORING
6582.243000,RGB_LIDAR,MIXED,run01,RGB_LIDAR,0.12090963870286942,0.33622896671295166,0.21458333730697632,0.2161458283662796,0.21458333730697632,0.2161458283662796,0.7256079912185669,148,540681,13441,3396,19.84453014078204,0,81,0,0,57.094,9.294645309448242,-10.105334281921387,13.729137778635993,EXPLORING
6583.243000,RGB_LIDAR,MIXED,run01,RGB_LIDAR,0.1171010360121727,0.33386871218681335,0.21041665971279144,0.21510416269302368,0.21041665971279144,0.21510416269302368,2.7720959186553955,150,548361,13568,3403,20.240040285186772,0,82,0,0,58.094,9.418383598327637,-10.429417610168457,14.052029728848238,EXPLORING
6584.245000,RGB_LIDAR,MIXED,run01,RGB_LIDAR,0.10354430228471756,0.3232450485229492,0.21041665971279144,0.21510416269302368,0.21041665971279144,0.21510416269302368,0.9744009971618652,152,556041,13605,3427,20.65672576699483,0,84,0,0,59.096,9.423733711242676,-10.79623031616211,14.329910129021833,EXPLORING
6585.243000,RGB_LIDAR,MIXED,run01,RGB_LIDAR,0.10827746242284775,0.3282107710838318,0.21536459028720856,0.21640625596046448,0.21536459028720856,0.21640625596046448,0.8475279808044434,155,567561,13688,3445,21.06003919608868,0,85,0,0,60.094,9.463385581970215,-11.156396865844727,14.628803349984562,EXPLORING
6586.243000,RGB_LIDAR,MIXED,run01,RGB_LIDAR,0.11355186253786087,0.33264976739883423,0.21848958730697632,0.21822915971279144,0.21848958730697632,0.21822915971279144,7.509637832641602,157,575241,13700,3455,21.38677437116772,0,87,0,0,61.094,9.570392608642578,-11.387290000915527,14.874261234349959,EXPLORING
6587.246000,RGB_LIDAR,MIXED,run01,RGB_LIDAR,0.10115993767976761,0.32319197058677673,0.2122395783662796,0.21484375,0.2122395783662796,0.21484375,1.24337899684906,159,582921,13836,3473,21.664590771548962,0,88,0,0,62.097,9.610189437866211,-11.557793617248535,15.030607613699917,EXPLORING
6588.243000,RGB_LIDAR,MIXED,run01,RGB_LIDAR,0.12285637110471725,0.33946287631988525,0.2122395783662796,0.21536459028720856,0.2122395783662796,0.21536459028720856,1.2751009464263916,161,590601,13862,3482,22.008542889611284,0,90,0,0,63.094,9.690383911132812,-11.764044761657715,15.240636677632565,EXPLORING
6589.243000,RGB_LIDAR,MIXED,run01,RGB_LIDAR,0.11074990779161453,0.33113613724708557,0.21901041269302368,0.21692708134651184,0.21901041269302368,0.21692708134651184,1.072756052017212,164,602121,14002,3502,22.274891856814754,0,91,0,0,64.094,9.710095405578613,-11.94067668914795,15.389816569275572,EXPLORING
6590.244000,RGB_LIDAR,MIXED,run01,RGB_LIDAR,0.1156061440706253,0.33464905619621277,0.21666666865348816,0.21640625596046448,0.21666666865348816,0.21640625596046448,1.4585800170898438,166,609801,14024,3515,22.523105650314633,0,92,0,0,65.095,9.705554008483887,-12.13903522491455,15.541389594677574,EXPLORING
6591.243000,RGB_LIDAR,MIXED,run01,RGB_LIDAR,0.11876802891492844,0.3370906710624695,0.21458333730697632,0.21484375,0.21458333730697632,0.21484375,1.9895009994506836,167,613641,14067,3533,22.7991745582079,0,94,0,0,66.094,9.74007511138916,-12.347944259643555,15.726462649499046,EXPLORING
6592.246000,RGB_LIDAR,MIXED,run01,RGB_LIDAR,0.11536331474781036,0.3353215157985687,0.21484375,0.21562500298023224,0.21484375,0.21562500298023224,1.0574159622192383,171,629001,14164,3576,23.07869766904338,0,96,0,0,67.097,9.72803783416748,-12.542274475097656,15.872123905620784,EXPLORING
6593.245000,RGB_LIDAR,MIXED,run01,RGB_LIDAR,0.117205910384655,0.33720874786376953,0.21562500298023224,0.2161458283662796,0.21562500298023224,0.2161458283662796,1.2029939889907837,174,640521,14230,3584,23.374691789565688,0,97,0,0,68.096,9.756847381591797,-12.705680847167969,16.019093018764178,EXPLORING
6594.246000,RGB_LIDAR,MIXED,run01,RGB_LIDAR,0.12373162806034088,0.3418229818344116,0.21510416269302368,0.21536459028720856,0.21510416269302368,0.21536459028720856,0.8830209970474243,176,648201,14252,3589,23.673436931144725,0,98,0,0,69.097,9.782444953918457,-12.857637405395508,16.155371027890986,EXPLORING
6595.243000,RGB_LIDAR,MIXED,run01,RGB_LIDAR,0.1221679076552391,0.3414720296859741,0.21458333730697632,0.2161458283662796,0.21458333730697632,0.2161458283662796,4.382360935211182,179,659721,14274,3592,23.976942736876797,0,100,0,0,70.094,9.810734748840332,-13.042463302612305,16.31984424103488,EXPLORING
6596.243000,RGB_LIDAR,MIXED,run01,RGB_LIDAR,0.1166134625673294,0.33840247988700867,0.2161458283662796,0.21718749403953552,0.2161458283662796,0.21718749403953552,1.267786979675293,181,667401,14304,3605,24.300068465610874,0,101,0,0,71.094,9.849552154541016,-13.26087760925293,16.51803552837428,EXPLORING
6597.243000,RGB_LIDAR,MIXED,run01,RGB_LIDAR,0.11538869142532349,0.33783644437789917,0.21640625596046448,0.2161458283662796,0.21640625596046448,0.2161458283662796,0.7016199827194214,184,678921,14364,3606,24.578084445090646,0,102,0,0,72.094,9.83945369720459,-13.461626052856445,16.673670240942172,EXPLORING
6598.243000,RGB_LIDAR,MIXED,run01,RGB_LIDAR,0.11640730500221252,0.33869531750679016,0.21458333730697632,0.21484375,0.21458333730697632,0.21484375,0.6464580297470093,187,690441,14401,3622,24.815992663056882,0,103,0,0,73.094,9.837562561035156,-13.628292083740234,16.807412380377748,EXPLORING
6599.244000,RGB_LIDAR,MIXED,run01,RGB_LIDAR,0.12181631475687027,0.3423537611961365,0.21692708134651184,0.21640625596046448,0.21692708134651184,0.21640625596046448,0.9419410228729248,190,701961,14422,3626,25.071368280614966,0,103,0,0,74.095,9.821847915649414,-13.817431449890137,16.952031009278304,EXPLORING
6600.243000,RGB_LIDAR,MIXED,run01,RGB_LIDAR,0.1258513480424881,0.3446812033653259,0.21640625596046448,0.21640625596046448,0.21640625596046448,0.21640625596046448,1.0834840536117554,193,713481,14465,3634,25.327309790654986,0,104,0,0,75.094,9.812089920043945,-14.004362106323242,17.099140800603774,EXPLORING
6601.243000,RGB_LIDAR,MIXED,run01,RGB_LIDAR,0.1282525211572647,0.3462046682834625,0.21536459028720856,0.21536459028720856,0.21536459028720856,0.21536459028720856,6.474131107330322,196,725001,14508,3641,25.56516869567434,0,105,0,0,76.094,9.818239212036133,-14.210434913635254,17.271818143218027,EXPLORING
6602.243000,RGB_LIDAR,MIXED,run01,RGB_LIDAR,0.13118939101696014,0.3472287952899933,0.2161458283662796,0.21588541567325592,0.2161458283662796,0.21588541567325592,0.6399059891700745,199,736521,14530,3644,25.91078469151829,0,107,0,0,77.094,9.810482025146484,-14.544394493103027,17.543276434278408,EXPLORING
6603.243000,RGB_LIDAR,MIXED,run01,RGB_LIDAR,0.1263652741909027,0.3445039987564087,0.21562500298023224,0.21536459028720856,0.21562500298023224,0.21536459028720856,1.0142120122909546,201,744201,14537,3646,26.345054157879705,0,108,0,0,78.094,9.796096801757812,-14.913811683654785,17.84284341624116,EXPLORING
6604.244000,RGB_LIDAR,MIXED,run01,RGB_LIDAR,0.12848295271396637,0.3458588123321533,0.21718749403953552,0.21588541567325592,0.21718749403953552,0.21588541567325592,1.7575409412384033,204,755721,14548,3650,26.721896922072453,0,110,0,0,79.095,9.80163860321045,-15.24583911895752,18.124282728329838,EXPLORING
6605.244000,RGB_LIDAR,MIXED,run01,RGB_LIDAR,0.11562716215848923,0.34170106053352356,0.21510416269302368,0.21510416269302368,0.21510416269302368,0.21510416269302368,0.6298879981040955,207,767241,14644,3654,27.063184979546325,0,110,0,0,80.095,9.738663673400879,-15.561967849731445,18.357521554571925,EXPLORING
6606.244000,RGB_LIDAR,MIXED,run01,RGB_LIDAR,0.1227523535490036,0.34373894333839417,0.21640625596046448,0.2161458283662796,0.21640625596046448,0.2161458283662796,4.054588794708252,210,778761,14691,3658,27.474719543985735,0,111,0,0,81.095,9.588459968566895,-15.887739181518555,18.556441370953003,EXPLORING
6607.243000,RGB_LIDAR,MIXED,run01,RGB_LIDAR,0.12241446226835251,0.34437990188598633,0.21796874701976776,0.21432290971279144,0.21796874701976776,0.21432290971279144,1.3875600099563599,213,790281,14751,3666,27.854612169693198,0,112,0,0,82.094,9.580057144165039,-16.21953773498535,18.83703146506408,EXPLORING
6608.245000,RGB_LIDAR,MIXED,run01,RGB_LIDAR,0.10897202789783478,0.3368540108203888,0.21588541567325592,0.21328124403953552,0.21588541567325592,0.21328124403953552,2.3478341102600098,215,797961,14781,3673,28.19948578634095,0,114,0,0,83.096,9.449055671691895,-16.524322509765625,19.03473659682359,EXPLORING
6609.243000,RGB_LIDAR,MIXED,run01,RGB_LIDAR,0.10284119844436646,0.3314321041107178,0.21380208432674408,0.21328124403953552,0.21380208432674408,0.21328124403953552,0.8568570017814636,217,805641,14799,3673,28.61166042884933,0,115,0,0,84.094,9.20370864868164,-16.776412963867188,19.134793252828235,EXPLORING
6610.244000,RGB_LIDAR,MIXED,run01,RGB_LIDAR,0.10277966409921646,0.33049243688583374,0.21666666865348816,0.21250000596046448,0.21666666865348816,0.21250000596046448,1.4262139797210693,219,813321,14846,3678,28.988637684126324,0,116,0,0,85.095,9.058833122253418,-17.072784423828125,19.326845042118293,EXPLORING
6611.243000,RGB_LIDAR,MIXED,run01,RGB_LIDAR,0.10500021278858185,0.3326496183872223,0.21666666865348816,0.21666666865348816,0.21666666865348816,0.21666666865348816,0.8416450023651123,222,824841,14926,3692,29.399438101687835,0,117,0,0,86.094,8.851566314697266,-17.393918991088867,19.516244766804085,EXPLORING
6612.243000,RGB_LIDAR,MIXED,run01,RGB_LIDAR,0.11589132994413376,0.3424636423587799,0.21171875298023224,0.21458333730697632,0.21171875298023224,0.21458333730697632,1.8193449974060059,224,832521,14966,3703,29.802180120774107,0,119,0,0,87.094,8.763562202453613,-17.755090713500977,19.799717301829475,EXPLORING
6613.244000,RGB_LIDAR,MIXED,run01,RGB_LIDAR,0.11684158444404602,0.34251442551612854,0.20911458134651184,0.21171875298023224,0.20911458134651184,0.21171875298023224,1.5131189823150635,226,840201,14986,3719,30.148410467815395,0,121,0,0,88.095,8.753543853759766,-18.090036392211914,20.09625955849426,EXPLORING
6614.243000,RGB_LIDAR,MIXED,run01,RGB_LIDAR,0.12143338471651077,0.3457781672477722,0.21276041865348816,0.21562500298023224,0.21276041865348816,0.21562500298023224,0.588545024394989,229,851721,15169,3787,30.558958399818003,0,123,0,0,89.094,8.630518913269043,-18.435068130493164,20.354944037919697,EXPLORING
6615.243000,RGB_LIDAR,MIXED,run01,RGB_LIDAR,0.12679842114448547,0.35228079557418823,0.21302083134651184,0.21380208432674408,0.21302083134651184,0.21380208432674408,1.3330620527267456,231,859401,15388,3854,30.930717842055156,0,125,0,0,90.094,8.639620780944824,-18.75420570373535,20.6482334016748,EXPLORING
6616.243000,RGB_LIDAR,MIXED,run01,RGB_LIDAR,0.13107556104660034,0.35268542170524597,0.21536459028720856,0.21588541567325592,0.21536459028720856,0.21588541567325592,0.7368000149726868,235,874761,15614,3906,31.245730929812908,0,127,0,0,91.094,8.82986831665039,-18.952621459960938,20.908235369615404,EXPLORING
6617.244000,RGB_LIDAR,MIXED,run01,RGB_LIDAR,0.13140369951725006,0.35163477063179016,0.21536459028720856,0.21640625596046448,0.21536459028720856,0.21640625596046448,1.0688459873199463,237,882441,15875,3987,31.61832634240279,0,128,0,0,92.095,9.128840446472168,-19.11181640625,21.179765004612293,EXPLORING
6618.243000,RGB_LIDAR,MIXED,run01,RGB_LIDAR,0.12449928373098373,0.3442941904067993,0.21929596364498138,0.21955671906471252,0.21929596364498138,0.21955671906471252,2.363710880279541,241,897790,16442,4120,31.993849322684376,0,130,0,0,93.094,9.310850143432617,-19.38180923461914,21.501890830634995,EXPLORING
6619.243000,RGB_LIDAR,MIXED,run01,RGB_LIDAR,0.13166631758213043,0.35464170575141907,0.2143043577671051,0.2171756774187088,0.2143043577671051,0.2171756774187088,2.559536933898926,244,909288,16646,4183,32.177288600240466,0,131,0,0,94.094,9.407958030700684,-19.391204833984375,21.552566211464256,EXPLORING
6620.243000,RGB_LIDAR,MIXED,run01,RGB_LIDAR,0.12727203965187073,0.3494153618812561,0.21452835202217102,0.21635745465755463,0.21452835202217102,0.21635745465755463,1.0509090423583984,248,924601,17111,4271,32.49638288462115,0,133,0,0,95.094,9.600433349609375,-19.414432525634766,21.658085114952815,EXPLORING
6621.245000,RGB_LIDAR,MIXED,run01,RGB_LIDAR,0.12669643759727478,0.346355676651001,0.21652719378471375,0.21940375864505768,0.21652719378471375,0.21940375864505768,1.6769649982452393,250,932250,17394,4322,32.84814301460509,0,134,0,0,96.096,9.938854217529297,-19.397966384887695,21.79553190310064,EXPLORING
6622.243000,RGB_LIDAR,MIXED,run01,RGB_LIDAR,0.12524810433387756,0.3467028737068176,0.20890052616596222,0.2099476456642151,0.20890052616596222,0.2099476456642151,3.142303943634033,253,943710,17734,4365,33.298869158837505,0,136,0,0,97.094,10.231060028076172,-19.393688201904297,21.926520190553592,EXPLORING
6623.243000,RGB_LIDAR,MIXED,run01,RGB_LIDAR,0.12862834334373474,0.35041508078575134,0.21523958444595337,0.21078816056251526,0.21523958444595337,0.21078816056251526,1.0468679666519165,256,955168,18077,4421,33.55294990430643,0,137,0,0,98.094,10.170516967773438,-19.473100662231445,21.968700587564637,EXPLORING
6624.243000,RGB_LIDAR,MIXED,run01,RGB_LIDAR,0.12529504299163818,0.34174656867980957,0.2153523713350296,0.21404244005680084,0.2153523713350296,0.21404244005680084,1.661149024963379,259,966620,18324,4485,33.681985256024106,0,138,0,0,99.094,10.100358009338379,-19.488719940185547,21.950179026593066,EXPLORING
6625.243000,RGB_LIDAR,MIXED,run01,RGB_LIDAR,0.1286417841911316,0.35455000400543213,0.21346254646778107,0.21110528707504272,0.21346254646778107,0.21110528707504272,1.6257719993591309,263,981893,18646,4569,33.88220984800764,0,139,0,0,100.094,10.057723999023438,-19.461761474609375,21.9066425867727,EXPLORING
6626.243000,RGB_LIDAR,MIXED,run01,RGB_LIDAR,0.12782248854637146,0.36337441205978394,0.214192196726799,0.21733437478542328,0.214192196726799,0.21733437478542328,0.8474130034446716,265,989531,18809,4592,34.10888203896018,0,141,0,0,101.094,10.0006103515625,-19.456281661987305,21.875608827246495,EXPLORING
6627.243000,RGB_LIDAR,MIXED,run01,RGB_LIDAR,0.10400267690420151,0.3401595950126648,0.21509037911891937,0.2177102416753769,0.21509037911891937,0.2177102416753769,1.3017719984054565,266,993348,18851,4611,34.567215272491154,0,142,0,0,102.094,9.674849510192871,-19.474720001220703,21.745146850842,EXPLORING
6628.243000,RGB_LIDAR,MIXED,run01,RGB_LIDAR,0.09439634531736374,0.3276306092739105,0.21136720478534698,0.20848612487316132,0.21136720478534698,0.20848612487316132,1.5129510164260864,268,1000985,18898,4616,34.99865256145051,0,144,0,0,103.094,9.539881706237793,-19.418468475341797,21.63493826834021,EXPLORING
6629.243000,RGB_LIDAR,MIXED,run01,RGB_LIDAR,0.10136763006448746,0.33780616521835327,0.21733437478542328,0.21628698706626892,0.21733437478542328,0.21628698706626892,1.025022029876709,269,1004804,18981,4626,35.46194846671026,0,145,0,0,104.094,9.538434982299805,-19.416393280029297,21.632437810846888,EXPLORING
6630.244000,RGB_LIDAR,MIXED,run01,RGB_LIDAR,0.10093705356121063,0.33808276057243347,0.21608172357082367,0.21739129722118378,0.21608172357082367,0.21739129722118378,0.9768049716949463,271,1012440,19099,4638,35.70445325730455,0,146,0,0,105.095,9.509803771972656,-19.49570655822754,21.69108900863644,EXPLORING
6631.243000,RGB_LIDAR,MIXED,run01,RGB_LIDAR,0.10918600857257843,0.34465667605400085,0.21675392985343933,0.21858638525009155,0.21675392985343933,0.21858638525009155,1.0981030464172363,274,1023900,19355,4673,36.17779663934771,0,147,0,0,106.094,9.258269309997559,-19.473615646362305,21.562056403841826,EXPLORING
6632.243000,RGB_LIDAR,MIXED,run01,RGB_LIDAR,0.12333399802446365,0.35493403673171997,0.21570681035518646,0.2193717211484909,0.21570681035518646,0.2193717211484909,0.884289026260376,278,1039177,19635,4690,36.45219432984858,0,149,0,0,107.094,9.117477416992188,-19.660064697265625,21.67099414782664,EXPLORING
6633.243000,RGB_LIDAR,MIXED,run01,RGB_LIDAR,0.12694960832595825,0.35915273427963257,0.21497774124145508,0.21785807609558105,0.21497774124145508,0.21785807609558105,2.5819718837738037,282,1054455,19823,4711,36.71207716566492,0,150,0,0,108.094,8.95812702178955,-19.853635787963867,21.78074428655677,EXPLORING
6634.243000,RGB_LIDAR,MIXED,run01,RGB_LIDAR,0.12826064229011536,0.3611600995063782,0.21591205894947052,0.21722061932086945,0.21591205894947052,0.21722061932086945,0.7966619729995728,285,1065916,20022,4752,37.195138173817824,0,151,0,0,109.094,8.641660690307617,-20.129920959472656,21.906137295104323,EXPLORING
6635.245000,RGB_LIDAR,MIXED,run01,RGB_LIDAR,0.12084424495697021,0.35525965690612793,0.2191673219203949,0.21759623289108276,0.2191673219203949,0.21759623289108276,2.30410099029541,287,1073555,20056,4765,37.463338093458404,0,153,0,0,110.096,8.550174713134766,-20.380117416381836,22.100720361701274,EXPLORING
6636.243000,RGB_LIDAR,MIXED,run01,RGB_LIDAR,0.12106151878833771,0.3527880609035492,0.2191673219203949,0.21759623289108276,0.2191673219203949,0.21759623289108276,2.30410099029541,287,1073555,20092,4765,37.87087653118994,0,154,0,0,111.094,8.29123592376709,-20.65595054626465,22.25760128922924,EXPLORING
6637.245000,RGB_LIDAR,MIXED,run01,RGB_LIDAR,0.11258499324321747,0.3472071588039398,0.21727748215198517,0.2178010493516922,0.21727748215198517,0.2178010493516922,5.986443996429443,289,1081194,20243,4797,38.22744502313379,0,155,0,0,112.096,7.986863613128662,-20.726659774780273,22.212004290688995,EXPLORING
6638.248000,RGB_LIDAR,MIXED,run01,RGB_LIDAR,0.12173981964588165,0.3540534973144531,0.22096985578536987,0.22018349170684814,0.22096985578536987,0.22018349170684814,0.7042409777641296,292,1092639,20826,4952,38.5799228933257,0,156,0,0,113.099,7.68931245803833,-20.876869201660156,22.247667710024565,EXPLORING
6639.243000,RGB_LIDAR,MIXED,run01,RGB_LIDAR,0.11718427389860153,0.34830397367477417,0.22155217826366425,0.22102779150009155,0.22155217826366425,0.22102779150009155,4.13624382019043,294,1100268,21128,5041,38.93413704714977,0,157,0,0,114.094,7.457950115203857,-21.03740119934082,22.32002327321776,EXPLORING
6640.243000,RGB_LIDAR,MIXED,run01,RGB_LIDAR,0.12317455559968948,0.3553130030632019,0.2205343097448349,0.2192247211933136,0.2205343097448349,0.2192247211933136,1.694208025932312,298,1115529,22029,5284,39.373225855702486,0,158,0,0,115.094,7.423005104064941,-21.169239044189453,22.432743895020078,EXPLORING
6641.243000,RGB_LIDAR,MIXED,run01,RGB_LIDAR,0.13723653554916382,0.3635525107383728,0.21902017295360565,0.21797223389148712,0.21902017295360565,0.21797223389148712,1.1139219999313354,300,1123165,22382,5284,39.59484641309426,0,159,0,0,116.094,7.4669084548950195,-21.093854904174805,22.376228627589686,EXPLORING
6642.243000,RGB_LIDAR,MIXED,run01,RGB_LIDAR,0.1229572519659996,0.3516984283924103,0.22018349170684814,0.2186107486486435,0.22018349170684814,0.2186107486486435,1.2345800399780273,302,1130795,22735,5449,39.954922294516344,0,160,0,0,117.094,7.297358989715576,-21.244855880737305,22.462991947363125,EXPLORING
6643.308000,RGB_LIDAR,MIXED,run01,RGB_LIDAR,0.11180051416158676,0.34755903482437134,0.21215295791625977,0.22047656774520874,0.22021470963954926,0.22047656774520874,1.4074499607086182,304,1138433,23544,5556,40.27218669526745,0,162,0,0,118.159,7.11625862121582,-21.394861221313477,22.547115028171103,EXPLORING
6644.243000,RGB_LIDAR,MIXED,run01,RGB_LIDAR,0.12313020974397659,0.3550524115562439,0.2179151326417923,0.2171293944120407,0.2179151326417923,0.2171293944120407,1.173509955406189,307,1149888,23750,5632,40.56500693854909,0,163,0,0,119.094,7.042425632476807,-21.298805236816406,22.432703363706544,EXPLORING
6645.244000,RGB_LIDAR,MIXED,run01,RGB_LIDAR,0.10059060156345367,0.3264470100402832,0.22132006287574768,0.21817705035209656,0.22132006287574768,0.21817705035209656,1.8066600561141968,310,1161340,24011,5683,41.04379768919694,0,164,0,0,120.095,7.149374961853027,-21.300016403198242,22.467650331204915,EXPLORING
6646.243000,RGB_LIDAR,MIXED,run01,RGB_LIDAR,0.12628479301929474,0.3555867671966553,0.22038784623146057,0.21750524640083313,0.22038784623146057,0.21750524640083313,1.5675530433654785,312,1168974,24508,5778,41.2383419913226,0,166,0,0,121.094,7.180427551269531,-21.376014709472656,22.549579800471545,EXPLORING
6647.243000,RGB_LIDAR,MIXED,run01,RGB_LIDAR,0.13122394680976868,0.3608972132205963,0.2156708538532257,0.2156708538532257,0.2156708538532257,0.2156708538532257,0.9786840081214905,314,1176608,24761,5840,41.49669804586659,0,167,0,0,122.094,6.9949259757995605,-21.383516311645508,22.498338387777228,EXPLORING
6648.243000,RGB_LIDAR,MIXED,run01,RGB_LIDAR,0.13579796254634857,0.3624865412712097,0.21829140186309814,0.22012577950954437,0.21829140186309814,0.22012577950954437,6.8673810958862305,317,1188079,25793,6183,41.92396498794431,0,168,0,0,123.094,6.643105983734131,-21.420684814453125,22.426969484259832,EXPLORING
6649.243000,RGB_LIDAR,MIXED,run01,RGB_LIDAR,0.13136303424835205,0.3598497807979584,0.21387434005737305,0.2162303626537323,0.21387434005737305,0.2162303626537323,3.698349952697754,320,1199531,25963,6226,42.296091762995594,0,170,0,0,124.094,6.307042121887207,-21.46434783935547,22.37163899533957,EXPLORING
6650.243000,RGB_LIDAR,MIXED,run01,RGB_LIDAR,0.13616345822811127,0.3642166554927826,0.2156708538532257,0.2161949723958969,0.2156708538532257,0.2161949723958969,1.4282879829406738,323,1210979,26133,6261,42.68783741897722,0,170,0,0,125.094,5.955750465393066,-21.462751388549805,22.273633748237934,EXPLORING
6651.243000,RGB_LIDAR,MIXED,run01,RGB_LIDAR,0.127841055393219,0.3565336763858795,0.22021470963954926,0.21838177740573883,0.22021470963954926,0.21838177740573883,6.970067977905273,325,1218615,26350,6313,43.041745039856316,0,171,0,0,126.094,5.641898155212402,-21.510799407958984,22.23826453486939,EXPLORING
6652.243000,RGB_LIDAR,MIXED,run01,RGB_LIDAR,0.13240475952625275,0.36454299092292786,0.2194291651248932,0.2165488302707672,0.2194291651248932,0.2165488302707672,1.2687350511550903,328,1230069,26563,6313,43.42628438754504,0,172,0,0,127.094,5.296104907989502,-21.48318862915039,22.12627118514267,EXPLORING
6653.244000,RGB_LIDAR,MIXED,run01,RGB_LIDAR,0.12415636330842972,0.3585951626300812,0.22021470963954926,0.21811991930007935,0.22021470963954926,0.21811991930007935,1.0698269605636597,331,1241520,26740,6389,43.85439669291148,0,172,0,0,128.095,4.953554153442383,-21.42375373840332,21.98889513832091,EXPLORING
6654.246000,RGB_LIDAR,MIXED,run01,RGB_LIDAR,0.12422585487365723,0.357599139213562,0.21724317967891693,0.2156708538532257,0.21724317967891693,0.2156708538532257,4.8792948722839355,334,1252968,26864,6399,44.2453534916784,0,173,0,0,129.097,4.6068596839904785,-21.39924430847168,21.889455342818525,EXPLORING
6655.245000,RGB_LIDAR,MIXED,run01,RGB_LIDAR,0.12075679749250412,0.3588435649871826,0.21884816884994507,0.21832460165023804,0.21884816884994507,0.21832460165023804,0.8340190052986145,338,1268239,27042,6432,44.64872582737733,1,174,0,0,130.096,4.287895202636719,-21.389066696166992,21.814592682239976,EXPLORING
6656.243000,RGB_LIDAR,MIXED,run01,RGB_LIDAR,0.12818895280361176,0.36236467957496643,0.21823421120643616,0.21823421120643616,0.21823421120643616,0.21823421120643616,1.220716953277588,339,1272056,27113,6438,44.8202904453684,1,176,0,0,131.094,4.226014137268066,-21.392541885375977,21.805926586740483,EXPLORING
6657.245000,RGB_LIDAR,MIXED,run01,RGB_LIDAR,0.13353729248046875,0.36435166001319885,0.22041885554790497,0.21910995244979858,0.22041885554790497,0.21910995244979858,2.139517068862915,342,1283511,27299,6438,45.16091450563912,1,177,0,0,132.096,3.9047622680664062,-21.467849731445312,21.82005877220844,EXPLORING
6658.247000,RGB_LIDAR,MIXED,run01,RGB_LIDAR,0.10587213933467865,0.3316642940044403,0.21870088577270508,0.21870088577270508,0.21870088577270508,0.21870088577270508,1.6118860244750977,344,1291147,27431,6477,45.58939057882884,1,179,0,0,133.098,3.7337939739227295,-21.628686904907227,21.9485998025882,EXPLORING
6659.243000,RGB_LIDAR,MIXED,run01,RGB_LIDAR,0.13250884413719177,0.3636636435985565,0.21875818073749542,0.2184962034225464,0.21875818073749542,0.2184962034225464,0.8480010032653809,347,1302602,27752,6521,45.84498735900921,1,180,0,0,134.094,3.5786550045013428,-21.77333641052246,22.065473406894032,EXPLORING
6660.243000,RGB_LIDAR,MIXED,run01,RGB_LIDAR,0.1344568282365799,0.3693220317363739,0.21884816884994507,0.21727748215198517,0.21884816884994507,0.21727748215198517,0.7416350245475769,350,1314058,27933,6549,46.191758550817575,1,182,0,0,135.094,3.2574594020843506,-21.736005783081055,21.97876116546146,EXPLORING
6661.244000,RGB_LIDAR,MIXED,run01,RGB_LIDAR,0.118621826171875,0.3584449589252472,0.2171293944120407,0.21084336936473846,0.2171293944120407,0.21084336936473846,1.1513489484786987,354,1329333,28332,6610,46.595133710615436,1,184,0,0,136.095,2.9913711547851562,-21.67101287841797,21.876532887886423,EXPLORING
6662.244000,RGB_LIDAR,MIXED,run01,RGB_LIDAR,0.12305828183889389,0.3546449840068817,0.2203611582517624,0.21800576150417328,0.2203611582517624,0.21800576150417328,2.273339033126831,357,1340792,28492,6610,46.96881816032955,1,185,0,0,137.095,2.9845004081726074,-21.631145477294922,21.836100578431758,EXPLORING
6663.243000,RGB_LIDAR,MIXED,run01,RGB_LIDAR,0.11616125702857971,0.349837064743042,0.21928216516971588,0.21980613470077515,0.21928216516971588,0.21980613470077515,1.2551759481430054,361,1356069,28790,6724,47.277324513277826,1,186,0,0,138.094,2.8127927780151367,-21.513368606567383,21.6965159130101,EXPLORING
6664.243000,RGB_LIDAR,MIXED,run01,RGB_LIDAR,0.1170879527926445,0.3488268256187439,0.21858638525009155,0.2193717211484909,0.21858638525009155,0.2193717211484909,0.8908129930496216,365,1371347,29184,6808,47.54956299552777,1,187,0,0,139.094,2.6352267265319824,-21.370912551879883,21.53282791200927,EXPLORING
6665.255000,RGB_LIDAR,MIXED,run01,RGB_LIDAR,0.11915044486522675,0.34817150235176086,0.21739129722118378,0.21817705035209656,0.21739129722118378,0.21817705035209656,1.9808900356292725,368,1382801,29409,6848,47.832250916096285,1,189,0,0,140.106,2.4850099086761475,-21.202165603637695,21.34735955231645,EXPLORING
6666.243000,RGB_LIDAR,MIXED,run01,RGB_LIDAR,0.12903547286987305,0.35535937547683716,0.21782438457012177,0.22228047251701355,0.21782438457012177,0.22228047251701355,0.9170950055122375,372,1398076,29524,6873,48.21940625991801,1,190,0,0,141.094,2.2457833290100098,-20.90831756591797,21.02865711768546,EXPLORING
6667.243000,RGB_LIDAR,MIXED,run01,RGB_LIDAR,0.11679534614086151,0.34358710050582886,0.21523958444595337,0.21811991930007935,0.21523958444595337,0.21811991930007935,1.2001689672470093,375,1409535,29609,6873,48.62548304314713,1,192,0,0,142.094,2.013460636138916,-20.648988723754883,20.747008576182353,EXPLORING
6668.244000,RGB_LIDAR,MIXED,run01,RGB_LIDAR,0.12645530700683594,0.3555394411087036,0.21744826436042786,0.21902017295360565,0.21744826436042786,0.21902017295360565,1.1626360416412354,378,1420988,29702,6921,48.99650407043783,1,192,0,0,143.095,1.714959979057312,-20.483642578125,20.55541250454475,EXPLORING
6669.243000,RGB_LIDAR,MIXED,run01,RGB_LIDAR,0.12455230951309204,0.35699933767318726,0.21628698706626892,0.21811991930007935,0.21628698706626892,0.21811991930007935,1.0180690288543701,379,1424807,29782,6929,49.35292400859329,1,193,0,0,144.094,1.437595009803772,-20.518327713012695,20.568749136659317,EXPLORING
6670.243000,RGB_LIDAR,MIXED,run01,RGB_LIDAR,0.12286132574081421,0.3527364432811737,0.21340985596179962,0.2168014645576477,0.21340985596179962,0.2168014645576477,1.693160057067871,383,1440127,29930,6961,49.67872965164405,1,195,0,0,145.094,1.258973479270935,-20.57306671142578,20.61168471159568,EXPLORING
6671.243000,RGB_LIDAR,MIXED,run01,RGB_LIDAR,0.12692560255527496,0.3549253046512604,0.22535210847854614,0.22769953310489655,0.22535210847854614,0.22769953310489655,1.788329005241394,385,1447795,30004,6993,50.01900464177202,1,196,0,0,146.094,1.1411815881729126,-20.415651321411133,20.447660042160038,EXPLORING
6672.246000,RGB_LIDAR,MIXED,run01,RGB_LIDAR,0.12151824682950974,0.35851284861564636,0.21529227495193481,0.2171189934015274,0.21529227495193481,0.2171189934015274,2.347867965698242,387,1455460,30087,7026,50.43855650680377,1,198,0,0,147.097,0.7688347101211548,-20.320905685424805,20.335606506141566,EXPLORING
6673.246000,RGB_LIDAR,MIXED,run01,RGB_LIDAR,0.12249847501516342,0.3482789695262909,0.21601878106594086,0.21758413314819336,0.21601878106594086,0.21758413314819336,1.8188890218734741,389,1463126,30169,7048,50.80480969485041,1,198,0,0,148.097,0.5604678392410278,-20.269229888916016,20.277151688444807,EXPLORING
6674.245000,RGB_LIDAR,MIXED,run01,RGB_LIDAR,0.13159526884555817,0.3577289581298828,0.21529227495193481,0.21790188550949097,0.21529227495193481,0.21790188550949097,0.9784460067749023,391,1470790,30233,7058,51.197338347688586,1,199,0,0,149.096,0.23580123484134674,-20.0599308013916,20.061511046888683,EXPLORING
6675.244000,RGB_LIDAR,MIXED,run01,RGB_LIDAR,0.13237661123275757,0.3543936610221863,0.21573735773563385,0.21756123006343842,0.21573735773563385,0.21756123006343842,1.1362470388412476,394,1482301,30395,7058,51.51276109207698,1,200,0,0,150.095,-0.05334228649735451,-20.02741813659668,20.02770158328814,EXPLORING
6676.243000,RGB_LIDAR,MIXED,run01,RGB_LIDAR,0.1339089274406433,0.36089155077934265,0.21432290971279144,0.21718749403953552,0.21432290971279144,0.21718749403953552,1.4152990579605103,396,1489980,30445,7111,51.94994747419274,1,201,0,0,151.094,-0.3817717432975769,-19.836578369140625,19.84048486465051,EXPLORING
6677.249000,RGB_LIDAR,MIXED,run01,RGB_LIDAR,0.14510147273540497,0.3720243573188782,0.21692708134651184,0.22031250596046448,0.21692708134651184,0.22031250596046448,1.4025839567184448,399,1501500,30531,7138,52.29409210618157,1,202,0,0,152.100,-0.6523869037628174,-19.840497970581055,19.851470840695388,EXPLORING
6678.243000,RGB_LIDAR,MIXED,run01,RGB_LIDAR,0.13756617903709412,0.3686293661594391,0.21328124403953552,0.2161458283662796,0.21328124403953552,0.2161458283662796,1.0474159717559814,402,1513020,30604,7154,52.68594054417046,1,204,0,0,153.094,-0.856843888759613,-20.02997589111328,20.048556847694506,EXPLORING
6679.244000,RGB_LIDAR,MIXED,run01,RGB_LIDAR,0.1286294013261795,0.3622581660747528,0.21406249701976776,0.21588541567325592,0.21406249701976776,0.21588541567325592,1.21657395362854,405,1524540,30685,7165,52.89460834460851,1,205,0,0,154.095,-0.9377036094665527,-20.0601749420166,20.082346411106546,EXPLORING
6680.243000,RGB_LIDAR,MIXED,run01,RGB_LIDAR,0.12955695390701294,0.35536426305770874,0.21770833432674408,0.22083333134651184,0.21770833432674408,0.22083333134651184,1.223844051361084,408,1536060,30767,7193,53.185573253881515,1,207,0,0,155.094,-0.967110812664032,-19.946969985961914,19.970670286099082,EXPLORING
6681.243000,RGB_LIDAR,MIXED,run01,RGB_LIDAR,0.12727957963943481,0.3602672815322876,0.21822915971279144,0.21901041269302368,0.21822915971279144,0.21901041269302368,1.0670779943466187,411,1547580,30892,7229,53.54850233236356,1,208,0,0,156.094,-1.232932448387146,-19.830978393554688,19.86955456555919,EXPLORING
6682.243000,RGB_LIDAR,MIXED,run01,RGB_LIDAR,0.13686373829841614,0.36417055130004883,0.2174479216337204,0.21770833432674408,0.2174479216337204,0.21770833432674408,1.060703992843628,414,1559100,30987,7266,53.93017112834129,1,210,0,0,157.094,-1.5899665355682373,-19.77579116821289,19.83991307319319,EXPLORING
6683.243000,RGB_LIDAR,MIXED,run01,RGB_LIDAR,0.13311953842639923,0.35678109526634216,0.21458333730697632,0.21640625596046448,0.21458333730697632,0.21640625596046448,1.4876359701156616,420,1582140,31202,7266,54.33846511537471,1,212,0,0,158.094,-1.9298388957977295,-19.64832878112793,19.743204868649382,EXPLORING
6684.246000,RGB_LIDAR,MIXED,run01,RGB_LIDAR,0.14067630469799042,0.37003329396247864,0.2174479216337204,0.21848958730697632,0.2174479216337204,0.21848958730697632,1.001999020576477,423,1593660,31244,7298,54.76291207016302,1,213,0,0,159.097,-2.2687485218048096,-19.497831344604492,19.629734256594684,EXPLORING
6685.245000,RGB_LIDAR,MIXED,run01,RGB_LIDAR,0.1393831968307495,0.36804503202438354,0.21302083134651184,0.21536459028720856,0.21302083134651184,0.21536459028720856,1.1151360273361206,425,1601340,31265,7326,55.15392614600579,1,214,0,0,160.096,-2.616713523864746,-19.53093719482422,19.705821482417775,EXPLORING
6686.264000,RGB_LIDAR,MIXED,run01,RGB_LIDAR,0.13248082995414734,0.36585772037506104,0.21119791269302368,0.21588541567325592,0.21119791269302368,0.21588541567325592,1.1561180353164673,428,1612860,31316,7334,55.457962652812455,1,216,0,0,161.115,-2.893343925476074,-19.593517303466797,19.806382289686297,EXPLORING
6687.248000,RGB_LIDAR,MIXED,run01,RGB_LIDAR,0.12346754968166351,0.3589472770690918,0.20911458134651184,0.21588541567325592,0.20911458134651184,0.21588541567325592,5.808642864227295,430,1620540,31377,7340,55.83030790404752,1,218,0,0,162.099,-3.240915298461914,-19.472993850708008,19.741257792158784,EXPLORING
6688.245000,RGB_LIDAR,MIXED,run01,RGB_LIDAR,0.13611437380313873,0.36510542035102844,0.21562500298023224,0.21718749403953552,0.21562500298023224,0.21718749403953552,0.8837019801139832,431,1624380,31395,7340,56.11876375653434,1,219,0,0,163.096,-3.1232693195343018,-19.53154754638672,19.780094266111508,EXPLORING
6689.246000,RGB_LIDAR,MIXED,run01,RGB_LIDAR,0.13870318233966827,0.36765915155410767,0.21979166567325592,0.21848958730697632,0.21979166567325592,0.21848958730697632,2.865523099899292,433,1632060,31484,7345,56.286293969854924,1,221,0,0,164.097,-3.074662685394287,-19.620006561279297,19.859861330134777,EXPLORING
6690.243000,RGB_LIDAR,MIXED,run01,RGB_LIDAR,0.1364315301179886,0.364412397146225,0.21718749403953552,0.21692708134651184,0.21718749403953552,0.21692708134651184,0.803879976272583,436,1643580,31794,7430,56.6336216826095,1,222,0,0,165.094,-3.1599972248077393,-19.90058708190918,20.1503142175921,EXPLORING
6691.244000,RGB_LIDAR,MIXED,run01,RGB_LIDAR,0.12244100868701935,0.35647550225257874,0.21901041269302368,0.21822915971279144,0.21901041269302368,0.21822915971279144,1.675313949584961,439,1655100,32007,7430,56.901692743639046,1,223,0,0,166.095,-3.2010085582733154,-20.08884620666504,20.3426791069565,EXPLORING
6692.243000,RGB_LIDAR,MIXED,run01,RGB_LIDAR,0.12608514726161957,0.3575429618358612,0.21692708134651184,0.2174479216337204,0.21692708134651184,0.2174479216337204,0.870855987071991,442,1666620,32033,7498,57.192418108398556,1,225,0,0,167.094,-3.2061502933502197,-19.92367172241211,20.180397268981544,EXPLORING
6693.243000,RGB_LIDAR,MIXED,run01,RGB_LIDAR,0.11639665067195892,0.35021141171455383,0.21692708134651184,0.21796874701976776,0.21692708134651184,0.21796874701976776,1.187749981880188,444,1674300,32217,7549,57.49283315497321,1,227,0,0,168.094,-3.488982677459717,-19.976301193237305,20.27911924208444,EXPLORING
6694.253000,RGB_LIDAR,MIXED,run01,RGB_LIDAR,0.12465383857488632,0.3570089042186737,0.21770833432674408,0.21901041269302368,0.21770833432674408,0.21901041269302368,4.339376926422119,447,1685820,32346,7570,57.841729723876014,1,229,0,0,169.104,-3.516911268234253,-19.906923294067383,20.215621890070814,EXPLORING
6695.247000,RGB_LIDAR,MIXED,run01,RGB_LIDAR,0.13120555877685547,0.3602811396121979,0.21640625596046448,0.2174479216337204,0.21640625596046448,0.2174479216337204,0.6129019856452942,450,1697340,32417,7570,58.1152564872792,1,231,0,0,170.098,-3.646284341812134,-20.11417579650879,20.442430769133807,EXPLORING
6696.248000,RGB_LIDAR,MIXED,run01,RGB_LIDAR,0.07589386403560638,0.30724892020225525,0.21718749403953552,0.21875,0.21718749403953552,0.21875,1.6149580478668213,454,1712700,32505,7605,58.51408274509642,1,233,0,0,171.099,-3.7018308639526367,-20.501113891601562,20.833075656968774,EXPLORING
6697.243000,RGB_LIDAR,MIXED,run01,RGB_LIDAR,0.1227981448173523,0.3524988889694214,0.2161458283662796,0.22187499701976776,0.2161458283662796,0.22187499701976776,0.841763973236084,457,1724220,32561,7605,59.08662748831501,1,235,0,0,172.094,-3.939207077026367,-20.439680099487305,20.816249925244414,EXPLORING
6698.245000,RGB_LIDAR,MIXED,run01,RGB_LIDAR,0.12648864090442657,0.3562867045402527,0.21672309935092926,0.21724407374858856,0.21672309935092926,0.21724407374858856,0.8009740114212036,460,1735739,32599,7624,59.39630236258111,1,236,0,0,173.096,-4.076858997344971,-20.544057846069336,20.945115552263136,EXPLORING
6699.245000,RGB_LIDAR,MIXED,run01,RGB_LIDAR,0.1331922858953476,0.36051705479621887,0.2162584662437439,0.217300683259964,0.2162584662437439,0.217300683259964,1.4592269659042358,466,1758768,32878,7714,59.71598333838909,1,238,0,0,174.096,-4.161159992218018,-20.828271865844727,21.24032165977054,EXPLORING
6700.243000,RGB_LIDAR,MIXED,run01,RGB_LIDAR,0.12259197235107422,0.35402941703796387,0.21553297340869904,0.2173573076725006,0.21553297340869904,0.2173573076725006,1.0169119834899902,469,1770280,33013,7749,60.055126189282056,1,240,0,0,175.094,-4.153290271759033,-21.11209487915039,21.517192476890642,EXPLORING
6701.243000,RGB_LIDAR,MIXED,run01,RGB_LIDAR,0.1180669367313385,0.34957268834114075,0.21527235209941864,0.22126661241054535,0.21527235209941864,0.22126661241054535,1.4282139539718628,471,1777954,33106,7749,60.41035592343896,1,242,0,0,176.094,-4.144750595092773,-20.96925926208496,21.375404376728167,EXPLORING
6702.245000,RGB_LIDAR,MIXED,run01,RGB_LIDAR,0.11790642142295837,0.3450729250907898,0.21642763912677765,0.21929596364498138,0.21642763912677765,0.21929596364498138,0.9072809815406799,473,1785625,33137,7782,60.538003181013735,1,242,0,0,177.096,-4.146549224853516,-20.920480728149414,21.327904004897896,EXPLORING
6703.247000,RGB_LIDAR,MIXED,run01,RGB_LIDAR,0.12205202877521515,0.3478254973888397,0.21581420302391052,0.21842379868030548,0.21581420302391052,0.21842379868030548,2.5276429653167725,475,1793291,33179,7790,60.88055987334644,1,243,0,0,178.098,-4.355929851531982,-21.050445556640625,21.4968617517121,EXPLORING
6704.243000,RGB_LIDAR,MIXED,run01,RGB_LIDAR,0.12286847084760666,0.3491205871105194,0.2154970020055771,0.2168014645576477,0.2154970020055771,0.2168014645576477,1.9844520092010498,478,1804789,33233,7790,61.32949362175392,1,245,0,0,179.094,-4.295584678649902,-21.104496002197266,21.537672884568536,EXPLORING
6705.243000,RGB_LIDAR,MIXED,run01,RGB_LIDAR,0.11232532560825348,0.34492170810699463,0.21465831995010376,0.21596243977546692,0.21465831995010376,0.21596243977546692,1.8012540340423584,480,1812457,33261,7797,61.73050911176673,1,246,0,0,180.094,-4.33012056350708,-20.957931518554688,21.40103774719477,EXPLORING
6706.246000,RGB_LIDAR,MIXED,run01,RGB_LIDAR,0.11798650026321411,0.3512170910835266,0.21648408472537994,0.21726655960083008,0.21648408472537994,0.21726655960083008,1.1499780416488647,482,1820125,33267,7802,62.12371930707881,1,248,0,0,181.097,-4.174479007720947,-21.24921226501465,21.655821594638184,EXPLORING
6707.244000,RGB_LIDAR,MIXED,run01,RGB_LIDAR,0.12613922357559204,0.35678809881210327,0.2136707603931427,0.21654057502746582,0.2136707603931427,0.21654057502746582,1.450477957725525,484,1827791,33299,7802,62.46992215380065,1,250,0,0,182.095,-4.252169132232666,-21.58176612854004,21.997118372765787,EXPLORING
6708.244000,RGB_LIDAR,MIXED,run01,RGB_LIDAR,0.12739218771457672,0.3585641086101532,0.2177545726299286,0.2185378521680832,0.2177545726299286,0.2185378521680832,1.993499994277954,487,1839286,33331,7814,62.89602984348764,1,252,0,0,183.095,-4.27258825302124,-21.956052780151367,22.368350781835407,EXPLORING
6709.246000,RGB_LIDAR,MIXED,run01,RGB_LIDAR,0.1200551837682724,0.35351571440696716,0.21755027770996094,0.21859493851661682,0.21755027770996094,0.21859493851661682,0.6939949989318848,490,1850775,33361,7814,63.31369346466706,1,254,0,0,184.097,-4.41665506362915,-22.32160186767578,22.754804266034018,EXPLORING
6710.256000,RGB_LIDAR,MIXED,run01,RGB_LIDAR,0.1307765394449234,0.36235636472702026,0.21389396488666534,0.21546095609664917,0.21389396488666534,0.21546095609664917,1.2504090070724487,492,1858433,33379,7823,63.73371983772989,1,255,0,0,185.107,-4.515495777130127,-22.661882400512695,23.10782054804579,EXPLORING
6711.243000,RGB_LIDAR,MIXED,run01,RGB_LIDAR,0.11482926458120346,0.3511258363723755,0.2133333384990692,0.21856209635734558,0.2133333384990692,0.21856209635734558,0.9821450114250183,495,1869908,33413,7825,64.18269342814419,1,255,0,0,186.094,-4.451694011688232,-23.023475646972656,23.450346622110217,EXPLORING
6712.243000,RGB_LIDAR,MIXED,run01,RGB_LIDAR,0.11365897953510284,0.3501219153404236,0.21114599704742432,0.21402406692504883,0.21114599704742432,0.21402406692504883,1.010045051574707,499,1885203,33437,7829,64.43106000886691,1,257,0,0,187.094,-4.490725517272949,-23.219364166259766,23.650082739804,EXPLORING
6713.248000,RGB_LIDAR,MIXED,run01,RGB_LIDAR,0.1148960143327713,0.35112249851226807,0.2212343066930771,0.2196652740240097,0.2212343066930771,0.2196652740240097,1.5515960454940796,501,1892852,33465,7832,64.71368540464978,1,257,0,0,188.099,-4.484622001647949,-23.219158172607422,23.64872197507418,EXPLORING
6714.244000,RGB_LIDAR,MIXED,run01,RGB_LIDAR,0.12526613473892212,0.35957515239715576,0.2133333384990692,0.21673202514648438,0.2133333384990692,0.21673202514648438,4.391002178192139,504,1904327,33483,7833,65.00826460072962,1,259,0,0,189.095,-4.602637767791748,-23.22622299194336,23.67832166605022,EXPLORING
6715.248000,RGB_LIDAR,MIXED,run01,RGB_LIDAR,0.12616358697414398,0.35900190472602844,0.2158912718296051,0.21667538583278656,0.2158912718296051,0.21667538583278656,1.0111470222473145,506,1911980,33514,7842,65.3442970060348,1,259,0,0,190.099,-4.594018459320068,-23.53784942626953,23.9824243563087,EXPLORING
6716.244000,RGB_LIDAR,MIXED,run01,RGB_LIDAR,0.11614346504211426,0.35076865553855896,0.2126045972108841,0.2152196615934372,0.2126045972108841,0.2152196615934372,0.9471870064735413,509,1923456,33537,7842,65.81692530389284,1,261,0,0,191.095,-4.552085876464844,-23.919532775878906,24.34926909941613,EXPLORING
6717.243000,RGB_LIDAR,MIXED,run01,RGB_LIDAR,0.1306251883506775,0.36096635460853577,0.21322184801101685,0.2158348560333252,0.21322184801101685,0.2158348560333252,1.4570590257644653,511,1931108,33585,7852,66.13315911640831,1,263,0,0,192.094,-4.547257900238037,-24.212331771850586,24.636072053633615,EXPLORING
6718.243000,RGB_LIDAR,MIXED,run01,RGB_LIDAR,0.12059041112661362,0.3526937663555145,0.21458442509174347,0.21719811856746674,0.21458442509174347,0.21719811856746674,8.074224472045898,514,1942586,33604,7854,66.5651416556124,1,264,0,0,193.094,-4.571125507354736,-24.59501838684082,25.016630857365513,EXPLORING
6719.247000,RGB_LIDAR,MIXED,run01,RGB_LIDAR,0.11288683861494064,0.34550946950912476,0.21688006818294525,0.2179252654314041,0.21688006818294525,0.2179252654314041,0.8143489956855774,516,1950239,33629,7854,66.94550019148141,1,266,0,0,194.098,-4.659298896789551,-24.879194259643555,25.31215940722308,EXPLORING
6720.248000,RGB_LIDAR,MIXED,run01,RGB_LIDAR,0.11298399418592453,0.34485146403312683,0.2121766358613968,0.2142670452594757,0.2121766358613968,0.2142670452594757,2.776607036590576,518,1957893,33644,7864,67.2716792266022,1,267,0,0,195.099,-4.7569260597229,-25.10634422302246,25.55345857664093,EXPLORING
6721.244000,RGB_LIDAR,MIXED,run01,RGB_LIDAR,0.1269027143716812,0.3521426022052765,0.2141551375389099,0.21572211384773254,0.2141551375389099,0.21572211384773254,0.7768489718437195,521,1969380,33661,7864,67.65501075140466,1,269,0,0,196.095,-4.63947868347168,-25.450197219848633,25.87005084741937,EXPLORING
6722.245000,RGB_LIDAR,MIXED,run01,RGB_LIDAR,0.12064793705940247,0.3473798334598541,0.2100730687379837,0.2118997871875763,0.2100730687379837,0.2118997871875763,1.5205650329589844,523,1977041,33691,7864,68.02037779008452,1,270,0,0,197.096,-4.5610737800598145,-25.698087692260742,26.100138749500836,EXPLORING
6723.243000,RGB_LIDAR,MIXED,run01,RGB_LIDAR,0.12013370543718338,0.34943848848342896,0.21001826226711273,0.20845291018486023,0.21001826226711273,0.20845291018486023,1.3472720384597778,526,1988538,33700,7866,68.29475738494716,1,271,0,0,198.094,-4.5767598152160645,-25.94217300415039,26.343222078708635,EXPLORING
6724.243000,RGB_LIDAR,MIXED,run01,RGB_LIDAR,0.13361938297748566,0.3567971885204315,0.2157016098499298,0.2177882045507431,0.2157016098499298,0.2177882045507431,1.787255048751831,527,1992372,33709,7868,68.69560178189387,1,273,0,0,199.094,-4.594092845916748,-26.316194534301758,26.714607659766305,EXPLORING
6725.246000,RGB_LIDAR,MIXED,run01,RGB_LIDAR,0.13625003397464752,0.35585081577301025,0.21770833432674408,0.21692708134651184,0.21770833432674408,0.21692708134651184,0.9671919941902161,530,2003890,33724,7870,69.11923959993396,1,273,0,0,200.097,-4.628584384918213,-26.641733169555664,27.04123592791944,EXPLORING
6726.243000,RGB_LIDAR,MIXED,run01,RGB_LIDAR,0.13641880452632904,0.35735297203063965,0.2096354216337204,0.21406249701976776,0.2096354216337204,0.21406249701976776,1.0810229778289795,532,2011570,33763,7874,69.41343580582313,1,275,0,0,201.094,-4.690080642700195,-26.91044044494629,27.316508344574675,EXPLORING
6727.244000,RGB_LIDAR,MIXED,run01,RGB_LIDAR,0.1300782710313797,0.3500736951828003,0.2096354216337204,0.21250000596046448,0.2096354216337204,0.21250000596046448,1.2719990015029907,535,2023090,33810,7874,69.78688299044309,1,275,0,0,202.095,-4.759613990783691,-27.203935623168945,27.617590442891178,EXPLORING
6728.243000,RGB_LIDAR,MIXED,run01,RGB_LIDAR,0.12048863619565964,0.3384576737880707,0.21822915971279144,0.21692708134651184,0.21822915971279144,0.21692708134651184,1.4614839553833008,537,2030770,33811,7874,70.20174426014067,1,276,0,0,203.094,-4.612973690032959,-27.537662506103516,27.92177320617534,EXPLORING
6729.243000,RGB_LIDAR,MIXED,run01,RGB_LIDAR,0.11486461758613586,0.3257463574409485,0.21692708134651184,0.21588541567325592,0.21692708134651184,0.21588541567325592,1.4727660417556763,540,2042290,33927,7900,70.51578105467883,1,277,0,0,204.094,-4.657351970672607,-27.45476531982422,27.8474088335056,EXPLORING
6730.243000,RGB_LIDAR,MIXED,run01,RGB_LIDAR,0.13199463486671448,0.345900297164917,0.21979166567325592,0.2161458283662796,0.21979166567325592,0.2161458283662796,1.944767951965332,542,2049970,34117,7969,70.76078286324741,1,279,0,0,205.094,-4.617852210998535,-27.266618728637695,27.655306745936354,EXPLORING
6731.243000,RGB_LIDAR,MIXED,run01,RGB_LIDAR,0.1244373545050621,0.3541674017906189,0.21718749403953552,0.21770833432674408,0.21718749403953552,0.21770833432674408,0.8329139947891235,545,2061490,34255,7969,70.95811368252026,1,280,0,0,206.094,-4.722794055938721,-27.29402732849121,27.700034663278387,EXPLORING
6732.243000,RGB_LIDAR,MIXED,run01,RGB_LIDAR,0.14007610082626343,0.3701418936252594,0.21953125298023224,0.21796874701976776,0.21953125298023224,0.21796874701976776,1.1393940448760986,547,2069170,34345,8053,71.1545877966401,1,281,0,0,207.094,-4.780906677246094,-27.15397071838379,27.57205994958918,EXPLORING
6733.247000,RGB_LIDAR,MIXED,run01,RGB_LIDAR,0.13926087319850922,0.3705328404903412,0.21458333730697632,0.21588541567325592,0.21458333730697632,0.21588541567325592,0.7586439847946167,550,2080690,34379,8065,71.65269577675681,1,282,0,0,208.098,-4.677707672119141,-26.7125244140625,27.119416711110492,EXPLORING
6734.245000,RGB_LIDAR,MIXED,run01,RGB_LIDAR,0.1398661732673645,0.3675776720046997,0.21406249701976776,0.21588541567325592,0.21406249701976776,0.21588541567325592,8.971501350402832,553,2092210,34442,8065,71.96942902875384,1,284,0,0,209.096,-4.467540740966797,-26.50914764404297,26.883379107653436,EXPLORING
6735.249000,RGB_LIDAR,MIXED,run01,RGB_LIDAR,0.13508880138397217,0.3687915503978729,0.21927084028720856,0.21953125298023224,0.21927084028720856,0.21953125298023224,1.1548210382461548,556,2103730,34455,8087,72.33371421943666,1,285,0,0,210.100,-4.310890197753906,-26.248624801635742,26.600673323318297,EXPLORING
6736.243000,RGB_LIDAR,MIXED,run01,RGB_LIDAR,0.12034180015325546,0.3564419448375702,0.2174479216337204,0.21718749403953552,0.2174479216337204,0.21718749403953552,2.19704008102417,558,2111410,34463,8087,72.67565868284976,1,287,0,0,211.094,-4.33250093460083,-25.988658905029297,26.34772560007834,EXPLORING
6737.250000,RGB_LIDAR,MIXED,run01,RGB_LIDAR,0.11026232689619064,0.34594327211380005,0.21848958730697632,0.21822915971279144,0.21848958730697632,0.21822915971279144,12.009496688842773,560,2119090,34474,8087,73.07920113066268,1,289,0,0,212.101,-4.510322570800781,-25.79178237915039,26.183603611364667,EXPLORING
6738.244000,RGB_LIDAR,MIXED,run01,RGB_LIDAR,0.12929752469062805,0.3624725639820099,0.21927084028720856,0.21901041269302368,0.21927084028720856,0.21901041269302368,2.3574349880218506,562,2126770,34493,8090,73.34573065107398,1,290,0,0,213.095,-4.632673263549805,-25.677011489868164,26.09200813109783,EXPLORING
6739.245000,RGB_LIDAR,MIXED,run01,RGB_LIDAR,0.13848565518856049,0.36861976981163025,0.21822915971279144,0.21640625596046448,0.21822915971279144,0.21640625596046448,3.408195972442627,564,2134450,34506,8090,73.61908210987595,1,290,0,0,214.096,-4.639027118682861,-25.426349639892578,25.84650938490816,EXPLORING
6740.246000,RGB_LIDAR,MIXED,run01,RGB_LIDAR,0.13563519716262817,0.36509308218955994,0.21510416269302368,0.21015624701976776,0.21510416269302368,0.21015624701976776,1.5891749858856201,567,2145970,34524,8092,74.05467233236845,1,292,0,0,215.097,-4.558019638061523,-25.054500579833984,25.466161927103062,EXPLORING
6741.245000,RGB_LIDAR,MIXED,run01,RGB_LIDAR,0.13080498576164246,0.35993215441703796,0.22537779808044434,0.2227722704410553,0.22537779808044434,0.2227722704410553,1.6639829874038696,569,2153645,34537,8096,74.4783863186075,1,292,0,0,216.096,-4.625594615936279,-24.69114112854004,25.121115692059504,EXPLORING
6742.243000,RGB_LIDAR,MIXED,run01,RGB_LIDAR,0.12771400809288025,0.3562094271183014,0.2190028727054596,0.21665361523628235,0.2190028727054596,0.21665361523628235,1.0407979488372803,573,2168973,34550,8096,74.88850680837686,1,294,0,0,217.094,-4.667530536651611,-24.3515567779541,24.795281797519564,EXPLORING
6743.243000,RGB_LIDAR,MIXED,run01,RGB_LIDAR,0.10682820528745651,0.3371415138244629,0.22114881873130798,0.2182767689228058,0.22114881873130798,0.2182767689228058,0.691847026348114,576,2180463,34555,8097,75.27842657555163,1,296,0,0,218.094,-4.791709899902344,-24.09613037109375,24.56839487204914,EXPLORING
6744.243000,RGB_LIDAR,MIXED,run01,RGB_LIDAR,0.12573067843914032,0.35231196880340576,0.2188560962677002,0.21755027770996094,0.2188560962677002,0.21755027770996094,0.7153649926185608,579,2191950,34569,8097,75.6109142015818,1,297,0,0,219.094,-4.967705249786377,-23.996030807495117,24.505306193773528,EXPLORING
6745.243000,RGB_LIDAR,MIXED,run01,RGB_LIDAR,0.130057230591774,0.357036828994751,0.2183908075094223,0.21394984424114227,0.2183908075094223,0.21394984424114227,1.0612210035324097,582,2203433,34594,8097,75.90804283262331,1,299,0,0,220.094,-4.933133125305176,-23.718090057373047,24.22613955082355,EXPLORING
6746.244000,RGB_LIDAR,MIXED,run01,RGB_LIDAR,0.12147127836942673,0.3505966067314148,0.2213221788406372,0.21452835202217102,0.2213221788406372,0.21452835202217102,1.0516589879989624,585,2214914,34673,8097,76.3298805305064,1,300,0,0,221.095,-4.890052318572998,-23.353527069091797,23.86046557296588,EXPLORING
6747.243000,RGB_LIDAR,MIXED,run01,RGB_LIDAR,0.11373462527990341,0.341317355632782,0.21807260811328888,0.2125881463289261,0.21807260811328888,0.2125881463289261,1.0920820236206055,588,2226396,34712,8108,76.73202962110821,1,302,0,0,222.094,-5.005381107330322,-23.098085403442383,23.634668385684577,EXPLORING
6748.244000,RGB_LIDAR,MIXED,run01,RGB_LIDAR,0.12915156781673431,0.35426872968673706,0.2196652740240097,0.2160041779279709,0.2196652740240097,0.2160041779279709,0.9544829726219177,591,2237873,34734,8116,77.02319443032634,1,303,0,0,223.095,-5.114969730377197,-22.946502685546875,23.510152520694014,EXPLORING
6749.245000,RGB_LIDAR,MIXED,run01,RGB_LIDAR,0.12963350117206573,0.3569304049015045,0.2194930762052536,0.2179252654314041,0.2194930762052536,0.2179252654314041,1.0900770425796509,593,2245528,34738,8125,77.24990660102542,1,305,0,0,224.096,-5.0886735916137695,-22.77769660949707,23.339672152955515,EXPLORING
6750.245000,RGB_LIDAR,MIXED,run01,RGB_LIDAR,0.1226906105875969,0.34955155849456787,0.22053827345371246,0.21714136004447937,0.22053827345371246,0.21714136004447937,2.0040199756622314,595,2253182,34739,8126,77.52928344531809,1,307,0,0,225.096,-5.092736721038818,-22.552112579345703,23.120464947452366,EXPLORING
6751.245000,RGB_LIDAR,MIXED,run01,RGB_LIDAR,0.12763166427612305,0.3516538441181183,0.21998430788516998,0.21710698306560516,0.21998430788516998,0.21710698306560516,1.4549390077590942,597,2260827,34771,8126,77.83642203132341,1,307,0,0,226.096,-5.176321506500244,-22.275264739990234,22.869279981641302,EXPLORING
6752.246000,RGB_LIDAR,MIXED,run01,RGB_LIDAR,0.12621541321277618,0.3510898947715759,0.21992677450180054,0.218880757689476,0.21992677450180054,0.218880757689476,1.9020600318908691,599,2268476,34775,8140,78.23782075596714,1,308,0,0,227.097,-5.271218299865723,-21.980453491210938,22.60416853390002,EXPLORING
6753.253000,RGB_LIDAR,MIXED,run01,RGB_LIDAR,0.13254140317440033,0.3565855324268341,0.22013071179389954,0.21803921461105347,0.22013071179389954,0.21803921461105347,1.399785041809082,601,2276123,34800,8140,78.52285580846613,1,308,0,0,228.104,-5.283714294433594,-21.718793869018555,22.35276096477502,EXPLORING
6754.243000,RGB_LIDAR,MIXED,run01,RGB_LIDAR,0.12139705568552017,0.347839891910553,0.21981181204319,0.21301621198654175,0.21981181204319,0.21301621198654175,6.335999011993408,603,2283774,34802,8140,78.91492661861675,1,309,0,0,229.094,-5.2559309005737305,-21.33573341369629,21.974084264499563,EXPLORING
6755.243000,RGB_LIDAR,MIXED,run01,RGB_LIDAR,0.12659908831119537,0.35021770000457764,0.21818657219409943,0.21478965878486633,0.21818657219409943,0.21478965878486633,1.563683032989502,606,2295251,34817,8143,79.29464998590062,1,310,0,0,230.094,-5.401556015014648,-21.132200241088867,21.812130165797438,EXPLORING
6756.245000,RGB_LIDAR,MIXED,run01,RGB_LIDAR,0.13254523277282715,0.35569390654563904,0.21769772469997406,0.2161315530538559,0.21769772469997406,0.2161315530538559,1.4861409664154053,609,2306739,34826,8143,79.55487532680941,1,311,0,0,231.096,-5.444339752197266,-20.908248901367188,21.605972522494895,EXPLORING
6757.247000,RGB_LIDAR,MIXED,run01,RGB_LIDAR,0.1340048760175705,0.3552716374397278,0.21769772469997406,0.2161315530538559,0.21769772469997406,0.2161315530538559,1.4861409664154053,609,2306739,34826,8144,79.85262815738447,2,311,0,0,232.098,-5.330044746398926,-20.67045783996582,21.347111294257065,EXPLORING
6758.244000,RGB_LIDAR,MIXED,run01,RGB_LIDAR,0.13403788208961487,0.35531508922576904,0.21715328097343445,0.21976016461849213,0.21715328097343445,0.21976016461849213,0.9444079995155334,612,2318244,34839,8144,79.88972712288395,4,312,0,0,233.095,-5.3422136306762695,-20.667724609375,21.347507408421418,EXPLORING
6759.243000,RGB_LIDAR,MIXED,run01,RGB_LIDAR,0.12725287675857544,0.3515166640281677,0.2178785502910614,0.2183997929096222,0.21871741116046906,0.21845673024654388,4.8336381912231445,614,2325917,34860,8147,79.99277208844704,4,313,0,0,234.094,-5.287929534912109,-20.727216720581055,21.391624215714597,EXPLORING
6760.243000,RGB_LIDAR,MIXED,run01,RGB_LIDAR,0.12550783157348633,0.3542822599411011,0.2173573076725006,0.2181391716003418,0.2173573076725006,0.2181391716003418,2.1592209339141846,617,2337428,34867,8148,80.23453406370045,4,315,0,0,235.094,-5.297866344451904,-20.828369140625,21.492098334259868,EXPLORING
6761.243000,RGB_LIDAR,MIXED,run01,RGB_LIDAR,0.1282753199338913,0.3566092550754547,0.217617928981781,0.2186604142189026,0.217617928981781,0.2186604142189026,0.9699100255966187,620,2348939,34868,8150,80.4846476816317,4,315,0,0,236.094,-5.364412307739258,-20.89274787902832,21.570951958974277,EXPLORING
6762.244000,RGB_LIDAR,MIXED,run01,RGB_LIDAR,0.13470011949539185,0.35915204882621765,0.2192387878894806,0.21793535351753235,0.2192387878894806,0.21793535351753235,1.5514309406280518,623,2360448,34877,8150,80.76042378955505,4,317,0,0,237.095,-5.353951930999756,-21.021526336669922,21.69312180368842,EXPLORING
6763.243000,RGB_LIDAR,MIXED,run01,RGB_LIDAR,0.14380334317684174,0.3632785975933075,0.22184567153453827,0.2208029180765152,0.22184567153453827,0.2208029180765152,1.224166989326477,625,2368120,34895,8157,81.1459824115705,4,318,0,0,238.094,-5.194644451141357,-21.31084632873535,21.935322839543602,EXPLORING
6764.244000,RGB_LIDAR,MIXED,run01,RGB_LIDAR,0.13942398130893707,0.36161839962005615,0.21387584507465363,0.21648408472537994,0.21387584507465363,0.21648408472537994,1.6706490516662598,628,2379627,34903,8157,81.5024592318268,4,320,0,0,239.095,-5.079543113708496,-21.528039932250977,22.11967338697407,EXPLORING
6765.245000,RGB_LIDAR,MIXED,run01,RGB_LIDAR,0.12992830574512482,0.3579656183719635,0.2174706608057022,0.2187744528055191,0.2174706608057022,0.2187744528055191,0.6893159747123718,630,2387297,34913,8158,81.81666897588754,4,322,0,0,240.096,-5.013143062591553,-21.8067569732666,22.37605624142795,EXPLORING
6766.243000,RGB_LIDAR,MIXED,run01,RGB_LIDAR,0.12890875339508057,0.3585231900215149,0.21572211384773254,0.21755027770996094,0.21572211384773254,0.21755027770996094,0.8372640013694763,633,2398793,34916,8159,82.26008959450705,4,323,0,0,241.094,-5.02412748336792,-22.169391632080078,22.73203909061329,EXPLORING
6767.245000,RGB_LIDAR,MIXED,run01,RGB_LIDAR,0.13154123723506927,0.3607984781265259,0.21760711073875427,0.21865203976631165,0.21760711073875427,0.21865203976631165,1.5485810041427612,635,2406451,34943,8159,82.69902008838973,4,324,0,0,242.096,-4.962443828582764,-22.5448055267334,23.084971882028935,EXPLORING
6768.246000,RGB_LIDAR,MIXED,run01,RGB_LIDAR,0.14004090428352356,0.3651179373264313,0.21577847003936768,0.21812957525253296,0.21577847003936768,0.21812957525253296,0.8979269862174988,637,2414107,34949,8159,83.06388032958391,4,326,0,0,243.097,-4.838389873504639,-22.860139846801758,23.367020652663864,EXPLORING
6769.243000,RGB_LIDAR,MIXED,run01,RGB_LIDAR,0.13974818587303162,0.3671405613422394,0.2133333384990692,0.21568627655506134,0.2133333384990692,0.21568627655506134,0.743166983127594,639,2421760,34950,8162,83.46677253979657,4,328,0,0,244.094,-4.736068248748779,-23.19445037841797,23.673495703434416,EXPLORING
6770.245000,RGB_LIDAR,MIXED,run01,RGB_LIDAR,0.14070957899093628,0.36718448996543884,0.21611721813678741,0.21742543578147888,0.21611721813678741,0.21742543578147888,1.3491840362548828,642,2433233,34952,8162,83.86770562493203,4,329,0,0,245.096,-4.680776596069336,-23.54075813293457,24.002051947926734,EXPLORING
6771.245000,RGB_LIDAR,MIXED,run01,RGB_LIDAR,0.13351230323314667,0.36244115233421326,0.2152196615934372,0.2162656933069229,0.2152196615934372,0.2162656933069229,0.9654420018196106,646,2448534,34964,8162,84.26226919320837,4,330,0,0,246.096,-4.600484371185303,-23.871004104614258,24.310712980863553,EXPLORING
6772.245000,RGB_LIDAR,MIXED,run01,RGB_LIDAR,0.13077421486377716,0.36119741201400757,0.2104025036096573,0.21693675220012665,0.2104025036096573,0.21693675220012665,0.8696550130844116,649,2460011,34973,8162,84.62722362897627,4,332,0,0,247.096,-4.591872692108154,-24.21794319152832,24.649861318417752,EXPLORING
6773.246000,RGB_LIDAR,MIXED,run01,RGB_LIDAR,0.12686410546302795,0.3565710186958313,0.2159477174282074,0.21568627655506134,0.2159477174282074,0.21568627655506134,1.0398279428482056,652,2471492,34983,8163,85.0663284424654,4,333,0,0,248.097,-4.637051105499268,-24.586441040039062,25.020335502226548,EXPLORING
6774.248000,RGB_LIDAR,MIXED,run01,RGB_LIDAR,0.1220770925283432,0.35207200050354004,0.21551723778247833,0.21734587848186493,0.21551723778247833,0.21734587848186493,0.7877330183982849,654,2479146,34991,8163,85.44300495252621,4,334,0,0,249.099,-4.649022579193115,-24.916292190551758,25.34673663311279,EXPLORING
6775.299000,RGB_LIDAR,MIXED,run01,RGB_LIDAR,0.11360566318035126,0.3483803868293762,0.209715336561203,0.21389396488666534,0.209715336561203,0.21389396488666534,0.8252080082893372,658,2494460,34997,8164,85.78499363829353,4,335,0,0,250.150,-4.742971897125244,-25.17450714111328,25.617844665506556,EXPLORING
6776.243000,RGB_LIDAR,MIXED,run01,RGB_LIDAR,0.14018701016902924,0.35838478803634644,0.21311047673225403,0.21467746794223785,0.21311047673225403,0.21467746794223785,1.300987958908081,659,2498289,34999,8164,86.0719319007119,4,337,0,0,251.094,-4.7693610191345215,-25.42599105834961,25.869873791244032,EXPLORING
6777.245000,RGB_LIDAR,MIXED,run01,RGB_LIDAR,0.12575770914554596,0.3509536385536194,0.21378229558467865,0.2171756774187088,0.21378229558467865,0.2171756774187088,0.8864150047302246,660,2502120,35000,8164,86.34139084388603,4,339,0,0,252.096,-4.737924098968506,-25.629106521606445,26.063798196162377,EXPLORING
6778.244000,RGB_LIDAR,MIXED,run01,RGB_LIDAR,0.1347314864397049,0.3580282926559448,0.2047470062971115,0.21152843534946442,0.2047470062971115,0.21152843534946442,1.825340986251831,662,2509787,35012,8164,86.82993218374877,4,340,0,0,253.095,-4.614833354949951,-26.074119567871094,26.47978148131517,EXPLORING
6779.245000,RGB_LIDAR,MIXED,run01,RGB_LIDAR,0.1316082775592804,0.35028553009033203,0.21990619599819183,0.21860343217849731,0.21990619599819183,0.21860343217849731,1.822556972503662,665,2521298,35022,8166,87.27207710838678,4,342,0,0,254.096,-4.607585906982422,-26.4549560546875,26.853623927368016,EXPLORING
6780.243000,RGB_LIDAR,MIXED,run01,RGB_LIDAR,0.11841833591461182,0.3382461965084076,0.21990619599819183,0.21860343217849731,0.21990619599819183,0.21860343217849731,1.822556972503662,665,2521298,35022,8169,87.61697474500683,4,344,0,0,255.094,-4.482822418212891,-26.70284080505371,27.076923130271485,EXPLORING
6781.243000,RGB_LIDAR,MIXED,run01,RGB_LIDAR,0.11591099947690964,0.3423653244972229,0.20937499403953552,0.21302083134651184,0.20937499403953552,0.21302083134651184,2.004621982574463,667,2528978,35025,8169,87.85389048219778,4,345,0,0,256.094,-4.499176979064941,-26.841733932495117,27.216607709612322,EXPLORING
6782.245000,RGB_LIDAR,MIXED,run01,RGB_LIDAR,0.1131349727511406,0.34389981627464294,0.21822915971279144,0.21718749403953552,0.21822915971279144,0.21718749403953552,1.7023710012435913,668,2532818,35025,8169,88.16841940132109,4,345,0,0,257.096,-4.536941051483154,-27.032758712768555,27.411247931122407,EXPLORING
6783.243000,RGB_LIDAR,MIXED,run01,RGB_LIDAR,0.1282680779695511,0.3523332178592682,0.21796874701976776,0.21666666865348816,0.21796874701976776,0.21666666865348816,5.626544952392578,670,2540498,35054,8169,88.55340194328552,4,346,0,0,258.094,-4.45219087600708,-27.243709564208984,27.605510796750888,EXPLORING
6784.243000,RGB_LIDAR,MIXED,run01,RGB_LIDAR,0.11627575010061264,0.35331112146377563,0.21718749403953552,0.2161458283662796,0.21718749403953552,0.2161458283662796,1.712501049041748,671,2544338,35055,8171,88.8871213175861,4,346,0,0,259.094,-4.467118263244629,-27.073577880859375,27.440048158412733,EXPLORING
6785.258000,RGB_LIDAR,MIXED,run01,RGB_LIDAR,0.085764080286026,0.3207933306694031,0.21796874701976776,0.21536459028720856,0.21796874701976776,0.21536459028720856,1.633631944656372,673,2552018,35079,8178,89.13881621614163,4,348,0,0,260.109,-4.584846496582031,-27.056123733520508,27.44225598806662,EXPLORING
6786.245000,RGB_LIDAR,MIXED,run01,RGB_LIDAR,0.13100162148475647,0.36426302790641785,0.21901041269302368,0.21666666865348816,0.21901041269302368,0.21666666865348816,2.955617904663086,675,2559698,35107,8178,89.4611178102861,4,348,0,0,261.096,-4.7265143394470215,-26.99829864501953,27.409326186922033,EXPLORING
6787.245000,RGB_LIDAR,MIXED,run01,RGB_LIDAR,0.1239670068025589,0.34878015518188477,0.21822915971279144,0.21822915971279144,0.21822915971279144,0.21822915971279144,1.390733003616333,677,2567378,35118,8190,89.79245268980715,4,349,0,0,262.096,-4.649089813232422,-27.297395706176758,27.690880711807523,EXPLORING
6788.248000,RGB_LIDAR,MIXED,run01,RGB_LIDAR,0.13109645247459412,0.36402034759521484,0.2083333283662796,0.2122395783662796,0.2083333283662796,0.2122395783662796,1.1663860082626343,678,2571218,35120,8190,90.08440554892779,4,350,0,0,263.099,-4.74130392074585,-27.550777435302734,27.95619184684867,EXPLORING
6789.246000,RGB_LIDAR,MIXED,run01,RGB_LIDAR,0.126743346452713,0.3655979335308075,0.20390625298023224,0.21171875298023224,0.20390625298023224,0.21171875298023224,1.0969209671020508,680,2578898,35125,8190,90.42744183161078,4,352,0,0,264.097,-5.015100479125977,-27.6550235748291,28.10650550302722,EXPLORING
6790.243000,RGB_LIDAR,MIXED,run01,RGB_LIDAR,0.11736025661230087,0.3580315411090851,0.21822915971279144,0.21718749403953552,0.21822915971279144,0.21718749403953552,0.6432759761810303,682,2586578,35151,8196,90.80512009705353,4,353,0,0,265.094,-5.349036693572998,-27.720352172851562,28.23216373848802,EXPLORING
6791.243000,RGB_LIDAR,MIXED,run01,RGB_LIDAR,0.12568558752536774,0.3619016110897064,0.21848958730697632,0.21718749403953552,0.21848958730697632,0.21718749403953552,1.7229249477386475,685,2598098,35215,8231,91.11728070718438,4,355,0,0,266.094,-5.621838569641113,-27.81075096130371,28.37373095512682,EXPLORING
6792.244000,RGB_LIDAR,MIXED,run01,RGB_LIDAR,0.12580254673957825,0.356398344039917,0.21953125298023224,0.21875,0.21953125298023224,0.21875,4.718632221221924,687,2605778,35444,8231,91.40647717022775,4,356,0,0,267.095,-5.542778968811035,-27.924880981445312,28.47010532396224,EXPLORING
6793.243000,RGB_LIDAR,MIXED,run01,RGB_LIDAR,0.12339916080236435,0.3468365967273712,0.21796874701976776,0.2174479216337204,0.21796874701976776,0.2174479216337204,1.4969520568847656,690,2617298,35844,8244,91.70975903571721,4,358,0,0,268.094,-5.386681079864502,-27.948331832885742,28.46314680172278,EXPLORING
6794.243000,RGB_LIDAR,MIXED,run01,RGB_LIDAR,0.1287192553281784,0.340827614068985,0.2174479216337204,0.21562500298023224,0.2174479216337204,0.21562500298023224,0.6570619940757751,692,2624978,36120,8456,92.04057918127609,4,360,0,0,269.094,-5.307260990142822,-27.864582061767578,28.365945425370615,EXPLORING
6795.249000,RGB_LIDAR,MIXED,run01,RGB_LIDAR,0.12352637946605682,0.33849215507507324,0.21927084028720856,0.2174479216337204,0.21927084028720856,0.2174479216337204,8.441213607788086,695,2636498,36296,8476,92.32639255278892,4,362,0,0,270.100,-5.305599689483643,-27.786579132080078,28.28901267890871,EXPLORING
6796.243000,RGB_LIDAR,MIXED,run01,RGB_LIDAR,0.13651271164417267,0.3537312150001526,0.21822915971279144,0.21666666865348816,0.21822915971279144,0.21666666865348816,2.326596975326538,698,2648018,36486,8476,92.64065736391284,4,364,0,0,271.094,-5.196676731109619,-27.733657836914062,28.216764561239838,EXPLORING
6797.245000,RGB_LIDAR,MIXED,run01,RGB_LIDAR,0.13685767352581024,0.3595786392688751,0.21640625596046448,0.21666666865348816,0.21640625596046448,0.21666666865348816,0.6315770149230957,700,2655698,36584,8500,93.02513583033668,4,365,0,0,272.096,-4.8759236335754395,-27.661916732788086,28.088788043108185,EXPLORING
6798.251000,RGB_LIDAR,MIXED,run01,RGB_LIDAR,0.13057617843151093,0.35936740040779114,0.21588541567325592,0.2174479216337204,0.21588541567325592,0.2174479216337204,1.0285240411758423,702,2663378,36619,8518,93.4421855821218,4,366,0,0,273.102,-4.574678421020508,-27.470727920532227,27.84944322457641,EXPLORING
6799.243000,RGB_LIDAR,MIXED,run01,RGB_LIDAR,0.1389906257390976,0.36467358469963074,0.21484375,0.21822915971279144,0.21484375,0.21822915971279144,2.2541539669036865,705,2674898,36672,8518,93.84086453652162,4,367,0,0,274.094,-4.270543575286865,-27.28655433654785,27.619117765517032,EXPLORING
6800.243000,RGB_LIDAR,MIXED,run01,RGB_LIDAR,0.1342662125825882,0.36265379190444946,0.21458333730697632,0.21692708134651184,0.21458333730697632,0.21692708134651184,1.2624640464782715,707,2682578,36684,8524,94.24093575547913,4,367,0,0,275.094,-3.967495918273926,-27.100826263427734,27.390090354353774,EXPLORING
6801.244000,RGB_LIDAR,MIXED,run01,RGB_LIDAR,0.13811303675174713,0.36432215571403503,0.21588541567325592,0.21666666865348816,0.21588541567325592,0.21666666865348816,1.974128007888794,709,2690258,36705,8525,94.65875952989242,4,369,0,0,276.095,-3.694753646850586,-26.845794677734375,27.09923154162777,EXPLORING
6802.250000,RGB_LIDAR,MIXED,run01,RGB_LIDAR,0.13673150539398193,0.36292508244514465,0.21588541567325592,0.21718749403953552,0.21588541567325592,0.21718749403953552,1.4318499565124512,710,2694098,36706,8527,95.09061177458472,4,370,0,0,277.101,-3.3756022453308105,-26.665061950683594,26.878240277558668,EXPLORING
6803.244000,RGB_LIDAR,MIXED,run01,RGB_LIDAR,0.1307424008846283,0.35773444175720215,0.21796874701976776,0.21770833432674408,0.21796874701976776,0.21770833432674408,1.5816129446029663,714,2709458,36720,8527,95.43945598770297,4,372,0,0,278.095,-3.1393516063690186,-26.469379425048828,26.655252481208937,EXPLORING
6804.245000,RGB_LIDAR,MIXED,run01,RGB_LIDAR,0.1392112821340561,0.35618576407432556,0.21901041269302368,0.21927084028720856,0.21901041269302368,0.21927084028720856,1.9509390592575073,716,2717138,36721,8529,95.79302130745388,4,374,0,0,279.096,-2.854113817214966,-26.363962173461914,26.518344968127934,EXPLORING
6805.247000,RGB_LIDAR,MIXED,run01,RGB_LIDAR,0.1335078775882721,0.3604366183280945,0.21250000596046448,0.21718749403953552,0.21250000596046448,0.21718749403953552,1.2430249452590942,718,2724818,36721,8530,96.24128144460096,4,374,0,0,280.098,-2.5229437351226807,-26.22419548034668,26.345605720561263,EXPLORING
6806.244000,RGB_LIDAR,MIXED,run01,RGB_LIDAR,0.12453991919755936,0.3585168719291687,0.21536459028720856,0.21875,0.21536459028720856,0.21875,2.236074924468994,720,2732498,36723,8530,96.53474541111136,4,376,0,0,281.095,-2.508338451385498,-25.96442985534668,26.08563783994797,EXPLORING
6807.246000,RGB_LIDAR,MIXED,run01,RGB_LIDAR,0.12184102088212967,0.35586342215538025,0.21458333730697632,0.2161458283662796,0.21458333730697632,0.2161458283662796,1.0547529458999634,722,2740178,36726,8530,96.98326741911431,4,377,0,0,282.097,-2.5018839836120605,-25.967870712280273,26.088442654396808,EXPLORING
6808.243000,RGB_LIDAR,MIXED,run01,RGB_LIDAR,0.14205165207386017,0.36207062005996704,0.21536459028720856,0.21536459028720856,0.21536459028720856,0.21536459028720856,1.0665910243988037,724,2747858,36731,8530,97.44416059566903,4,379,0,0,283.094,-2.403862953186035,-26.02884292602539,26.139933228101476,EXPLORING
6809.243000,RGB_LIDAR,MIXED,run01,RGB_LIDAR,0.14750432968139648,0.36773186922073364,0.21770833432674408,0.2200520783662796,0.21770833432674408,0.21848958730697632,1.2553989887237549,727,2759378,36750,8530,97.79673868563796,4,380,0,0,284.094,-2.12363862991333,-25.901779174804688,25.989000373785355,EXPLORING
6810.246000,RGB_LIDAR,MIXED,run01,RGB_LIDAR,0.14586886763572693,0.3709571361541748,0.21796874701976776,0.2174479216337204,0.21796874701976776,0.2174479216337204,1.5345330238342285,730,2770898,36756,8530,98.17648309710088,4,381,0,0,285.097,-1.903180480003357,-25.658607482910156,25.729394018989122,EXPLORING
6811.244000,RGB_LIDAR,MIXED,run01,RGB_LIDAR,0.14932529628276825,0.36966684460639954,0.21406249701976776,0.21536459028720856,0.21406249701976776,0.21536459028720856,0.6832659840583801,733,2782418,36758,8530,98.57222410563065,4,382,0,0,286.095,-1.6611195802688599,-25.391765594482422,25.44633263951122,EXPLORING
6812.243000,RGB_LIDAR,MIXED,run01,RGB_LIDAR,0.1428101658821106,0.3681521415710449,0.21562500298023224,0.21692708134651184,0.21562500298023224,0.21692708134651184,0.8335850238800049,736,2793938,36766,8530,98.93909884174467,4,384,0,0,287.094,-1.3672709465026855,-25.208873748779297,25.24620172743411,EXPLORING
6813.243000,RGB_LIDAR,MIXED,run01,RGB_LIDAR,0.12944409251213074,0.3534759283065796,0.2161458283662796,0.21718749403953552,0.2161458283662796,0.21718749403953552,1.5107860565185547,738,2801618,36772,8530,99.34027101736669,4,384,0,0,288.094,-1.1748818159103394,-24.919998168945312,24.947946024957204,EXPLORING
6814.243000,RGB_LIDAR,MIXED,run01,RGB_LIDAR,0.134031742811203,0.3566592335700989,0.2161458283662796,0.2174479216337204,0.2161458283662796,0.2174479216337204,5.9452009201049805,741,2813138,36774,8530,99.5918494896023,4,386,0,0,289.094,-1.1024850606918335,-24.785612106323242,24.810384088714635,EXPLORING
6815.243000,RGB_LIDAR,MIXED,run01,RGB_LIDAR,0.1255987137556076,0.3580980896949768,0.21692708134651184,0.21458333730697632,0.21692708134651184,0.21458333730697632,1.5013819932937622,744,2824658,36777,8530,99.83979140901432,4,388,0,0,290.094,-1.022460699081421,-24.64472198486328,24.66618346340126,EXPLORING
6816.243000,RGB_LIDAR,MIXED,run01,RGB_LIDAR,0.14193229377269745,0.3700806796550751,0.21536459028720856,0.21796874701976776,0.21536459028720856,0.21796874701976776,1.4588769674301147,747,2836178,36778,8530,100.14576052574307,4,389,0,0,291.094,-0.9228887557983398,-24.414331436157227,24.43202441813008,EXPLORING
6817.246000,RGB_LIDAR,MIXED,run01,RGB_LIDAR,0.1284736543893814,0.36127302050590515,0.21406249701976776,0.21640625596046448,0.21406249701976776,0.21640625596046448,1.2473750114440918,750,2847698,36780,8530,100.58826679676186,4,390,0,0,292.097,-0.7145350575447083,-24.121421813964844,24.132248586828847,EXPLORING
6818.243000,RGB_LIDAR,MIXED,run01,RGB_LIDAR,0.1349537968635559,0.3640919327735901,0.21927084028720856,0.21848958730697632,0.21927084028720856,0.21848958730697632,0.8732290267944336,752,2855378,36792,8530,100.93683311259848,4,392,0,0,293.094,-0.5522236227989197,-23.859312057495117,23.865939725574247,EXPLORING
6819.243000,RGB_LIDAR,MIXED,run01,RGB_LIDAR,0.12791281938552856,0.35971975326538086,0.2161458283662796,0.21718749403953552,0.2161458283662796,0.21718749403953552,3.1465940475463867,754,2863058,36794,8530,101.33766384605771,4,394,0,0,294.094,-0.2992642819881439,-23.639617919921875,23.6417369719905,EXPLORING
6820.244000,RGB_LIDAR,MIXED,run01,RGB_LIDAR,0.13384677469730377,0.36397528648376465,0.21770833432674408,0.21875,0.21770833432674408,0.21875,1.50599205493927,757,2874578,36807,8530,101.66562032586238,4,395,0,0,295.095,-0.1474895477294922,-23.369848251342773,23.370530612969993,EXPLORING
6821.243000,RGB_LIDAR,MIXED,run01,RGB_LIDAR,0.12556706368923187,0.3567969501018524,0.21860343217849731,0.217300683259964,0.21860343217849731,0.217300683259964,1.6544779539108276,759,2882256,36808,8532,102.0748319184639,4,397,0,0,296.094,0.1344238966703415,-23.18071937561035,23.181310964547816,EXPLORING
6822.244000,RGB_LIDAR,MIXED,run01,RGB_LIDAR,0.13493646681308746,0.36287954449653625,0.21303780376911163,0.21434159576892853,0.21303780376911163,0.21434159576892853,1.2653390169143677,761,2889929,36818,8532,102.41330882402312,4,399,0,0,297.095,0.3056505024433136,-22.89899444580078,22.90122662409722,EXPLORING
6823.246000,RGB_LIDAR,MIXED,run01,RGB_LIDAR,0.13123498857021332,0.3581421375274658,0.2198747992515564,0.21961398422718048,0.2198747992515564,0.21961398422718048,1.7508209943771362,763,2897597,36821,8536,102.82496769114897,4,401,0,0,298.097,0.5956671833992004,-22.715412139892578,22.723397171071362,EXPLORING
6824.243000,RGB_LIDAR,MIXED,run01,RGB_LIDAR,0.1257459819316864,0.3549932837486267,0.212105393409729,0.21471431851387024,0.212105393409729,0.21471431851387024,6.405564785003662,765,2905264,36826,8538,103.23050299168807,4,403,0,0,299.094,0.8243703246116638,-22.451066970825195,22.466359823874935,EXPLORING
6825.244000,RGB_LIDAR,MIXED,run01,RGB_LIDAR,0.12301900237798691,0.35053691267967224,0.2172323763370514,0.216187983751297,0.2172323763370514,0.216187983751297,1.3136650323867798,768,2916758,36831,8538,103.55015297071921,4,404,0,0,300.095,0.9803813099861145,-22.22289276123047,22.244661254044665,EXPLORING
6826.246000,RGB_LIDAR,MIXED,run01,RGB_LIDAR,0.12359363585710526,0.34986576437950134,0.21508744359016418,0.21560950577259064,0.21508744359016418,0.21560950577259064,0.6900479793548584,770,2924418,36845,8539,103.78350436021803,4,406,0,0,301.097,1.0486985445022583,-22.213912963867188,22.238803194724024,EXPLORING
6827.243000,RGB_LIDAR,MIXED,run01,RGB_LIDAR,0.11955580115318298,0.3459263741970062,0.21562990546226501,0.21510715782642365,0.21562990546226501,0.21510715782642365,9.658217430114746,773,2935899,36850,8542,104.0902207852874,4,406,0,0,302.094,1.185888409614563,-22.121335983276367,22.153241870602905,EXPLORING
6828.246000,RGB_LIDAR,MIXED,run01,RGB_LIDAR,0.11458703130483627,0.34163743257522583,0.209989532828331,0.21234309673309326,0.209989532828331,0.21234309673309326,0.9747719764709473,776,2947369,36863,8543,104.35281798424205,4,408,0,0,303.097,1.3387539386749268,-22.114505767822266,22.15512426450086,EXPLORING
6829.243000,RGB_LIDAR,MIXED,run01,RGB_LIDAR,0.12323913723230362,0.3481805920600891,0.21277152001857758,0.2135566622018814,0.21277152001857758,0.2135566622018814,1.2935190200805664,779,2958838,36893,8543,104.65273183395341,4,408,0,0,304.094,1.5239379405975342,-22.015087127685547,22.06789178212807,EXPLORING
6830.243000,RGB_LIDAR,MIXED,run01,RGB_LIDAR,0.1292661875486374,0.35109320282936096,0.2112012505531311,0.21329495310783386,0.2112012505531311,0.21329495310783386,0.9792439937591553,782,2970303,36896,8548,104.98462045191587,4,410,0,0,305.094,1.8079779148101807,-21.87586784362793,21.950558308047558,EXPLORING
6831.244000,RGB_LIDAR,MIXED,run01,RGB_LIDAR,0.12293968349695206,0.34719666838645935,0.21297749876976013,0.20983777940273285,0.21297749876976013,0.20983777940273285,1.0015079975128174,785,2981771,36911,8550,105.42972633069611,4,412,0,0,306.095,2.1542375087738037,-21.810306549072266,21.916522323250504,EXPLORING
6832.243000,RGB_LIDAR,MIXED,run01,RGB_LIDAR,0.1274755597114563,0.348827987909317,0.21155858039855957,0.21338912844657898,0.21155858039855957,0.21338912844657898,0.6926569938659668,788,2993241,36920,8553,105.76718875105097,4,414,0,0,307.094,2.443629264831543,-21.708168029785156,21.845339489870685,EXPLORING
6833.243000,RGB_LIDAR,MIXED,run01,RGB_LIDAR,0.12107893824577332,0.3430935740470886,0.21193093061447144,0.21480900049209595,0.21193093061447144,0.21480900049209595,1.2209359407424927,790,3000887,36924,8553,106.19041196140738,4,415,0,0,308.094,2.817056894302368,-21.738109588623047,21.91992865165752,EXPLORING
6834.244000,RGB_LIDAR,MIXED,run01,RGB_LIDAR,0.11819508671760559,0.34313422441482544,0.2105676233768463,0.21109077334403992,0.2105676233768463,0.21109077334403992,1.374081015586853,793,3012350,36933,8553,106.63430818993157,4,417,0,0,309.095,3.1965115070343018,-21.730775833129883,21.96463993272631,EXPLORING
6835.243000,RGB_LIDAR,MIXED,run01,RGB_LIDAR,0.12018144875764847,0.34463241696357727,0.21497774124145508,0.2120974063873291,0.21497774124145508,0.2120974063873291,0.7580379843711853,795,3019991,36946,8553,106.99430897059491,4,419,0,0,310.094,3.443643569946289,-21.62205696105957,21.89457624185526,EXPLORING
6836.257000,RGB_LIDAR,MIXED,run01,RGB_LIDAR,0.12635628879070282,0.3492104411125183,0.20639078319072723,0.20848612487316132,0.20639078319072723,0.20848612487316132,1.0728509426116943,798,3031448,36954,8559,107.28703266819782,4,421,0,0,311.108,3.6458981037139893,-21.5631046295166,21.869155561748975,EXPLORING
6837.248000,RGB_LIDAR,MIXED,run01,RGB_LIDAR,0.12267742305994034,0.34094876050949097,0.2083769589662552,0.20968586206436157,0.2083769589662552,0.20968586206436157,2.091594934463501,800,3039087,36970,8559,107.58190001391935,4,422,0,0,312.099,3.834345579147339,-21.617965698242188,21.95536631326166,EXPLORING
6838.245000,RGB_LIDAR,MIXED,run01,RGB_LIDAR,0.1289905607700348,0.3494103252887726,0.21078816056251526,0.20895522832870483,0.21078816056251526,0.20895522832870483,1.6125869750976562,802,3046724,36977,8560,107.97486718412098,4,424,0,0,313.096,4.211941242218018,-21.638389587402344,22.0444750765363,EXPLORING
6839.258000,RGB_LIDAR,MIXED,run01,RGB_LIDAR,0.13323906064033508,0.3512950837612152,0.21523958444595337,0.21497774124145508,0.21523958444595337,0.21497774124145508,6.617465972900391,805,3058181,36992,8563,108.36336173270544,4,426,0,0,314.109,4.533816814422607,-21.605836868286133,22.076353697545112,EXPLORING
6840.243000,RGB_LIDAR,MIXED,run01,RGB_LIDAR,0.12585802376270294,0.34760239720344543,0.2064904421567917,0.2077990025281906,0.2064904421567917,0.2077990025281906,7.4265241622924805,806,3062002,37052,8563,108.76225638427607,4,428,0,0,315.094,4.891767978668213,-21.6724910736084,22.217630567114394,EXPLORING
6841.243000,RGB_LIDAR,MIXED,run01,RGB_LIDAR,0.1307394653558731,0.3485935926437378,0.20775477588176727,0.2111606001853943,0.20775477588176727,0.2111606001853943,0.87465900182724,808,3069639,37078,8590,109.19329610760018,4,430,0,0,316.094,5.269579887390137,-21.70530891418457,22.335729718381483,EXPLORING
6842.244000,RGB_LIDAR,MIXED,run01,RGB_LIDAR,0.1345404088497162,0.3522358536720276,0.20979569852352142,0.20979569852352142,0.20979569852352142,0.20979569852352142,3.9009079933166504,810,3077278,37094,8594,109.50561660501536,4,431,0,0,317.095,5.52780294418335,-21.66228675842285,22.35635312072815,EXPLORING
6843.243000,RGB_LIDAR,MIXED,run01,RGB_LIDAR,0.12248507142066956,0.3376120924949646,0.20979569852352142,0.20979569852352142,0.20979569852352142,0.20979569852352142,3.9009079933166504,810,3077278,37094,8594,109.78638300210861,4,432,0,0,318.094,5.766177654266357,-21.76668357849121,22.51737149140946,EXPLORING
6844.244000,RGB_LIDAR,MIXED,run01,RGB_LIDAR,0.1267557442188263,0.3431417644023895,0.21492145955562592,0.21387434005737305,0.21492145955562592,0.21387434005737305,2.452035903930664,812,3084917,37105,8594,110.17699690864409,4,434,0,0,319.095,6.082037925720215,-21.953201293945312,22.779996084074906,EXPLORING
6845.249000,RGB_LIDAR,MIXED,run01,RGB_LIDAR,0.11546263098716736,0.3290478587150574,0.21329495310783386,0.21381837129592896,0.21329495310783386,0.21381837129592896,1.8024009466171265,815,3096379,37119,8597,110.57960090938013,4,435,0,0,320.100,6.417375087738037,-22.075239181518555,22.988955840009623,EXPLORING
6846.257000,RGB_LIDAR,MIXED,run01,RGB_LIDAR,0.124515600502491,0.33399567008018494,0.21187548339366913,0.21501438319683075,0.21187548339366913,0.21501438319683075,1.1869620084762573,818,3107842,37158,8598,110.9152551233689,4,437,0,0,321.108,6.684554576873779,-22.19093894958496,23.175711964971594,EXPLORING
6847.243000,RGB_LIDAR,MIXED,run01,RGB_LIDAR,0.13174442946910858,0.34257784485816956,0.21978595852851868,0.21482641994953156,0.21978595852851868,0.21482641994953156,0.8503149747848511,820,3115494,37184,8598,111.05952365243913,4,438,0,0,322.094,6.622064590454102,-22.165666580200195,23.133552334751272,EXPLORING
6848.243000,RGB_LIDAR,MIXED,run01,RGB_LIDAR,0.11848210543394089,0.34470975399017334,0.2142484337091446,0.21633611619472504,0.2142484337091446,0.21633611619472504,1.2996419668197632,823,3126996,37208,8602,111.36833434583193,4,440,0,0,323.094,6.652785301208496,-22.05238914489746,23.033888608139318,EXPLORING
6849.243000,RGB_LIDAR,MIXED,run01,RGB_LIDAR,0.11819571256637573,0.3407544493675232,0.2169835865497589,0.21880698204040527,0.2169835865497589,0.21880698204040527,2.6917779445648193,825,3134674,37278,8609,111.68996054199053,4,441,0,0,324.094,6.74484395980835,-21.76362419128418,22.784655197562763,EXPLORING
6850.245000,RGB_LIDAR,MIXED,run01,RGB_LIDAR,0.12690111994743347,0.35071492195129395,0.2219327986240387,0.22167231142520905,0.2219327986240387,0.22167231142520905,1.14472496509552,827,3142353,37304,8618,112.10256263804823,6,441,0,0,325.096,6.783944129943848,-21.58257293701172,22.623470858283905,EXPLORING
6851.243000,RGB_LIDAR,MIXED,run01,RGB_LIDAR,0.1277545988559723,0.3511960804462433,0.21069100499153137,0.21851368248462677,0.21069100499153137,0.21851368248462677,0.6713359951972961,830,3153860,37380,8627,112.15200196113567,8,441,0,0,326.094,6.803566932678223,-21.59688377380371,22.643011059815475,EXPLORING
6852.243000,RGB_LIDAR,MIXED,run01,RGB_LIDAR,0.12773136794567108,0.3511855900287628,0.21919958293437958,0.21736855804920197,0.21919958293437958,0.21736855804920197,1.4865189790725708,833,3165344,37403,8644,112.15990973412137,10,441,0,0,327.094,6.804035186767578,-21.594640731811523,22.641012326302114,EXPLORING
6853.243000,RGB_LIDAR,MIXED,run01,RGB_LIDAR,0.11644583195447922,0.3431118130683899,0.21073298156261444,0.21073298156261444,0.21073298156261444,0.21073298156261444,1.3905539512634277,837,3180624,37478,8652,112.16431873781833,10,442,0,0,328.094,6.804530143737793,-21.594364166259766,22.640897262944353,EXPLORING
6854.243000,RGB_LIDAR,MIXED,run01,RGB_LIDAR,0.10975981503725052,0.32782435417175293,0.21099476516246796,0.21099476516246796,0.21099476516246796,0.21099476516246796,1.758484959602356,839,3188264,37480,8668,112.29199881584186,10,444,0,0,329.094,6.710536479949951,-21.61251449584961,22.63016481784724,EXPLORING
6855.245000,RGB_LIDAR,MIXED,run01,RGB_LIDAR,0.11850574612617493,0.3424127995967865,0.2133507877588272,0.21256545186042786,0.2133507877588272,0.21256545186042786,1.4108409881591797,840,3192084,37481,8668,112.54997726436808,10,445,0,0,330.096,6.638293266296387,-21.680570602416992,22.673918166661537,EXPLORING
6856.243000,RGB_LIDAR,MIXED,run01,RGB_LIDAR,0.12789444625377655,0.3577665686607361,0.2130890041589737,0.21256545186042786,0.2130890041589737,0.21256545186042786,1.0055580139160156,842,3199724,37482,8668,112.7456744648493,10,446,0,0,331.094,6.504307270050049,-21.677810668945312,22.63241718974883,EXPLORING
6857.257000,RGB_LIDAR,MIXED,run01,RGB_LIDAR,0.12056034058332443,0.34068092703819275,0.21867643296718597,0.21579910814762115,0.21867643296718597,0.21579910814762115,1.8758729696273804,843,3203547,37496,8668,113.03431300160418,10,448,0,0,332.108,6.407602310180664,-21.596397399902344,22.52675686613646,EXPLORING
6858.246000,RGB_LIDAR,MIXED,run01,RGB_LIDAR,0.12140857428312302,0.35392212867736816,0.21458442509174347,0.2177208513021469,0.21458442509174347,0.2177208513021469,1.3048479557037354,846,3215018,37536,8668,113.45331933966689,10,450,0,0,333.097,6.48442268371582,-21.574081420898438,22.527351206527232,EXPLORING
6859.243000,RGB_LIDAR,MIXED,run01,RGB_LIDAR,0.13069526851177216,0.36091479659080505,0.21454735100269318,0.21873365342617035,0.21454735100269318,0.21873365342617035,1.6567809581756592,848,3222663,37565,8671,113.71733073193111,10,452,0,0,334.094,6.272918224334717,-21.643796920776367,22.534347811598042,EXPLORING
6860.243000,RGB_LIDAR,MIXED,run01,RGB_LIDAR,0.12280457466840744,0.3505530059337616,0.21288295090198517,0.21785807609558105,0.21288295090198517,0.21785807609558105,1.1176669597625732,851,3234127,37663,8673,114.00799653636336,10,453,0,0,335.094,6.074183940887451,-21.568777084350586,22.407626013545453,EXPLORING
6861.243000,RGB_LIDAR,MIXED,run01,RGB_LIDAR,0.12848277390003204,0.36105939745903015,0.21628698706626892,0.21838177740573883,0.21628698706626892,0.21838177740573883,0.9991269707679749,853,3241770,37685,8682,114.3325502510131,10,455,0,0,336.094,5.8529276847839355,-21.501300811767578,22.28356056809152,EXPLORING
6862.245000,RGB_LIDAR,MIXED,run01,RGB_LIDAR,0.1276438683271408,0.35949286818504333,0.21841485798358917,0.21606068313121796,0.21841485798358917,0.21606068313121796,1.9274870157241821,856,3253239,37751,8682,114.75489410568049,10,457,0,0,337.096,5.5085554122924805,-21.508642196655273,22.202727480542823,EXPLORING
6863.244000,RGB_LIDAR,MIXED,run01,RGB_LIDAR,0.1180478185415268,0.35355862975120544,0.2135566622018814,0.2169589102268219,0.2135566622018814,0.2169589102268219,1.1035979986190796,859,3264699,37763,8693,115.17831094031271,10,457,0,0,338.095,5.128034591674805,-21.465131759643555,22.069091239788957,EXPLORING
6864.243000,RGB_LIDAR,MIXED,run01,RGB_LIDAR,0.11609640717506409,0.34791216254234314,0.21753926575183868,0.21884816884994507,0.21753926575183868,0.21884816884994507,1.2480969429016113,861,3272336,37779,8700,115.4124208885872,10,458,0,0,339.094,4.964620590209961,-21.364782333374023,21.93394437557906,EXPLORING
6865.262000,RGB_LIDAR,MIXED,run01,RGB_LIDAR,0.1244313195347786,0.35313892364501953,0.21727748215198517,0.22015707194805145,0.21727748215198517,0.22015707194805145,0.6302220225334167,864,3283793,37792,8701,115.71142914250773,10,460,0,0,340.113,4.746334075927734,-21.25527000427246,21.77868737197045,EXPLORING
6866.243000,RGB_LIDAR,MIXED,run01,RGB_LIDAR,0.13071978092193604,0.36152395606040955,0.2171293944120407,0.2231534868478775,0.2171293944120407,0.2231534868478775,0.8716520071029663,867,3295246,37806,8701,116.03363798801176,10,461,0,0,341.094,4.462838649749756,-21.135713577270508,21.60168995362174,EXPLORING
6867.243000,RGB_LIDAR,MIXED,run01,RGB_LIDAR,0.11651087552309036,0.3554047644138336,0.2166055589914322,0.21870088577270508,0.2166055589914322,0.21870088577270508,1.848708987236023,870,3306703,37823,8701,116.49522201240579,10,463,0,0,342.094,4.079456806182861,-21.069326400756836,21.46059421897198,EXPLORING
6868.269000,RGB_LIDAR,MIXED,run01,RGB_LIDAR,0.12033560127019882,0.3573146462440491,0.21047119796276093,0.21230366826057434,0.21047119796276093,0.21230366826057434,0.6567649841308594,872,3314343,37824,8701,116.84426576394216,10,464,0,0,343.120,4.132844924926758,-21.079540252685547,21.480826724774264,EXPLORING
6869.243000,RGB_LIDAR,MIXED,run01,RGB_LIDAR,0.12034239619970322,0.34865817427635193,0.2169242799282074,0.21875818073749542,0.2169242799282074,0.21875818073749542,1.9376859664916992,874,3321978,37840,8703,117.07741350092692,10,465,0,0,344.094,4.0354814529418945,-21.005062103271484,21.389166624774564,EXPLORING
6870.243000,RGB_LIDAR,MIXED,run01,RGB_LIDAR,0.12919333577156067,0.3630851209163666,0.21686747670173645,0.2166055589914322,0.21686747670173645,0.2166055589914322,1.117097020149231,877,3333433,37866,8703,117.41271291033542,10,467,0,0,345.094,3.8296396732330322,-20.861967086791992,21.210539112300776,EXPLORING
6871.246000,RGB_LIDAR,MIXED,run01,RGB_LIDAR,0.13176506757736206,0.3672938346862793,0.21843896806240082,0.21974855661392212,0.21843896806240082,0.21974855661392212,1.4673889875411987,879,3341071,37905,8707,117.8074021989451,10,468,0,0,346.097,3.5088274478912354,-20.885934829711914,21.178623981380095,EXPLORING
6872.245000,RGB_LIDAR,MIXED,run01,RGB_LIDAR,0.119440458714962,0.35916173458099365,0.2133507877588272,0.21518324315547943,0.2133507877588272,0.21518324315547943,1.8147579431533813,881,3348711,37915,8714,118.18581763753149,10,468,0,0,347.096,3.1851189136505127,-20.933290481567383,21.17423980132502,EXPLORING
6873.243000,RGB_LIDAR,MIXED,run01,RGB_LIDAR,0.11868356168270111,0.35562220215797424,0.21817705035209656,0.2218438982963562,0.21817705035209656,0.2218438982963562,1.7010070085525513,883,3356349,37927,8714,118.44174939556879,10,470,0,0,348.094,3.001584529876709,-20.943031311035156,21.15706338191743,EXPLORING
6874.243000,RGB_LIDAR,MIXED,run01,RGB_LIDAR,0.11644343286752701,0.35128962993621826,0.21832460165023804,0.21963350474834442,0.21832460165023804,0.21963350474834442,1.7368789911270142,886,3367806,37936,8717,118.74274687434767,10,471,0,0,349.094,2.7603352069854736,-20.88751220703125,21.0691589001492,EXPLORING
6875.244000,RGB_LIDAR,MIXED,run01,RGB_LIDAR,0.11614060401916504,0.3497312366962433,0.2193717211484909,0.22015707194805145,0.2193717211484909,0.22015707194805145,2.9267749786376953,887,3371626,37938,8717,119.01336023119451,10,473,0,0,350.095,2.542677402496338,-20.80816078186035,20.962993919283,EXPLORING
6876.244000,RGB_LIDAR,MIXED,run01,RGB_LIDAR,0.11794218420982361,0.35127002000808716,0.21995286643505096,0.21969102323055267,0.21995286643505096,0.21969102323055267,0.9201629757881165,889,3379264,37945,8717,119.25794539371053,10,474,0,0,351.095,2.347136974334717,-20.740642547607422,20.87309550569354,EXPLORING
6877.243000,RGB_LIDAR,MIXED,run01,RGB_LIDAR,0.12655726075172424,0.35896891355514526,0.217072531580925,0.21759623289108276,0.217072531580925,0.21759623289108276,0.754073977470398,892,3390722,37959,8718,119.62390417787934,10,475,0,0,352.094,2.0055794715881348,-20.717992782592773,20.814928015821966,EXPLORING
6878.243000,RGB_LIDAR,MIXED,run01,RGB_LIDAR,0.13054513931274414,0.3617442548274994,0.2178010493516922,0.2193717211484909,0.2178010493516922,0.2193717211484909,4.794849872589111,894,3398359,37963,8718,120.02181599313849,10,476,0,0,353.094,1.650611400604248,-20.676006317138672,20.74189669730231,EXPLORING
6879.245000,RGB_LIDAR,MIXED,run01,RGB_LIDAR,0.12779903411865234,0.36173108220100403,0.21652719378471375,0.2178347259759903,0.21652719378471375,0.2178347259759903,0.5984839797019958,897,3409836,37967,8719,120.4354339521185,10,477,0,0,354.096,1.2698019742965698,-20.661575317382812,20.700689846584847,EXPLORING
6880.243000,RGB_LIDAR,MIXED,run01,RGB_LIDAR,0.12374500185251236,0.35918423533439636,0.21714136004447937,0.21818657219409943,0.21714136004447937,0.21818657219409943,0.6875,899,3417491,37971,8719,120.7728786583233,10,478,0,0,355.094,0.955205500125885,-20.669883728027344,20.69209434972556,EXPLORING
6881.243000,RGB_LIDAR,MIXED,run01,RGB_LIDAR,0.1348053365945816,0.36422523856163025,0.2172323763370514,0.2185378521680832,0.2172323763370514,0.2185378521680832,0.953154981136322,903,3432808,37986,8719,121.1609564837624,10,479,0,0,356.094,0.5995749831199646,-20.680700302124023,20.689562721572845,EXPLORING
6882.244000,RGB_LIDAR,MIXED,run01,RGB_LIDAR,0.1374928206205368,0.36821356415748596,0.2185378521680832,0.219321146607399,0.2185378521680832,0.219321146607399,1.3120510578155518,905,3440467,38003,8719,121.59197990438022,10,480,0,0,357.095,0.2713032066822052,-20.627426147460938,20.629402875431182,EXPLORING
6883.245000,RGB_LIDAR,MIXED,run01,RGB_LIDAR,0.1339799016714096,0.3612052798271179,0.2169712781906128,0.2177545726299286,0.2169712781906128,0.2177545726299286,1.016605019569397,908,3451957,38009,8719,121.94926542114794,10,481,0,0,358.096,0.009290032088756561,-20.54643440246582,20.54664502085217,EXPLORING
6884.243000,RGB_LIDAR,MIXED,run01,RGB_LIDAR,0.12315794825553894,0.3574487268924713,0.216187983751297,0.2180156707763672,0.216187983751297,0.2180156707763672,2.334299087524414,910,3459618,38016,8719,122.26116490491657,10,482,0,0,359.094,-0.2142767757177353,-20.4039306640625,20.405277958072507,EXPLORING
6885.243000,RGB_LIDAR,MIXED,run01,RGB_LIDAR,0.13145339488983154,0.36520761251449585,0.21637122333049774,0.21819603443145752,0.21637122333049774,0.21819603443145752,7.7738871574401855,916,3482621,38028,8719,122.66280849501997,10,484,0,0,360.094,-0.5466158390045166,-20.50577735900879,20.51330383156739,EXPLORING
6886.245000,RGB_LIDAR,MIXED,run01,RGB_LIDAR,0.11657437682151794,0.3544456362724304,0.21709668636322021,0.2181391716003418,0.21709668636322021,0.2181391716003418,1.4775899648666382,917,3486458,38029,8719,123.06919571251566,10,485,0,0,361.096,-0.8843353986740112,-20.53658676147461,20.55588094460702,EXPLORING
6887.243000,RGB_LIDAR,MIXED,run01,RGB_LIDAR,0.1191798523068428,0.35690221190452576,0.2200208604335785,0.21897810697555542,0.2200208604335785,0.21897810697555542,1.095824956893921,920,3497967,38032,8719,123.32918697742804,10,487,0,0,362.094,-1.081676959991455,-20.581871032714844,20.61054944867073,EXPLORING
6888.244000,RGB_LIDAR,MIXED,run01,RGB_LIDAR,0.13605910539627075,0.3679334819316864,0.21903520822525024,0.2179921716451645,0.21903520822525024,0.2179921716451645,1.1363019943237305,922,3505638,38034,8719,123.6171112579513,10,487,0,0,363.095,-1.345038890838623,-20.553070068359375,20.597324411689325,EXPLORING
6889.243000,RGB_LIDAR,MIXED,run01,RGB_LIDAR,0.12420301139354706,0.36040428280830383,0.2157016098499298,0.21674491465091705,0.2157016098499298,0.21674491465091705,11.873319625854492,924,3513307,38036,8719,124.06525868799729,10,489,0,0,364.094,-1.7254453897476196,-20.606050491333008,20.678476853601357,EXPLORING
6890.245000,RGB_LIDAR,MIXED,run01,RGB_LIDAR,0.1344427913427353,0.3648356795310974,0.21955671906471252,0.22059974074363708,0.21955671906471252,0.22059974074363708,1.4975730180740356,926,3520976,38039,8719,124.4541361639869,10,491,0,0,365.096,-2.0855793952941895,-20.558326721191406,20.664177817320663,EXPLORING
6891.245000,RGB_LIDAR,MIXED,run01,RGB_LIDAR,0.13073763251304626,0.35546520352363586,0.2192387878894806,0.21871741116046906,0.2192387878894806,0.21871741116046906,1.021731972694397,927,3524812,38041,8719,124.83245820199708,10,492,0,0,366.096,-2.373277187347412,-20.348377227783203,20.486662419227613,EXPLORING
6892.245000,RGB_LIDAR,MIXED,run01,RGB_LIDAR,0.13190923631191254,0.3636907935142517,0.21845673024654388,0.2192387878894806,0.21845673024654388,0.2192387878894806,1.2486629486083984,930,3536319,38049,8719,125.23866846007907,10,493,0,0,367.096,-2.687558889389038,-20.175254821777344,20.353845561954316,EXPLORING
6893.246000,RGB_LIDAR,MIXED,run01,RGB_LIDAR,0.12067567557096481,0.3571133017539978,0.21981747448444366,0.21955671906471252,0.21981747448444366,0.21955671906471252,0.8972300291061401,932,3543989,38050,8720,125.56737295000467,10,495,0,0,368.097,-2.984417200088501,-20.157548904418945,20.377669325908954,EXPLORING
6894.244000,RGB_LIDAR,MIXED,run01,RGB_LIDAR,0.122536800801754,0.3530775308609009,0.2200208604335785,0.21793535351753235,0.2200208604335785,0.21793535351753235,1.2269419431686401,934,3551661,38055,8721,125.80440651698419,10,496,0,0,369.095,-3.1403801441192627,-20.084089279174805,20.328523599845457,EXPLORING
6895.243000,RGB_LIDAR,MIXED,run01,RGB_LIDAR,0.11271269619464874,0.3498536944389343,0.21510416269302368,0.21588541567325592,0.21510416269302368,0.21588541567325592,6.819631099700928,936,3559341,38055,8721,126.11280076778178,10,498,0,0,370.094,-3.3382163047790527,-20.01654815673828,20.293412631241345,EXPLORING
6896.243000,RGB_LIDAR,MIXED,run01,RGB_LIDAR,0.1297556757926941,0.36053892970085144,0.21927084028720856,0.21953125298023224,0.21927084028720856,0.21953125298023224,1.078974962234497,939,3570861,38056,8721,126.44216350551437,10,499,0,0,371.094,-3.504847288131714,-20.08139991760254,20.38538026323986,EXPLORING
6897.243000,RGB_LIDAR,MIXED,run01,RGB_LIDAR,0.12479420751333237,0.3528905510902405,0.21640625596046448,0.21718749403953552,0.21640625596046448,0.21718749403953552,1.4211180210113525,941,3578541,38067,8721,126.85968387758312,10,501,0,0,372.094,-3.7973859310150146,-19.835391998291016,20.196056415890563,EXPLORING
6898.244000,RGB_LIDAR,MIXED,run01,RGB_LIDAR,0.13459241390228271,0.36288365721702576,0.2161458283662796,0.21770833432674408,0.2161458283662796,0.21770833432674408,0.7467439770698547,943,3586221,38073,8721,127.20547504658606,10,503,0,0,373.095,-4.037817478179932,-19.66261863708496,20.073386586537143,EXPLORING
6899.245000,RGB_LIDAR,MIXED,run01,RGB_LIDAR,0.12966686487197876,0.3578491806983948,0.21770833432674408,0.21536459028720856,0.21770833432674408,0.21536459028720856,1.190392017364502,946,3597741,38080,8724,127.60838338749622,10,504,0,0,374.096,-4.3332839012146,-19.447179794311523,19.924585481706856,EXPLORING
6900.243000,RGB_LIDAR,MIXED,run01,RGB_LIDAR,0.11882860958576202,0.3484611213207245,0.21562500298023224,0.2161458283662796,0.21562500298023224,0.2161458283662796,1.145895004272461,949,3609261,38086,8724,127.99214070471152,10,506,0,0,375.094,-4.600831508636475,-19.21921730041504,19.762729883293833,EXPLORING
6901.243000,RGB_LIDAR,MIXED,run01,RGB_LIDAR,0.11673440039157867,0.34856173396110535,0.2161458283662796,0.21510416269302368,0.2161458283662796,0.21510416269302368,10.45777702331543,952,3620781,38093,8725,128.26458507217558,10,507,0,0,376.094,-4.674627780914307,-19.139997482299805,19.703079148636167,EXPLORING
6902.243000,RGB_LIDAR,MIXED,run01,RGB_LIDAR,0.11123824864625931,0.34315168857574463,0.21640625596046448,0.21640625596046448,0.21640625596046448,0.21640625596046448,1.0196980237960815,954,3628461,38099,8725,128.52122706686342,10,509,0,0,377.094,-4.614654064178467,-19.17383575439453,19.721829363613484,EXPLORING
6903.246000,RGB_LIDAR,MIXED,run01,RGB_LIDAR,0.11843033134937286,0.3448995351791382,0.21718749403953552,0.21796874701976776,0.21718749403953552,0.21796874701976776,0.9606599807739258,955,3632301,38099,8725,128.85346711491715,10,509,0,0,378.097,-4.557608604431152,-19.287349700927734,19.81900863906728,EXPLORING
6904.243000,RGB_LIDAR,MIXED,run01,RGB_LIDAR,0.1138804629445076,0.3441612720489502,0.22604165971279144,0.22343750298023224,0.22604165971279144,0.22343750298023224,0.9673600196838379,958,3643821,38104,8725,129.10347142136928,10,510,0,0,379.094,-4.524656772613525,-19.273061752319336,19.79754501702771,EXPLORING
6905.243000,RGB_LIDAR,MIXED,run01,RGB_LIDAR,0.11488278955221176,0.34814295172691345,0.21979166567325592,0.21770833432674408,0.21979166567325592,0.21770833432674408,2.2231359481811523,960,3651501,38113,8725,129.41020088411267,10,512,0,0,380.094,-4.354827880859375,-19.324739456176758,19.8098217769959,EXPLORING
6906.243000,RGB_LIDAR,MIXED,run01,RGB_LIDAR,0.13147680461406708,0.36014360189437866,0.2096354216337204,0.21510416269302368,0.2096354216337204,0.21510416269302368,1.7516779899597168,963,3663021,38116,8725,129.71904010046757,10,514,0,0,381.094,-4.3937177658081055,-19.510353088378906,19.99944414454048,EXPLORING
6907.244000,RGB_LIDAR,MIXED,run01,RGB_LIDAR,0.12717199325561523,0.3572336435317993,0.2135416716337204,0.21666666865348816,0.2135416716337204,0.21666666865348816,1.1152939796447754,965,3670701,38150,8732,130.13233273991455,10,515,0,0,382.095,-4.251805782318115,-19.815587997436523,20.26707393571137,EXPLORING
6908.243000,RGB_LIDAR,MIXED,run01,RGB_LIDAR,0.13219334185123444,0.3598687946796417,0.21458333730697632,0.21640625596046448,0.21458333730697632,0.21640625596046448,4.1225810050964355,967,3678381,38171,8732,130.42521503241554,10,516,0,0,383.094,-4.193493843078613,-20.08424186706543,20.517822362185694,EXPLORING
6909.244000,RGB_LIDAR,MIXED,run01,RGB_LIDAR,0.1282089799642563,0.3570953607559204,0.21796874701976776,0.21953125298023224,0.21796874701976776,0.21953125298023224,1.3762890100479126,970,3689901,38177,8737,130.8390342429007,10,518,0,0,384.095,-4.34675407409668,-20.44698143005371,20.90437101491601,EXPLORING
6910.243000,RGB_LIDAR,MIXED,run01,RGB_LIDAR,0.13129979372024536,0.3593878746032715,0.21250000596046448,0.21562500298023224,0.21250000596046448,0.21562500298023224,0.9571700096130371,972,3697581,38193,8737,131.27321769776128,10,520,0,0,385.094,-4.352212429046631,-20.821962356567383,21.27241045961221,EXPLORING
6911.243000,RGB_LIDAR,MIXED,run01,RGB_LIDAR,0.12508933246135712,0.3559257686138153,0.21510416269302368,0.21770833432674408,0.21510416269302368,0.21770833432674408,1.034872055053711,975,3709101,38201,8738,131.65879713535892,10,522,0,0,386.094,-4.274139881134033,-21.152814865112305,21.580763867984395,EXPLORING
6912.243000,RGB_LIDAR,MIXED,run01,RGB_LIDAR,0.12875176966190338,0.3583771288394928,0.21495570242404938,0.21677957475185394,0.21495570242404938,0.21677957475185394,1.225327968597412,977,3716777,38202,8738,132.03385537176464,10,523,0,0,387.094,-4.251030921936035,-21.51227378845215,21.92872090891431,EXPLORING
6913.245000,RGB_LIDAR,MIXED,run01,RGB_LIDAR,0.12884172797203064,0.3595120906829834,0.2166319042444229,0.21767465770244598,0.2166319042444229,0.21767465770244598,5.697595119476318,979,3724449,38204,8738,132.41349357992704,10,524,0,0,388.096,-4.2604804039001465,-21.851364135742188,22.26327888000746,EXPLORING
6914.275000,RGB_LIDAR,MIXED,run01,RGB_LIDAR,0.12733308970928192,0.3594374358654022,0.215665802359581,0.2185378521680832,0.215665802359581,0.2185378521680832,1.1572259664535522,981,3732113,38205,8738,132.7893505043161,10,526,0,0,389.126,-4.2346014976501465,-22.214645385742188,22.61508755963711,EXPLORING
6915.265000,RGB_LIDAR,MIXED,run01,RGB_LIDAR,0.1286095827817917,0.36127281188964844,0.21490195393562317,0.21673202514648438,0.21490195393562317,0.21673202514648438,3.334031105041504,983,3739767,38206,8738,133.1711567297342,10,527,0,0,390.116,-4.284416675567627,-22.552364349365234,22.956164651047455,EXPLORING
6916.244000,RGB_LIDAR,MIXED,run01,RGB_LIDAR,0.1238253265619278,0.3582928776741028,0.2171637862920761,0.2182103544473648,0.2171637862920761,0.2182103544473648,0.6643059849739075,988,3758888,38207,8738,133.5778571350402,10,529,0,0,391.095,-4.32196569442749,-22.895153045654297,23.299952554417175,EXPLORING
6917.246000,RGB_LIDAR,MIXED,run01,RGB_LIDAR,0.1268831193447113,0.35909008979797363,0.21710698306560516,0.21815328299999237,0.21710698306560516,0.21815328299999237,1.9655989408493042,989,3762711,38208,8738,133.93532567790712,10,531,0,0,392.097,-4.189371109008789,-23.14881134033203,23.52527237306015,EXPLORING
6918.243000,RGB_LIDAR,MIXED,run01,RGB_LIDAR,0.13439232110977173,0.36610615253448486,0.21664050221443176,0.2171637862920761,0.21664050221443176,0.2171637862920761,1.0690289735794067,992,3774181,38208,8738,134.22275011028975,10,532,0,0,393.094,-4.101853370666504,-23.36227035522461,23.72005251572527,EXPLORING
6919.245000,RGB_LIDAR,MIXED,run01,RGB_LIDAR,0.12058088928461075,0.35685256123542786,0.21585556864738464,0.21768707036972046,0.21585556864738464,0.21768707036972046,0.7680050134658813,995,3785649,38208,8738,134.5608076808007,10,533,0,0,394.096,-4.314084053039551,-23.54395294189453,23.93636692374553,EXPLORING
6920.243000,RGB_LIDAR,MIXED,run01,RGB_LIDAR,0.13436545431613922,0.3641200363636017,0.21719811856746674,0.21824359893798828,0.21719811856746674,0.21824359893798828,0.9501379728317261,997,3793300,38208,8738,134.92831038857088,10,535,0,0,395.094,-4.229285717010498,-23.649559020996094,24.025173299713515,EXPLORING
6921.243000,RGB_LIDAR,MIXED,run01,RGB_LIDAR,0.133293017745018,0.35967305302619934,0.21688006818294525,0.2194930762052536,0.21688006818294525,0.2194930762052536,1.2706530094146729,1000,3804780,38212,8738,135.27902460739006,10,537,0,0,396.094,-4.172999858856201,-23.96466827392578,24.32570033895136,EXPLORING
6922.243000,RGB_LIDAR,MIXED,run01,RGB_LIDAR,0.13738638162612915,0.3620584011077881,0.21562990546226501,0.21719811856746674,0.21562990546226501,0.21719811856746674,1.252308964729309,1002,3812432,38248,8758,135.5132330134721,10,538,0,0,397.094,-4.179330348968506,-24.03166961669922,24.392794719651473,EXPLORING
6923.243000,RGB_LIDAR,MIXED,run01,RGB_LIDAR,0.1401853859424591,0.3621175289154053,0.2213221788406372,0.22184479236602783,0.2213221788406372,0.22184479236602783,1.0971970558166504,1005,3823912,38251,8758,135.60840319626647,10,539,0,0,398.094,-4.152167797088623,-23.963356018066406,24.32084127169688,EXPLORING
6924.245000,RGB_LIDAR,MIXED,run01,RGB_LIDAR,0.1324811428785324,0.3626461923122406,0.22053827345371246,0.22001567482948303,0.22053827345371246,0.22001567482948303,0.8289690017700195,1008,3835392,38268,8758,135.855427770844,11,540,0,0,399.096,-4.14756965637207,-23.951093673706055,24.307973932623188,EXPLORING
6925.243000,RGB_LIDAR,MIXED,run01,RGB_LIDAR,0.1406489759683609,0.36691373586654663,0.21911726891994476,0.21911726891994476,0.21911726891994476,0.21911726891994476,2.7002320289611816,1010,3843048,38275,8758,136.021966773479,11,542,0,0,400.094,-4.1697587966918945,-23.905529022216797,24.26688313552494,EXPLORING
6926.246000,RGB_LIDAR,MIXED,run01,RGB_LIDAR,0.15170057117938995,0.3711030185222626,0.21928907930850983,0.21850496530532837,0.21928907930850983,0.21850496530532837,1.180351972579956,1011,3846874,38275,8759,136.381082798674,11,543,0,0,401.097,-3.8413610458374023,-23.89325523376465,24.200481107916545,EXPLORING
6927.244000,RGB_LIDAR,MIXED,run01,RGB_LIDAR,0.14754728972911835,0.3686002194881439,0.21536852419376373,0.2161526381969452,0.21536852419376373,0.2161526381969452,1.1520090103149414,1013,3854525,38282,8759,136.7546138923276,11,544,0,0,402.095,-3.5029618740081787,-23.82146644592285,24.07803388593823,EXPLORING
6928.244000,RGB_LIDAR,MIXED,run01,RGB_LIDAR,0.14125891029834747,0.3653095066547394,0.2147335410118103,0.21551723778247833,0.2147335410118103,0.21551723778247833,3.0320420265197754,1014,3858353,38284,8759,137.1144524144865,11,545,0,0,403.095,-3.1827774047851562,-23.74918556213379,23.961881546151094,EXPLORING
6929.246000,RGB_LIDAR,MIXED,run01,RGB_LIDAR,0.14912167191505432,0.36822983622550964,0.21516339480876923,0.21620914340019226,0.21516339480876923,0.21620914340019226,1.6770600080490112,1016,3866006,38284,8759,137.51589705990426,11,547,0,0,404.097,-2.8196792602539062,-23.818531036376953,23.985204070858586,EXPLORING
6930.244000,RGB_LIDAR,MIXED,run01,RGB_LIDAR,0.14291390776634216,0.365431547164917,0.21557354927062988,0.2158348560333252,0.21557354927062988,0.2158348560333252,0.8117200136184692,1017,3869833,38285,8759,137.94622792051277,11,548,0,0,405.095,-2.469026803970337,-23.78020477294922,23.908373910207548,EXPLORING
6931.243000,RGB_LIDAR,MIXED,run01,RGB_LIDAR,0.14481861889362335,0.36777400970458984,0.21490195393562317,0.21437908709049225,0.21490195393562317,0.21437908709049225,1.0801379680633545,1019,3877485,38286,8759,138.35229934584794,11,549,0,0,406.094,-2.193579912185669,-23.593425750732422,23.695503287633688,EXPLORING
6932.243000,RGB_LIDAR,MIXED,run01,RGB_LIDAR,0.12452378869056702,0.35534656047821045,0.21452835202217102,0.21505095064640045,0.21452835202217102,0.21505095064640045,10.768210411071777,1023,3892791,38291,8759,138.63110121745044,11,550,0,0,407.094,-2.0585572719573975,-23.42067527770996,23.511287153389265,EXPLORING
6933.244000,RGB_LIDAR,MIXED,run01,RGB_LIDAR,0.12930729985237122,0.3568018972873688,0.2160961627960205,0.2158348560333252,0.2160961627960205,0.2158348560333252,3.560318946838379,1026,3904269,38300,8759,138.85117362889198,11,551,0,0,408.095,-1.97164785861969,-23.3930721282959,23.476326913966105,EXPLORING
6934.243000,RGB_LIDAR,MIXED,run01,RGB_LIDAR,0.13306842744350433,0.3608591556549072,0.21490195393562317,0.21437908709049225,0.21490195393562317,0.21437908709049225,1.1948649883270264,1029,3915745,38303,8759,139.15048930785636,11,553,0,0,409.094,-1.816931962966919,-23.33804702758789,23.40897216628039,EXPLORING
6935.244000,RGB_LIDAR,MIXED,run01,RGB_LIDAR,0.14342381060123444,0.36453837156295776,0.21536852419376373,0.213800311088562,0.21536852419376373,0.213800311088562,0.998852014541626,1031,3923395,38316,8759,139.4008094685957,11,554,0,0,410.095,-1.5899373292922974,-23.33111572265625,23.385520921837216,EXPLORING
6936.243000,RGB_LIDAR,MIXED,run01,RGB_LIDAR,0.14365868270397186,0.3652131259441376,0.21914225816726685,0.22071129083633423,0.21914225816726685,0.22071129083633423,0.7944790124893188,1035,3938698,38348,8762,139.81481656956802,11,555,0,0,411.094,-1.234402060508728,-23.328166961669922,23.36107789066206,EXPLORING
6937.243000,RGB_LIDAR,MIXED,run01,RGB_LIDAR,0.14532813429832458,0.36560747027397156,0.21353894472122192,0.21484579145908356,0.21353894472122192,0.21484579145908356,1.5521479845046997,1037,3946349,38366,8771,140.25194068938418,11,555,0,0,412.094,-0.8747000694274902,-23.244739532470703,23.2614470923242,EXPLORING
6938.243000,RGB_LIDAR,MIXED,run01,RGB_LIDAR,0.14231683313846588,0.36173757910728455,0.2179252654314041,0.21452835202217102,0.2179252654314041,0.21452835202217102,0.9639959931373596,1040,3957830,38366,8777,140.5979415919399,11,557,0,0,413.094,-0.5694783926010132,-23.160465240478516,23.167705171401508,EXPLORING
6939.243000,RGB_LIDAR,MIXED,run01,RGB_LIDAR,0.1372915655374527,0.3575817942619324,0.2110762745141983,0.21551723778247833,0.2110762745141983,0.21551723778247833,0.8845949769020081,1043,3969314,38366,8777,140.98649433198608,11,558,0,0,414.094,-0.20882442593574524,-23.183088302612305,23.184249107368775,EXPLORING
6940.245000,RGB_LIDAR,MIXED,run01,RGB_LIDAR,0.13624699413776398,0.363003134727478,0.2123824506998062,0.21394984424114227,0.2123824506998062,0.21394984424114227,6.426053047180176,1045,3976970,38373,8777,141.37926428879325,11,560,0,0,415.096,0.11707744002342224,-23.09134864807129,23.091848192693778,EXPLORING
6941.243000,RGB_LIDAR,MIXED,run01,RGB_LIDAR,0.11953843384981155,0.35278332233428955,0.2120104432106018,0.214360311627388,0.2120104432106018,0.214360311627388,1.1953439712524414,1047,3984628,38373,8777,141.72250088402947,11,562,0,0,416.094,0.24663884937763214,-22.82764434814453,22.82917227577299,EXPLORING
6942.243000,RGB_LIDAR,MIXED,run01,RGB_LIDAR,0.1321089118719101,0.3588898181915283,0.21064996719360352,0.21221613883972168,0.21064996719360352,0.21221613883972168,1.296731948852539,1049,3992291,38376,8777,142.00856508107333,11,563,0,0,417.094,0.44225141406059265,-22.641414642333984,22.645918097448945,EXPLORING
6943.243000,RGB_LIDAR,MIXED,run01,RGB_LIDAR,0.13284985721111298,0.3575836420059204,0.21111690998077393,0.2142484337091446,0.21111690998077393,0.2142484337091446,1.269798994064331,1051,3999954,38377,8777,142.40993688917388,11,565,0,0,418.094,0.7808829545974731,-22.510440826416016,22.52414675417118,EXPLORING
6944.243000,RGB_LIDAR,MIXED,run01,RGB_LIDAR,0.12275739014148712,0.3508617579936981,0.21587052941322327,0.21560950577259064,0.21587052941322327,0.21560950577259064,2.4446120262145996,1053,4007616,38378,8777,142.8056653557677,11,566,0,0,419.094,1.0260332822799683,-22.289552688598633,22.31330682167953,EXPLORING
6945.253000,RGB_LIDAR,MIXED,run01,RGB_LIDAR,0.12547536194324493,0.3453780710697174,0.21728910505771637,0.21546095609664917,0.21728910505771637,0.21546095609664917,2.8020989894866943,1054,4011445,38379,8777,143.11068797276135,11,567,0,0,420.104,1.1362017393112183,-22.133203506469727,22.162492397860127,EXPLORING
6946.257000,RGB_LIDAR,MIXED,run01,RGB_LIDAR,0.12947331368923187,0.3518414795398712,0.21128231287002563,0.21572211384773254,0.21128231287002563,0.21572211384773254,1.3700610399246216,1056,4019103,38390,8780,143.41745456101737,11,568,0,0,421.108,1.423284649848938,-22.05017852783203,22.096193744470227,EXPLORING
6947.243000,RGB_LIDAR,MIXED,run01,RGB_LIDAR,0.1310269683599472,0.35216331481933594,0.21641400456428528,0.21536852419376373,0.21641400456428528,0.21536852419376373,1.0296640396118164,1058,4026756,38391,8780,143.84223202163176,11,569,0,0,422.094,1.7334566116333008,-21.887880325317383,21.956525228117382,EXPLORING
6948.243000,RGB_LIDAR,MIXED,run01,RGB_LIDAR,0.11933458596467972,0.3431227207183838,0.2160041779279709,0.2144351452589035,0.2160041779279709,0.2144351452589035,1.5332629680633545,1061,4038229,38394,8780,144.28126066469514,11,570,0,0,423.094,2.0908734798431396,-21.8050479888916,21.905153857164134,EXPLORING
6949.243000,RGB_LIDAR,MIXED,run01,RGB_LIDAR,0.13063029944896698,0.35098588466644287,0.21224810183048248,0.21224810183048248,0.21224810183048248,0.21224810183048248,1.3342970609664917,1063,4045872,38399,8780,144.68720564788174,11,572,0,0,424.094,2.435223340988159,-21.780948638916016,21.916730184720763,EXPLORING
6950.243000,RGB_LIDAR,MIXED,run01,RGB_LIDAR,0.12538878619670868,0.34859126806259155,0.21166928112506866,0.2132391482591629,0.21166928112506866,0.2132391482591629,1.191275954246521,1066,4057340,38402,8781,144.9853380969061,11,574,0,0,425.094,2.6754868030548096,-21.674434661865234,21.83899559449921,EXPLORING
6951.243000,RGB_LIDAR,MIXED,run01,RGB_LIDAR,0.12102994322776794,0.34288281202316284,0.20852956175804138,0.2103610634803772,0.20852956175804138,0.2103610634803772,1.6889779567718506,1069,4068803,38403,8781,145.30059273659882,11,575,0,0,426.094,2.9845023155212402,-21.682228088378906,21.88670558638963,EXPLORING
6952.243000,RGB_LIDAR,MIXED,run01,RGB_LIDAR,0.12568995356559753,0.3482162654399872,0.2103610634803772,0.2132391482591629,0.2103610634803772,0.2132391482591629,0.8032039999961853,1072,4080266,38407,8782,145.7281557703296,11,577,0,0,427.094,3.34706449508667,-21.724916458129883,21.981254755325402,EXPLORING
6953.243000,RGB_LIDAR,MIXED,run01,RGB_LIDAR,0.12940052151679993,0.3490529954433441,0.21430443227291107,0.2137804627418518,0.21430443227291107,0.2137804627418518,1.9493800401687622,1074,4087904,38424,8782,146.14001004020548,11,578,0,0,428.094,3.678709030151367,-21.639312744140625,21.949774869385053,EXPLORING
6954.243000,RGB_LIDAR,MIXED,run01,RGB_LIDAR,0.12789493799209595,0.3477042615413666,0.20753729343414307,0.21146297454833984,0.20753729343414307,0.21146297454833984,0.6933780312538147,1076,4095542,38436,8787,146.5647632657321,11,580,0,0,429.094,4.033740520477295,-21.50492286682129,21.879938021219573,EXPLORING
6955.245000,RGB_LIDAR,MIXED,run01,RGB_LIDAR,0.1246274933218956,0.34683752059936523,0.2139863818883896,0.21293871104717255,0.2139863818883896,0.21293871104717255,0.7978709936141968,1079,4107001,38440,8787,146.99031206620532,11,582,0,0,430.096,4.387949466705322,-21.48975372314453,21.93311747767711,EXPLORING
6956.243000,RGB_LIDAR,MIXED,run01,RGB_LIDAR,0.12240955233573914,0.34604838490486145,0.21226415038108826,0.21121592819690704,0.21226415038108826,0.21121592819690704,1.321079969406128,1082,4118455,38447,8787,147.38334234733725,11,583,0,0,431.094,4.660346984863281,-21.537179946899414,22.03556943319071,EXPLORING
6957.251000,RGB_LIDAR,MIXED,run01,RGB_LIDAR,0.1300750970840454,0.3505767285823822,0.2117801010608673,0.2118910402059555,0.2117801010608673,0.2118910402059555,0.978223979473114,1084,4126091,38460,8787,147.68071605206487,11,584,0,0,432.102,4.901957035064697,-21.65961265563965,22.20731449448466,EXPLORING
6958.247000,RGB_LIDAR,MIXED,run01,RGB_LIDAR,0.13262054324150085,0.35149699449539185,0.214192196726799,0.21131186187267303,0.214192196726799,0.21131186187267303,1.709205985069275,1087,4137547,38463,8787,148.0617199870554,11,585,0,0,433.098,5.2687668800354,-21.694644927978516,22.325174923439,EXPLORING
6959.245000,RGB_LIDAR,MIXED,run01,RGB_LIDAR,0.12905248999595642,0.3460249900817871,0.21492145955562592,0.21413612365722656,0.21492145955562592,0.21413612365722656,4.852875232696533,1089,4145186,38471,8787,148.49068947996759,11,586,0,0,434.096,5.634021759033203,-21.752113342285156,22.4697943951393,EXPLORING
6960.243000,RGB_LIDAR,MIXED,run01,RGB_LIDAR,0.13363194465637207,0.3478933870792389,0.2103746384382248,0.21194656193256378,0.2103746384382248,0.21194656193256378,6.953146934509277,1090,4149003,38474,8789,148.90054853731655,11,588,0,0,435.094,5.9534125328063965,-21.917400360107422,22.7114476604275,EXPLORING
6961.249000,RGB_LIDAR,MIXED,run01,RGB_LIDAR,0.12442396581172943,0.33920642733573914,0.21675392985343933,0.2162303626537323,0.21675392985343933,0.2162303626537323,1.246148943901062,1091,4152823,38479,8791,149.29296870647073,11,589,0,0,436.100,6.310989856719971,-21.975818634033203,22.863915334646162,EXPLORING
6962.245000,RGB_LIDAR,MIXED,run01,RGB_LIDAR,0.12753517925739288,0.34189465641975403,0.21051254868507385,0.21234309673309326,0.21051254868507385,0.21234309673309326,1.7015210390090942,1094,4164294,38498,8791,149.69311249746852,11,591,0,0,437.096,6.484152317047119,-22.035654067993164,22.969703977513074,EXPLORING
6963.243000,RGB_LIDAR,MIXED,run01,RGB_LIDAR,0.12310553342103958,0.34779757261276245,0.22283177077770233,0.22544409334659576,0.22283177077770233,0.22544409334659576,0.7617350220680237,1097,4175772,38514,8797,149.9221750736696,11,592,0,0,438.094,6.484252452850342,-21.945693969726562,22.88344369109114,EXPLORING
6964.244000,RGB_LIDAR,MIXED,run01,RGB_LIDAR,0.10502971708774567,0.32884150743484497,0.21665361523628235,0.2161315530538559,0.21665361523628235,0.2161315530538559,1.7425930500030518,1099,4183433,38524,8801,150.24300481709068,11,593,0,0,439.095,6.514991283416748,-21.67093849182129,22.62890798006293,EXPLORING
6965.243000,RGB_LIDAR,MIXED,run01,RGB_LIDAR,0.13078370690345764,0.35081467032432556,0.21851368248462677,0.21851368248462677,0.21851368248462677,0.21851368248462677,1.032336950302124,1102,4194933,38578,8801,150.59674526053752,11,594,0,0,440.094,6.455892562866211,-21.70162010192871,22.641373944576866,EXPLORING
6966.243000,RGB_LIDAR,MIXED,run01,RGB_LIDAR,0.12787175178527832,0.3429417908191681,0.21622326970100403,0.21674491465091705,0.21622326970100403,0.21674491465091705,1.0074830055236816,1103,4198767,38589,8804,150.91450912519488,11,596,0,0,441.094,6.612872123718262,-21.78711700439453,22.768424166367495,EXPLORING
6967.244000,RGB_LIDAR,MIXED,run01,RGB_LIDAR,0.13047529757022858,0.3543786108493805,0.22140800952911377,0.21826747059822083,0.22140800952911377,0.21826747059822083,0.8023679852485657,1106,4210232,38645,8821,151.22742034827561,11,596,0,0,442.095,6.866916179656982,-21.727338790893555,22.786481149546837,EXPLORING
6968.243000,RGB_LIDAR,MIXED,run01,RGB_LIDAR,0.12054988741874695,0.346375435590744,0.21228757500648499,0.2133333384990692,0.21228757500648499,0.2133333384990692,0.9676709771156311,1108,4217880,38699,8833,151.54926091800283,11,597,0,0,443.094,7.032559871673584,-21.47945213317871,22.601220749270794,EXPLORING
6969.243000,RGB_LIDAR,MIXED,run01,RGB_LIDAR,0.1200944110751152,0.3447921872138977,0.21447230875492096,0.2147335410118103,0.21447230875492096,0.2147335410118103,2.7158429622650146,1112,4233183,38753,8842,151.9587084979363,12,598,0,0,444.094,7.233434200286865,-21.194549560546875,22.39469351526796,EXPLORING
6970.243000,RGB_LIDAR,MIXED,run01,RGB_LIDAR,0.12649692595005035,0.3489227294921875,0.21212121844291687,0.2147335410118103,0.21212121844291687,0.2147335410118103,0.9781060218811035,1114,4240836,38828,8848,152.09343341246654,12,600,0,0,445.094,7.298888683319092,-21.088899612426758,22.316049190198548,EXPLORING
6971.243000,RGB_LIDAR,MIXED,run01,RGB_LIDAR,0.13418619334697723,0.3560886085033417,0.21645702421665192,0.2146226465702057,0.21645702421665192,0.2146226465702057,5.74954080581665,1116,4248468,38836,8877,152.49376447038014,12,601,0,0,446.094,7.528876781463623,-20.789188385009766,22.110274266655757,EXPLORING
6972.243000,RGB_LIDAR,MIXED,run01,RGB_LIDAR,0.14260859787464142,0.36089184880256653,0.22120419144630432,0.21910995244979858,0.22120419144630432,0.21910995244979858,0.7423570156097412,1117,4252288,38873,8879,152.87874254157242,12,603,0,0,447.094,7.7823896408081055,-20.53598976135254,21.960911042176555,EXPLORING
6973.248000,RGB_LIDAR,MIXED,run01,RGB_LIDAR,0.13874702155590057,0.3591386675834656,0.21995286643505096,0.21811991930007935,0.21995286643505096,0.21811991930007935,3.5892860889434814,1120,4263744,38909,8881,153.25179953342405,12,604,0,0,448.099,8.00959300994873,-20.317964553833008,21.839454090472277,EXPLORING
6974.243000,RGB_LIDAR,MIXED,run01,RGB_LIDAR,0.13597244024276733,0.3575136661529541,0.21785807609558105,0.21366849541664124,0.21785807609558105,0.21366849541664124,1.6097689867019653,1123,4275204,38971,8881,153.6126434015649,12,606,0,0,449.094,8.354076385498047,-20.253459930419922,21.908464921444743,EXPLORING
6975.243000,RGB_LIDAR,MIXED,run01,RGB_LIDAR,0.14263135194778442,0.3587711751461029,0.217482328414917,0.21617378294467926,0.217482328414917,0.21617378294467926,1.414067029953003,1125,4282842,39022,8884,154.00317585090679,12,608,0,0,450.094,8.689979553222656,-20.290616989135742,22.0728716484265,EXPLORING
6976.243000,RGB_LIDAR,MIXED,run01,RGB_LIDAR,0.1269485503435135,0.3503638803958893,0.21608172357082367,0.2145102173089981,0.21608172357082367,0.2145102173089981,6.194540977478027,1128,4294295,39060,8896,154.30513912733718,12,609,0,0,451.094,8.787556648254395,-20.068016052246094,21.907370077477246,EXPLORING
6977.243000,RGB_LIDAR,MIXED,run01,RGB_LIDAR,0.1305251568555832,0.3525243103504181,0.20676100254058838,0.21069182455539703,0.20676100254058838,0.21069182455539703,2.0999090671539307,1130,4301930,39087,8900,154.5438009990437,12,609,0,0,452.094,8.934839248657227,-19.989675521850586,21.89530823821592,EXPLORING
6978.243000,RGB_LIDAR,MIXED,run01,RGB_LIDAR,0.13145291805267334,0.3552562892436981,0.20655308663845062,0.20917430520057678,0.20655308663845062,0.20917430520057678,1.450103998184204,1132,4309561,39106,8902,154.86808925817814,12,610,0,0,453.094,9.245038986206055,-19.945716857910156,21.983803507617854,EXPLORING
6979.243000,RGB_LIDAR,MIXED,run01,RGB_LIDAR,0.12480922788381577,0.34938231110572815,0.2161383330821991,0.2184962034225464,0.2161383330821991,0.2184962034225464,0.9696260094642639,1135,4321008,39171,8903,155.28083387521002,12,612,0,0,454.094,9.592866897583008,-19.954500198364258,22.140224891138498,EXPLORING
6980.255000,RGB_LIDAR,MIXED,run01,RGB_LIDAR,0.12078619748353958,0.3486515283584595,0.2137804627418518,0.21666230261325836,0.2137804627418518,0.21666230261325836,1.7525310516357422,1137,4328645,39216,8921,155.66228321447406,12,614,0,0,455.106,9.912768363952637,-19.98102569580078,22.30443815321579,EXPLORING
6981.250000,RGB_LIDAR,MIXED,run01,RGB_LIDAR,0.12757030129432678,0.35394081473350525,0.20822420716285706,0.21136720478534698,0.20822420716285706,0.21136720478534698,0.9176210165023804,1139,4336283,39253,8924,156.04262812096866,12,615,0,0,456.101,10.151944160461426,-20.087575912475586,22.50679275871321,EXPLORING
6982.243000,RGB_LIDAR,MIXED,run01,RGB_LIDAR,0.12694601714611053,0.35057714581489563,0.21351847052574158,0.21142257750034332,0.21351847052574158,0.21142257750034332,1.210239052772522,1142,4347734,39284,8924,156.2955362828727,12,616,0,0,457.094,10.344496726989746,-20.105159759521484,22.609923306378533,EXPLORING
6983.243000,RGB_LIDAR,MIXED,run01,RGB_LIDAR,0.13465175032615662,0.35670360922813416,0.208802729845047,0.2103746384382248,0.208802729845047,0.2103746384382248,0.7370030283927917,1144,4355367,39295,8928,156.6362583573498,12,618,0,0,458.094,10.636231422424316,-19.945497512817383,22.603850665993484,EXPLORING
6984.246000,RGB_LIDAR,MIXED,run01,RGB_LIDAR,0.13623319566249847,0.35958805680274963,0.20822420716285706,0.20743845403194427,0.20822420716285706,0.20743845403194427,0.9794390201568604,1147,4366821,39328,8928,157.03327698054716,12,619,0,0,459.097,10.97966194152832,-19.923847198486328,22.748485042814504,EXPLORING
6985.243000,RGB_LIDAR,MIXED,run01,RGB_LIDAR,0.13710366189479828,0.35885027050971985,0.21346254646778107,0.21031953394412994,0.21346254646778107,0.21031953394412994,1.245921015739441,1150,4378279,39365,8931,157.4602157623854,12,620,0,0,460.094,11.369446754455566,-19.928234100341797,22.942945982429983,EXPLORING
6986.243000,RGB_LIDAR,MIXED,run01,RGB_LIDAR,0.125889390707016,0.35030457377433777,0.2133682817220688,0.2120576649904251,0.2133682817220688,0.2120576649904251,0.595786988735199,1153,4389731,39389,8931,157.84314571751605,12,621,0,0,461.094,11.694022178649902,-19.856952667236328,23.04404087737174,EXPLORING
6987.243000,RGB_LIDAR,MIXED,run01,RGB_LIDAR,0.1382666528224945,0.35789304971694946,0.2143605798482895,0.21278825402259827,0.2143605798482895,0.21278825402259827,1.174368977546692,1155,4397363,39417,8933,158.1920636253913,12,622,0,0,462.094,12.033561706542969,-19.851274490356445,23.213314106909653,EXPLORING
6988.244000,RGB_LIDAR,MIXED,run01,RGB_LIDAR,0.13689112663269043,0.35604190826416016,0.2129945009946823,0.21220853924751282,0.2129945009946823,0.21220853924751282,1.5435270071029663,1157,4405001,39456,8944,158.6173921216034,12,623,0,0,463.095,12.402067184448242,-19.92184066772461,23.466323971435713,EXPLORING
6989.243000,RGB_LIDAR,MIXED,run01,RGB_LIDAR,0.12834587693214417,0.3492240905761719,0.21231979131698608,0.21074704825878143,0.21231979131698608,0.21074704825878143,1.0171860456466675,1160,4416450,39544,8944,159.06298389426033,12,625,0,0,464.094,12.758151054382324,-19.857900619506836,23.602607354477136,EXPLORING
6990.243000,RGB_LIDAR,MIXED,run01,RGB_LIDAR,0.11450884491205215,0.3401012718677521,0.21241487562656403,0.21005761623382568,0.21241487562656403,0.21005761623382568,1.0688940286636353,1162,4424085,39673,8955,159.36427031134593,12,626,0,0,465.094,12.966861724853516,-19.788917541503906,23.65833149056617,EXPLORING
6991.243000,RGB_LIDAR,MIXED,run01,RGB_LIDAR,0.12481047213077545,0.3497557044029236,0.21226415038108826,0.21278825402259827,0.21226415038108826,0.21278825402259827,8.028617858886719,1165,4435535,39935,9002,159.63163122124183,12,627,0,0,466.094,13.138872146606445,-19.81864356994629,23.77780615417089,EXPLORING
6992.243000,RGB_LIDAR,MIXED,run01,RGB_LIDAR,0.12875011563301086,0.352024108171463,0.21121592819690704,0.20964360237121582,0.21121592819690704,0.20964360237121582,5.612937927246094,1167,4443169,40106,9052,159.90522421422847,12,628,0,0,467.094,13.377714157104492,-19.87114906311035,23.9541373844611,EXPLORING
6993.245000,RGB_LIDAR,MIXED,run01,RGB_LIDAR,0.13592016696929932,0.35688701272010803,0.20906470715999603,0.20827876031398773,0.20906470715999603,0.20827876031398773,1.2629050016403198,1168,4446986,40168,9110,160.2609733395089,12,629,0,0,468.096,13.718466758728027,-19.82440948486328,24.10762467950352,EXPLORING
6994.243000,RGB_LIDAR,MIXED,run01,RGB_LIDAR,0.13565731048583984,0.3579472601413727,0.21106450259685516,0.21525956690311432,0.21106450259685516,0.21525956690311432,1.6211880445480347,1170,4454616,40296,9139,160.6703550067987,12,630,0,0,469.094,14.072578430175781,-19.82767105102539,24.313517761763663,EXPLORING
6995.243000,RGB_LIDAR,MIXED,run01,RGB_LIDAR,0.13261623680591583,0.35685819387435913,0.21174004673957825,0.21252620220184326,0.21174004673957825,0.21252620220184326,2.0682859420776367,1172,4462250,40352,9175,161.0800441049314,12,631,0,0,470.094,14.441964149475098,-19.842838287353516,24.541409627570474,EXPLORING
6996.246000,RGB_LIDAR,MIXED,run01,RGB_LIDAR,0.131244495511055,0.3561364412307739,0.21136720478534698,0.2139863818883896,0.21136720478534698,0.2139863818883896,1.3727339506149292,1175,4473703,40537,9192,161.43682593172682,12,632,0,0,471.097,14.77611255645752,-19.80869483947754,24.712128022070484,EXPLORING
6997.243000,RGB_LIDAR,MIXED,run01,RGB_LIDAR,0.13831309974193573,0.3599860370159149,0.20985066890716553,0.2129945009946823,0.20985066890716553,0.2129945009946823,1.3121269941329956,1177,4481336,40596,9239,161.86283094517213,12,632,0,0,472.094,15.158090591430664,-19.834632873535156,24.962988728463575,EXPLORING
6998.247000,RGB_LIDAR,MIXED,run01,RGB_LIDAR,0.13299036026000977,0.35733911395072937,0.21048492193222046,0.21048492193222046,0.21048492193222046,0.21048492193222046,1.1278560161590576,1178,4485151,40701,9274,162.24949006095778,12,634,0,0,473.098,15.4686279296875,-19.827655792236328,25.147247172668305,EXPLORING
6999.246000,RGB_LIDAR,MIXED,run01,RGB_LIDAR,0.13636189699172974,0.35679882764816284,0.21215295791625977,0.21346254646778107,0.21215295791625977,0.21346254646778107,1.5548900365829468,1180,4492783,40838,9319,162.6456244793457,12,635,0,0,474.097,15.85158634185791,-19.829317092895508,25.385887934896992,EXPLORING
7000.247000,RGB_LIDAR,MIXED,run01,RGB_LIDAR,0.13604150712490082,0.3597661554813385,0.21169988811016083,0.21301154792308807,0.21169988811016083,0.21301154792308807,0.7292670011520386,1182,4500408,40945,9417,163.04675918825384,12,635,0,0,475.098,16.21399688720703,-19.84183120727539,25.623422119084456,EXPLORING
7001.243000,RGB_LIDAR,MIXED,run01,RGB_LIDAR,0.13234424591064453,0.35860586166381836,0.2111198604106903,0.21348020434379578,0.2111198604106903,0.21348020434379578,2.1337239742279053,1185,4511855,41033,9417,163.39145754895932,12,636,0,0,476.094,16.496768951416016,-19.782428741455078,25.757619106243148,EXPLORING
7002.243000,RGB_LIDAR,MIXED,run01,RGB_LIDAR,0.1296294629573822,0.3572441637516022,0.20866142213344574,0.21259842813014984,0.20866142213344574,0.21259842813014984,0.9946659803390503,1187,4519481,41132,9441,163.76020448229048,12,637,0,0,477.094,16.783594131469727,-19.662702560424805,25.851058136554705,EXPLORING
7003.243000,RGB_LIDAR,MIXED,run01,RGB_LIDAR,0.12181960046291351,0.3518247604370117,0.2110091745853424,0.2131061553955078,0.2110091745853424,0.2131061553955078,1.012948989868164,1190,4530929,41196,9475,164.003829466897,12,639,0,0,478.094,16.96525001525879,-19.654830932617188,25.963396020089306,EXPLORING
7004.243000,RGB_LIDAR,MIXED,run01,RGB_LIDAR,0.1193624883890152,0.3495343327522278,0.21284404397010803,0.21389253437519073,0.21284404397010803,0.21389253437519073,1.7331169843673706,1192,4538558,41304,9489,164.28700062199252,12,640,0,0,479.094,17.143348693847656,-19.587221145629883,26.02919532712225,EXPLORING
7005.243000,RGB_LIDAR,MIXED,run01,RGB_LIDAR,0.11853332817554474,0.3466830551624298,0.21730013191699982,0.21834862232208252,0.21730013191699982,0.21834862232208252,0.9167230129241943,1194,4546189,41354,9513,164.5893246686018,12,641,0,0,480.094,17.358226776123047,-19.61478042602539,26.19184024720851,EXPLORING
7006.246000,RGB_LIDAR,MIXED,run01,RGB_LIDAR,0.12408112734556198,0.35209494829177856,0.2152031511068344,0.21363040804862976,0.2152031511068344,0.21363040804862976,1.965993046760559,1196,4553816,41453,9550,164.85711283086087,12,643,0,0,481.097,17.576602935791016,-19.58909797668457,26.317941061195523,EXPLORING
7007.247000,RGB_LIDAR,MIXED,run01,RGB_LIDAR,0.12381229549646378,0.35082611441612244,0.21063663065433502,0.2129945009946823,0.21063663065433502,0.2129945009946823,0.9129999876022339,1200,4569081,41544,9593,165.24077644812462,12,644,0,0,482.098,17.940597534179688,-19.548919677734375,26.532784737350106,EXPLORING
7008.244000,RGB_LIDAR,MIXED,run01,RGB_LIDAR,0.12006831169128418,0.3475953936576843,0.212192565202713,0.21245421469211578,0.212192565202713,0.21245421469211578,0.7810909748077393,1201,4572903,41639,9614,165.63132889088607,12,646,0,0,483.095,18.259801864624023,-19.605060577392578,26.790695326145652,EXPLORING
7009.245000,RGB_LIDAR,MIXED,run01,RGB_LIDAR,0.12243979424238205,0.3456399738788605,0.20865006744861603,0.21127130091190338,0.20865006744861603,0.21127130091190338,0.9253280162811279,1203,4580532,41707,9639,165.96336043927045,12,646,0,0,484.096,18.513629913330078,-19.69537925720215,27.030065706916325,EXPLORING
7010.250000,RGB_LIDAR,MIXED,run01,RGB_LIDAR,0.12733988463878632,0.3535909354686737,0.21211326122283936,0.21447299420833588,0.21211326122283936,0.21447299420833588,1.204632043838501,1205,4588165,41781,9684,166.24457492308557,12,647,0,0,485.101,18.77629852294922,-19.72014617919922,27.22856774271852,EXPLORING
7011.246000,RGB_LIDAR,MIXED,run01,RGB_LIDAR,0.1160411611199379,0.3446669280529022,0.2114076465368271,0.21559393405914307,0.2114076465368271,0.21559393405914307,0.9200729727745056,1208,4599629,41875,9684,166.69075438183376,12,649,0,0,486.097,19.156085968017578,-19.58661651611328,27.396195384171616,EXPLORING
7012.243000,RGB_LIDAR,MIXED,run01,RGB_LIDAR,0.12506727874279022,0.3486879765987396,0.2105814516544342,0.21372446417808533,0.2105814516544342,0.21372446417808533,4.479824066162109,1210,4607265,41914,9702,167.02248732969355,12,650,0,0,487.094,19.4586181640625,-19.57131004333496,27.597709705922835,EXPLORING
7013.244000,RGB_LIDAR,MIXED,run01,RGB_LIDAR,0.12265214323997498,0.34740227460861206,0.21062271296977997,0.21350078284740448,0.21062271296977997,0.21350078284740448,0.9418439865112305,1212,4614908,42048,9713,167.45137333829345,12,651,0,0,488.095,19.825103759765625,-19.581974029541016,27.864800706806207,EXPLORING
7014.243000,RGB_LIDAR,MIXED,run01,RGB_LIDAR,0.1256968080997467,0.3508119285106659,0.2164354920387268,0.21879088878631592,0.2164354920387268,0.21879088878631592,0.9755430221557617,1214,4622551,42133,9753,167.83879001074098,12,652,0,0,489.094,20.146005630493164,-19.628355026245117,28.126353376182834,EXPLORING
7015.243000,RGB_LIDAR,MIXED,run01,RGB_LIDAR,0.13205809891223907,0.3605835437774658,0.21144798398017883,0.21484579145908356,0.21144798398017883,0.21484579145908356,2.0522310733795166,1216,4630199,42252,9781,168.2173230753742,12,654,0,0,490.094,20.486141204833984,-19.52727699279785,28.301122358666216,EXPLORING
7016.243000,RGB_LIDAR,MIXED,run01,RGB_LIDAR,0.12492673099040985,0.35209012031555176,0.20679739117622375,0.20915032923221588,0.20679739117622375,0.20915032923221588,0.7104290127754211,1218,4637849,42386,9821,168.6144388943079,12,655,0,0,491.094,20.80624008178711,-19.443849563598633,28.476640889683342,EXPLORING
7017.244000,RGB_LIDAR,MIXED,run01,RGB_LIDAR,0.1202043890953064,0.3538823425769806,0.21176470816135406,0.21437908709049225,0.21176470816135406,0.21437908709049225,0.909870982170105,1220,4645497,42430,9832,169.04653552030854,12,656,0,0,492.095,21.184059143066406,-19.433053970336914,28.746533084612857,EXPLORING
7018.243000,RGB_LIDAR,MIXED,run01,RGB_LIDAR,0.12927155196666718,0.35919955372810364,0.21755027770996094,0.21624444425106049,0.21755027770996094,0.21624444425106049,1.1647380590438843,1223,4656975,42563,9852,169.43027526436555,12,658,0,0,493.094,21.470300674438477,-19.290809631347656,28.862840970274327,EXPLORING
7019.247000,RGB_LIDAR,MIXED,run01,RGB_LIDAR,0.12484665960073471,0.3549745976924896,0.2109660506248474,0.2130548357963562,0.2109660506248474,0.2130548357963562,3.141396999359131,1225,4664631,42779,9928,169.78724457325484,12,660,0,0,494.098,21.676700592041016,-19.1022891998291,28.8917055309876,EXPLORING
7020.245000,RGB_LIDAR,MIXED,run01,RGB_LIDAR,0.11110477149486542,0.34097400307655334,0.21467746794223785,0.2151997983455658,0.21467746794223785,0.2151997983455658,1.1811059713363647,1226,4668460,42875,9928,170.14025370557837,12,662,0,0,495.096,21.993703842163086,-19.067365646362305,29.107395663007047,EXPLORING
7021.244000,RGB_LIDAR,MIXED,run01,RGB_LIDAR,0.11673437803983688,0.3417711853981018,0.21551723778247833,0.2147335410118103,0.21551723778247833,0.2147335410118103,1.1154769659042358,1228,4676114,43117,9947,170.54403163866172,12,662,0,0,496.095,22.364910125732422,-19.02560806274414,29.361795983579686,EXPLORING
7022.243000,RGB_LIDAR,MIXED,run01,RGB_LIDAR,0.11766485869884491,0.3434476852416992,0.2192317694425583,0.21740266680717468,0.2192317694425583,0.21740266680717468,0.894012987613678,1231,4687596,43338,9982,170.98433214809987,12,664,0,0,497.094,22.7296085357666,-18.986608505249023,29.615495535589535,EXPLORING
7023.243000,RGB_LIDAR,MIXED,run01,RGB_LIDAR,0.11887284368276596,0.34525278210639954,0.21158361434936523,0.21393164992332458,0.21158361434936523,0.21393164992332458,0.7198709845542908,1234,4699090,43535,10092,171.3603468264376,12,665,0,0,498.094,23.04624366760254,-18.957807540893555,29.84088102178976,EXPLORING
7024.247000,RGB_LIDAR,MIXED,run01,RGB_LIDAR,0.11851846426725388,0.3457159399986267,0.21398746967315674,0.21398746967315674,0.21398746967315674,0.21398746967315674,3.5364620685577393,1237,4710581,43740,10139,171.76111057104956,12,667,0,0,499.098,23.428495407104492,-18.949745178222656,30.131987114541573,EXPLORING
7025.245000,RGB_LIDAR,MIXED,run01,RGB_LIDAR,0.11935539543628693,0.34793320298194885,0.21596243977546692,0.21726655960083008,0.21596243977546692,0.21726655960083008,0.9115049839019775,1239,4718244,43959,10190,172.16330278397513,12,669,0,0,500.096,23.74110221862793,-18.920433044433594,30.357393435821724,EXPLORING
7026.246000,RGB_LIDAR,MIXED,run01,RGB_LIDAR,0.11534397304058075,0.3443125784397125,0.21674491465091705,0.21648408472537994,0.21674491465091705,0.21648408472537994,3.0873489379882812,1242,4729741,44110,10218,172.4819223890531,12,671,0,0,501.097,24.01244354248047,-18.9208927154541,30.57033796967316,EXPLORING
7027.243000,RGB_LIDAR,MIXED,run01,RGB_LIDAR,0.10594937950372696,0.33269503712654114,0.2166883945465088,0.21694914996623993,0.2166883945465088,0.21694914996623993,0.9615070223808289,1244,4737412,44217,10266,172.711286626855,12,673,0,0,502.094,24.1370849609375,-18.928876876831055,30.673260012699647,EXPLORING
7028.243000,RGB_LIDAR,MIXED,run01,RGB_LIDAR,0.11546176671981812,0.34190434217453003,0.2166883945465088,0.21694914996623993,0.2166883945465088,0.21694914996623993,0.9615070223808289,1244,4737412,44217,10286,173.07759877469687,12,675,0,0,503.094,24.378021240234375,-18.932584762573242,30.8654777175723,EXPLORING
7029.244000,RGB_LIDAR,MIXED,run01,RGB_LIDAR,0.10562540590763092,0.3287269175052643,0.21565034985542297,0.21800576150417328,0.21565034985542297,0.21800576150417328,4.534328937530518,1245,4741233,44414,10327,173.4220922540333,12,677,0,0,504.095,24.59261131286621,-19.030359268188477,31.09497771863217,EXPLORING
7030.243000,RGB_LIDAR,MIXED,run01,RGB_LIDAR,0.10394874215126038,0.3258015215396881,0.21510715782642365,0.2177208513021469,0.21510715782642365,0.2177208513021469,7.026248931884766,1247,4748883,44559,10327,173.656647270658,12,678,0,0,505.094,24.773649215698242,-19.06604766845703,31.260101825971834,EXPLORING
7031.243000,RGB_LIDAR,MIXED,run01,RGB_LIDAR,0.10641568899154663,0.31895241141319275,0.21548117697238922,0.21809624135494232,0.21548117697238922,0.21809624135494232,1.7323219776153564,1248,4752707,44848,10364,173.88703289880004,12,680,0,0,506.094,24.838306427001953,-19.21380615234375,31.401557450522777,EXPLORING
7032.243000,RGB_LIDAR,MIXED,run01,RGB_LIDAR,0.09521093964576721,0.3137306571006775,0.21658383309841156,0.21841485798358917,0.21658383309841156,0.21841485798358917,1.129863977432251,1250,4760353,45156,10457,174.22633530599262,12,682,0,0,507.094,24.85268211364746,-19.489534378051758,31.582334226367305,EXPLORING
7033.245000,RGB_LIDAR,MIXED,run01,RGB_LIDAR,0.12301412969827652,0.3458781838417053,0.21312761306762695,0.2160041779279709,0.21312761306762695,0.2160041779279709,1.627318024635315,1252,4768004,45409,10589,174.50786017293973,12,683,0,0,508.096,24.997344970703125,-19.464418411254883,31.680854542222953,EXPLORING
7034.247000,RGB_LIDAR,MIXED,run01,RGB_LIDAR,0.13468289375305176,0.352084755897522,0.21176470816135406,0.2177777737379074,0.21176470816135406,0.2177777737379074,0.9106199741363525,1253,4771829,45475,10641,174.81761113541674,12,685,0,0,509.098,25.283601760864258,-19.5489559173584,31.958836347534366,EXPLORING
7035.244000,RGB_LIDAR,MIXED,run01,RGB_LIDAR,0.11160878837108612,0.32987290620803833,0.21049882471561432,0.21546095609664917,0.21049882471561432,0.21546095609664917,11.224026679992676,1256,4783314,45701,10651,175.21685207071002,12,687,0,0,510.095,25.582305908203125,-19.70279884338379,32.28930165446574,EXPLORING
7036.246000,RGB_LIDAR,MIXED,run01,RGB_LIDAR,0.12955915927886963,0.3490105867385864,0.2160961627960205,0.2179252654314041,0.2160961627960205,0.2179252654314041,0.6369310021400452,1259,4794800,45904,10674,175.61863313923976,12,689,0,0,511.097,25.864137649536133,-19.909334182739258,32.638611028606775,EXPLORING
7037.243000,RGB_LIDAR,MIXED,run01,RGB_LIDAR,0.11164834350347519,0.32890936732292175,0.2185378521680832,0.2190600484609604,0.2185378521680832,0.2190600484609604,0.8418310284614563,1261,4802459,46142,10743,176.01073905458932,12,691,0,0,512.094,26.152114868164062,-20.03841209411621,32.94562386651082,EXPLORING
7038.243000,RGB_LIDAR,MIXED,run01,RGB_LIDAR,0.1274247020483017,0.34719347953796387,0.2120104432106018,0.215665802359581,0.2120104432106018,0.215665802359581,2.2897369861602783,1263,4810119,46376,10811,176.3849101843143,12,693,0,0,513.094,26.398836135864258,-20.245607376098633,33.26748710649005,EXPLORING
7039.243000,RGB_LIDAR,MIXED,run01,RGB_LIDAR,0.13559888303279877,0.35429784655570984,0.21125292778015137,0.21568116545677185,0.21125292778015137,0.21568116545677185,0.6189699769020081,1266,4821631,46501,10893,176.73207106875887,12,695,0,0,514.094,26.705062866210938,-20.217287063598633,33.49389247665415,EXPLORING
7040.243000,RGB_LIDAR,MIXED,run01,RGB_LIDAR,0.11764039099216461,0.3371886610984802,0.20755209028720856,0.21796874701976776,0.20755209028720856,0.21796874701976776,2.5086560249328613,1269,4833150,46678,10930,177.03383206792978,12,697,0,0,515.094,26.953296661376953,-20.347410202026367,33.77037890792929,EXPLORING
7041.243000,RGB_LIDAR,MIXED,run01,RGB_LIDAR,0.1358719915151596,0.35237669944763184,0.21666666865348816,0.21770833432674408,0.21666666865348816,0.21770833432674408,0.7354879975318909,1272,4844669,46871,10971,177.455807096758,12,699,0,0,516.094,27.253807067871094,-20.59050941467285,34.156692132805695,EXPLORING
7042.244000,RGB_LIDAR,MIXED,run01,RGB_LIDAR,0.12717033922672272,0.346292108297348,0.2196456491947174,0.21912454068660736,0.2196456491947174,0.21912454068660736,0.9320890307426453,1274,4852347,46902,11024,177.82990781560963,12,700,0,0,517.095,27.579891204833984,-20.659778594970703,34.45891183405398,EXPLORING
7043.243000,RGB_LIDAR,MIXED,run01,RGB_LIDAR,0.11490451544523239,0.3379990756511688,0.21339239180088043,0.2162584662437439,0.21339239180088043,0.2162584662437439,1.313554048538208,1277,4863865,47163,11043,178.18903332120658,12,702,0,0,518.094,27.8271427154541,-20.89438247680664,34.79747585176887,EXPLORING
7044.243000,RGB_LIDAR,MIXED,run01,RGB_LIDAR,0.12657126784324646,0.34657615423202515,0.2183428853750229,0.21808233857154846,0.2183428853750229,0.21808233857154846,1.8037760257720947,1280,4875382,47274,11117,178.56582145463094,12,704,0,0,519.094,28.09187126159668,-21.112323760986328,35.140035719214,EXPLORING
7045.244000,RGB_LIDAR,MIXED,run01,RGB_LIDAR,0.11928877234458923,0.34180837869644165,0.2183428853750229,0.21886399388313293,0.2183428853750229,0.21886399388313293,1.2164939641952515,1281,4879220,47365,11138,178.88777282924048,12,705,0,0,520.095,28.366146087646484,-21.174419403076172,35.396783563239886,EXPLORING
7046.244000,RGB_LIDAR,MIXED,run01,RGB_LIDAR,0.12065920233726501,0.34274154901504517,0.21380208432674408,0.2161458283662796,0.21380208432674408,0.2161458283662796,4.394168853759766,1285,4894580,47527,11161,179.2539192164029,12,707,0,0,521.095,28.51609992980957,-21.498132705688477,35.71099874754303,EXPLORING
7047.244000,RGB_LIDAR,MIXED,run01,RGB_LIDAR,0.13184860348701477,0.34922417998313904,0.2161458283662796,0.21666666865348816,0.2161458283662796,0.21666666865348816,1.1664619445800781,1287,4902260,47634,11187,179.63971354229116,12,708,0,0,522.095,28.803388595581055,-21.673259735107422,36.04583893203811,EXPLORING
7048.244000,RGB_LIDAR,MIXED,run01,RGB_LIDAR,0.12598475813865662,0.34632888436317444,0.21328124403953552,0.2161458283662796,0.21328124403953552,0.2161458283662796,1.7080960273742676,1289,4909940,47697,11211,180.00623688739202,12,709,0,0,523.095,29.11496925354004,-21.775644302368164,36.35651944542047,EXPLORING
7049.245000,RGB_LIDAR,MIXED,run01,RGB_LIDAR,0.12289910763502121,0.34379854798316956,0.21328124403953552,0.21588541567325592,0.21328124403953552,0.21588541567325592,1.8011629581451416,1290,4913780,47798,11232,180.37226803892517,12,711,0,0,524.096,29.305700302124023,-22.054597854614258,36.676496339511985,EXPLORING
7050.245000,RGB_LIDAR,MIXED,run01,RGB_LIDAR,0.1320524960756302,0.34898534417152405,0.21953125298023224,0.21796874701976776,0.21953125298023224,0.21796874701976776,0.9512829780578613,1292,4921460,47895,11267,180.75354724066688,12,712,0,0,525.096,29.576967239379883,-22.300722122192383,37.041256061832804,EXPLORING
7051.243000,RGB_LIDAR,MIXED,run01,RGB_LIDAR,0.12374429404735565,0.3442564308643341,0.22031250596046448,0.21875,0.22031250596046448,0.21875,0.9848939776420593,1294,4929140,47973,11280,181.08038267309496,12,714,0,0,526.094,29.847543716430664,-22.400564193725586,37.31750206574233,EXPLORING
7052.245000,RGB_LIDAR,MIXED,run01,RGB_LIDAR,0.12979093194007874,0.34620150923728943,0.21406249701976776,0.21484375,0.21406249701976776,0.21484375,4.876402854919434,1296,4936820,48044,11328,181.46028747639417,12,715,0,0,527.096,29.954519271850586,-22.74518394470215,37.61052130329609,EXPLORING
7053.243000,RGB_LIDAR,MIXED,run01,RGB_LIDAR,0.13034555315971375,0.34818390011787415,0.2161458283662796,0.21536459028720856,0.2161458283662796,0.21536459028720856,1.1007319688796997,1297,4940660,48121,11349,181.81147348588414,12,717,0,0,528.094,30.234163284301758,-22.900375366210938,37.92711276996811,EXPLORING
7054.244000,RGB_LIDAR,MIXED,run01,RGB_LIDAR,0.12954126298427582,0.3472099006175995,0.21822915971279144,0.21718749403953552,0.21822915971279144,0.21718749403953552,0.8985030055046082,1300,4952180,48260,11370,182.15757503149868,12,718,0,0,529.095,30.49053955078125,-23.06987190246582,38.23382643512364,EXPLORING
7055.244000,RGB_LIDAR,MIXED,run01,RGB_LIDAR,0.12636743485927582,0.3445242941379547,0.2135416716337204,0.21510416269302368,0.2135416716337204,0.21510416269302368,16.669832229614258,1302,4959860,48457,11406,182.56730194005544,12,719,0,0,530.095,30.632875442504883,-23.424320220947266,38.561705363646105,EXPLORING
7056.243000,RGB_LIDAR,MIXED,run01,RGB_LIDAR,0.1220765933394432,0.3419721722602844,0.2200520783662796,0.21666666865348816,0.2200520783662796,0.21666666865348816,6.971011161804199,1305,4971380,48582,11486,182.91933086441716,12,720,0,0,531.094,30.839698791503906,-23.64749526977539,38.86159949979809,EXPLORING
7057.244000,RGB_LIDAR,MIXED,run01,RGB_LIDAR,0.11340529471635818,0.3353162109851837,0.21770833432674408,0.21302083134651184,0.21770833432674408,0.21302083134651184,4.684774875640869,1307,4979060,48669,11543,183.25277219001504,12,722,0,0,532.095,30.914567947387695,-23.952651977539062,39.107196912009066,EXPLORING
7058.244000,RGB_LIDAR,MIXED,run01,RGB_LIDAR,0.12609723210334778,0.34386032819747925,0.2174479216337204,0.21718749403953552,0.2174479216337204,0.21718749403953552,1.6906839609146118,1309,4986740,48765,11574,183.67329327303872,12,723,0,0,533.095,31.029823303222656,-24.286380767822266,39.40318361343128,EXPLORING
7059.243000,RGB_LIDAR,MIXED,run01,RGB_LIDAR,0.12434299290180206,0.3438147008419037,0.21718749403953552,0.21901041269302368,0.21718749403953552,0.21901041269302368,0.6498550176620483,1310,4990580,48850,11607,183.98612138204712,12,724,0,0,534.094,31.246593475341797,-24.430620193481445,39.66279086984783,EXPLORING
7060.243000,RGB_LIDAR,MIXED,run01,RGB_LIDAR,0.11327134817838669,0.33503594994544983,0.21432290971279144,0.21640625596046448,0.21432290971279144,0.21640625596046448,1.620393991470337,1312,4998260,48943,11633,184.24067886328908,12,726,0,0,535.094,31.304237365722656,-24.596420288085938,39.81044167196068,EXPLORING
7061.244000,RGB_LIDAR,MIXED,run01,RGB_LIDAR,0.1057308241724968,0.3286151587963104,0.21901041269302368,0.21796874701976776,0.21901041269302368,0.21796874701976776,1.2477439641952515,1315,5009780,49018,11657,184.62224757532098,12,728,0,0,536.095,31.22026252746582,-24.95189094543457,39.96541142630793,EXPLORING
7062.245000,RGB_LIDAR,MIXED,run01,RGB_LIDAR,0.12597478926181793,0.34317323565483093,0.21927084028720856,0.21796874701976776,0.21927084028720856,0.21796874701976776,5.7000322341918945,1317,5017460,49142,11681,184.99872449206796,12,730,0,0,537.096,31.32248878479004,-25.243677139282227,40.22777476185223,EXPLORING
7063.245000,RGB_LIDAR,MIXED,run01,RGB_LIDAR,0.11793897300958633,0.3395436406135559,0.21250000596046448,0.21484375,0.21250000596046448,0.21484375,4.6970977783203125,1322,5036660,49275,11717,185.3521517171102,12,732,0,0,538.096,31.468679428100586,-25.4200496673584,40.45230205749333,EXPLORING
7064.243000,RGB_LIDAR,MIXED,run01,RGB_LIDAR,0.1082305759191513,0.33173707127571106,0.21406249701976776,0.21588541567325592,0.21406249701976776,0.21588541567325592,1.6084500551223755,1324,5044340,49355,11737,185.68056969172912,12,732,0,0,539.094,31.47419548034668,-25.526737213134766,40.52371350730907,EXPLORING
7065.244000,RGB_LIDAR,MIXED,run01,RGB_LIDAR,0.10890823602676392,0.33249735832214355,0.21666666865348816,0.21718749403953552,0.21666666865348816,0.21718749403953552,1.857890009880066,1325,5048180,49444,11763,185.9839229719641,12,733,0,0,540.095,31.50164794921875,-25.69748306274414,40.652755437189136,EXPLORING
7066.243000,RGB_LIDAR,MIXED,run01,RGB_LIDAR,0.12195798009634018,0.34179621934890747,0.21718749403953552,0.21770833432674408,0.21718749403953552,0.21770833432674408,1.3893959522247314,1327,5055860,49519,11773,186.3010903755591,12,735,0,0,541.094,31.58614730834961,-25.874635696411133,40.83030005500793,EXPLORING
7067.243000,RGB_LIDAR,MIXED,run01,RGB_LIDAR,0.10952476412057877,0.33259376883506775,0.2161458283662796,0.21640625596046448,0.2161458283662796,0.21640625596046448,6.912128925323486,1329,5063540,49545,11784,186.5435055408134,12,737,0,0,542.094,31.567996978759766,-26.048175811767578,40.92649438487838,EXPLORING
7068.245000,RGB_LIDAR,MIXED,run01,RGB_LIDAR,0.11875611543655396,0.3392898738384247,0.21302083134651184,0.21536459028720856,0.21302083134651184,0.21536459028720856,2.4980978965759277,1330,5067380,49594,11791,186.81655260797365,12,739,0,0,543.096,31.604217529296875,-26.234516143798828,41.07320825845984,EXPLORING
7069.248000,RGB_LIDAR,MIXED,run01,RGB_LIDAR,0.12862755358219147,0.3441343903541565,0.2161458283662796,0.21875,0.2161458283662796,0.21875,1.6081119775772095,1332,5075060,49654,11801,187.16278544090721,12,741,0,0,544.099,31.638835906982422,-26.57210350036621,41.31615556129106,EXPLORING
7070.247000,RGB_LIDAR,MIXED,run01,RGB_LIDAR,0.12595915794372559,0.34233954548835754,0.21588541567325592,0.21666666865348816,0.21588541567325592,0.21666666865348816,1.328258991241455,1334,5082740,49784,11826,187.53221980563464,12,742,0,0,545.098,31.70901107788086,-26.88862419128418,41.573928607722095,EXPLORING
7071.245000,RGB_LIDAR,MIXED,run01,RGB_LIDAR,0.12646998465061188,0.34203997254371643,0.21510416269302368,0.21692708134651184,0.21510416269302368,0.21692708134651184,0.8853769898414612,1336,5090420,49806,11870,187.88546750833848,12,743,0,0,546.096,31.754932403564453,-27.222013473510742,41.825181645043294,EXPLORING
7072.245000,RGB_LIDAR,MIXED,run01,RGB_LIDAR,0.12664030492305756,0.342179536819458,0.21510416269302368,0.21588541567325592,0.21510416269302368,0.21588541567325592,0.6631929874420166,1337,5094260,49852,11878,188.19783217482333,12,745,0,0,547.096,31.805957794189453,-27.47931480407715,42.03169927058292,EXPLORING
7073.245000,RGB_LIDAR,MIXED,run01,RGB_LIDAR,0.12601658701896667,0.34102538228034973,0.21145834028720856,0.21328124403953552,0.21145834028720856,0.21328124403953552,1.2824440002441406,1338,5098100,49873,11892,188.54366767537198,12,747,0,0,548.096,31.78618812561035,-27.803112030029297,42.229220086694156,EXPLORING
7074.243000,RGB_LIDAR,MIXED,run01,RGB_LIDAR,0.1328035295009613,0.34526872634887695,0.21484375,0.21484375,0.21484375,0.21484375,1.0753059387207031,1341,5109620,49916,11904,189.02628221747517,12,749,0,0,549.094,31.820528030395508,-28.205167770385742,42.5206986117879,EXPLORING
7075.244000,RGB_LIDAR,MIXED,run01,RGB_LIDAR,0.10350767523050308,0.3264192044734955,0.21458333730697632,0.21718749403953552,0.21458333730697632,0.21718749403953552,1.3530009984970093,1343,5117300,49950,11919,189.2939571386336,12,749,0,0,550.095,31.87970542907715,-28.399337768554688,42.69391355520056,EXPLORING
7076.243000,RGB_LIDAR,MIXED,run01,RGB_LIDAR,0.08237120509147644,0.30233657360076904,0.21250000596046448,0.21458333730697632,0.21250000596046448,0.21458333730697632,2.0601449012756348,1345,5124980,50054,11935,189.52192823064547,12,751,0,0,551.094,31.812902450561523,-28.269378662109375,42.557618536618364,EXPLORING
7077.244000,RGB_LIDAR,MIXED,run01,RGB_LIDAR,0.07159218192100525,0.28665491938591003,0.2161458283662796,0.21770833432674408,0.2161458283662796,0.21770833432674408,1.905061960220337,1347,5132660,50071,11966,189.83078206843308,12,752,0,0,552.095,31.64171600341797,-28.2894344329834,42.44317485021187,EXPLORING
7078.243000,RGB_LIDAR,MIXED,run01,RGB_LIDAR,0.09660951793193817,0.3184536397457123,0.2109375,0.21484375,0.2109375,0.21484375,1.5659910440444946,1352,5151860,50354,11977,190.18693873333152,12,754,0,0,553.094,31.734819412231445,-28.236181259155273,42.47720847241603,EXPLORING
7079.243000,RGB_LIDAR,MIXED,run01,RGB_LIDAR,0.07741402834653854,0.2958308160305023,0.21067708730697632,0.21666666865348816,0.21067708730697632,0.21666666865348816,3.221312999725342,1355,5163380,50370,12087,190.37954097003606,12,755,0,0,554.094,31.79850196838379,-28.20201301574707,42.502125083503906,EXPLORING
7080.243000,RGB_LIDAR,MIXED,run01,RGB_LIDAR,0.07488667219877243,0.29148760437965393,0.21041665971279144,0.2135416716337204,0.21041665971279144,0.2135416716337204,0.9933779835700989,1357,5171060,50396,12088,190.53885897547974,12,756,0,0,555.094,31.808835983276367,-28.11884117126465,42.454723952486994,EXPLORING
7081.243000,RGB_LIDAR,MIXED,run01,RGB_LIDAR,0.09213103353977203,0.3173505365848541,0.20937499403953552,0.21406249701976776,0.20937499403953552,0.21406249701976776,0.8557860255241394,1359,5178740,50418,12095,190.76234571264305,12,758,0,0,556.094,31.85728645324707,-28.065378189086914,42.45567476971897,EXPLORING
7082.243000,RGB_LIDAR,MIXED,run01,RGB_LIDAR,0.10760345309972763,0.3320198357105255,0.20989583432674408,0.21458333730697632,0.20989583432674408,0.21458333730697632,1.5048480033874512,1360,5182580,50427,12103,191.01588872225227,12,760,0,0,557.094,31.79261589050293,-27.986406326293945,42.354948469099114,EXPLORING
7083.243000,RGB_LIDAR,MIXED,run01,RGB_LIDAR,0.12187390774488449,0.3433780372142792,0.21901041269302368,0.21848958730697632,0.21901041269302368,0.21848958730697632,0.811260998249054,1362,5190260,50436,12104,191.3966527711877,12,762,0,0,558.094,31.688894271850586,-27.65323257446289,42.0573383293833,EXPLORING
7084.244000,RGB_LIDAR,MIXED,run01,RGB_LIDAR,0.12871982157230377,0.3480581045150757,0.21927084028720856,0.21458333730697632,0.21927084028720856,0.21458333730697632,6.352933883666992,1364,5197940,50446,12107,191.80869138607062,12,763,0,0,559.095,31.701522827148438,-27.279882431030273,41.822371558028884,EXPLORING
7085.243000,RGB_LIDAR,MIXED,run01,RGB_LIDAR,0.12435472011566162,0.3437470495700836,0.21901041269302368,0.21458333730697632,0.21901041269302368,0.21458333730697632,0.9321119785308838,1366,5205620,50451,12108,192.25368437019682,12,764,0,0,560.094,31.650218963623047,-26.93231964111328,41.55741103882466,EXPLORING
7086.243000,RGB_LIDAR,MIXED,run01,RGB_LIDAR,0.11454181373119354,0.3386427164077759,0.2174479216337204,0.21510416269302368,0.2174479216337204,0.21510416269302368,1.110319972038269,1367,5209460,50470,12109,192.57432117305527,12,764,0,0,561.094,31.52046012878418,-26.691356658935547,41.302546663931686,EXPLORING
7087.243000,RGB_LIDAR,MIXED,run01,RGB_LIDAR,0.12494776397943497,0.3471747636795044,0.21770833432674408,0.21848958730697632,0.21770833432674408,0.21848958730697632,3.2453949451446533,1369,5217140,50477,12113,192.83807277823786,12,765,0,0,562.094,31.52370834350586,-26.449951171875,41.14944020980614,EXPLORING
7088.243000,RGB_LIDAR,MIXED,run01,RGB_LIDAR,0.13014285266399384,0.3503359854221344,0.21796874701976776,0.2161458283662796,0.21796874701976776,0.2161458283662796,0.9358019828796387,1371,5224820,50489,12114,193.10943127813542,12,766,0,0,563.094,31.56645965576172,-26.21392059326172,41.03100202856729,EXPLORING
7089.243000,RGB_LIDAR,MIXED,run01,RGB_LIDAR,0.1331520527601242,0.3524540066719055,0.21796874701976776,0.2174479216337204,0.21796874701976776,0.2174479216337204,1.6501760482788086,1372,5228660,50498,12115,193.40531257461743,12,768,0,0,564.094,31.5517578125,-25.930654525756836,40.839249538671304,EXPLORING
7090.243000,RGB_LIDAR,MIXED,run01,RGB_LIDAR,0.13239361345767975,0.3534303307533264,0.21796874701976776,0.21848958730697632,0.21796874701976776,0.21848958730697632,1.9936139583587646,1374,5236340,50516,12115,193.83712988170325,12,770,0,0,565.094,31.56769371032715,-25.556806564331055,40.6152864022947,EXPLORING
7091.243000,RGB_LIDAR,MIXED,run01,RGB_LIDAR,0.12432139366865158,0.3502764403820038,0.21822915971279144,0.21901041269302368,0.21822915971279144,0.21901041269302368,0.621317982673645,1376,5244020,50527,12119,194.2493247120465,12,771,0,0,566.094,31.609661102294922,-25.230323791503906,40.44343598029059,EXPLORING
7092.246000,RGB_LIDAR,MIXED,run01,RGB_LIDAR,0.13296754658222198,0.3527601957321167,0.2161458283662796,0.21770833432674408,0.2161458283662796,0.21770833432674408,1.1351369619369507,1380,5259380,50536,12125,194.53907730379032,12,772,0,0,567.097,31.70347023010254,-25.053239822387695,40.40675861975928,EXPLORING
7093.243000,RGB_LIDAR,MIXED,run01,RGB_LIDAR,0.133217453956604,0.35929805040359497,0.21562500298023224,0.21692708134651184,0.21562500298023224,0.21692708134651184,0.8064020276069641,1382,5267060,50544,12125,194.89934995028085,12,773,0,0,568.094,31.712038040161133,-24.788204193115234,40.249715321956664,EXPLORING
7094.243000,RGB_LIDAR,MIXED,run01,RGB_LIDAR,0.1262473613023758,0.3552742004394531,0.21562500298023224,0.21822915971279144,0.21562500298023224,0.21822915971279144,0.7662550210952759,1384,5274740,50549,12127,195.35642290850512,12,773,0,0,569.094,31.634714126586914,-24.413162231445312,39.958588864660754,EXPLORING
7095.247000,RGB_LIDAR,MIXED,run01,RGB_LIDAR,0.12303974479436874,0.3408501446247101,0.21901041269302368,0.22187499701976776,0.21901041269302368,0.22187499701976776,0.767441987991333,1386,5282420,51329,12128,195.77707430958665,12,775,0,0,570.098,31.71661949157715,-24.1284236907959,39.850415985332994,EXPLORING
7096.243000,RGB_LIDAR,MIXED,run01,RGB_LIDAR,0.13601961731910706,0.35573601722717285,0.21640625596046448,0.21822915971279144,0.21640625596046448,0.21822915971279144,1.1374599933624268,1390,5297780,51361,12164,196.04417671838124,12,776,0,0,571.094,31.789506912231445,-24.00267791748047,39.832548684974284,EXPLORING
7097.243000,RGB_LIDAR,MIXED,run01,RGB_LIDAR,0.13777774572372437,0.36760202050209045,0.21432290971279144,0.21718749403953552,0.21432290971279144,0.21718749403953552,1.2362350225448608,1392,5305460,51362,12466,196.28343472775663,12,777,0,0,572.094,31.769790649414062,-23.80669403076172,39.69897837092424,EXPLORING
7098.243000,RGB_LIDAR,MIXED,run01,RGB_LIDAR,0.12672880291938782,0.3655838966369629,0.21380208432674408,0.21588541567325592,0.21380208432674408,0.21588541567325592,3.292897939682007,1393,5309300,51365,12466,196.68500350873094,12,777,0,0,573.094,31.608957290649414,-23.499431610107422,39.386296415830095,EXPLORING
7099.243000,RGB_LIDAR,MIXED,run01,RGB_LIDAR,0.12381614744663239,0.3628461956977844,0.21484375,0.21718749403953552,0.21484375,0.21718749403953552,1.5955770015716553,1395,5316980,51394,12466,197.03158356040692,12,778,0,0,574.094,31.356897354125977,-23.320850372314453,39.07746802205921,EXPLORING
7100.243000,RGB_LIDAR,MIXED,run01,RGB_LIDAR,0.1236732006072998,0.3595339357852936,0.21432290971279144,0.21718749403953552,0.21432290971279144,0.21718749403953552,6.032858848571777,1396,5320820,51407,12468,197.37866095639976,12,779,0,0,575.094,31.20267677307129,-23.027679443359375,38.77902466821694,EXPLORING
7101.243000,RGB_LIDAR,MIXED,run01,RGB_LIDAR,0.12842132151126862,0.36611348390579224,0.21848958730697632,0.2174479216337204,0.21848958730697632,0.2174479216337204,2.8116390705108643,1398,5328500,51420,12471,197.72980519413701,12,780,0,0,576.094,31.050844192504883,-22.768672943115234,38.503238298379266,EXPLORING
7102.243000,RGB_LIDAR,MIXED,run01,RGB_LIDAR,0.12244784086942673,0.3625420331954956,0.21848958730697632,0.21796874701976776,0.21848958730697632,0.21796874701976776,1.6838539838790894,1399,5332340,51441,12474,198.00480567246674,12,782,0,0,577.094,30.850677490234375,-22.62147331237793,38.254774363951626,EXPLORING
7103.244000,RGB_LIDAR,MIXED,run01,RGB_LIDAR,0.14684073626995087,0.3740224242210388,0.2135416716337204,0.21640625596046448,0.2135416716337204,0.21640625596046448,7.824501991271973,1401,5340020,51450,12480,198.27901402930706,12,784,0,0,578.095,30.819087982177734,-22.367382049560547,38.07950028136632,EXPLORING
7104.245000,RGB_LIDAR,MIXED,run01,RGB_LIDAR,0.1433526575565338,0.36983880400657654,0.2135416716337204,0.2161458283662796,0.2135416716337204,0.2161458283662796,1.613656997680664,1402,5343860,51469,12482,198.6698759364121,12,786,0,0,579.096,30.875951766967773,-22.118919372558594,37.9802991522538,EXPLORING
7105.245000,RGB_LIDAR,MIXED,run01,RGB_LIDAR,0.12242567539215088,0.3589009642601013,0.21822915971279144,0.21770833432674408,0.21822915971279144,0.21770833432674408,0.9896489977836609,1404,5351540,51498,12483,198.99442689328814,12,788,0,0,580.096,30.94185447692871,-21.89126968383789,37.90195138816548,EXPLORING
7106.243000,RGB_LIDAR,MIXED,run01,RGB_LIDAR,0.13038110733032227,0.369071364402771,0.21250000596046448,0.21692708134651184,0.21250000596046448,0.21692708134651184,1.1992520093917847,1406,5359220,51530,12485,199.35649685644202,12,789,0,0,581.094,30.7684326171875,-21.586956024169922,37.58490779839013,EXPLORING
7107.243000,RGB_LIDAR,MIXED,run01,RGB_LIDAR,0.122738316655159,0.3627283573150635,0.21458333730697632,0.21692708134651184,0.21458333730697632,0.21692708134651184,1.2771879434585571,1407,5363060,51538,12486,199.71370120296424,12,790,0,0,582.094,30.691055297851562,-21.33723258972168,37.3784782574675,EXPLORING
7108.243000,RGB_LIDAR,MIXED,run01,RGB_LIDAR,0.11800382286310196,0.35700714588165283,0.21250000596046448,0.21458333730697632,0.21250000596046448,0.21458333730697632,1.9124979972839355,1409,5370740,51561,12489,199.98607287636457,12,791,0,0,583.094,30.68449592590332,-21.18061637878418,37.2838975735597,EXPLORING
7109.244000,RGB_LIDAR,MIXED,run01,RGB_LIDAR,0.1213098019361496,0.3607579171657562,0.21901041269302368,0.21901041269302368,0.21901041269302368,0.21901041269302368,0.9422979950904846,1411,5378420,51564,12495,200.303465254172,12,793,0,0,584.095,30.666019439697266,-20.986881256103516,37.158930503265374,EXPLORING
7110.248000,RGB_LIDAR,MIXED,run01,RGB_LIDAR,0.1206865981221199,0.35922273993492126,0.22031250596046448,0.21901041269302368,0.22031250596046448,0.21901041269302368,1.122230052947998,1413,5386100,51570,12495,200.6096693263724,12,795,0,0,585.099,30.61456871032715,-20.825605392456055,37.025530399612165,EXPLORING
7111.244000,RGB_LIDAR,MIXED,run01,RGB_LIDAR,0.12098058313131332,0.35428160429000854,0.21666666865348816,0.21718749403953552,0.21666666865348816,0.21718749403953552,0.8957110047340393,1417,5401460,51600,12496,200.92197087585916,12,796,0,0,586.095,30.673599243164062,-20.57890510559082,36.936337384554434,EXPLORING
7112.243000,RGB_LIDAR,MIXED,run01,RGB_LIDAR,0.12301228940486908,0.3567349910736084,0.2200520783662796,0.21953125298023224,0.2200520783662796,0.21953125298023224,1.0797040462493896,1419,5409140,51629,12499,201.20251942480706,12,797,0,0,587.094,30.799224853515625,-20.364572525024414,36.9220754540667,EXPLORING
7113.243000,RGB_LIDAR,MIXED,run01,RGB_LIDAR,0.1301666498184204,0.363566130399704,0.21822915971279144,0.21875,0.21822915971279144,0.21875,0.9068030118942261,1422,5420660,51635,12508,201.5687782183599,12,798,0,0,588.094,30.849437713623047,-20.014507293701172,36.77226710191914,EXPLORING
7114.250000,RGB_LIDAR,MIXED,run01,RGB_LIDAR,0.1351471096277237,0.3656292259693146,0.21484375,0.21666666865348816,0.21484375,0.21666666865348816,1.389402985572815,1424,5428340,51662,12508,201.98798555516134,12,799,0,0,589.101,30.86011505126953,-19.64993667602539,36.58412021104883,EXPLORING
7115.243000,RGB_LIDAR,MIXED,run01,RGB_LIDAR,0.12398969382047653,0.35736995935440063,0.21302083134651184,0.21588541567325592,0.21302083134651184,0.21588541567325592,1.827523946762085,1426,5436020,51670,12510,202.41783920341956,12,800,0,0,590.094,30.960744857788086,-19.282154083251953,36.47327682567343,EXPLORING
7116.246000,RGB_LIDAR,MIXED,run01,RGB_LIDAR,0.13825036585330963,0.36134102940559387,0.21906746923923492,0.21802552044391632,0.21906746923923492,0.21802552044391632,1.173693060874939,1429,5447539,51707,12511,202.7789511590855,12,801,0,0,591.097,31.131811141967773,-18.974430084228516,36.457493608904635,EXPLORING
7117.244000,RGB_LIDAR,MIXED,run01,RGB_LIDAR,0.11099927127361298,0.3445410132408142,0.2174706608057022,0.21642763912677765,0.2174706608057022,0.21642763912677765,1.016178011894226,1432,5459048,51779,12513,203.2103622012535,12,802,0,0,592.095,31.053524017333984,-18.814029693603516,36.30729091962009,EXPLORING
7118.244000,RGB_LIDAR,MIXED,run01,RGB_LIDAR,0.12731695175170898,0.3592202067375183,0.21981747448444366,0.21903520822525024,0.21981747448444366,0.21903520822525024,1.738211989402771,1434,5466717,51852,12518,203.6237819739847,12,804,0,0,593.095,31.04916763305664,-18.688161849975586,36.238494298303834,EXPLORING
7119.243000,RGB_LIDAR,MIXED,run01,RGB_LIDAR,0.12766040861606598,0.3599458634853363,0.22065727412700653,0.21909232437610626,0.22065727412700653,0.21909232437610626,3.3876230716705322,1435,5470551,51926,12521,203.9034359647944,12,806,0,0,594.094,31.139013290405273,-18.49800682067871,36.218011625497674,EXPLORING
7120.243000,RGB_LIDAR,MIXED,run01,RGB_LIDAR,0.14244915544986725,0.3650658428668976,0.2180490344762802,0.2175273895263672,0.2180490344762802,0.2175273895263672,1.527340054512024,1437,5478219,52009,12524,204.11559695700043,12,807,0,0,595.094,31.309131622314453,-18.437410354614258,36.33358411117421,EXPLORING
7121.244000,RGB_LIDAR,MIXED,run01,RGB_LIDAR,0.1376606822013855,0.36529308557510376,0.22051148116588593,0.21920667588710785,0.22051148116588593,0.21920667588710785,1.48825204372406,1439,5485884,52130,12527,204.61539033726984,12,809,0,0,596.095,31.740877151489258,-18.362380981445312,36.66863399107301,EXPLORING
7122.244000,RGB_LIDAR,MIXED,run01,RGB_LIDAR,0.12433678656816483,0.35731810331344604,0.2201930582523346,0.2199321687221527,0.2201930582523346,0.2199321687221527,2.6341331005096436,1441,5493548,52190,12566,205.01627860328853,12,810,0,0,597.095,31.910240173339844,-18.30788803100586,36.78817945211676,EXPLORING
7123.246000,RGB_LIDAR,MIXED,run01,RGB_LIDAR,0.1247100830078125,0.35785001516342163,0.2147703617811203,0.21790188550949097,0.2147703617811203,0.21790188550949097,3.6571340560913086,1443,5501212,52300,12566,205.3261942926046,12,812,0,0,598.097,32.092613220214844,-18.201820373535156,36.89403127455625,EXPLORING
7124.244000,RGB_LIDAR,MIXED,run01,RGB_LIDAR,0.13737964630126953,0.3660189211368561,0.21152843534946442,0.21517996490001678,0.21152843534946442,0.21517996490001678,3.6803629398345947,1444,5505046,52388,12590,205.5869387324664,12,813,0,0,599.095,32.32085037231445,-18.120708465576172,37.052993071957104,EXPLORING
7125.245000,RGB_LIDAR,MIXED,run01,RGB_LIDAR,0.15389323234558105,0.3732123374938965,0.21575789153575897,0.21601878106594086,0.21575789153575897,0.21601878106594086,1.4115220308303833,1446,5512713,52566,12607,206.02609546059665,12,814,0,0,600.096,32.68330383300781,-18.034984588623047,37.328071594135345,EXPLORING
7126.244000,RGB_LIDAR,MIXED,run01,RGB_LIDAR,0.14364883303642273,0.3674719035625458,0.21607515215873718,0.2176409214735031,0.21607515215873718,0.2176409214735031,0.9556270241737366,1448,5520378,52636,12620,206.35749008374378,12,815,0,0,601.095,32.693641662597656,-17.997554779052734,37.31905749214954,EXPLORING
7127.243000,RGB_LIDAR,MIXED,run01,RGB_LIDAR,0.13882945477962494,0.3668477237224579,0.21372652053833008,0.21607515215873718,0.21372652053833008,0.21607515215873718,1.3467999696731567,1450,5528043,52721,12630,206.70299183036667,12,817,0,0,602.094,32.92435836791992,-17.773923873901367,37.41458195653217,EXPLORING
7128.244000,RGB_LIDAR,MIXED,run01,RGB_LIDAR,0.12994922697544098,0.36259233951568604,0.2136707603931427,0.21654057502746582,0.2136707603931427,0.21654057502746582,0.8656910061836243,1454,5543378,52847,12638,207.12800016116464,12,819,0,0,603.095,33.25984573364258,-17.68694496154785,37.66921402380258,EXPLORING
7129.243000,RGB_LIDAR,MIXED,run01,RGB_LIDAR,0.09923835843801498,0.3365684449672699,0.22071485221385956,0.21941038966178894,0.22071485221385956,0.21941038966178894,1.105734944343567,1457,5554877,52947,12659,207.55335133459934,12,821,0,0,604.094,33.606327056884766,-17.585851669311523,37.928496073620316,EXPLORING
7130.243000,RGB_LIDAR,MIXED,run01,RGB_LIDAR,0.12031243741512299,0.3529457449913025,0.21758413314819336,0.21784502267837524,0.21758413314819336,0.21784502267837524,1.1000429391860962,1460,5566376,53041,12671,208.10785232813595,12,822,0,0,605.094,33.578121185302734,-17.49616050720215,37.86197703495424,EXPLORING
7131.243000,RGB_LIDAR,MIXED,run01,RGB_LIDAR,0.12779735028743744,0.35627904534339905,0.21398746967315674,0.21790188550949097,0.21398746967315674,0.21790188550949097,5.699782848358154,1463,5577876,53157,12695,208.46857998651478,12,823,0,0,606.094,33.539390563964844,-17.503623962402344,37.83108670448213,EXPLORING
7132.244000,RGB_LIDAR,MIXED,run01,RGB_LIDAR,0.11874032020568848,0.346273273229599,0.22300469875335693,0.22561293840408325,0.22300469875335693,0.22561293840408325,1.5323669910430908,1464,5581710,53362,12729,208.86547523369802,12,825,0,0,607.095,33.50236511230469,-17.38935661315918,37.745486965504895,EXPLORING
7133.245000,RGB_LIDAR,MIXED,run01,RGB_LIDAR,0.11418871581554413,0.3412824869155884,0.21935315430164337,0.21857067942619324,0.21935315430164337,0.21857067942619324,0.9764739871025085,1467,5593210,53668,12795,209.189170985566,12,825,0,0,608.096,33.3818359375,-17.142786026000977,37.525269832045375,EXPLORING
7134.244000,RGB_LIDAR,MIXED,run01,RGB_LIDAR,0.11155489832162857,0.3388421833515167,0.21883150935173035,0.21596243977546692,0.21883150935173035,0.21596243977546692,1.5061990022659302,1469,5600872,53765,12872,209.43393936240295,12,827,0,0,609.095,33.289608001708984,-16.97051239013672,37.3646924608635,EXPLORING
7135.244000,RGB_LIDAR,MIXED,run01,RGB_LIDAR,0.11191132664680481,0.33930838108062744,0.2199321687221527,0.21888859570026398,0.2199321687221527,0.21888859570026398,2.1682839393615723,1471,5608538,53833,12899,209.7259918392182,12,828,0,0,610.095,33.328731536865234,-16.770933151245117,37.30941321522906,EXPLORING
7136.246000,RGB_LIDAR,MIXED,run01,RGB_LIDAR,0.11632408201694489,0.3405768871307373,0.2183668166399002,0.21758413314819336,0.2183668166399002,0.21758413314819336,3.2790749073028564,1472,5612371,53833,12927,210.04004024303165,12,830,0,0,611.097,33.33004379272461,-16.5231876373291,37.19988188033201,EXPLORING
7137.243000,RGB_LIDAR,MIXED,run01,RGB_LIDAR,0.12657438218593597,0.34749114513397217,0.21732324361801147,0.21601878106594086,0.21732324361801147,0.21601878106594086,2.948854923248291,1474,5620032,53940,12939,210.3254305965163,12,832,0,0,612.094,33.34968185424805,-16.248159408569336,37.09619202691404,EXPLORING
7138.243000,RGB_LIDAR,MIXED,run01,RGB_LIDAR,0.1299801915884018,0.35076189041137695,0.2214975208044052,0.21941038966178894,0.2214975208044052,0.21941038966178894,1.5096739530563354,1475,5623865,53903,12950,210.71422723170087,12,832,0,0,613.094,33.49517822265625,-15.936004638671875,37.09186181705327,EXPLORING
7139.246000,RGB_LIDAR,MIXED,run01,RGB_LIDAR,0.1308126002550125,0.35127928853034973,0.21926389634609222,0.21848081052303314,0.21926389634609222,0.21848081052303314,3.9690749645233154,1477,5631523,54049,12956,211.11920366438244,12,834,0,0,614.097,33.69187927246094,-15.619924545288086,37.13552414217968,EXPLORING
7140.247000,RGB_LIDAR,MIXED,run01,RGB_LIDAR,0.13494713604450226,0.35599470138549805,0.21941038966178894,0.2168014645576477,0.21941038966178894,0.2168014645576477,1.1527090072631836,1479,5639189,54062,12973,211.4996796864255,12,836,0,0,615.098,33.89955520629883,-15.325255393981934,37.20168055047405,EXPLORING
7141.244000,RGB_LIDAR,MIXED,run01,RGB_LIDAR,0.13589411973953247,0.35547855496406555,0.2199321687221527,0.21758413314819336,0.2199321687221527,0.21758413314819336,1.7600270509719849,1480,5643022,54121,12986,211.8403498114993,12,838,0,0,616.095,34.017765045166016,-15.036218643188477,37.19163257195902,EXPLORING
7142.244000,RGB_LIDAR,MIXED,run01,RGB_LIDAR,0.12763427197933197,0.35019451379776,0.2205343097448349,0.21896280348300934,0.2205343097448349,0.21896280348300934,2.08841609954834,1482,5650671,54219,12993,212.22240676889353,12,840,0,0,617.095,34.122615814208984,-14.706109046936035,37.15566547677775,EXPLORING
7143.244000,RGB_LIDAR,MIXED,run01,RGB_LIDAR,0.13961435854434967,0.3572545051574707,0.22050340473651886,0.21971683204174042,0.22050340473651886,0.21971683204174042,1.0579639673233032,1484,5658299,54495,13009,212.6044483208838,12,842,0,0,618.095,34.20736312866211,-14.348675727844238,37.093783171420554,EXPLORING
7144.249000,RGB_LIDAR,MIXED,run01,RGB_LIDAR,0.13323773443698883,0.3539067804813385,0.2131061553955078,0.21834862232208252,0.2131061553955078,0.21834862232208252,0.7991219758987427,1485,5662114,54674,13048,213.0103754032533,12,844,0,0,619.100,34.18781280517578,-14.001275062561035,36.942695001499764,EXPLORING
7145.243000,RGB_LIDAR,MIXED,run01,RGB_LIDAR,0.1398492306470871,0.35376039147377014,0.21785807609558105,0.21523958444595337,0.21785807609558105,0.21523958444595337,1.5238759517669678,1488,5673565,54964,13134,213.3232652265747,12,846,0,0,620.094,34.18183898925781,-13.707255363464355,36.82672025140513,EXPLORING
7146.246000,RGB_LIDAR,MIXED,run01,RGB_LIDAR,0.13089707493782043,0.3490431308746338,0.21467746794223785,0.2159832864999771,0.21467746794223785,0.2159832864999771,0.6297280192375183,1490,5681222,55377,13224,213.629458833432,12,847,0,0,621.097,34.257537841796875,-13.546502113342285,36.837572129537484,EXPLORING
7147.245000,RGB_LIDAR,MIXED,run01,RGB_LIDAR,0.14107199013233185,0.36055877804756165,0.21958224475383759,0.2185378521680832,0.21958224475383759,0.2185378521680832,12.0429105758667,1492,5688883,55519,13393,213.97058799982065,12,848,0,0,622.096,34.162166595458984,-13.239006042480469,36.63666359047635,EXPLORING
7148.243000,RGB_LIDAR,MIXED,run01,RGB_LIDAR,0.12734156847000122,0.35319027304649353,0.2151436060667038,0.2172323763370514,0.2151436060667038,0.2172323763370514,1.0866789817810059,1494,5696545,55840,13437,214.36219129970596,12,849,0,0,623.094,34.06862258911133,-12.936174392700195,36.44085580252019,EXPLORING
7149.245000,RGB_LIDAR,MIXED,run01,RGB_LIDAR,0.13173985481262207,0.3606722354888916,0.21456538140773773,0.21534846723079681,0.21456538140773773,0.21534846723079681,1.5346640348434448,1496,5704206,56121,13519,214.70119374748037,12,850,0,0,624.096,33.90898513793945,-12.735108375549316,36.22047613794263,EXPLORING
7150.245000,RGB_LIDAR,MIXED,run01,RGB_LIDAR,0.14365489780902863,0.3560321033000946,0.21389396488666534,0.21676677465438843,0.21389396488666534,0.21676677465438843,0.7468289732933044,1497,5708035,56325,13629,215.01775744978576,12,851,0,0,625.096,33.807518005371094,-12.459294319152832,36.02919732614689,EXPLORING
7151.243000,RGB_LIDAR,MIXED,run01,RGB_LIDAR,0.1240633875131607,0.3396490216255188,0.21294362843036652,0.21450939774513245,0.21294362843036652,0.21450939774513245,1.3366730213165283,1499,5715698,56527,13685,215.4072658206676,12,852,0,0,626.094,33.9136962890625,-12.397181510925293,36.107469941666146,EXPLORING
7152.243000,RGB_LIDAR,MIXED,run01,RGB_LIDAR,0.13354229927062988,0.3613360822200775,0.21456538140773773,0.2161315530538559,0.21456538140773773,0.2161315530538559,2.6734049320220947,1501,5723361,56617,13733,215.85202484898034,12,853,0,0,627.094,33.76443862915039,-12.336033821105957,35.94629151653983,EXPLORING
7153.243000,RGB_LIDAR,MIXED,run01,RGB_LIDAR,0.14333891868591309,0.3679545819759369,0.21398746967315674,0.2147703617811203,0.21398746967315674,0.2147703617811203,1.5998690128326416,1502,5727193,56740,13765,216.18034943254315,12,853,0,0,628.094,33.49831008911133,-12.195061683654785,35.64796966822002,EXPLORING
7154.244000,RGB_LIDAR,MIXED,run01,RGB_LIDAR,0.14091917872428894,0.35610273480415344,0.21106183528900146,0.21419253945350647,0.21106183528900146,0.21419253945350647,1.237007975578308,1503,5731026,56799,13799,216.58506926070697,12,855,0,0,629.095,33.39555358886719,-11.877815246582031,35.443857743240706,EXPLORING
7155.244000,RGB_LIDAR,MIXED,run01,RGB_LIDAR,0.1275172084569931,0.3563111126422882,0.21216075122356415,0.21581420302391052,0.21216075122356415,0.21581420302391052,1.3678419589996338,1505,5738691,57092,13810,216.98859228680394,12,856,0,0,630.095,33.37437438964844,-11.609451293945312,35.33482309463533,EXPLORING
7156.244000,RGB_LIDAR,MIXED,run01,RGB_LIDAR,0.12886162102222443,0.3621736466884613,0.2134273797273636,0.21212121844291687,0.2134273797273636,0.21212121844291687,8.85265827178955,1507,5746349,57142,13877,217.2511863680405,12,857,0,0,631.095,33.186248779296875,-11.509952545166016,35.12446500358671,EXPLORING
7157.243000,RGB_LIDAR,MIXED,run01,RGB_LIDAR,0.1389198750257492,0.3681279420852661,0.20773452520370483,0.2106088250875473,0.20773452520370483,0.2106088250875473,4.896784782409668,1509,5754004,57255,13888,217.63492741920848,12,858,0,0,632.094,32.872318267822266,-11.346269607543945,34.7742689947231,EXPLORING
7158.244000,RGB_LIDAR,MIXED,run01,RGB_LIDAR,0.1381004899740219,0.36615806818008423,0.2122715413570404,0.2101827710866928,0.2122715413570404,0.2101827710866928,2.575829029083252,1510,5757834,57354,13929,218.05031844290363,12,860,0,0,633.095,32.645240783691406,-11.072040557861328,34.4706385530813,EXPLORING
7159.244000,RGB_LIDAR,MIXED,run01,RGB_LIDAR,0.12899968028068542,0.3600817918777466,0.2135770171880722,0.2177545726299286,0.2135770171880722,0.2177545726299286,2.247972011566162,1512,5765493,57565,13948,218.43870022231135,12,861,0,0,634.095,32.38372039794922,-10.859346389770508,34.15485923560268,EXPLORING
7160.244000,RGB_LIDAR,MIXED,run01,RGB_LIDAR,0.1333143413066864,0.3620448410511017,0.2192317694425583,0.21635745465755463,0.2192317694425583,0.21635745465755463,1.0993930101394653,1513,5769320,57565,14019,218.81322197261665,12,863,0,0,635.095,32.09742736816406,-10.653448104858398,33.81811774377199,EXPLORING
7161.244000,RGB_LIDAR,MIXED,run01,RGB_LIDAR,0.13049621880054474,0.3586674928665161,0.21348313987255096,0.21374444663524628,0.21348313987255096,0.21374444663524628,3.640810966491699,1515,5776974,57780,14027,219.17975923245385,12,865,0,0,636.095,31.92469024658203,-10.391122817993164,33.57209987585487,EXPLORING
7162.243000,RGB_LIDAR,MIXED,run01,RGB_LIDAR,0.11644218116998672,0.3455662727355957,0.21348313987255096,0.2142670452594757,0.21348313987255096,0.2142670452594757,5.474864959716797,1517,5784628,57899,14078,219.51250531987222,12,867,0,0,637.094,31.65548324584961,-10.272107124328613,33.27928839748798,EXPLORING
7163.243000,RGB_LIDAR,MIXED,run01,RGB_LIDAR,0.13579662144184113,0.3615114688873291,0.21844786405563354,0.21661876142024994,0.21844786405563354,0.21661876142024994,1.960718035697937,1520,5796110,58183,14098,219.85262430672583,12,869,0,0,638.094,31.425426483154297,-10.054229736328125,32.99349452072716,EXPLORING
7164.244000,RGB_LIDAR,MIXED,run01,RGB_LIDAR,0.11626274138689041,0.343787282705307,0.21374444663524628,0.2140057533979416,0.21374444663524628,0.2140057533979416,1.1785579919815063,1522,5803765,58334,14192,220.27271081325648,12,871,0,0,639.095,31.258655548095703,-9.767922401428223,32.748158222995905,EXPLORING
7165.245000,RGB_LIDAR,MIXED,run01,RGB_LIDAR,0.10959041863679886,0.3356728255748749,0.21969696879386902,0.218913272023201,0.21969696879386902,0.218913272023201,1.1099059581756592,1524,5811421,58586,14243,220.59028477913157,12,873,0,0,640.096,30.980388641357422,-9.73309326171875,32.47220777135601,EXPLORING
7166.245000,RGB_LIDAR,MIXED,run01,RGB_LIDAR,0.12945839762687683,0.3540586829185486,0.218913272023201,0.21865203976631165,0.218913272023201,0.21865203976631165,1.1829429864883423,1526,5819077,58768,14319,220.76179322051053,12,875,0,0,641.096,30.92534637451172,-9.625077247619629,32.387434993487275,EXPLORING
7167.244000,RGB_LIDAR,MIXED,run01,RGB_LIDAR,0.11053378880023956,0.33514994382858276,0.2133716344833374,0.21363280713558197,0.2133716344833374,0.21363280713558197,1.8579169511795044,1528,5826734,58954,14420,221.1841582721049,12,877,0,0,642.095,30.69232177734375,-9.353385925292969,32.08475802971333,EXPLORING
7168.244000,RGB_LIDAR,MIXED,run01,RGB_LIDAR,0.10850821435451508,0.3312295079231262,0.21969696879386902,0.21708464622497559,0.21969696879386902,0.21708464622497559,0.6744740009307861,1531,5838220,59126,14489,221.50167598168306,12,879,0,0,643.095,30.420591354370117,-9.257497787475586,31.79687933911397,EXPLORING
7169.243000,RGB_LIDAR,MIXED,run01,RGB_LIDAR,0.12149935215711594,0.3432663381099701,0.214360311627388,0.2154047042131424,0.214360311627388,0.2154047042131424,5.378623962402344,1534,5849706,59358,14545,221.77589290130396,14,879,0,0,644.094,30.28753089904785,-9.056720733642578,31.611498839427064,EXPLORING
7170.246000,RGB_LIDAR,MIXED,run01,RGB_LIDAR,0.12091758847236633,0.342817485332489,0.2167101800441742,0.2154047042131424,0.2167101800441742,0.2154047042131424,1.6686760187149048,1536,5857365,59595,14612,221.81627038544875,16,879,0,0,645.097,30.295507431030273,-9.07040023803711,31.623062110516702,EXPLORING
7171.243000,RGB_LIDAR,MIXED,run01,RGB_LIDAR,0.1208445206284523,0.34274986386299133,0.21917450428009033,0.2165621668100357,0.21917450428009033,0.2165621668100357,0.7432600259780884,1538,5865022,59766,14689,221.8215017424406,17,880,0,0,646.094,30.29526710510254,-9.070366859436035,31.622822308964786,EXPLORING
7172.245000,RGB_LIDAR,MIXED,run01,RGB_LIDAR,0.13359366357326508,0.3549390733242035,0.2196395993232727,0.2159832864999771,0.2196395993232727,0.2159832864999771,5.51022481918335,1541,5876508,59896,14767,221.90606159468675,17,880,0,0,647.096,30.368410110473633,-9.107100486755371,31.703431540389815,EXPLORING
7173.243000,RGB_LIDAR,MIXED,run01,RGB_LIDAR,0.143254354596138,0.3565240204334259,0.214360311627388,0.214360311627388,0.214360311627388,0.214360311627388,0.8503749966621399,1543,5884168,60016,14812,222.15924360336214,17,881,0,0,648.094,30.380661010742188,-9.163214683532715,31.731325518655105,EXPLORING
7174.243000,RGB_LIDAR,MIXED,run01,RGB_LIDAR,0.14417417347431183,0.3586719334125519,0.2144162952899933,0.2141551375389099,0.2144162952899933,0.2141551375389099,0.5764279961585999,1546,5895656,60056,14841,222.31117960905263,17,883,0,0,649.094,30.409603118896484,-9.25413990020752,31.785389493504116,EXPLORING
7175.247000,RGB_LIDAR,MIXED,run01,RGB_LIDAR,0.12927529215812683,0.3570723533630371,0.21389396488666534,0.2144162952899933,0.21389396488666534,0.2144162952899933,0.5747730135917664,1549,5907143,60101,14850,222.57672873197012,17,884,0,0,650.098,30.374069213867188,-9.291621208190918,31.76234134662405,EXPLORING
7176.244000,RGB_LIDAR,MIXED,run01,RGB_LIDAR,0.13666464388370514,0.3623482882976532,0.217027947306633,0.21807260811328888,0.217027947306633,0.21807260811328888,1.1634420156478882,1551,5914800,60250,14864,222.93072216405812,17,886,0,0,651.095,30.620101928710938,-9.467484474182129,32.04920257901366,EXPLORING
7177.243000,RGB_LIDAR,MIXED,run01,RGB_LIDAR,0.13627880811691284,0.3611234724521637,0.21917450428009033,0.21630093455314636,0.21917450428009033,0.21630093455314636,3.265615940093994,1553,5922457,60291,14894,223.35193214565604,17,887,0,0,652.094,30.948684692382812,-9.614750862121582,32.40665426686441,EXPLORING
7178.243000,RGB_LIDAR,MIXED,run01,RGB_LIDAR,0.12602467834949493,0.3573881983757019,0.21394984424114227,0.21577847003936768,0.21394984424114227,0.21577847003936768,0.7981110215187073,1554,5926285,60355,14914,223.73730367772598,17,888,0,0,653.094,31.263246536254883,-9.79414176940918,32.76036948455957,EXPLORING
7179.243000,RGB_LIDAR,MIXED,run01,RGB_LIDAR,0.13090860843658447,0.3613121807575226,0.21493862569332123,0.2151997983455658,0.21493862569332123,0.2151997983455658,7.184457778930664,1555,5930114,60386,14928,224.10112933534975,17,890,0,0,654.094,31.438430786132812,-10.071366310119629,33.011104794928556,EXPLORING
7180.247000,RGB_LIDAR,MIXED,run01,RGB_LIDAR,0.12293540686368942,0.35372522473335266,0.2159832864999771,0.21676677465438843,0.2159832864999771,0.21676677465438843,1.3821849822998047,1557,5937771,60438,14937,224.52739625910274,17,891,0,0,655.098,31.711488723754883,-10.3286771774292,33.35004055504093,EXPLORING
7181.243000,RGB_LIDAR,MIXED,run01,RGB_LIDAR,0.12357570976018906,0.3566034138202667,0.2188560962677002,0.21937842667102814,0.2188560962677002,0.21937842667102814,1.5877699851989746,1559,5945429,60465,14950,224.77852521865626,17,892,0,0,656.094,31.839651107788086,-10.450643539428711,33.50976245293969,EXPLORING
7182.245000,RGB_LIDAR,MIXED,run01,RGB_LIDAR,0.11811715364456177,0.3500443696975708,0.2147335410118103,0.21577847003936768,0.2147335410118103,0.21577847003936768,2.2970879077911377,1561,5953086,60514,14958,225.14923966521727,17,893,0,0,657.096,31.996028900146484,-10.765411376953125,33.757436737951366,EXPLORING
7183.243000,RGB_LIDAR,MIXED,run01,RGB_LIDAR,0.132335364818573,0.36093851923942566,0.21734587848186493,0.21708464622497559,0.21734587848186493,0.21708464622497559,1.2160060405731201,1563,5960743,60559,14974,225.58511837122663,17,895,0,0,658.094,32.15276336669922,-11.086198806762695,34.00923883845135,EXPLORING
7184.243000,RGB_LIDAR,MIXED,run01,RGB_LIDAR,0.1253565400838852,0.35674187541007996,0.21421107649803162,0.21682339906692505,0.21421107649803162,0.21682339906692505,0.9365299940109253,1565,5968399,60620,14989,225.9960876080003,17,897,0,0,659.094,32.45545959472656,-11.262333869934082,34.352884443472306,EXPLORING
7185.243000,RGB_LIDAR,MIXED,run01,RGB_LIDAR,0.1317264884710312,0.3612522780895233,0.21478965878486633,0.21714136004447937,0.21478965878486633,0.21714136004447937,3.2562689781188965,1567,5976055,60717,15004,226.38729209729843,17,899,0,0,660.094,32.701904296875,-11.50986385345459,34.6671984216764,EXPLORING
7186.243000,RGB_LIDAR,MIXED,run01,RGB_LIDAR,0.13411223888397217,0.362480491399765,0.2158348560333252,0.21635745465755463,0.2158348560333252,0.21635745465755463,0.7755460143089294,1569,5983709,60773,15026,226.71782803317188,17,900,0,0,661.094,32.90935516357422,-11.626058578491211,34.90148365949145,EXPLORING
7187.244000,RGB_LIDAR,MIXED,run01,RGB_LIDAR,0.12091270089149475,0.35224130749702454,0.21510715782642365,0.21562990546226501,0.21510715782642365,0.21562990546226501,1.2713450193405151,1571,5991361,60824,15036,226.9494950317819,17,901,0,0,662.095,32.97553634643555,-11.681427001953125,34.982342092397786,EXPLORING
7188.245000,RGB_LIDAR,MIXED,run01,RGB_LIDAR,0.13373048603534698,0.3628445267677307,0.21458442509174347,0.21562990546226501,0.21458442509174347,0.21562990546226501,0.7834550142288208,1573,5999013,60878,15046,227.30138573609406,17,901,0,0,663.096,33.05598449707031,-11.969104766845703,35.15508531445425,EXPLORING
7189.243000,RGB_LIDAR,MIXED,run01,RGB_LIDAR,0.13518473505973816,0.361047625541687,0.21902769804000854,0.2179822325706482,0.21902769804000854,0.2179822325706482,0.9308540225028992,1576,6010491,60901,15057,227.7002295751956,17,901,0,0,664.094,33.37384796142578,-12.151605606079102,35.51615086723657,EXPLORING
7190.244000,RGB_LIDAR,MIXED,run01,RGB_LIDAR,0.13542026281356812,0.3612332046031952,0.21228757500648499,0.21542483568191528,0.21228757500648499,0.21542483568191528,4.559154987335205,1579,6021967,60929,15064,228.11117358194818,17,902,0,0,665.095,33.7027702331543,-12.2324800491333,35.852911007162014,EXPLORING
7191.245000,RGB_LIDAR,MIXED,run01,RGB_LIDAR,0.12638483941555023,0.35902395844459534,0.21986928582191467,0.21620914340019226,0.21986928582191467,0.21620914340019226,0.5703570246696472,1581,6029617,60978,15068,228.53735799298752,17,904,0,0,666.096,34.013282775878906,-12.442745208740234,36.216647608879505,EXPLORING
7192.244000,RGB_LIDAR,MIXED,run01,RGB_LIDAR,0.12373616546392441,0.3558136820793152,0.2179822325706482,0.2177208513021469,0.2179822325706482,0.2177208513021469,1.2162740230560303,1584,6041092,60989,15084,228.78084538746154,17,905,0,0,667.095,34.10172653198242,-12.61091136932373,36.35770809523423,EXPLORING
7193.245000,RGB_LIDAR,MIXED,run01,RGB_LIDAR,0.11797109991312027,0.35107675194740295,0.21857067942619324,0.2175273895263672,0.21857067942619324,0.2175273895263672,0.8816969990730286,1586,6048754,61022,15085,229.19915280812143,17,906,0,0,668.096,34.229671478271484,-12.973806381225586,36.604781021064554,EXPLORING
7194.243000,RGB_LIDAR,MIXED,run01,RGB_LIDAR,0.12280908226966858,0.35419219732284546,0.21758413314819336,0.21654057502746582,0.21758413314819336,0.21654057502746582,0.8515490293502808,1588,6056420,61075,15092,229.64838491324014,17,907,0,0,669.094,34.2923583984375,-13.345819473266602,36.79669377779655,EXPLORING
7195.243000,RGB_LIDAR,MIXED,run01,RGB_LIDAR,0.11732619255781174,0.3501220941543579,0.21972860395908356,0.21972860395908356,0.21972860395908356,0.21972860395908356,3.1349968910217285,1591,6067916,61093,15095,230.0648416772532,17,907,0,0,670.094,34.358482360839844,-13.691060066223145,36.98473125630514,EXPLORING
7196.243000,RGB_LIDAR,MIXED,run01,RGB_LIDAR,0.11199808865785599,0.34709545969963074,0.21848081052303314,0.21743670105934143,0.21848081052303314,0.21743670105934143,1.110172986984253,1592,6071747,61118,15098,230.4103334924759,17,907,0,0,671.094,34.447906494140625,-13.979434967041016,37.17529651888748,EXPLORING
7197.274000,RGB_LIDAR,MIXED,run01,RGB_LIDAR,0.12131901830434799,0.3549571633338928,0.2190028727054596,0.21952493488788605,0.2190028727054596,0.21952493488788605,1.9166450500488281,1595,6083241,61136,15102,230.8470629406266,17,908,0,0,672.125,34.388973236083984,-14.3677978515625,37.268689436859574,EXPLORING
7198.243000,RGB_LIDAR,MIXED,run01,RGB_LIDAR,0.1230379268527031,0.35580599308013916,0.22062663733959198,0.2190600484609604,0.22062663733959198,0.2190600484609604,1.196660041809082,1597,6090902,61154,15102,231.1794831682192,17,909,0,0,673.094,34.30551528930664,-14.663180351257324,37.306804824711605,EXPLORING
7199.244000,RGB_LIDAR,MIXED,run01,RGB_LIDAR,0.12357731908559799,0.35630401968955994,0.21984334290027618,0.2185378521680832,0.21984334290027618,0.2185378521680832,0.9396600127220154,1598,6094732,61167,15103,231.57047066160936,17,910,0,0,674.095,34.11150360107422,-14.937849044799805,37.23781761021445,EXPLORING
7200.244000,RGB_LIDAR,MIXED,run01,RGB_LIDAR,0.1254100501537323,0.3579287528991699,0.2190600484609604,0.22036553919315338,0.2190600484609604,0.22036553919315338,3.224245071411133,1600,6102392,61190,15103,231.96165081633808,17,911,0,0,675.095,33.86067581176758,-15.197842597961426,37.113899951406665,EXPLORING
7201.244000,RGB_LIDAR,MIXED,run01,RGB_LIDAR,0.12318433076143265,0.3578779101371765,0.2204497903585434,0.2196652740240097,0.2204497903585434,0.2196652740240097,0.820451021194458,1602,6110041,61236,15105,232.33424743330878,17,913,0,0,676.095,33.67125701904297,-15.426713943481445,37.0359204647069,EXPLORING
7202.244000,RGB_LIDAR,MIXED,run01,RGB_LIDAR,0.13429494202136993,0.36546948552131653,0.22085407376289368,0.2203301042318344,0.22085407376289368,0.2203301042318344,0.9279059767723083,1605,6121495,61254,15105,232.70455007950738,17,914,0,0,677.095,33.43498229980469,-15.68311595916748,36.929408568771336,EXPLORING
7203.245000,RGB_LIDAR,MIXED,run01,RGB_LIDAR,0.12312651425600052,0.35727426409721375,0.2192499339580536,0.21846315264701843,0.2192499339580536,0.21846315264701843,1.294950008392334,1608,6132938,61280,15109,233.13450821496016,17,916,0,0,678.096,33.275787353515625,-16.012916564941406,36.92715946392305,EXPLORING
7204.243000,RGB_LIDAR,MIXED,run01,RGB_LIDAR,0.12872067093849182,0.36599934101104736,0.21823421120643616,0.2177102416753769,0.21823421120643616,0.2177102416753769,1.1441750526428223,1610,6140571,61302,15117,233.4994519011387,17,917,0,0,679.094,33.056373596191406,-16.27347183227539,36.843913512586845,EXPLORING
7205.245000,RGB_LIDAR,MIXED,run01,RGB_LIDAR,0.12482688575983047,0.36016443371772766,0.2190028727054596,0.21795876324176788,0.2190028727054596,0.21795876324176788,1.5981390476226807,1612,6148221,61309,15119,233.87086408914303,17,919,0,0,680.096,32.851863861083984,-16.492544174194336,36.75831629695202,EXPLORING
7206.243000,RGB_LIDAR,MIXED,run01,RGB_LIDAR,0.12402628362178802,0.36376824975013733,0.2208300679922104,0.2182197868824005,0.2208300679922104,0.2182197868824005,1.5747770071029663,1615,6159715,61315,15119,234.1982211200612,17,920,0,0,681.094,32.66923522949219,-16.73836326599121,36.70663616735916,EXPLORING
7207.245000,RGB_LIDAR,MIXED,run01,RGB_LIDAR,0.13644088804721832,0.3721925914287567,0.21784502267837524,0.21758413314819336,0.21784502267837524,0.21758413314819336,1.1287389993667603,1618,6171212,61365,15120,234.55227688130455,17,920,0,0,682.096,32.388954162597656,-16.865747451782227,36.51607790514941,EXPLORING
7208.244000,RGB_LIDAR,MIXED,run01,RGB_LIDAR,0.1349254548549652,0.3727332353591919,0.21848081052303314,0.21743670105934143,0.21848081052303314,0.21743670105934143,1.3216010332107544,1620,6178875,61362,15138,234.97803742286413,17,921,0,0,683.095,32.14088821411133,-17.128183364868164,36.418927037971194,EXPLORING
7209.244000,RGB_LIDAR,MIXED,run01,RGB_LIDAR,0.130415141582489,0.3698413670063019,0.21874184906482697,0.21795876324176788,0.21874184906482697,0.21795876324176788,9.037552833557129,1623,6190369,61435,15138,235.37957940909115,17,923,0,0,684.095,31.859914779663086,-17.352785110473633,36.27810638056012,EXPLORING
7210.243000,RGB_LIDAR,MIXED,run01,RGB_LIDAR,0.13374333083629608,0.37116891145706177,0.2171756774187088,0.21769772469997406,0.2171756774187088,0.21769772469997406,3.2101190090179443,1625,6198031,61450,15148,235.80281911286028,17,923,0,0,685.094,31.56852149963379,-17.575828552246094,36.13045532128013,EXPLORING
7211.247000,RGB_LIDAR,MIXED,run01,RGB_LIDAR,0.13955676555633545,0.3753833472728729,0.2194676399230957,0.22259916365146637,0.2194676399230957,0.22259916365146637,1.2451080083847046,1627,6205695,61456,15149,236.22366571502457,17,924,0,0,686.098,31.228395462036133,-17.69025230407715,35.88993047949137,EXPLORING
7212.243000,RGB_LIDAR,MIXED,run01,RGB_LIDAR,0.12616778910160065,0.36381974816322327,0.2171756774187088,0.2182197868824005,0.2171756774187088,0.2182197868824005,1.2805290222167969,1628,6209526,61479,15150,236.50362968286643,17,925,0,0,687.094,31.03555679321289,-17.736595153808594,35.74524435839487,EXPLORING
7213.244000,RGB_LIDAR,MIXED,run01,RGB_LIDAR,0.13161399960517883,0.36582842469215393,0.21868476271629333,0.21737995743751526,0.21868476271629333,0.21737995743751526,1.7164629697799683,1630,6217190,61512,15150,236.89048177188275,17,926,0,0,688.095,30.693756103515625,-17.76531982421875,35.463277048708434,EXPLORING
7214.246000,RGB_LIDAR,MIXED,run01,RGB_LIDAR,0.12036172300577164,0.3594667315483093,0.2186277061700821,0.2183668166399002,0.2186277061700821,0.2183668166399002,1.2556309700012207,1632,6224856,61518,15150,237.173260521039,17,927,0,0,689.097,30.462316513061523,-17.799617767333984,35.280454634747294,EXPLORING
7215.245000,RGB_LIDAR,MIXED,run01,RGB_LIDAR,0.11825262755155563,0.35955655574798584,0.21654057502746582,0.21654057502746582,0.21654057502746582,0.21654057502746582,1.9963469505310059,1633,6228689,61552,15150,237.51458028857053,17,928,0,0,690.096,30.39515495300293,-18.021907806396484,35.33533961223397,EXPLORING
7216.247000,RGB_LIDAR,MIXED,run01,RGB_LIDAR,0.12355045229196548,0.3627144992351532,0.21372652053833008,0.21581420302391052,0.21372652053833008,0.21581420302391052,1.4042789936065674,1635,6236352,61578,15150,237.92452065344716,17,928,0,0,691.098,30.14118194580078,-18.281831741333008,35.25122102606012,EXPLORING
7217.243000,RGB_LIDAR,MIXED,run01,RGB_LIDAR,0.14971376955509186,0.3779550790786743,0.2165970802307129,0.21633611619472504,0.2165970802307129,0.21633611619472504,1.8028090000152588,1637,6244015,61598,15150,238.19000973978098,17,929,0,0,692.094,30.30055046081543,-18.279579162597656,35.38641457567262,EXPLORING
7218.244000,RGB_LIDAR,MIXED,run01,RGB_LIDAR,0.11811713874340057,0.3560929000377655,0.2178114354610443,0.217027947306633,0.2178114354610443,0.217027947306633,2.1104800701141357,1638,6247844,61626,15152,238.64882750252463,17,931,0,0,693.095,30.28455924987793,-18.21323013305664,35.33848124878786,EXPLORING
7219.245000,RGB_LIDAR,MIXED,run01,RGB_LIDAR,0.12203146517276764,0.3522871136665344,0.21743670105934143,0.21639259159564972,0.21743670105934143,0.21639259159564972,5.501642227172852,1640,6255507,61654,15156,238.94368462657513,17,933,0,0,694.096,30.37847137451172,-18.19649314880371,35.41038859630279,EXPLORING
7220.246000,RGB_LIDAR,MIXED,run01,RGB_LIDAR,0.13937599956989288,0.3593449294567108,0.2130548357963562,0.2148825079202652,0.2130548357963562,0.2148825079202652,1.0852240324020386,1641,6259337,61769,15161,239.35497010067976,17,933,0,0,695.097,30.06911849975586,-17.977384567260742,35.0324229657963,EXPLORING
7221.243000,RGB_LIDAR,MIXED,run01,RGB_LIDAR,0.11623618006706238,0.3519611954689026,0.21633611619472504,0.21216075122356415,0.21633611619472504,0.21216075122356415,2.957425117492676,1643,6267001,61826,15171,239.6662318880636,17,935,0,0,696.094,30.15760612487793,-18.039945602416992,35.14047616765227,EXPLORING
7222.243000,RGB_LIDAR,MIXED,run01,RGB_LIDAR,0.12056484073400497,0.35956743359565735,0.21560950577259064,0.21769772469997406,0.21560950577259064,0.21769772469997406,0.7427039742469788,1646,6278495,61876,15178,239.89553606393767,17,937,0,0,697.094,30.14685821533203,-18.19024085998535,35.208667018916444,EXPLORING
7223.243000,RGB_LIDAR,MIXED,run01,RGB_LIDAR,0.11652399599552155,0.3567056357860565,0.2135770171880722,0.215665802359581,0.2135770171880722,0.215665802359581,1.8680520057678223,1649,6289988,61884,15189,240.25744418959172,17,938,0,0,698.094,30.017879486083984,-18.351848602294922,35.182327042454524,EXPLORING
7224.244000,RGB_LIDAR,MIXED,run01,RGB_LIDAR,0.13536974787712097,0.3691973388195038,0.2154970020055771,0.21758413314819336,0.2154970020055771,0.21758413314819336,1.3105440139770508,1650,6293821,61909,15189,240.56117764292048,17,940,0,0,699.095,29.834197998046875,-18.56671142578125,35.13880180254531,EXPLORING
7225.243000,RGB_LIDAR,MIXED,run01,RGB_LIDAR,0.12331324070692062,0.35925766825675964,0.21372652053833008,0.21137787401676178,0.21372652053833008,0.21137787401676178,1.6751790046691895,1653,6305315,61964,15198,240.99763158710383,17,940,0,0,700.094,29.486474990844727,-18.712793350219727,34.92212795181872,EXPLORING
7226.245000,RGB_LIDAR,MIXED,run01,RGB_LIDAR,0.11261548101902008,0.34786364436149597,0.2199895679950714,0.2194676399230957,0.2199895679950714,0.2194676399230957,1.001660943031311,1655,6312978,62008,15226,241.34845533643247,17,941,0,0,701.096,29.290735244750977,-18.901748657226562,34.85911673720687,EXPLORING
7227.243000,RGB_LIDAR,MIXED,run01,RGB_LIDAR,0.1263533979654312,0.35835206508636475,0.21874184906482697,0.21743670105934143,0.21874184906482697,0.21743670105934143,0.8612759709358215,1656,6316809,62016,15233,241.50993055859195,17,941,0,0,702.094,29.23605728149414,-18.975196838378906,34.85312115027207,EXPLORING
7228.245000,RGB_LIDAR,MIXED,run01,RGB_LIDAR,0.1347702443599701,0.3643012046813965,0.2168014645576477,0.21732324361801147,0.2168014645576477,0.21732324361801147,1.8773880004882812,1659,6328308,62024,15234,241.8452033867727,17,943,0,0,703.096,28.918170928955078,-18.959068298339844,34.57806503170223,EXPLORING
7229.243000,RGB_LIDAR,MIXED,run01,RGB_LIDAR,0.12948361039161682,0.36027809977531433,0.21743670105934143,0.21665361523628235,0.21743670105934143,0.21665361523628235,1.0829039812088013,1660,6332139,62034,15234,242.30642120295653,17,943,0,0,704.094,28.53713035583496,-18.897279739379883,34.22589103422223,EXPLORING
7230.243000,RGB_LIDAR,MIXED,run01,RGB_LIDAR,0.1234431192278862,0.35465696454048157,0.21816283464431763,0.21685804426670074,0.21816283464431763,0.21685804426670074,0.8627679944038391,1662,6339802,62076,15234,242.61098157994275,17,945,0,0,705.094,28.319774627685547,-18.92561912536621,34.06062059858095,EXPLORING
7231.243000,RGB_LIDAR,MIXED,run01,RGB_LIDAR,0.11420027166604996,0.34682029485702515,0.216187983751297,0.2159268856048584,0.216187983751297,0.2159268856048584,1.4254900217056274,1663,6343632,62080,15238,243.0198093607333,17,946,0,0,706.094,27.932308197021484,-18.978681564331055,33.76895566038868,EXPLORING
7232.246000,RGB_LIDAR,MIXED,run01,RGB_LIDAR,0.12397931516170502,0.35581523180007935,0.2171189934015274,0.21607515215873718,0.2171189934015274,0.21607515215873718,2.4969940185546875,1664,6347464,62085,15238,243.41533849767202,17,946,0,0,707.097,27.634807586669922,-19.05232048034668,33.56504805803009,EXPLORING
7233.243000,RGB_LIDAR,MIXED,run01,RGB_LIDAR,0.11499617248773575,0.34900614619255066,0.21665361523628235,0.21587052941322327,0.21665361523628235,0.21587052941322327,2.6637659072875977,1666,6355125,62114,15238,243.83192989781332,17,947,0,0,708.094,27.256895065307617,-18.99299430847168,33.22065660988985,EXPLORING
7234.243000,RGB_LIDAR,MIXED,run01,RGB_LIDAR,0.11037950962781906,0.3426063656806946,0.21685804426670074,0.21581420302391052,0.21685804426670074,0.21581420302391052,1.3063600063323975,1668,6362789,62114,15238,244.21190140450818,17,948,0,0,709.094,26.939523696899414,-19.06719398498535,33.00358331107468,EXPLORING
7235.245000,RGB_LIDAR,MIXED,run01,RGB_LIDAR,0.11513117700815201,0.34630686044692993,0.2159832864999771,0.2151997983455658,0.2159832864999771,0.2151997983455658,1.2109739780426025,1670,6370450,62134,15238,244.5406283670528,17,950,0,0,710.096,26.699979782104492,-19.223188400268555,32.89925901973726,EXPLORING
7236.246000,RGB_LIDAR,MIXED,run01,RGB_LIDAR,0.1375608891248703,0.36443865299224854,0.21665361523628235,0.21587052941322327,0.21665361523628235,0.21587052941322327,1.195942997932434,1672,6378111,62138,15240,244.80292105345725,17,951,0,0,711.097,26.514917373657227,-19.206613540649414,32.73952739020324,EXPLORING
7237.243000,RGB_LIDAR,MIXED,run01,RGB_LIDAR,0.11791498959064484,0.3531920909881592,0.2164490818977356,0.2169712781906128,0.2164490818977356,0.2169712781906128,0.8326219916343689,1675,6389601,62144,15240,245.15957046878748,17,952,0,0,712.094,26.472362518310547,-18.929874420166016,32.543323741615694,EXPLORING
7238.246000,RGB_LIDAR,MIXED,run01,RGB_LIDAR,0.11571983247995377,0.3485308885574341,0.21639259159564972,0.2143043577671051,0.21639259159564972,0.2143043577671051,1.3300249576568604,1677,6397261,62157,15240,245.37770507639792,17,954,0,0,713.097,26.372217178344727,-18.982784271240234,32.492799311952496,EXPLORING
7239.246000,RGB_LIDAR,MIXED,run01,RGB_LIDAR,0.10509302467107773,0.336782306432724,0.2178114354610443,0.2125881463289261,0.2178114354610443,0.2125881463289261,1.2225890159606934,1680,6408749,62264,15240,245.72709804738878,17,955,0,0,714.097,26.112504959106445,-19.074691772460938,32.336504728962375,EXPLORING
7240.244000,RGB_LIDAR,MIXED,run01,RGB_LIDAR,0.11303132027387619,0.3435368835926056,0.216187983751297,0.2172323763370514,0.216187983751297,0.2172323763370514,1.8099499940872192,1682,6416409,62326,15286,246.04219367379895,17,956,0,0,715.095,25.902202606201172,-19.208520889282227,32.2464682167434,EXPLORING
7241.243000,RGB_LIDAR,MIXED,run01,RGB_LIDAR,0.11818332970142365,0.3507511615753174,0.21557354927062988,0.21505095064640045,0.21557354927062988,0.21505095064640045,1.1372740268707275,1684,6424065,62335,15304,246.38381155348296,17,957,0,0,716.094,25.654693603515625,-19.1643009185791,32.021518876185,EXPLORING
7242.243000,RGB_LIDAR,MIXED,run01,RGB_LIDAR,0.11647970974445343,0.3483830392360687,0.21728910505771637,0.2141551375389099,0.21728910505771637,0.2141551375389099,2.0290679931640625,1686,6431723,62347,15304,246.630193705566,17,959,0,0,717.094,25.485029220581055,-19.228384017944336,31.924314470634,EXPLORING
7243.249000,RGB_LIDAR,MIXED,run01,RGB_LIDAR,0.11418401449918747,0.34722185134887695,0.21743670105934143,0.21508744359016418,0.21743670105934143,0.21508744359016418,0.965179979801178,1688,6439384,62354,15304,246.89571409390487,17,961,0,0,718.100,25.289506912231445,-19.23179054260254,31.770517861901954,EXPLORING
7244.245000,RGB_LIDAR,MIXED,run01,RGB_LIDAR,0.10933741182088852,0.34275904297828674,0.21865203976631165,0.21682339906692505,0.21865203976631165,0.21682339906692505,0.9816780090332031,1690,6447040,62373,15304,247.15621501177455,17,962,0,0,719.096,25.096431732177734,-19.15796661376953,31.572201375680102,EXPLORING
7245.243000,RGB_LIDAR,MIXED,run01,RGB_LIDAR,0.10575344413518906,0.3364378809928894,0.2130548357963562,0.2117493450641632,0.2130548357963562,0.2117493450641632,1.080970048904419,1692,6454698,62382,15308,247.46376328924183,17,963,0,0,720.094,24.815595626831055,-19.178712844848633,31.362124482375794,EXPLORING
7246.243000,RGB_LIDAR,MIXED,run01,RGB_LIDAR,0.11227341741323471,0.34776782989501953,0.21562990546226501,0.21432305872440338,0.21562990546226501,0.21432305872440338,0.7174429893493652,1694,6462353,62389,15310,247.84853563051684,17,965,0,0,721.094,24.4702091217041,-19.172277450561523,31.085595641933974,EXPLORING
7247.245000,RGB_LIDAR,MIXED,run01,RGB_LIDAR,0.12474259734153748,0.3618856370449066,0.2148825079202652,0.2148825079202652,0.2148825079202652,0.2148825079202652,1.0702409744262695,1697,6473837,62390,15310,248.2506266411481,17,966,0,0,722.096,24.07989501953125,-19.104429244995117,30.737085202450775,EXPLORING
7248.247000,RGB_LIDAR,MIXED,run01,RGB_LIDAR,0.12202557921409607,0.360235333442688,0.21546095609664917,0.21206581592559814,0.21546095609664917,0.21206581592559814,4.901415824890137,1699,6481491,62398,15310,248.64584398499096,17,968,0,0,723.098,23.73724937438965,-19.135915756225586,30.489161918270714,EXPLORING
7249.243000,RGB_LIDAR,MIXED,run01,RGB_LIDAR,0.12247519195079803,0.36037716269493103,0.21606068313121796,0.21318335831165314,0.21606068313121796,0.21318335831165314,1.4823440313339233,1702,6492965,62406,15310,248.8444625291061,17,970,0,0,724.094,23.564388275146484,-19.110273361206055,30.338623543839752,EXPLORING
7250.243000,RGB_LIDAR,MIXED,run01,RGB_LIDAR,0.12398795783519745,0.3612166941165924,0.21391212940216064,0.21391212940216064,0.21391212940216064,0.21391212940216064,0.9565359950065613,1705,6504438,62406,15310,249.21009042856056,17,971,0,0,725.094,23.28217124938965,-19.09784698486328,30.112075535242962,EXPLORING
7251.243000,RGB_LIDAR,MIXED,run01,RGB_LIDAR,0.12478426843881607,0.3601914346218109,0.21606068313121796,0.21475280821323395,0.21606068313121796,0.21475280821323395,9.392827033996582,1707,6512084,62423,15315,249.55407332595615,17,972,0,0,726.094,23.079648971557617,-19.130380630493164,29.9765243923755,EXPLORING
7252.244000,RGB_LIDAR,MIXED,run01,RGB_LIDAR,0.12412427365779877,0.3609062731266022,0.21685804426670074,0.21842379868030548,0.21685804426670074,0.21842379868030548,2.039789915084839,1710,6523565,62430,15315,249.89836738823183,17,973,0,0,727.095,22.899986267089844,-19.027576446533203,29.77261824468251,EXPLORING
7253.244000,RGB_LIDAR,MIXED,run01,RGB_LIDAR,0.1237332671880722,0.3583696186542511,0.21657544374465942,0.2181391716003418,0.21657544374465942,0.2181391716003418,0.9293109774589539,1713,6535073,62448,15316,250.25296790642074,17,974,0,0,728.095,22.70937156677246,-18.99300193786621,29.60406900892438,EXPLORING
7254.244000,RGB_LIDAR,MIXED,run01,RGB_LIDAR,0.11213484406471252,0.3508962392807007,0.2165970802307129,0.21842379868030548,0.2165970802307129,0.21842379868030548,5.961794853210449,1715,6542738,62451,15317,250.54285134792676,17,975,0,0,729.095,22.508865356445312,-18.967880249023438,29.434354305518077,EXPLORING
7255.243000,RGB_LIDAR,MIXED,run01,RGB_LIDAR,0.1202172189950943,0.35525351762771606,0.2170623540878296,0.21732324361801147,0.2170623540878296,0.21732324361801147,0.7009050250053406,1718,6554240,62498,15318,250.7720748500468,17,975,0,0,730.094,22.331018447875977,-18.961841583251953,29.29467486471353,EXPLORING
7256.243000,RGB_LIDAR,MIXED,run01,RGB_LIDAR,0.12142570316791534,0.3556859791278839,0.2165970802307129,0.221816286444664,0.2165970802307129,0.221816286444664,0.9617409706115723,1722,6569567,62506,15330,251.1761918428254,17,976,0,0,731.094,21.944625854492188,-18.96455955505371,29.003004042724356,EXPLORING
7257.243000,RGB_LIDAR,MIXED,run01,RGB_LIDAR,0.11390234529972076,0.3434944450855255,0.21607515215873718,0.21868476271629333,0.21607515215873718,0.21868476271629333,1.0626460313796997,1724,6577231,62521,15333,251.52429671838803,17,976,0,0,732.094,21.736610412597656,-19.032175064086914,28.890441121757288,EXPLORING
7258.243000,RGB_LIDAR,MIXED,run01,RGB_LIDAR,0.11993443965911865,0.34552210569381714,0.21842379868030548,0.21816283464431763,0.21842379868030548,0.21816283464431763,0.6602740287780762,1726,6584894,62523,15333,251.87022668219586,17,978,0,0,733.094,21.612197875976562,-19.22661018371582,28.925830956566863,EXPLORING
7259.243000,RGB_LIDAR,MIXED,run01,RGB_LIDAR,0.12249093502759933,0.3506218194961548,0.21691463887691498,0.2208300679922104,0.21691463887691498,0.2208300679922104,0.9311100244522095,1729,6596390,62534,15333,252.23004837796307,17,979,0,0,734.094,21.293163299560547,-19.371103286743164,28.785297695807103,EXPLORING
7260.245000,RGB_LIDAR,MIXED,run01,RGB_LIDAR,0.1327187865972519,0.3587557077407837,0.21682339906692505,0.21577847003936768,0.21682339906692505,0.21577847003936768,1.105584979057312,1731,6604049,62542,15334,252.64834193122516,17,980,0,0,735.096,20.973440170288086,-19.485342025756836,28.627251183876886,EXPLORING
7261.246000,RGB_LIDAR,MIXED,run01,RGB_LIDAR,0.12365281581878662,0.35031765699386597,0.22709475457668304,0.22265726327896118,0.22709475457668304,0.22265726327896118,2.5738511085510254,1734,6615540,62542,15337,253.0216158211237,17,982,0,0,736.097,20.708831787109375,-19.618032455444336,28.525066024336436,EXPLORING
7262.243000,RGB_LIDAR,MIXED,run01,RGB_LIDAR,0.12902288138866425,0.3615555465221405,0.21937842667102814,0.21546095609664917,0.21937842667102814,0.21546095609664917,1.1500979661941528,1736,6623199,62571,15337,253.30085751451526,17,984,0,0,737.094,20.463037490844727,-19.703855514526367,28.406600563285636,EXPLORING
7263.245000,RGB_LIDAR,MIXED,run01,RGB_LIDAR,0.12310519814491272,0.36086171865463257,0.21682339906692505,0.2147335410118103,0.21682339906692505,0.2147335410118103,1.0143539905548096,1738,6630857,62572,15342,253.70112908136576,17,986,0,0,738.096,20.121870040893555,-19.67030143737793,28.138379142041455,EXPLORING
7264.245000,RGB_LIDAR,MIXED,run01,RGB_LIDAR,0.1387118548154831,0.365356981754303,0.21786834299564362,0.21421107649803162,0.21786834299564362,0.21421107649803162,0.8850809931755066,1741,6642338,62572,15342,254.08286570290534,17,987,0,0,739.096,19.771059036254883,-19.659820556640625,27.881215176476267,EXPLORING
7265.243000,RGB_LIDAR,MIXED,run01,RGB_LIDAR,0.11373026669025421,0.3286035358905792,0.21856209635734558,0.21516339480876923,0.21856209635734558,0.21516339480876923,1.0298960208892822,1743,6649991,62572,15342,254.56700905684332,17,989,0,0,740.094,19.580764770507812,-19.857812881469727,27.88724582103947,EXPLORING
7266.243000,RGB_LIDAR,MIXED,run01,RGB_LIDAR,0.12393606454133987,0.3512043356895447,0.21632225811481476,0.21501438319683075,0.21632225811481476,0.21501438319683075,1.108718991279602,1745,6657642,62574,15342,254.84137294083726,17,990,0,0,741.094,19.393238067626953,-19.982200622558594,27.84503443881589,EXPLORING
7267.243000,RGB_LIDAR,MIXED,run01,RGB_LIDAR,0.1133326068520546,0.35255348682403564,0.21763013303279877,0.21449123322963715,0.21763013303279877,0.21449123322963715,4.945076942443848,1747,6665288,62577,15342,255.14996776649025,17,992,0,0,742.094,19.251140594482422,-19.959640502929688,27.730018519708157,EXPLORING
7268.243000,RGB_LIDAR,MIXED,run01,RGB_LIDAR,0.1349804550409317,0.3676609694957733,0.218619242310524,0.2160041779279709,0.218619242310524,0.2160041779279709,3.9970579147338867,1749,6672935,62600,15342,255.49068130105405,17,993,0,0,743.094,18.979888916015625,-19.81497573852539,27.43775369268118,EXPLORING
7269.243000,RGB_LIDAR,MIXED,run01,RGB_LIDAR,0.14153660833835602,0.3676201105117798,0.21873365342617035,0.21559393405914307,0.21873365342617035,0.21559393405914307,1.0680229663848877,1751,6680585,62608,15351,255.88991673006655,17,995,0,0,744.094,18.665456771850586,-19.889225006103516,27.275304675607263,EXPLORING
7270.244000,RGB_LIDAR,MIXED,run01,RGB_LIDAR,0.12431653589010239,0.3543706238269806,0.2160041779279709,0.21652719378471375,0.2160041779279709,0.21652719378471375,1.0844730138778687,1754,6692058,62614,15351,256.27096671197523,17,997,0,0,745.095,18.418704986572266,-20.033912658691406,27.213392362814634,EXPLORING
7271.245000,RGB_LIDAR,MIXED,run01,RGB_LIDAR,0.12123245000839233,0.3569636344909668,0.216378852725029,0.21742543578147888,0.216378852725029,0.21742543578147888,1.0663189888000488,1756,6699703,62635,15355,256.51846560837856,17,998,0,0,746.096,18.24413299560547,-20.121580123901367,27.16043486784778,EXPLORING
7272.245000,RGB_LIDAR,MIXED,run01,RGB_LIDAR,0.13936839997768402,0.3685852885246277,0.21951857209205627,0.21585556864738464,0.21951857209205627,0.21585556864738464,1.2965489625930786,1761,6718809,62672,15364,256.784533292808,17,998,0,0,747.096,18.009180068969727,-20.13903045654297,27.016190615607776,EXPLORING
7273.245000,RGB_LIDAR,MIXED,run01,RGB_LIDAR,0.14207999408245087,0.3686276972293854,0.21733437478542328,0.217072531580925,0.21733437478542328,0.217072531580925,0.8030890226364136,1763,6726450,62693,15381,257.2105284633772,17,1000,0,0,748.096,17.674076080322266,-20.24032974243164,26.87021089595012,EXPLORING
7274.244000,RGB_LIDAR,MIXED,run01,RGB_LIDAR,0.12824831902980804,0.354107528924942,0.2161383330821991,0.21587634086608887,0.2161383330821991,0.21587634086608887,1.0663959980010986,1765,6734087,62698,15383,257.54847780657065,17,1002,0,0,749.095,17.482410430908203,-20.434236526489258,26.89158933378384,EXPLORING
7275.243000,RGB_LIDAR,MIXED,run01,RGB_LIDAR,0.14030224084854126,0.3740202784538269,0.21634364128112793,0.2166055589914322,0.21634364128112793,0.2166055589914322,3.6308279037475586,1768,6745537,62700,15383,257.8700965911159,17,1004,0,0,750.094,17.193838119506836,-20.553281784057617,26.79610255056916,EXPLORING
7276.243000,RGB_LIDAR,MIXED,run01,RGB_LIDAR,0.14206130802631378,0.3753849267959595,0.21884816884994507,0.21675392985343933,0.21884816884994507,0.21675392985343933,4.229074001312256,1770,6753177,62703,15383,258.274626955498,17,1005,0,0,751.094,16.83887481689453,-20.53647232055664,26.556749246552705,EXPLORING
7277.246000,RGB_LIDAR,MIXED,run01,RGB_LIDAR,0.14925135672092438,0.37169915437698364,0.21765321493148804,0.21346254646778107,0.21765321493148804,0.21346254646778107,8.662628173828125,1772,6760814,62707,15383,258.6980756115815,17,1007,0,0,752.097,16.554983139038086,-20.588790893554688,26.418422326107383,EXPLORING
7278.248000,RGB_LIDAR,MIXED,run01,RGB_LIDAR,0.13833747804164886,0.3666895031929016,0.21686747670173645,0.21896280348300934,0.21686747670173645,0.21896280348300934,1.9794219732284546,1775,6772272,62710,15383,259.1078038061187,17,1008,0,0,753.099,16.40149688720703,-20.8662166595459,26.540080221736744,EXPLORING
7279.244000,RGB_LIDAR,MIXED,run01,RGB_LIDAR,0.12467306852340698,0.3618425726890564,0.21686747670173645,0.2179151326417923,0.21686747670173645,0.2179151326417923,1.1603859663009644,1777,6779906,62713,15383,259.3891462950406,17,1009,0,0,754.095,16.249317169189453,-20.974077224731445,26.531498439271456,EXPLORING
7280.243000,RGB_LIDAR,MIXED,run01,RGB_LIDAR,0.12659697234630585,0.3670578598976135,0.22006811201572418,0.2177102416753769,0.22006811201572418,0.2177102416753769,1.004897952079773,1779,6787539,62720,15383,259.62554479432725,17,1011,0,0,755.094,16.086963653564453,-20.993392944335938,26.447713436581726,EXPLORING
7281.246000,RGB_LIDAR,MIXED,run01,RGB_LIDAR,0.12369740754365921,0.35501179099082947,0.22001047432422638,0.2171293944120407,0.22001047432422638,0.2171293944120407,0.77183997631073,1782,6798992,62727,15383,259.90835324232586,17,1013,0,0,756.097,15.93539810180664,-21.109458923339844,26.448349568547954,EXPLORING
7282.250000,RGB_LIDAR,MIXED,run01,RGB_LIDAR,0.11955149471759796,0.36110588908195496,0.22027239203453064,0.21817705035209656,0.22027239203453064,0.21817705035209656,1.1056159734725952,1784,6806631,62734,15384,260.1995790881189,17,1015,0,0,757.101,15.730109214782715,-21.143457412719727,26.352451127506406,EXPLORING
7283.243000,RGB_LIDAR,MIXED,run01,RGB_LIDAR,0.12833772599697113,0.3682936131954193,0.21902017295360565,0.2203301042318344,0.21902017295360565,0.2203301042318344,1.3311740159988403,1786,6814268,62739,15385,260.4520466644177,17,1016,0,0,758.094,15.526408195495605,-21.146114349365234,26.233519904302685,EXPLORING
7284.245000,RGB_LIDAR,MIXED,run01,RGB_LIDAR,0.1452910155057907,0.37678247690200806,0.22085407376289368,0.21797223389148712,0.22085407376289368,0.21797223389148712,1.0011919736862183,1789,6825722,62756,15385,260.77405806713864,17,1017,0,0,759.096,15.261456489562988,-21.289342880249023,26.193872549406674,EXPLORING
7285.244000,RGB_LIDAR,MIXED,run01,RGB_LIDAR,0.12383558601140976,0.35881170630455017,0.2192247211933136,0.2205343097448349,0.2192247211933136,0.2205343097448349,1.3510669469833374,1791,6833358,62758,15389,261.18159710331446,17,1018,0,0,760.095,15.01429557800293,-21.45732307434082,26.188112903596235,EXPLORING
7286.244000,RGB_LIDAR,MIXED,run01,RGB_LIDAR,0.11765909940004349,0.357186883687973,0.21948663890361786,0.21948663890361786,0.21948663890361786,0.21948663890361786,0.8035159707069397,1793,6840995,62780,15396,261.4550917015712,17,1019,0,0,761.095,14.858787536621094,-21.583097457885742,26.20277802363595,EXPLORING
7287.243000,RGB_LIDAR,MIXED,run01,RGB_LIDAR,0.1273052990436554,0.3653653860092163,0.22056515514850616,0.21847200393676758,0.22056515514850616,0.21847200393676758,0.9620440006256104,1796,6852458,62781,15400,261.68793839689215,17,1020,0,0,762.094,14.682079315185547,-21.653169631958008,26.160955487145934,EXPLORING
7288.244000,RGB_LIDAR,MIXED,run01,RGB_LIDAR,0.1286100447177887,0.3630100190639496,0.21297749876976013,0.21271584928035736,0.21297749876976013,0.21271584928035736,0.8872169852256775,1798,6860099,62791,15402,262.02107801698946,17,1022,0,0,763.095,14.392940521240234,-21.781375885009766,26.10667025750349,EXPLORING
7289.244000,RGB_LIDAR,MIXED,run01,RGB_LIDAR,0.13848242163658142,0.3641025424003601,0.2203611582517624,0.21879088878631592,0.2203611582517624,0.21879088878631592,4.264680862426758,1800,6867742,62794,15402,262.41756924347817,17,1024,0,0,764.095,14.139385223388672,-21.88852310180664,26.05769551985123,EXPLORING
7290.243000,RGB_LIDAR,MIXED,run01,RGB_LIDAR,0.12522277235984802,0.3595243990421295,0.2190849632024765,0.21856209635734558,0.2190849632024765,0.21856209635734558,1.2441790103912354,1803,6879213,62794,15402,262.78869006215757,17,1025,0,0,765.094,14.049946784973145,-22.159774780273438,26.237964812425297,EXPLORING
7291.243000,RGB_LIDAR,MIXED,run01,RGB_LIDAR,0.1231124997138977,0.3616865277290344,0.22013071179389954,0.2190849632024765,0.22013071179389954,0.2190849632024765,2.3594090938568115,1805,6886863,62801,15402,263.0242223385536,17,1026,0,0,766.094,13.934174537658691,-22.275005340576172,26.273781509881182,EXPLORING
7292.244000,RGB_LIDAR,MIXED,run01,RGB_LIDAR,0.11810886114835739,0.3576147258281708,0.21833376586437225,0.2144162952899933,0.21833376586437225,0.2144162952899933,5.563608169555664,1808,6898344,62808,15405,263.41703262642505,17,1028,0,0,767.095,13.5882568359375,-22.373964309692383,26.17652421514905,EXPLORING
7293.243000,RGB_LIDAR,MIXED,run01,RGB_LIDAR,0.1337950974702835,0.3696790933609009,0.2159832864999771,0.21311047673225403,0.2159832864999771,0.21311047673225403,1.0134259462356567,1811,6909833,62810,15406,263.79948888456255,17,1029,0,0,768.094,13.28779411315918,-22.539846420288086,26.1646017753714,EXPLORING
7294.245000,RGB_LIDAR,MIXED,run01,RGB_LIDAR,0.13045071065425873,0.36241617798805237,0.2138381153345108,0.2133159339427948,0.2138381153345108,0.2133159339427948,2.2309930324554443,1814,6921321,62820,15407,264.1875981220754,17,1030,0,0,769.096,13.15358829498291,-22.857154846191406,26.371255517687377,EXPLORING
7295.244000,RGB_LIDAR,MIXED,run01,RGB_LIDAR,0.1223393976688385,0.36265209317207336,0.212532639503479,0.215665802359581,0.212532639503479,0.215665802359581,1.60270094871521,1817,6932810,62823,15411,264.4999837369908,17,1032,0,0,770.095,13.01929759979248,-23.1007022857666,26.51644203519635,EXPLORING
7296.243000,RGB_LIDAR,MIXED,run01,RGB_LIDAR,0.1249273419380188,0.3602818250656128,0.21555323898792267,0.21398746967315674,0.21555323898792267,0.21398746967315674,0.7830820083618164,1819,6940473,62834,15413,264.84187514621203,17,1034,0,0,771.094,12.711952209472656,-23.217742919921875,26.469515937481955,EXPLORING
7297.244000,RGB_LIDAR,MIXED,run01,RGB_LIDAR,0.12397199124097824,0.36082592606544495,0.21929596364498138,0.21590612828731537,0.21929596364498138,0.21590612828731537,1.1323219537734985,1821,6948144,62843,15415,265.2605255318922,17,1036,0,0,772.095,12.434577941894531,-23.426267623901367,26.521453241456253,EXPLORING
7298.243000,RGB_LIDAR,MIXED,run01,RGB_LIDAR,0.11549994349479675,0.35470348596572876,0.2122395783662796,0.21432290971279144,0.2122395783662796,0.21432290971279144,0.851531982421875,1823,6955820,62843,15418,265.6516741814896,17,1037,0,0,773.094,12.266533851623535,-23.712522506713867,26.697019579328998,EXPLORING
7299.247000,RGB_LIDAR,MIXED,run01,RGB_LIDAR,0.11152508854866028,0.34800615906715393,0.21484375,0.21510416269302368,0.21484375,0.21510416269302368,2.9757659435272217,1825,6963500,62903,15421,265.92745110105426,17,1039,0,0,774.098,12.150338172912598,-23.91339111328125,26.822763550849846,EXPLORING
7300.243000,RGB_LIDAR,MIXED,run01,RGB_LIDAR,0.11752425134181976,0.349610835313797,0.21692708134651184,0.21901041269302368,0.21692708134651184,0.21901041269302368,0.9990620017051697,1828,6975020,62946,15433,266.24610161862853,17,1040,0,0,775.094,11.849781036376953,-23.986730575561523,26.753709797253055,EXPLORING
7301.243000,RGB_LIDAR,MIXED,run01,RGB_LIDAR,0.12106902152299881,0.35438281297683716,0.21588541567325592,0.21875,0.21588541567325592,0.21875,0.9216960072517395,1831,6986540,63057,15441,266.59057604261164,17,1042,0,0,776.094,11.643235206604004,-24.160865783691406,26.819645481963597,EXPLORING
7302.247000,RGB_LIDAR,MIXED,run01,RGB_LIDAR,0.12266811728477478,0.35847043991088867,0.21822915971279144,0.21848958730697632,0.21822915971279144,0.21848958730697632,1.0156079530715942,1833,6994220,63130,15467,266.87607364124887,17,1044,0,0,777.098,11.59001350402832,-24.38998794555664,27.00335490295856,EXPLORING
7303.243000,RGB_LIDAR,MIXED,run01,RGB_LIDAR,0.13319361209869385,0.3637159466743469,0.21250000596046448,0.21484375,0.21250000596046448,0.21484375,1.116966962814331,1835,7001900,63299,15480,267.37529504033336,17,1046,0,0,778.094,11.580476760864258,-24.771169662475586,27.34409849768062,EXPLORING
7304.243000,RGB_LIDAR,MIXED,run01,RGB_LIDAR,0.11424240469932556,0.349834680557251,0.21901041269302368,0.21822915971279144,0.21901041269302368,0.21822915971279144,1.2080780267715454,1837,7009580,63402,15514,267.73728837428854,17,1048,0,0,779.094,11.706119537353516,-25.036291122436523,27.63748069231074,EXPLORING
7305.244000,RGB_LIDAR,MIXED,run01,RGB_LIDAR,0.10443020612001419,0.34009191393852234,0.21718749403953552,0.21640625596046448,0.21718749403953552,0.21640625596046448,1.103950023651123,1841,7024940,63535,15541,268.0098449314635,17,1049,0,0,780.095,11.69876480102539,-25.26728057861328,27.843812811459635,EXPLORING
7306.243000,RGB_LIDAR,MIXED,run01,RGB_LIDAR,0.11209775507450104,0.3464283347129822,0.21666666865348816,0.21718749403953552,0.21666666865348816,0.21718749403953552,3.8675339221954346,1843,7032620,63616,15561,268.2735490872236,17,1051,0,0,781.094,11.677550315856934,-25.480762481689453,28.028840975682968,EXPLORING
7307.244000,RGB_LIDAR,MIXED,run01,RGB_LIDAR,0.11706148833036423,0.34904614090919495,0.2161458283662796,0.21796874701976776,0.2161458283662796,0.21796874701976776,0.7516850233078003,1846,7044140,63716,15574,268.50273789529535,17,1053,0,0,782.095,11.670092582702637,-25.702863693237305,28.227820723880107,EXPLORING
7308.243000,RGB_LIDAR,MIXED,run01,RGB_LIDAR,0.11179205775260925,0.3426867723464966,0.21458333730697632,0.21770833432674408,0.21458333730697632,0.21770833432674408,1.4621130228042603,1849,7055660,63779,15588,268.9891329461427,17,1054,0,0,783.094,11.659157752990723,-26.142114639282227,28.62390483804958,EXPLORING
7309.243000,RGB_LIDAR,MIXED,run01,RGB_LIDAR,0.11095593869686127,0.34099358320236206,0.21484375,0.21822915971279144,0.21484375,0.21822915971279144,1.1740219593048096,1850,7059500,63828,15603,269.3736006603514,17,1055,0,0,784.094,11.627832412719727,-26.468229293823242,28.90943918530506,EXPLORING
7310.245000,RGB_LIDAR,MIXED,run01,RGB_LIDAR,0.1371825784444809,0.3557184934616089,0.21380208432674408,0.21770833432674408,0.21380208432674408,0.21770833432674408,2.0685079097747803,1852,7067180,63854,15606,269.74572575869723,17,1055,0,0,785.096,11.729785919189453,-26.72404670715332,29.184660831791735,EXPLORING
7311.243000,RGB_LIDAR,MIXED,run01,RGB_LIDAR,0.12861423194408417,0.3518127202987671,0.21197916567325592,0.21588541567325592,0.21197916567325592,0.21588541567325592,4.821160793304443,1854,7074860,63928,15609,270.0471512920863,17,1057,0,0,786.094,11.90491771697998,-26.825422286987305,29.348114580667136,EXPLORING
7312.243000,RGB_LIDAR,MIXED,run01,RGB_LIDAR,0.11288466304540634,0.34325626492500305,0.21302083134651184,0.21536459028720856,0.21302083134651184,0.21536459028720856,3.5246689319610596,1856,7082540,63962,15617,270.343996600506,17,1058,0,0,787.094,11.853824615478516,-26.794391632080078,29.299047395838876,EXPLORING
7313.243000,RGB_LIDAR,MIXED,run01,RGB_LIDAR,0.11687519401311874,0.34520938992500305,0.21927084028720856,0.21770833432674408,0.21927084028720856,0.21770833432674408,2.8925259113311768,1858,7090220,64021,15619,270.7238115591319,17,1059,0,0,788.094,11.828054428100586,-27.127790451049805,29.593946803721927,EXPLORING
7314.244000,RGB_LIDAR,MIXED,run01,RGB_LIDAR,0.1379532665014267,0.35686132311820984,0.21979166567325592,0.21640625596046448,0.21979166567325592,0.21640625596046448,0.7899609804153442,1860,7097900,64132,15630,271.05260534762397,17,1060,0,0,789.095,11.962349891662598,-27.359512329101562,29.860045083449062,EXPLORING
7315.243000,RGB_LIDAR,MIXED,run01,RGB_LIDAR,0.12085098028182983,0.34959831833839417,0.21718749403953552,0.21718749403953552,0.21718749403953552,0.21718749403953552,0.971314013004303,1862,7105580,64248,15641,271.4170425065129,17,1061,0,0,790.094,12.179418563842773,-27.572660446166992,30.14251068101517,EXPLORING
7316.243000,RGB_LIDAR,MIXED,run01,RGB_LIDAR,0.09427101165056229,0.3219745457172394,0.21276041865348816,0.2161458283662796,0.21276041865348816,0.2161458283662796,0.9554269909858704,1865,7117100,64293,15697,271.6563997812113,17,1061,0,0,791.094,12.105667114257812,-27.513275146484375,30.058422354916296,EXPLORING
7317.243000,RGB_LIDAR,MIXED,run01,RGB_LIDAR,0.10618101805448532,0.3342430591583252,0.21822915971279144,0.21692708134651184,0.21822915971279144,0.21692708134651184,1.5832899808883667,1867,7124780,64420,15704,271.96230740456,17,1062,0,0,792.094,11.95681095123291,-27.741500854492188,30.208242813707685,EXPLORING
7318.243000,RGB_LIDAR,MIXED,run01,RGB_LIDAR,0.11336375027894974,0.34276407957077026,0.21953125298023224,0.21770833432674408,0.21953125298023224,0.21770833432674408,4.016197204589844,1870,7136300,64449,15772,272.20982247558754,17,1062,0,0,793.094,11.988224983215332,-27.754138946533203,30.232291177528374,EXPLORING
7319.243000,RGB_LIDAR,MIXED,run01,RGB_LIDAR,0.12448348850011826,0.3498581647872925,0.21380208432674408,0.21640625596046448,0.21380208432674408,0.21640625596046448,1.5495450496673584,1872,7143980,64495,15775,272.46691352279015,17,1064,0,0,794.094,12.066693305969238,-27.93204116821289,30.426724314111322,EXPLORING
7320.243000,RGB_LIDAR,MIXED,run01,RGB_LIDAR,0.12279767543077469,0.34887149930000305,0.2096354216337204,0.2161458283662796,0.2096354216337204,0.2161458283662796,1.0146570205688477,1875,7155500,64526,15779,272.84095975512287,17,1065,0,0,795.094,12.099752426147461,-28.17938995361328,30.666978806194834,EXPLORING
7321.262000,RGB_LIDAR,MIXED,run01,RGB_LIDAR,0.1253425031900406,0.35030657052993774,0.2174479216337204,0.2174479216337204,0.2174479216337204,0.2174479216337204,0.6288419961929321,1879,7170860,64616,15811,273.2047508925587,17,1067,0,0,796.113,12.1376314163208,-28.36553192138672,30.852990826903408,EXPLORING
7322.248000,RGB_LIDAR,MIXED,run01,RGB_LIDAR,0.1331646591424942,0.3537311851978302,0.21875,0.21822915971279144,0.21875,0.21822915971279144,0.7873629927635193,1881,7178540,64654,15811,273.51130558702295,17,1069,0,0,797.099,12.177814483642578,-28.472434997558594,30.967082684737445,EXPLORING
7323.245000,RGB_LIDAR,MIXED,run01,RGB_LIDAR,0.13583199679851532,0.34972861409187317,0.21901041269302368,0.21770833432674408,0.21901041269302368,0.21770833432674408,1.1574970483779907,1883,7186220,64694,15818,273.8236646843661,17,1069,0,0,798.096,12.24392032623291,-28.402847290039062,30.92921943160531,EXPLORING
7324.243000,RGB_LIDAR,MIXED,run01,RGB_LIDAR,0.12592317163944244,0.34527158737182617,0.21848958730697632,0.2174479216337204,0.21848958730697632,0.2174479216337204,1.3230270147323608,1886,7197740,64752,15824,274.15544708208523,17,1070,0,0,799.094,12.506048202514648,-28.334489822387695,30.97136043778642,EXPLORING
7325.243000,RGB_LIDAR,MIXED,run01,RGB_LIDAR,0.1290006786584854,0.3534450829029083,0.21953125298023224,0.2174479216337204,0.21953125298023224,0.2174479216337204,6.3502020835876465,1888,7205420,64801,15836,274.3264079552144,17,1071,0,0,800.094,12.419244766235352,-28.379653930664062,30.97778632671906,EXPLORING
7326.245000,RGB_LIDAR,MIXED,run01,RGB_LIDAR,0.12914662063121796,0.3547385036945343,0.21927084028720856,0.21640625596046448,0.21927084028720856,0.21640625596046448,3.322629928588867,1891,7216940,64851,15839,274.6451616194815,17,1073,0,0,801.096,12.479982376098633,-28.672107696533203,31.27012213528893,EXPLORING
7327.244000,RGB_LIDAR,MIXED,run01,RGB_LIDAR,0.1261884570121765,0.35216379165649414,0.21796874701976776,0.21588541567325592,0.21796874701976776,0.21588541567325592,0.8670200109481812,1893,7224620,64925,15848,275.1136589473207,17,1073,0,0,802.095,12.535627365112305,-28.905149459838867,31.506037447920708,EXPLORING
7328.243000,RGB_LIDAR,MIXED,run01,RGB_LIDAR,0.1310814917087555,0.35187602043151855,0.21848958730697632,0.2161458283662796,0.21848958730697632,0.2161458283662796,1.4760509729385376,1895,7232300,65073,15868,275.3456215073256,17,1074,0,0,803.094,12.577383995056152,-28.821365356445312,31.445863428808522,EXPLORING
7329.243000,RGB_LIDAR,MIXED,run01,RGB_LIDAR,0.14812244474887848,0.355972021818161,0.21822915971279144,0.2174479216337204,0.21822915971279144,0.2174479216337204,3.112298011779785,1897,7239980,65247,15872,275.58149156032215,17,1075,0,0,804.094,12.620970726013184,-28.801620483398438,31.445234377112502,EXPLORING
7330.243000,RGB_LIDAR,MIXED,run01,RGB_LIDAR,0.1276535987854004,0.3513824939727783,0.21718749403953552,0.21562500298023224,0.21718749403953552,0.21562500298023224,1.03848397731781,1900,7251500,65314,15878,275.90970959923885,17,1076,0,0,805.094,12.629395484924316,-28.778974533081055,31.427877680097236,EXPLORING
7331.245000,RGB_LIDAR,MIXED,run01,RGB_LIDAR,0.11764127016067505,0.34846973419189453,0.21927084028720856,0.21770833432674408,0.21927084028720856,0.21770833432674408,0.9173409938812256,1902,7259180,65342,15878,276.10530776886674,17,1076,0,0,806.096,12.617959976196289,-28.912982940673828,31.5460626871695,EXPLORING
7332.243000,RGB_LIDAR,MIXED,run01,RGB_LIDAR,0.12537291646003723,0.35402023792266846,0.21927084028720856,0.21666666865348816,0.21927084028720856,0.21666666865348816,0.9695190191268921,1903,7263020,65410,15885,276.4221623442074,17,1076,0,0,807.094,12.739594459533691,-29.17621421813965,31.835972168669485,EXPLORING
7333.243000,RGB_LIDAR,MIXED,run01,RGB_LIDAR,0.12583908438682556,0.3513976037502289,0.2213541716337204,0.21848958730697632,0.2213541716337204,0.21848958730697632,1.1963269710540771,1906,7274540,65431,15890,276.8316203723333,17,1078,0,0,808.094,12.872199058532715,-29.475418090820312,32.16323918627372,EXPLORING
7334.243000,RGB_LIDAR,MIXED,run01,RGB_LIDAR,0.12300295382738113,0.3478645086288452,0.21718749403953552,0.21770833432674408,0.21718749403953552,0.21770833432674408,0.7965970039367676,1908,7282220,65477,15896,277.14238126152406,17,1078,0,0,809.094,13.11227798461914,-29.534564971923828,32.314113972760346,EXPLORING
7335.243000,RGB_LIDAR,MIXED,run01,RGB_LIDAR,0.13247880339622498,0.35984987020492554,0.2161458283662796,0.21875,0.2161458283662796,0.21875,1.4972230195999146,1910,7289900,65532,15899,277.32882919661415,17,1080,0,0,810.094,13.067073822021484,-29.48450469970703,32.25002523176583,EXPLORING
7336.246000,RGB_LIDAR,MIXED,run01,RGB_LIDAR,0.12971711158752441,0.3578375279903412,0.21718749403953552,0.21796874701976776,0.21718749403953552,0.21796874701976776,0.8918970227241516,1912,7297580,65539,15899,277.64619149727173,17,1081,0,0,811.097,13.0391845703125,-29.751338958740234,32.48295517817181,EXPLORING
7337.244000,RGB_LIDAR,MIXED,run01,RGB_LIDAR,0.12403059750795364,0.3525472581386566,0.21901041269302368,0.2174479216337204,0.21901041269302368,0.2174479216337204,1.0297449827194214,1914,7305260,65590,15901,277.97796229726646,17,1082,0,0,812.095,13.059054374694824,-29.964351654052734,32.686100771584215,EXPLORING
7338.244000,RGB_LIDAR,MIXED,run01,RGB_LIDAR,0.14101676642894745,0.35937413573265076,0.21718749403953552,0.21822915971279144,0.21718749403953552,0.21822915971279144,1.1651350259780884,1916,7312940,65628,15911,278.26400384923943,17,1083,0,0,813.095,13.293697357177734,-30.080915451049805,32.88712877276856,EXPLORING
7339.247000,RGB_LIDAR,MIXED,run01,RGB_LIDAR,0.12402410060167313,0.35465720295906067,0.21640625596046448,0.21718749403953552,0.21640625596046448,0.21718749403953552,0.9615939855575562,1918,7320620,65652,15911,278.6465930164336,17,1084,0,0,814.098,13.507675170898438,-30.343393325805664,33.21381877267122,EXPLORING
7340.243000,RGB_LIDAR,MIXED,run01,RGB_LIDAR,0.12082929909229279,0.35396260023117065,0.22057291865348816,0.21848958730697632,0.22057291865348816,0.21848958730697632,1.3998949527740479,1921,7332140,65781,15924,278.9098189954732,17,1086,0,0,815.094,13.578632354736328,-30.54560089111328,33.42741162811964,EXPLORING
7341.243000,RGB_LIDAR,MIXED,run01,RGB_LIDAR,0.1297813355922699,0.3593149483203888,0.21901041269302368,0.21692708134651184,0.21901041269302368,0.21692708134651184,0.8544319868087769,1923,7339820,65823,15948,279.19394611017583,17,1088,0,0,816.094,13.592095375061035,-30.82260513305664,33.68615418523279,EXPLORING
7342.245000,RGB_LIDAR,MIXED,run01,RGB_LIDAR,0.1334405541419983,0.35866788029670715,0.21901041269302368,0.21666666865348816,0.21901041269302368,0.21666666865348816,3.6007161140441895,1925,7347500,65855,15951,279.6021035955643,17,1090,0,0,817.096,13.682324409484863,-31.14743423461914,34.01981056695712,EXPLORING
7343.247000,RGB_LIDAR,MIXED,run01,RGB_LIDAR,0.14630568027496338,0.36263230443000793,0.2161458283662796,0.21770833432674408,0.2161458283662796,0.21770833432674408,1.4384969472885132,1928,7359020,65882,15954,279.7356780349759,17,1092,0,0,818.098,13.686119079589844,-31.074771881103516,33.95482459727232,EXPLORING
7344.245000,RGB_LIDAR,MIXED,run01,RGB_LIDAR,0.13212062418460846,0.3593132793903351,0.21875,0.21770833432674408,0.21875,0.21770833432674408,11.218786239624023,1930,7366700,65911,15957,280.12769215545455,17,1094,0,0,819.096,13.850197792053223,-31.38262176513672,34.30270335029688,EXPLORING
7345.243000,RGB_LIDAR,MIXED,run01,RGB_LIDAR,0.13976117968559265,0.35906070470809937,0.2200520783662796,0.21770833432674408,0.2200520783662796,0.21770833432674408,4.294757843017578,1932,7374380,65985,15961,280.53134795531133,17,1095,0,0,820.094,14.038532257080078,-31.694442749023438,34.6640487895684,EXPLORING
7346.245000,RGB_LIDAR,MIXED,run01,RGB_LIDAR,0.13978715240955353,0.3641796112060547,0.21796874701976776,0.21718749403953552,0.21901041269302368,0.21718749403953552,5.092266082763672,1934,7382060,66048,15970,280.81838668278755,17,1097,0,0,821.096,14.233284950256348,-31.84103012084961,34.87714672785019,EXPLORING
7347.243000,RGB_LIDAR,MIXED,run01,RGB_LIDAR,0.13293710350990295,0.36292022466659546,0.21875,0.21250000596046448,0.21875,0.21250000596046448,1.0359100103378296,1935,7385900,66094,15980,281.1239114473228,17,1098,0,0,822.094,14.270389556884766,-32.12221145629883,35.14908641881135,EXPLORING
7348.249000,RGB_LIDAR,MIXED,run01,RGB_LIDAR,0.13817359507083893,0.3616822063922882,0.2200520783662796,0.21848958730697632,0.2200520783662796,0.21848958730697632,2.0981578826904297,1937,7393580,66182,15987,281.55069625479007,17,1099,0,0,823.100,14.33836841583252,-32.48303985595703,35.5065410496675,EXPLORING
7349.247000,RGB_LIDAR,MIXED,run01,RGB_LIDAR,0.13843770325183868,0.3558937907218933,0.21848958730697632,0.21692708134651184,0.21848958730697632,0.21692708134651184,1.455610990524292,1940,7405100,66253,16002,281.94720975515594,17,1101,0,0,824.098,14.5632963180542,-32.74202346801758,35.83443898144238,EXPLORING
7350.245000,RGB_LIDAR,MIXED,run01,RGB_LIDAR,0.13551083207130432,0.3561498820781708,0.21666666865348816,0.21770833432674408,0.21666666865348816,0.21770833432674408,3.100048065185547,1942,7412780,66311,16014,282.29157842113443,17,1102,0,0,825.096,14.831130981445312,-32.93362045288086,36.11872824668223,EXPLORING
7351.243000,RGB_LIDAR,MIXED,run01,RGB_LIDAR,0.13196998834609985,0.3537171185016632,0.21901041269302368,0.21875,0.21901041269302368,0.21875,3.4656569957733154,1944,7420460,66343,16027,282.64290107043155,17,1104,0,0,826.094,15.023585319519043,-33.159759521484375,36.40403973562312,EXPLORING
7352.245000,RGB_LIDAR,MIXED,run01,RGB_LIDAR,0.13056054711341858,0.34939754009246826,0.21901041269302368,0.21510416269302368,0.21901041269302368,0.21510416269302368,0.8668360114097595,1946,7428140,66458,16031,282.95722660529213,17,1106,0,0,827.096,15.251859664916992,-33.32369613647461,36.647834690776044,EXPLORING
7353.243000,RGB_LIDAR,MIXED,run01,RGB_LIDAR,0.1357797384262085,0.363464891910553,0.21901041269302368,0.21562500298023224,0.21901041269302368,0.21562500298023224,1.844985008239746,1948,7435820,66552,16054,283.2865911220612,17,1108,0,0,828.094,15.391997337341309,-33.58808135986328,36.94656130250028,EXPLORING
7354.244000,RGB_LIDAR,MIXED,run01,RGB_LIDAR,0.1335286647081375,0.3654283881187439,0.2161458283662796,0.2161458283662796,0.2161458283662796,0.2161458283662796,1.233760952949524,1950,7443500,66682,16074,283.7229221868672,17,1109,0,0,829.095,15.38944149017334,-33.95624542236328,37.28052136816703,EXPLORING
7355.243000,RGB_LIDAR,MIXED,run01,RGB_LIDAR,0.13520708680152893,0.3653159737586975,0.21953125298023224,0.21458333730697632,0.21953125298023224,0.21458333730697632,0.7286149859428406,1953,7455020,66793,16093,284.1426332699246,17,1110,0,0,830.094,15.364670753479004,-34.313385009765625,37.59597678336575,EXPLORING
7356.244000,RGB_LIDAR,MIXED,run01,RGB_LIDAR,0.13533663749694824,0.3593491017818451,0.22421875596046448,0.21770833432674408,0.22421875596046448,0.21770833432674408,1.90761399269104,1956,7466540,67036,16116,284.5358552212959,17,1112,0,0,831.095,15.451822280883789,-34.65343475341797,37.941998479400695,EXPLORING
7357.244000,RGB_LIDAR,MIXED,run01,RGB_LIDAR,0.13420940935611725,0.36166179180145264,0.2174479216337204,0.2174479216337204,0.2174479216337204,0.2174479216337204,1.0581259727478027,1958,7474220,67254,16162,284.9583389191132,17,1114,0,0,832.095,15.61386775970459,-34.99397659301758,38.31901484192618,EXPLORING
7358.244000,RGB_LIDAR,MIXED,run01,RGB_LIDAR,0.12485475838184357,0.35790520906448364,0.2161458283662796,0.21848958730697632,0.2161458283662796,0.21848958730697632,2.2594010829925537,1960,7481900,67368,16214,285.3594537058226,17,1116,0,0,833.095,15.6658296585083,-35.324188232421875,38.641844361908696,EXPLORING
7359.246000,RGB_LIDAR,MIXED,run01,RGB_LIDAR,0.1288175731897354,0.3598446547985077,0.21953125298023224,0.21666666865348816,0.21953125298023224,0.21666666865348816,2.5687079429626465,1963,7493420,67525,16235,285.73568071811957,17,1116,0,0,834.097,15.586627960205078,-35.55896759033203,38.824722610188914,EXPLORING
7360.247000,RGB_LIDAR,MIXED,run01,RGB_LIDAR,0.12728741765022278,0.3584115505218506,0.21796874701976776,0.21406249701976776,0.21796874701976776,0.21406249701976776,0.9513220191001892,1964,7497260,67748,16267,285.98290139259603,17,1118,0,0,835.098,15.538368225097656,-35.753875732421875,38.98405645275009,EXPLORING
7361.244000,RGB_LIDAR,MIXED,run01,RGB_LIDAR,0.1263400763273239,0.35819336771965027,0.21953125298023224,0.2161458283662796,0.21953125298023224,0.2161458283662796,2.6646978855133057,1966,7504940,68154,16325,286.2495267209074,17,1120,0,0,836.095,15.467398643493652,-35.77164840698242,38.9721384550591,EXPLORING
7362.245000,RGB_LIDAR,MIXED,run01,RGB_LIDAR,0.11669889092445374,0.3506399393081665,0.21927084028720856,0.21901041269302368,0.21927084028720856,0.21901041269302368,0.6771519780158997,1968,7512620,68551,16385,286.47243616331247,17,1122,0,0,837.096,15.434439659118652,-35.68017578125,38.8750979504734,EXPLORING
7363.244000,RGB_LIDAR,MIXED,run01,RGB_LIDAR,0.12327935546636581,0.35693323612213135,0.21562500298023224,0.21640625596046448,0.21562500298023224,0.21640625596046448,2.97839093208313,1970,7520300,68817,16518,286.8559812782001,17,1122,0,0,838.095,15.561721801757812,-35.754215240478516,38.99368122188087,EXPLORING
7364.243000,RGB_LIDAR,MIXED,run01,RGB_LIDAR,0.11721178889274597,0.35115084052085876,0.21848958730697632,0.21796874701976776,0.21848958730697632,0.21796874701976776,0.6239830255508423,1972,7527980,68817,16577,287.14188298334886,17,1123,0,0,839.094,15.70501708984375,-35.73230743408203,39.031027037870736,EXPLORING
7365.243000,RGB_LIDAR,MIXED,run01,RGB_LIDAR,0.12373397499322891,0.3562006652355194,0.21927084028720856,0.21796874701976776,0.21927084028720856,0.21796874701976776,1.4578360319137573,1973,7531820,68958,16611,287.5059206961597,17,1125,0,0,840.094,15.745816230773926,-35.90998458862305,39.21011871426071,EXPLORING
7366.243000,RGB_LIDAR,MIXED,run01,RGB_LIDAR,0.12320288270711899,0.35514676570892334,0.21718749403953552,0.21848958730697632,0.21718749403953552,0.21848958730697632,0.6633340120315552,1975,7539500,69511,16647,287.789368678153,17,1126,0,0,841.094,15.728342056274414,-36.04740524291992,39.32902182031702,EXPLORING
7367.245000,RGB_LIDAR,MIXED,run01,RGB_LIDAR,0.11950536072254181,0.35233020782470703,0.2200520783662796,0.21927084028720856,0.2200520783662796,0.21927084028720856,5.7097978591918945,1977,7547180,69511,16716,288.0757506055955,17,1127,0,0,842.096,15.804131507873535,-36.21903610229492,39.51663978775998,EXPLORING
7368.245000,RGB_LIDAR,MIXED,run01,RGB_LIDAR,0.13289949297904968,0.36045992374420166,0.21953125298023224,0.21979166567325592,0.21953125298023224,0.21979166567325592,3.058993101119995,1979,7554860,69920,16743,288.3330397366709,17,1129,0,0,843.096,15.898051261901855,-36.397056579589844,39.7173673932681,EXPLORING
7369.246000,RGB_LIDAR,MIXED,run01,RGB_LIDAR,0.13014979660511017,0.3579471707344055,0.21927084028720856,0.22031250596046448,0.21927084028720856,0.22031250596046448,3.0728650093078613,1981,7562540,70144,16800,288.81552477243014,17,1130,0,0,844.097,15.921972274780273,-36.83241271972656,40.12619420297258,EXPLORING
7370.244000,RGB_LIDAR,MIXED,run01,RGB_LIDAR,0.11861292272806168,0.34944406151771545,0.21822915971279144,0.22031250596046448,0.21822915971279144,0.22031250596046448,1.0531179904937744,1983,7570220,70514,16846,289.12735044222813,17,1132,0,0,845.095,15.983407974243164,-37.086082458496094,40.383442504828906,EXPLORING
7371.243000,RGB_LIDAR,MIXED,run01,RGB_LIDAR,0.13302260637283325,0.3579655885696411,0.21822915971279144,0.21848958730697632,0.21822915971279144,0.21848958730697632,0.930279016494751,1986,7581740,70729,16967,289.48090383817953,17,1134,0,0,846.094,16.190067291259766,-37.321990966796875,40.68199180277159,EXPLORING
7372.244000,RGB_LIDAR,MIXED,run01,RGB_LIDAR,0.1458842009305954,0.36406412720680237,0.21953125298023224,0.21875,0.21953125298023224,0.21875,0.8256419897079468,1988,7589420,70729,17010,289.87583357579155,17,1134,0,0,847.095,16.512331008911133,-37.48094177246094,40.956714974124814,EXPLORING
7373.244000,RGB_LIDAR,MIXED,run01,RGB_LIDAR,0.11893590539693832,0.3468959927558899,0.2174479216337204,0.21796874701976776,0.2174479216337204,0.21796874701976776,0.8356770277023315,1992,7604780,71847,17135,290.23026864637285,17,1136,0,0,848.095,16.691499710083008,-37.42840576171875,40.981284520416075,EXPLORING
7374.244000,RGB_LIDAR,MIXED,run01,RGB_LIDAR,0.130910262465477,0.3581475615501404,0.21822915971279144,0.21875,0.21822915971279144,0.21875,5.167195796966553,1994,7612460,71847,17391,290.51569333808914,17,1136,0,0,849.095,16.966859817504883,-37.415931701660156,41.08283759320165,EXPLORING
7375.244000,RGB_LIDAR,MIXED,run01,RGB_LIDAR,0.1334095448255539,0.35943537950515747,0.21953125298023224,0.21822915971279144,0.21953125298023224,0.21822915971279144,2.1700661182403564,1996,7620140,72307,17454,290.9065718589307,17,1137,0,0,850.095,17.30927848815918,-37.47978973388672,41.28338890246965,EXPLORING
7376.243000,RGB_LIDAR,MIXED,run01,RGB_LIDAR,0.1332731395959854,0.3589938282966614,0.21718749403953552,0.22239583730697632,0.21718749403953552,0.22239583730697632,0.8190749883651733,1998,7627820,72690,17521,291.3248609795698,17,1138,0,0,851.094,17.65410041809082,-37.559814453125,41.50154857994702,EXPLORING
7377.243000,RGB_LIDAR,MIXED,run01,RGB_LIDAR,0.1342187523841858,0.3592239022254944,0.21875,0.21770833432674408,0.21875,0.21770833432674408,2.1864259243011475,2001,7639340,72690,17645,291.76170742501733,17,1138,0,0,852.094,18.01761245727539,-37.53828811645508,41.63806104584103,EXPLORING
7378.243000,RGB_LIDAR,MIXED,run01,RGB_LIDAR,0.13522309064865112,0.360779732465744,0.21822915971279144,0.21822915971279144,0.21822915971279144,0.21822915971279144,3.3201489448547363,2003,7647020,72944,17699,292.1608998488035,17,1139,0,0,853.094,18.380380630493164,-37.53028869628906,41.789122348031604,EXPLORING
7379.243000,RGB_LIDAR,MIXED,run01,RGB_LIDAR,0.13502535223960876,0.3602268695831299,0.21718749403953552,0.21848958730697632,0.21718749403953552,0.21848958730697632,0.74481600522995,2005,7654700,73077,17723,292.5682294233283,17,1139,0,0,854.094,18.734888076782227,-37.583839416503906,41.99416552759037,EXPLORING
7380.243000,RGB_LIDAR,MIXED,run01,RGB_LIDAR,0.126815065741539,0.3524295687675476,0.21796874701976776,0.21588541567325592,0.21796874701976776,0.21588541567325592,1.7045079469680786,2007,7662380,73167,17771,292.9681361998133,17,1139,0,0,855.094,19.067201614379883,-37.52477264404297,42.090792419671615,EXPLORING
7381.243000,RGB_LIDAR,MIXED,run01,RGB_LIDAR,0.1336195319890976,0.3585430979728699,0.21718749403953552,0.21588541567325592,0.21718749403953552,0.21588541567325592,1.083765983581543,2009,7670060,73252,17785,293.3082848724004,17,1140,0,0,856.094,19.380399703979492,-37.49135208129883,42.20389371211153,EXPLORING
7382.243000,RGB_LIDAR,MIXED,run01,RGB_LIDAR,0.12851294875144958,0.34992703795433044,0.2174479216337204,0.21588541567325592,0.2174479216337204,0.21588541567325592,1.0486210584640503,2011,7677740,73398,17801,293.9170827539975,17,1140,0,0,857.094,19.40461540222168,-37.696842193603516,42.39762147340151,EXPLORING
7383.244000,RGB_LIDAR,MIXED,run01,RGB_LIDAR,0.11429346352815628,0.3395354449748993,0.21927084028720856,0.21796874701976776,0.21927084028720856,0.21796874701976776,0.6018810272216797,2013,7685420,73481,17837,294.08176860900704,17,1142,0,0,858.095,19.433135986328125,-37.72645950317383,42.437009300612104,EXPLORING
7384.244000,RGB_LIDAR,MIXED,run01,RGB_LIDAR,0.1278354972600937,0.35216933488845825,0.21484375,0.21718749403953552,0.21484375,0.21718749403953552,0.7210010290145874,2015,7693100,73481,17853,294.3493814756401,17,1144,0,0,859.095,19.31122589111328,-37.696922302246094,42.355034247315395,EXPLORING
7385.247000,RGB_LIDAR,MIXED,run01,RGB_LIDAR,0.13368266820907593,0.3614804148674011,0.21718749403953552,0.21822915971279144,0.21718749403953552,0.21822915971279144,0.7062749862670898,2017,7700780,73644,17860,294.60710822549447,17,1145,0,0,860.098,19.24850845336914,-37.65114974975586,42.285716527915525,EXPLORING
7386.248000,RGB_LIDAR,MIXED,run01,RGB_LIDAR,0.14066173136234283,0.372903048992157,0.21718749403953552,0.21822915971279144,0.21718749403953552,0.21822915971279144,1.261018991470337,2019,7708460,73938,17898,294.9190716836513,17,1147,0,0,861.099,19.024417877197266,-37.81968307495117,42.334680827179575,EXPLORING
7387.243000,RGB_LIDAR,MIXED,run01,RGB_LIDAR,0.13609620928764343,0.36249932646751404,0.21640625596046448,0.21953125298023224,0.21640625596046448,0.21953125298023224,2.7133231163024902,2021,7716140,74015,18019,295.2954467467515,17,1148,0,0,862.094,18.803396224975586,-38.019683837890625,42.415009155519776,EXPLORING
7388.244000,RGB_LIDAR,MIXED,run01,RGB_LIDAR,0.148739755153656,0.37180423736572266,0.21718749403953552,0.21796874701976776,0.21718749403953552,0.21796874701976776,0.8903800249099731,2023,7723820,74078,18029,295.62340035960557,17,1149,0,0,863.095,18.742855072021484,-38.335697174072266,42.671881963908845,EXPLORING
7389.244000,RGB_LIDAR,MIXED,run01,RGB_LIDAR,0.10391543060541153,0.3451065123081207,0.21901041269302368,0.21875,0.21901041269302368,0.21875,1.401831030845642,2025,7731500,74078,18044,296.11628476323045,17,1150,0,0,864.095,18.763269424438477,-38.29001235961914,42.6398226095558,EXPLORING
7390.243000,RGB_LIDAR,MIXED,run01,RGB_LIDAR,0.12253768742084503,0.3618873953819275,0.21822915971279144,0.21901041269302368,0.21822915971279144,0.21901041269302368,3.860992908477783,2028,7743020,74169,18049,296.5020454486536,17,1151,0,0,865.094,18.68948745727539,-38.27838134765625,42.596956999432756,EXPLORING
7391.246000,RGB_LIDAR,MIXED,run01,RGB_LIDAR,0.14599557220935822,0.3751148283481598,0.21822915971279144,0.21901041269302368,0.21822915971279144,0.21901041269302368,3.860992908477783,2028,7743020,74169,18055,296.7612523170546,17,1152,0,0,866.097,18.460344314575195,-38.30397033691406,42.519976063034726,EXPLORING
7392.244000,RGB_LIDAR,MIXED,run01,RGB_LIDAR,0.13156239688396454,0.3668646812438965,0.21822915971279144,0.21822915971279144,0.21822915971279144,0.21822915971279144,0.7384700179100037,2032,7758380,74336,18065,297.2022024035531,17,1154,0,0,867.095,18.530759811401367,-38.302215576171875,42.54901302312015,EXPLORING
7393.243000,RGB_LIDAR,MIXED,run01,RGB_LIDAR,0.14145082235336304,0.35892951488494873,0.21822915971279144,0.21901041269302368,0.21822915971279144,0.21901041269302368,1.1614279747009277,2034,7766060,74437,18096,297.4221753699667,17,1156,0,0,868.094,18.654712677001953,-38.33942413330078,42.63659444550531,EXPLORING
7394.245000,RGB_LIDAR,MIXED,run01,RGB_LIDAR,0.13431276381015778,0.34754762053489685,0.21822915971279144,0.21796874701976776,0.21822915971279144,0.21796874701976776,1.3245970010757446,2036,7773740,74498,18122,297.735196313068,17,1158,0,0,869.096,18.77960777282715,-38.502166748046875,42.83759688017363,EXPLORING
7395.244000,RGB_LIDAR,MIXED,run01,RGB_LIDAR,0.13774876296520233,0.3519066274166107,0.21822915971279144,0.21875,0.21822915971279144,0.21875,0.8987860083580017,2038,7781420,74527,18140,298.0612216463831,17,1160,0,0,870.095,18.906902313232422,-38.79569625854492,43.15722421709318,EXPLORING
7396.243000,RGB_LIDAR,MIXED,run01,RGB_LIDAR,0.13260161876678467,0.33962762355804443,0.22031250596046448,0.2200520783662796,0.22031250596046448,0.2200520783662796,0.7857170104980469,2040,7789100,74751,18148,298.4999027657269,17,1162,0,0,871.094,18.972314834594727,-39.14963150024414,43.50415336774237,EXPLORING
7397.243000,RGB_LIDAR,MIXED,run01,RGB_LIDAR,0.1268421858549118,0.3397667706012726,0.21848958730697632,0.21927084028720856,0.21848958730697632,0.21927084028720856,6.093818187713623,2043,7800620,74797,18209,298.8636557123948,17,1163,0,0,872.094,19.17146110534668,-39.38645935058594,43.80418571509925,EXPLORING
7398.243000,RGB_LIDAR,MIXED,run01,RGB_LIDAR,0.13769203424453735,0.35726398229599,0.21953125298023224,0.21770833432674408,0.21953125298023224,0.21770833432674408,0.9836959838867188,2045,7808300,74797,18214,299.1742897179758,17,1164,0,0,873.094,19.4117488861084,-39.45042037963867,43.96725684652032,EXPLORING
7399.243000,RGB_LIDAR,MIXED,run01,RGB_LIDAR,0.14282292127609253,0.3618066608905792,0.21822915971279144,0.21875,0.21822915971279144,0.21875,8.463118553161621,2046,7812140,74868,18222,299.6146898675038,17,1166,0,0,874.094,19.743024826049805,-39.37773132324219,44.04951653884347,EXPLORING
7400.243000,RGB_LIDAR,MIXED,run01,RGB_LIDAR,0.1307968944311142,0.35625869035720825,0.21770833432674408,0.21666666865348816,0.21770833432674408,0.21666666865348816,0.8324949741363525,2048,7819820,74914,18228,300.02397205874564,17,1167,0,0,875.094,19.986656188964844,-39.28892135620117,44.080066642095275,EXPLORING
7401.245000,RGB_LIDAR,MIXED,run01,RGB_LIDAR,0.12085220217704773,0.3457677364349365,0.21015624701976776,0.21328124403953552,0.21015624701976776,0.21328124403953552,1.158189058303833,2050,7827500,74974,18234,300.299536331604,17,1169,0,0,876.096,20.237747192382812,-39.24074935913086,44.151655491420975,EXPLORING
7402.243000,RGB_LIDAR,MIXED,run01,RGB_LIDAR,0.12717998027801514,0.3435291051864624,0.21276041865348816,0.21640625596046448,0.21276041865348816,0.21640625596046448,0.7910609841346741,2052,7835180,75025,18243,300.6302356760195,17,1170,0,0,877.094,20.54088020324707,-39.362674713134766,44.39947156099847,EXPLORING
7403.243000,RGB_LIDAR,MIXED,run01,RGB_LIDAR,0.12658129632472992,0.35034042596817017,0.21406249701976776,0.21875,0.21406249701976776,0.21875,1.2088390588760376,2055,7846700,75073,18255,301.03735573187237,17,1171,0,0,878.094,20.856325149536133,-39.440181732177734,44.614780433661615,EXPLORING
7404.243000,RGB_LIDAR,MIXED,run01,RGB_LIDAR,0.1225033700466156,0.34774157404899597,0.21562500298023224,0.21692708134651184,0.21562500298023224,0.21692708134651184,1.107753038406372,2057,7854380,75073,18262,301.45901835348604,17,1173,0,0,879.094,21.220046997070312,-39.400482177734375,44.75099847692077,EXPLORING
7405.244000,RGB_LIDAR,MIXED,run01,RGB_LIDAR,0.11397513002157211,0.3403899073600769,0.21588541567325592,0.21770833432674408,0.21588541567325592,0.21770833432674408,4.946757793426514,2059,7862060,75124,18273,301.8750440485381,17,1173,0,0,880.095,21.568941116333008,-39.43765640258789,44.950089897803764,EXPLORING
7406.244000,RGB_LIDAR,MIXED,run01,RGB_LIDAR,0.13090448081493378,0.3542626202106476,0.21406249701976776,0.21666666865348816,0.21406249701976776,0.21666666865348816,1.9502079486846924,2061,7869740,75257,18283,302.21994541501056,17,1174,0,0,881.095,21.848154067993164,-39.45485305786133,45.099769336681405,EXPLORING
7407.245000,RGB_LIDAR,MIXED,run01,RGB_LIDAR,0.12668132781982422,0.3518570363521576,0.21276041865348816,0.2161458283662796,0.21276041865348816,0.2161458283662796,2.0920450687408447,2063,7877420,75257,18305,302.63128021647884,17,1174,0,0,882.096,22.18175506591797,-39.25054168701172,45.084324217124546,EXPLORING
7408.243000,RGB_LIDAR,MIXED,run01,RGB_LIDAR,0.12714026868343353,0.35082724690437317,0.21666666865348816,0.21458333730697632,0.21666666865348816,0.21458333730697632,9.791979789733887,2065,7885100,75411,18308,302.99575476529253,17,1176,0,0,883.094,22.496862411499023,-39.16634750366211,45.16715380115802,EXPLORING
7409.243000,RGB_LIDAR,MIXED,run01,RGB_LIDAR,0.12790431082248688,0.3499859571456909,0.21276041865348816,0.21484375,0.21276041865348816,0.21484375,1.2609779834747314,2067,7892780,75517,18318,303.3812720935419,17,1177,0,0,884.094,22.86553192138672,-39.13304138183594,45.32313681185291,EXPLORING
7410.244000,RGB_LIDAR,MIXED,run01,RGB_LIDAR,0.12530720233917236,0.34928053617477417,0.2161458283662796,0.21770833432674408,0.2161458283662796,0.21770833432674408,3.3187758922576904,2069,7900460,75570,18362,303.74724879258554,17,1179,0,0,885.095,23.166709899902344,-39.079505920410156,45.429755761782744,EXPLORING
7411.243000,RGB_LIDAR,MIXED,run01,RGB_LIDAR,0.12102202326059341,0.3445785939693451,0.21536459028720856,0.21692708134651184,0.21536459028720856,0.21692708134651184,1.1406240463256836,2071,7908140,75600,18374,304.04957097663873,17,1180,0,0,886.094,23.44911766052246,-39.05120849609375,45.55014560768572,EXPLORING
7412.243000,RGB_LIDAR,MIXED,run01,RGB_LIDAR,0.11693794280290604,0.3399910032749176,0.21536459028720856,0.21718749403953552,0.21536459028720856,0.21718749403953552,1.1638189554214478,2073,7915820,75661,18380,304.4445514252883,17,1182,0,0,887.094,23.813020706176758,-39.08818817138672,45.77011336070515,EXPLORING
7413.245000,RGB_LIDAR,MIXED,run01,RGB_LIDAR,0.11936721950769424,0.3429453670978546,0.21536459028720856,0.21666666865348816,0.21536459028720856,0.21666666865348816,0.8343520164489746,2075,7923500,75661,18390,304.874329211207,17,1183,0,0,888.096,24.17474365234375,-39.102840423583984,45.97179928928855,EXPLORING
7414.257000,RGB_LIDAR,MIXED,run01,RGB_LIDAR,0.13672269880771637,0.35348621010780334,0.2118290811777115,0.21365293860435486,0.2118290811777115,0.21365293860435486,11.691325187683105,2076,7927338,75704,18402,305.2270116935427,17,1184,0,0,889.108,24.463964462280273,-39.09791564941406,46.12036221621438,EXPLORING
7415.244000,RGB_LIDAR,MIXED,run01,RGB_LIDAR,0.1273152232170105,0.34832853078842163,0.2118290811777115,0.21365293860435486,0.2118290811777115,0.21365293860435486,11.691325187683105,2076,7927338,75777,18402,305.74055904553666,17,1185,0,0,890.095,24.85134506225586,-38.84293746948242,46.11200835065456,EXPLORING
7416.243000,RGB_LIDAR,MIXED,run01,RGB_LIDAR,0.1196320503950119,0.3438000977039337,0.212721586227417,0.21376433968544006,0.212721586227417,0.21376433968544006,3.131135940551758,2078,7935012,75777,18414,306.1144747887148,17,1187,0,0,891.094,25.172779083251953,-38.78874969482422,46.24055855681497,EXPLORING
7417.243000,RGB_LIDAR,MIXED,run01,RGB_LIDAR,0.1235334649682045,0.34540504217147827,0.212721586227417,0.21376433968544006,0.212721586227417,0.21376433968544006,3.131135940551758,2078,7935012,75812,18422,306.5172696290792,17,1189,0,0,892.094,25.546632766723633,-38.795166015625,46.45048726126463,EXPLORING
7418.243000,RGB_LIDAR,MIXED,run01,RGB_LIDAR,0.11561760306358337,0.34107354283332825,0.21857067942619324,0.21726655960083008,0.21857067942619324,0.21726655960083008,1.478121042251587,2080,7942679,76058,18439,306.94046616871657,17,1191,0,0,893.094,25.897851943969727,-38.76676940917969,46.62094670373467,EXPLORING
7419.243000,RGB_LIDAR,MIXED,run01,RGB_LIDAR,0.1137080267071724,0.3388654887676239,0.21529227495193481,0.21790188550949097,0.21529227495193481,0.21790188550949097,0.9517579674720764,2082,7950342,76165,18474,307.32958650674027,17,1193,0,0,894.094,26.17193031311035,-38.66278839111328,46.68759942726971,EXPLORING
7420.244000,RGB_LIDAR,MIXED,run01,RGB_LIDAR,0.11259368807077408,0.33817940950393677,0.21456538140773773,0.21560950577259064,0.21456538140773773,0.21560950577259064,0.7337070107460022,2084,7958004,76260,18507,307.5865332513149,17,1195,0,0,895.095,26.386247634887695,-38.701499938964844,46.840051670140106,EXPLORING
7421.243000,RGB_LIDAR,MIXED,run01,RGB_LIDAR,0.13022275269031525,0.3500445783138275,0.2096058428287506,0.21299920976161957,0.2096058428287506,0.21299920976161957,1.1468349695205688,2087,7969497,76364,18531,307.9012481241866,17,1197,0,0,896.094,26.66129493713379,-38.75431442260742,47.039038551892986,EXPLORING
7422.244000,RGB_LIDAR,MIXED,run01,RGB_LIDAR,0.12465077638626099,0.34670013189315796,0.2210608869791031,0.21844786405563354,0.2210608869791031,0.21844786405563354,0.9970430135726929,2088,7973324,76528,18562,308.353301945908,17,1198,0,0,897.095,27.038301467895508,-38.720394134521484,47.225917949624225,EXPLORING
7423.247000,RGB_LIDAR,MIXED,run01,RGB_LIDAR,0.1124698668718338,0.3314172923564911,0.2192317694425583,0.21818657219409943,0.2192317694425583,0.21818657219409943,3.6555590629577637,2090,7980978,76696,18606,308.61092452410327,17,1200,0,0,898.098,27.237329483032227,-38.84658432006836,47.44341307645401,EXPLORING
7424.244000,RGB_LIDAR,MIXED,run01,RGB_LIDAR,0.13105978071689606,0.34553176164627075,0.21353894472122192,0.21667538583278656,0.21353894472122192,0.21667538583278656,1.60978102684021,2093,7992456,76839,18633,309.01945251771986,17,1201,0,0,899.095,27.556930541992188,-39.00217056274414,47.7545936003913,EXPLORING
7425.243000,RGB_LIDAR,MIXED,run01,RGB_LIDAR,0.13788758218288422,0.3519698977470398,0.21673202514648438,0.21803921461105347,0.21673202514648438,0.21803921461105347,0.7279239892959595,2095,8000107,77074,18659,309.4277582579774,17,1203,0,0,900.094,27.844623565673828,-39.052330017089844,47.96200917527697,EXPLORING
7426.243000,RGB_LIDAR,MIXED,run01,RGB_LIDAR,0.11100621521472931,0.3323032855987549,0.21867643296718597,0.21972273290157318,0.21867643296718597,0.21972273290157318,0.8737480044364929,2097,8007756,77268,18703,309.77455253016706,17,1205,0,0,901.094,28.096111297607422,-39.23105239868164,48.25363376784002,EXPLORING
7427.244000,RGB_LIDAR,MIXED,run01,RGB_LIDAR,0.12511005997657776,0.3390671908855438,0.21271584928035736,0.21559393405914307,0.21271584928035736,0.21559393405914307,1.0869649648666382,2099,8015401,77387,18791,310.0844694193214,18,1206,0,0,902.095,28.301652908325195,-39.43191146850586,48.53663564210694,EXPLORING
7428.243000,RGB_LIDAR,MIXED,run01,RGB_LIDAR,0.1303686648607254,0.3444782495498657,0.21350078284740448,0.21611721813678741,0.21350078284740448,0.21611721813678741,1.576361060142517,2101,8023045,77460,18816,310.25605553240086,19,1207,0,0,903.094,28.435333251953125,-39.45427322387695,48.632842074956876,EXPLORING
7429.247000,RGB_LIDAR,MIXED,run01,RGB_LIDAR,0.13336391746997833,0.34239792823791504,0.21606068313121796,0.21893800795078278,0.21606068313121796,0.21893800795078278,1.6192669868469238,2104,8034509,77653,18884,310.4264233983889,19,1208,0,0,904.098,28.58333969116211,-39.47017288208008,48.73240162083696,EXPLORING
7430.243000,RGB_LIDAR,MIXED,run01,RGB_LIDAR,0.12944786250591278,0.33882322907447815,0.22062286734580994,0.2198377400636673,0.22062286734580994,0.2198377400636673,0.9232779741287231,2106,8042153,77847,18884,310.86970357554077,20,1209,0,0,905.094,28.959108352661133,-39.421653747558594,48.91462863441198,EXPLORING
7431.244000,RGB_LIDAR,MIXED,run01,RGB_LIDAR,0.13169094920158386,0.34581223130226135,0.2204497903585434,0.21940375864505768,0.2204497903585434,0.21940375864505768,0.7090049982070923,2107,8045977,77947,18915,310.9816400296994,21,1210,0,0,906.095,28.891578674316406,-39.409671783447266,48.86501678806732,EXPLORING
7432.246000,RGB_LIDAR,MIXED,run01,RGB_LIDAR,0.12968745827674866,0.34125593304634094,0.21998430788516998,0.22024588286876678,0.21998430788516998,0.22024588286876678,3.383089065551758,2109,8053620,78018,18929,311.1301627369516,22,1211,0,0,907.097,28.855621337890625,-39.38217544555664,48.82158355950873,EXPLORING
7433.245000,RGB_LIDAR,MIXED,run01,RGB_LIDAR,0.128883495926857,0.3408041000366211,0.22082678973674774,0.21978022158145905,0.22082678973674774,0.21978022158145905,6.903724193572998,2111,8061265,78168,18941,311.2153261101718,22,1213,0,0,908.096,28.84697151184082,-39.43659591674805,48.86038582431032,EXPLORING
7434.243000,RGB_LIDAR,MIXED,run01,RGB_LIDAR,0.1268177628517151,0.34999099373817444,0.21649214625358582,0.21858638525009155,0.21649214625358582,0.21858638525009155,2.6556270122528076,2113,8068906,78277,18972,311.35382904324524,22,1214,0,0,909.094,28.74942970275879,-39.39417266845703,48.76858839816171,EXPLORING
7435.243000,RGB_LIDAR,MIXED,run01,RGB_LIDAR,0.13114474713802338,0.3503558933734894,0.2193143218755722,0.2193143218755722,0.2193143218755722,0.21722061932086945,0.8489390015602112,2116,8080370,78277,18983,311.7136953052527,22,1216,0,0,910.094,28.95206069946289,-39.13884735107422,48.68280234075542,EXPLORING
7436.243000,RGB_LIDAR,MIXED,run01,RGB_LIDAR,0.1406531035900116,0.3563706874847412,0.2193717211484909,0.21910995244979858,0.2193717211484909,0.21910995244979858,1.178508996963501,2118,8088010,78510,19003,312.11555401426426,22,1217,0,0,911.094,29.259286880493164,-39.009132385253906,48.76229598431783,EXPLORING
7437.247000,RGB_LIDAR,MIXED,run01,RGB_LIDAR,0.11914630979299545,0.3453870415687561,0.2194291651248932,0.2191673219203949,0.2194291651248932,0.2191673219203949,7.517430782318115,2120,8095652,78628,19024,312.40633348718853,24,1218,0,0,912.098,29.42259979248047,-38.90667724609375,48.778701229154954,EXPLORING
7438.246000,RGB_LIDAR,MIXED,run01,RGB_LIDAR,0.12487073242664337,0.3513716459274292,0.22056515514850616,0.21873365342617035,0.22056515514850616,0.21873365342617035,4.493841171264648,2122,8103296,78734,19037,312.5520634839048,24,1220,0,0,913.097,29.395179748535156,-38.82111740112305,48.693927364276526,EXPLORING
7439.246000,RGB_LIDAR,MIXED,run01,RGB_LIDAR,0.1360953450202942,0.3560226559638977,0.2146035134792328,0.21800576150417328,0.2146035134792328,0.21800576150417328,1.278540015220642,2124,8110939,78887,19057,312.9105906492976,24,1222,0,0,914.097,29.71759605407715,-38.74345397949219,48.82758152087674,EXPLORING
7440.246000,RGB_LIDAR,MIXED,run01,RGB_LIDAR,0.13529600203037262,0.3575582504272461,0.21372446417808533,0.2171293944120407,0.21372446417808533,0.2171293944120407,4.2451348304748535,2126,8118578,78887,19088,313.2917798631872,24,1224,0,0,915.097,29.977371215820312,-38.50653839111328,48.79894990347067,EXPLORING
7441.244000,RGB_LIDAR,MIXED,run01,RGB_LIDAR,0.14122897386550903,0.36076897382736206,0.22015707194805145,0.21753926575183868,0.22015707194805145,0.21753926575183868,1.639752984046936,2128,8126218,79161,19132,313.61405331950164,24,1225,0,0,916.095,30.052005767822266,-38.21052551269531,48.611811612597585,EXPLORING
7442.244000,RGB_LIDAR,MIXED,run01,RGB_LIDAR,0.14248324930667877,0.3616090714931488,0.2130890041589737,0.21753926575183868,0.2130890041589737,0.21753926575183868,6.1967549324035645,2130,8133858,79161,19159,314.00997344136755,24,1227,0,0,917.095,30.307775497436523,-37.97393798828125,48.58519735306035,EXPLORING
7443.244000,RGB_LIDAR,MIXED,run01,RGB_LIDAR,0.13364224135875702,0.35520172119140625,0.22021470963954926,0.22021470963954926,0.22021470963954926,0.22021470963954926,1.3913060426712036,2132,8141496,79218,19168,314.4297600407213,24,1228,0,0,918.095,30.555387496948242,-37.70640563964844,48.53188828950155,EXPLORING
7444.243000,RGB_LIDAR,MIXED,run01,RGB_LIDAR,0.13774779438972473,0.35550278425216675,0.22021470963954926,0.21838177740573883,0.22021470963954926,0.21838177740573883,0.8009120225906372,2134,8149132,79500,19202,314.6981446453919,24,1229,0,0,919.094,30.702674865722656,-37.52241134643555,48.48220912826914,EXPLORING
7445.244000,RGB_LIDAR,MIXED,run01,RGB_LIDAR,0.13838256895542145,0.35684454441070557,0.2212621122598648,0.22021470963954926,0.2212621122598648,0.22021470963954926,0.7908430099487305,2136,8156768,79592,19222,315.07519443442993,24,1230,0,0,920.095,31.029653549194336,-37.380531311035156,48.580671560582324,EXPLORING
7446.243000,RGB_LIDAR,MIXED,run01,RGB_LIDAR,0.1395517736673355,0.3526236414909363,0.2203301042318344,0.22059208154678345,0.2203301042318344,0.22059208154678345,0.8472769856452942,2139,8168219,79592,19239,315.4974860767068,24,1231,0,0,921.094,31.38431739807129,-37.31907272338867,48.76090426513718,EXPLORING
7447.244000,RGB_LIDAR,MIXED,run01,RGB_LIDAR,0.1258840709924698,0.33429110050201416,0.22117400169372559,0.22117400169372559,0.22117400169372559,0.22117400169372559,1.4169650077819824,2141,8175853,79812,19277,315.83851514212324,24,1232,0,0,922.095,31.516342163085938,-37.111515045166016,48.68758746370879,EXPLORING
7448.244000,RGB_LIDAR,MIXED,run01,RGB_LIDAR,0.1323012411594391,0.35245630145072937,0.21394860744476318,0.21525956690311432,0.21394860744476318,0.21525956690311432,0.9835320115089417,2145,8191115,79963,19298,316.11648596860135,24,1233,0,0,923.095,31.766077041625977,-37.027587890625,48.785879694036694,EXPLORING
7449.243000,RGB_LIDAR,MIXED,run01,RGB_LIDAR,0.12909944355487823,0.3517223000526428,0.21980613470077515,0.21718627214431763,0.21980613470077515,0.21718627214431763,0.8789820075035095,2147,8198745,80040,19331,316.4951975794117,24,1235,0,0,924.094,32.1141357421875,-37.03835678100586,49.021351109355884,EXPLORING
7450.245000,RGB_LIDAR,MIXED,run01,RGB_LIDAR,0.12346309423446655,0.3472098708152771,0.22114630043506622,0.21957603096961975,0.22114630043506622,0.21957603096961975,1.6617310047149658,2149,8206384,80156,19349,316.8788372493871,24,1235,0,0,925.096,32.416847229003906,-37.08536911010742,49.25556950205194,EXPLORING
7451.243000,RGB_LIDAR,MIXED,run01,RGB_LIDAR,0.1257532835006714,0.35038214921951294,0.21897047758102417,0.21557354927062988,0.21897047758102417,0.21557354927062988,0.9400690197944641,2152,8217859,80270,19383,317.2262815375704,24,1236,0,0,926.094,32.72529220581055,-37.13393783569336,49.49553393720718,EXPLORING
7452.246000,RGB_LIDAR,MIXED,run01,RGB_LIDAR,0.12966673076152802,0.35278254747390747,0.21830065548419952,0.21568627655506134,0.21830065548419952,0.21568627655506134,0.7744920253753662,2153,8221684,80270,19440,317.5623180694603,24,1238,0,0,927.097,32.99837112426758,-37.21038055419922,49.733671273453396,EXPLORING
7453.246000,RGB_LIDAR,MIXED,run01,RGB_LIDAR,0.12688161432743073,0.34984520077705383,0.21722061932086945,0.2169589102268219,0.21722061932086945,0.2169589102268219,0.9581829905509949,2155,8229326,80403,19465,317.9474063896193,24,1240,0,0,928.097,33.35673141479492,-37.11893844604492,49.90410132687566,EXPLORING
7454.243000,RGB_LIDAR,MIXED,run01,RGB_LIDAR,0.11569686979055405,0.34082838892936707,0.21811991930007935,0.21628698706626892,0.21811991930007935,0.21628698706626892,1.0877469778060913,2158,8240783,80424,19510,318.35019630085213,24,1241,0,0,929.094,33.709102630615234,-37.13287353515625,50.150625420510636,EXPLORING
7455.243000,RGB_LIDAR,MIXED,run01,RGB_LIDAR,0.12644977867603302,0.3479173183441162,0.22021470963954926,0.21785807609558105,0.22021470963954926,0.21785807609558105,1.2918970584869385,2160,8248421,80467,19514,318.7328479381617,24,1242,0,0,930.094,34.00614929199219,-37.17007064819336,50.37819913636382,EXPLORING
7456.244000,RGB_LIDAR,MIXED,run01,RGB_LIDAR,0.11707667261362076,0.33967021107673645,0.21832460165023804,0.2162303626537323,0.21832460165023804,0.2162303626537323,0.7298169732093811,2162,8256054,80457,19521,319.1218283506089,24,1244,0,0,931.095,34.37605285644531,-37.143856048583984,50.60937387341854,EXPLORING
7457.243000,RGB_LIDAR,MIXED,run01,RGB_LIDAR,0.11446437984704971,0.33630767464637756,0.22132006287574768,0.21896280348300934,0.22132006287574768,0.21896280348300934,2.1831328868865967,2164,8263688,80510,19525,319.549770143764,24,1246,0,0,932.094,34.73298645019531,-37.07733917236328,50.80391894587496,EXPLORING
7458.246000,RGB_LIDAR,MIXED,run01,RGB_LIDAR,0.12594397366046906,0.34429216384887695,0.21954414248466492,0.21797223389148712,0.21954414248466492,0.21797223389148712,1.1366169452667236,2166,8271324,80510,19526,319.92231042463067,24,1248,0,0,933.097,35.013893127441406,-37.14490509033203,51.04551660193846,EXPLORING
7459.243000,RGB_LIDAR,MIXED,run01,RGB_LIDAR,0.13633699715137482,0.35028791427612305,0.22050340473651886,0.21840587258338928,0.22050340473651886,0.21840587258338928,0.8196679949760437,2168,8278954,80569,19536,320.23675286194026,24,1250,0,0,934.094,35.212894439697266,-37.255348205566406,51.26242808263998,EXPLORING
7460.244000,RGB_LIDAR,MIXED,run01,RGB_LIDAR,0.13702350854873657,0.35110220313072205,0.21843896806240082,0.2152959704399109,0.21843896806240082,0.2152959704399109,1.5314010381698608,2170,8286590,80892,19550,320.61894463744846,24,1250,0,0,935.095,35.57094192504883,-37.162864685058594,51.44217254626748,EXPLORING
7461.243000,RGB_LIDAR,MIXED,run01,RGB_LIDAR,0.13754601776599884,0.35234135389328003,0.2139863818883896,0.2139863818883896,0.2139863818883896,0.2139863818883896,1.8730640411376953,2172,8294226,81050,19615,321.03696056705485,24,1252,0,0,936.094,35.946319580078125,-37.24589538574219,51.76215226239868,EXPLORING
7462.245000,RGB_LIDAR,MIXED,run01,RGB_LIDAR,0.11907258629798889,0.3399614691734314,0.2171293944120407,0.2171293944120407,0.2171293944120407,0.2171293944120407,1.1543749570846558,2174,8301862,81050,19658,321.41189751649733,24,1253,0,0,937.096,36.2003173828125,-37.181480407714844,51.892683443754535,EXPLORING
7463.243000,RGB_LIDAR,MIXED,run01,RGB_LIDAR,0.12750165164470673,0.34788352251052856,0.21765321493148804,0.2171293944120407,0.21765321493148804,0.2171293944120407,0.7684420347213745,2176,8309496,81120,19682,321.77806879417966,24,1255,0,0,938.094,36.165733337402344,-37.26221466064453,51.926468784706856,EXPLORING
7464.243000,RGB_LIDAR,MIXED,run01,RGB_LIDAR,0.13035638630390167,0.3495142459869385,0.21887287497520447,0.2196592390537262,0.21887287497520447,0.2196592390537262,1.101619005203247,2178,8317130,81281,19709,322.0172982944523,24,1257,0,0,939.094,36.12034225463867,-37.31993865966797,51.93632962445039,EXPLORING
7465.243000,RGB_LIDAR,MIXED,run01,RGB_LIDAR,0.13478657603263855,0.3534156084060669,0.21739129722118378,0.21817705035209656,0.21739129722118378,0.21817705035209656,1.3968620300292969,2179,8320948,81407,19730,322.26291561037783,24,1259,0,0,940.094,36.004150390625,-37.32374572753906,51.858331259200874,EXPLORING
7466.245000,RGB_LIDAR,MIXED,run01,RGB_LIDAR,0.12196486443281174,0.35245227813720703,0.2161949723958969,0.21776729822158813,0.2161949723958969,0.21776729822158813,1.0251200199127197,2181,8328580,81655,19769,322.4389803998516,24,1260,0,0,941.096,35.91703414916992,-37.412010192871094,51.86152508109237,EXPLORING
7467.244000,RGB_LIDAR,MIXED,run01,RGB_LIDAR,0.1270831823348999,0.35006362199783325,0.2186107486486435,0.2186107486486435,0.2186107486486435,0.2186107486486435,8.716075897216797,2183,8336213,81655,19831,322.755921954635,24,1261,0,0,942.095,35.706974029541016,-37.55936813354492,51.82297415428467,EXPLORING
7468.243000,RGB_LIDAR,MIXED,run01,RGB_LIDAR,0.13418860733509064,0.3541622459888458,0.2207077294588089,0.2196592390537262,0.2207077294588089,0.2196592390537262,0.6691259741783142,2185,8343846,81870,19851,323.11539279861734,24,1263,0,0,943.094,35.71356201171875,-37.88844680786133,52.066491676174515,EXPLORING
7469.243000,RGB_LIDAR,MIXED,run01,RGB_LIDAR,0.14102508127689362,0.3577621579170227,0.21703800559043884,0.21834862232208252,0.21703800559043884,0.21834862232208252,0.7430989742279053,2186,8347661,81931,19916,323.53798970623933,24,1265,0,0,944.094,35.7374267578125,-38.248260498046875,52.34519878282267,EXPLORING
7470.244000,RGB_LIDAR,MIXED,run01,RGB_LIDAR,0.13984112441539764,0.352300226688385,0.22059208154678345,0.21980613470077515,0.22059208154678345,0.21980613470077515,1.1685470342636108,2189,8359113,81931,19946,323.9833301612353,24,1265,0,0,945.095,35.839691162109375,-38.553977966308594,52.63857221881468,EXPLORING
7471.243000,RGB_LIDAR,MIXED,run01,RGB_LIDAR,0.12189848721027374,0.33222830295562744,0.22073841094970703,0.2189054787158966,0.22073841094970703,0.2189054787158966,0.8461809754371643,2191,8366750,82121,19964,324.3348388283124,24,1266,0,0,946.094,35.90031814575195,-38.70280838012695,52.78888837518632,EXPLORING
7472.244000,RGB_LIDAR,MIXED,run01,RGB_LIDAR,0.12738780677318573,0.35112473368644714,0.21979166567325592,0.2135416716337204,0.21979166567325592,0.2135416716337204,1.0686960220336914,2193,8374424,82121,20007,324.6187210791694,24,1267,0,0,947.095,35.9090576171875,-38.85147476196289,52.903913530801546,EXPLORING
7473.243000,RGB_LIDAR,MIXED,run01,RGB_LIDAR,0.12078490108251572,0.35336706042289734,0.21979166567325592,0.2174479216337204,0.21979166567325592,0.2174479216337204,1.6373250484466553,2195,8382104,82166,20032,325.0153687392865,24,1269,0,0,948.094,35.843040466308594,-39.22552490234375,53.13466130266284,EXPLORING
7474.243000,RGB_LIDAR,MIXED,run01,RGB_LIDAR,0.11742211878299713,0.3540525734424591,0.2239583283662796,0.22083333134651184,0.2239583283662796,0.22083333134651184,3.4257349967956543,2196,8385944,82266,20042,325.3972143515185,24,1269,0,0,949.094,35.80308532714844,-38.98909378051758,52.933328175436635,EXPLORING
7475.245000,RGB_LIDAR,MIXED,run01,RGB_LIDAR,0.11822137236595154,0.3502158522605896,0.21875,0.2161458283662796,0.21875,0.2161458283662796,1.2829599380493164,2198,8393624,82298,20059,325.5715113275996,24,1270,0,0,950.096,35.83183288574219,-38.984474182128906,52.94937469352669,EXPLORING
7476.243000,RGB_LIDAR,MIXED,run01,RGB_LIDAR,0.12343757599592209,0.35318946838378906,0.21406249701976776,0.21250000596046448,0.21406249701976776,0.21250000596046448,1.2942949533462524,2200,8401304,82298,20067,325.76882355743766,24,1272,0,0,951.094,35.80156326293945,-38.879608154296875,52.85170479074538,EXPLORING
7477.243000,RGB_LIDAR,MIXED,run01,RGB_LIDAR,0.11953733116388321,0.34673237800598145,0.21250000596046448,0.21875,0.21250000596046448,0.21875,1.127174973487854,2202,8408984,82307,20068,326.1744028210762,24,1274,0,0,952.094,35.61367416381836,-38.54707336425781,52.47988014119448,EXPLORING
7478.243000,RGB_LIDAR,MIXED,run01,RGB_LIDAR,0.11805946379899979,0.3515129089355469,0.2174479216337204,0.21796874701976776,0.2174479216337204,0.21796874701976776,2.5517120361328125,2203,8412824,82375,20088,326.5158792831699,24,1275,0,0,953.094,35.45553970336914,-38.44827651977539,52.30002661466781,EXPLORING
7479.245000,RGB_LIDAR,MIXED,run01,RGB_LIDAR,0.11803161352872849,0.3486655354499817,0.21718749403953552,0.21666666865348816,0.21718749403953552,0.21666666865348816,1.012658953666687,2205,8420504,82380,20089,326.76465573965953,24,1276,0,0,954.096,35.311744689941406,-38.322845458984375,52.11034086172989,EXPLORING
7480.244000,RGB_LIDAR,MIXED,run01,RGB_LIDAR,0.11553388088941574,0.3373825252056122,0.21562500298023224,0.21770833432674408,0.21562500298023224,0.21770833432674408,2.355782985687256,2207,8428184,82401,20096,327.1166480798678,24,1278,0,0,955.095,35.17482376098633,-38.003753662109375,51.78302381285968,EXPLORING
7481.244000,RGB_LIDAR,MIXED,run01,RGB_LIDAR,0.11715348809957504,0.3390974998474121,0.21510416269302368,0.21536459028720856,0.21510416269302368,0.21536459028720856,0.7804589867591858,2209,8435864,82472,20097,327.5229832228156,24,1279,0,0,956.095,35.086666107177734,-37.69247055053711,51.49489878559666,EXPLORING
7482.243000,RGB_LIDAR,MIXED,run01,RGB_LIDAR,0.12574665248394012,0.354170024394989,0.21536459028720856,0.21770833432674408,0.21536459028720856,0.21770833432674408,1.4331599473953247,2210,8439704,82472,20108,327.8643812100507,24,1281,0,0,957.094,34.851409912109375,-37.667354583740234,51.316460103023594,EXPLORING
7483.245000,RGB_LIDAR,MIXED,run01,RGB_LIDAR,0.12143943458795547,0.3408152163028717,0.21617378294467926,0.2169589102268219,0.21617378294467926,0.2169589102268219,1.0740560293197632,2212,8447351,82541,20114,328.18680781291243,24,1283,0,0,958.096,34.59074401855469,-37.49822235107422,51.01534607246799,EXPLORING
7484.245000,RGB_LIDAR,MIXED,run01,RGB_LIDAR,0.13219934701919556,0.35418736934661865,0.2145102173089981,0.20429544150829315,0.2145102173089981,0.20429544150829315,0.9457949995994568,2216,8462622,82657,20117,328.5662301723342,24,1285,0,0,959.096,34.32005310058594,-37.2913818359375,50.67980936546582,EXPLORING
7485.243000,RGB_LIDAR,MIXED,run01,RGB_LIDAR,0.1368715465068817,0.36373305320739746,0.20990565419197083,0.2085953950881958,0.20990565419197083,0.2085953950881958,1.1504360437393188,2219,8474070,82657,20129,328.933875815268,24,1286,0,0,960.094,34.037498474121094,-37.181095123291016,50.4074961668909,EXPLORING
7486.244000,RGB_LIDAR,MIXED,run01,RGB_LIDAR,0.1308581531047821,0.35612753033638,0.21572738885879517,0.2196592390537262,0.21572738885879517,0.2196592390537262,1.9589509963989258,2221,8481701,82711,20132,329.2852022534701,24,1287,0,0,961.095,33.76333236694336,-37.062625885009766,50.13513755965227,EXPLORING
7487.247000,RGB_LIDAR,MIXED,run01,RGB_LIDAR,0.12370965629816055,0.36084097623825073,0.21042977273464203,0.21698112785816193,0.21042977273464203,0.21698112785816193,2.425762891769409,2223,8489336,82756,20141,329.59799315941495,24,1289,0,0,962.098,33.50176239013672,-36.953609466552734,49.87854360038706,EXPLORING
7488.243000,RGB_LIDAR,MIXED,run01,RGB_LIDAR,0.11498143523931503,0.3558092415332794,0.20816968381404877,0.21393035352230072,0.20816968381404877,0.21393035352230072,6.719886779785156,2225,8496971,82933,20153,330.03810634325833,24,1290,0,0,963.094,33.11185836791992,-37.068241119384766,49.7029421853099,EXPLORING
7489.245000,RGB_LIDAR,MIXED,run01,RGB_LIDAR,0.11691664159297943,0.3623608648777008,0.20921707153320312,0.21262110769748688,0.20921707153320312,0.21262110769748688,3.373645067214966,2227,8504609,82960,20168,330.4120848384996,24,1292,0,0,964.096,32.829933166503906,-37.15916442871094,49.58368232126326,EXPLORING
7490.243000,RGB_LIDAR,MIXED,run01,RGB_LIDAR,0.12555202841758728,0.3635135591030121,0.20858414471149445,0.21093954145908356,0.20858414471149445,0.21093954145908356,0.8435609936714172,2228,8508430,82960,20174,330.8104934526944,24,1292,0,0,965.094,32.462860107421875,-37.233482360839844,49.39740866421588,EXPLORING
7491.247000,RGB_LIDAR,MIXED,run01,RGB_LIDAR,0.11268100887537003,0.35311612486839294,0.21266020834445953,0.21318335831165314,0.21266020834445953,0.21318335831165314,1.8204180002212524,2229,8512253,82973,20174,331.249988857425,24,1293,0,0,966.098,32.14117431640625,-37.346473693847656,49.272198268115716,EXPLORING
7492.243000,RGB_LIDAR,MIXED,run01,RGB_LIDAR,0.1147788017988205,0.3546059727668762,0.21093954145908356,0.20910756289958954,0.21093954145908356,0.20910756289958954,1.0884840488433838,2231,8519893,82975,20176,331.577013775066,24,1293,0,0,967.094,32.00091552734375,-37.31795883178711,49.15917333239454,EXPLORING
7493.244000,RGB_LIDAR,MIXED,run01,RGB_LIDAR,0.12762275338172913,0.36139917373657227,0.2117801010608673,0.2115183174610138,0.2117801010608673,0.2115183174610138,3.9762771129608154,2233,8527529,82975,20176,331.89772168790955,24,1295,0,0,968.095,31.99477195739746,-37.409427642822266,49.22465276181584,EXPLORING
7494.249000,RGB_LIDAR,MIXED,run01,RGB_LIDAR,0.11686769872903824,0.3530115485191345,0.21080230176448822,0.21316203474998474,0.21080230176448822,0.21316203474998474,1.9054360389709473,2235,8535161,82991,20179,332.19511351836195,24,1297,0,0,969.100,31.71266746520996,-37.434425354003906,49.060839013871664,EXPLORING
7495.244000,RGB_LIDAR,MIXED,run01,RGB_LIDAR,0.11899370700120926,0.35242897272109985,0.21640031039714813,0.21404244005680084,0.21640031039714813,0.21404244005680084,0.9305449724197388,2237,8542794,83020,20179,332.58007025441873,24,1298,0,0,970.095,31.403919219970703,-37.47442626953125,48.89249431022749,EXPLORING
7496.245000,RGB_LIDAR,MIXED,run01,RGB_LIDAR,0.11699192225933075,0.3543338179588318,0.2126767933368683,0.20874804258346558,0.2126767933368683,0.20874804258346558,10.903061866760254,2239,8550427,83053,20183,333.0156271959715,24,1299,0,0,971.096,31.114500045776367,-37.657535552978516,48.848133328890704,EXPLORING
7497.243000,RGB_LIDAR,MIXED,run01,RGB_LIDAR,0.11419414728879929,0.3498859703540802,0.2124311625957489,0.20928402245044708,0.2124311625957489,0.20928402245044708,0.8432310223579407,2241,8558058,83053,20186,333.302441772521,24,1300,0,0,972.094,30.984859466552734,-37.870941162109375,48.93064629023525,EXPLORING
7498.243000,RGB_LIDAR,MIXED,run01,RGB_LIDAR,0.11762910336256027,0.34835729002952576,0.208912193775177,0.21258191764354706,0.208912193775177,0.21258191764354706,2.1786820888519287,2244,8569503,83060,20186,333.4920044385548,24,1302,0,0,973.094,30.81141471862793,-37.91709899902344,48.85681704410958,EXPLORING
7499.243000,RGB_LIDAR,MIXED,run01,RGB_LIDAR,0.1164206713438034,0.3471905589103699,0.21870088577270508,0.21608172357082367,0.21870088577270508,0.21608172357082367,3.867988109588623,2246,8577135,83078,20187,333.97078849711846,24,1304,0,0,974.094,30.43686294555664,-38.09798812866211,48.76268280931694,EXPLORING
7500.243000,RGB_LIDAR,MIXED,run01,RGB_LIDAR,0.11146953701972961,0.34085384011268616,0.21666230261325836,0.21561436355113983,0.21666230261325836,0.21561436355113983,5.703057765960693,2247,8580952,83092,20188,334.2993524006624,24,1306,0,0,975.094,30.304834365844727,-38.33198928833008,48.86373630495735,EXPLORING
7501.243000,RGB_LIDAR,MIXED,run01,RGB_LIDAR,0.11338707059621811,0.345406174659729,0.20865006744861603,0.21074704825878143,0.20865006744861603,0.21074704825878143,1.3091599941253662,2249,8588583,83096,20188,334.5552944381641,24,1308,0,0,976.094,30.336942672729492,-38.310569763183594,48.866860898732796,EXPLORING
7502.243000,RGB_LIDAR,MIXED,run01,RGB_LIDAR,0.11954116821289062,0.3495900332927704,0.22073841094970703,0.22047656774520874,0.22073841094970703,0.22047656774520874,0.9771730303764343,2253,8603850,83194,20199,334.69547846798315,24,1308,0,0,977.094,30.344284057617188,-38.21117401123047,48.793540373508534,EXPLORING
7503.249000,RGB_LIDAR,MIXED,run01,RGB_LIDAR,0.10734833776950836,0.33713003993034363,0.21855345368385315,0.21986372768878937,0.21855345368385315,0.21986372768878937,1.9096399545669556,2255,8611484,83277,20204,334.8998603904644,24,1309,0,0,978.100,30.363788604736328,-38.1688117980957,48.7725124837765,EXPLORING
7504.243000,RGB_LIDAR,MIXED,run01,RGB_LIDAR,0.10858561098575592,0.3374217450618744,0.22105814516544342,0.21896280348300934,0.22105814516544342,0.21896280348300934,7.166326999664307,2257,8619120,83334,20223,335.00467960790735,24,1310,0,0,979.094,30.413454055786133,-38.1353759765625,48.777300785505396,EXPLORING
7505.244000,RGB_LIDAR,MIXED,run01,RGB_LIDAR,0.1073615550994873,0.33640074729919434,0.21503405272960663,0.2145102173089981,0.21503405272960663,0.2145102173089981,1.1654380559921265,2260,8630569,83334,20229,335.2096298008192,24,1312,0,0,980.095,30.46109390258789,-38.127262115478516,48.80067847097165,EXPLORING
7506.243000,RGB_LIDAR,MIXED,run01,RGB_LIDAR,0.11506089568138123,0.34365925192832947,0.20906470715999603,0.2103746384382248,0.20906470715999603,0.2103746384382248,2.187103033065796,2262,8638205,83381,20237,335.4488134846859,24,1312,0,0,981.094,30.501365661621094,-38.02568817138672,48.74654845363046,EXPLORING
7507.243000,RGB_LIDAR,MIXED,run01,RGB_LIDAR,0.1163303405046463,0.34352079033851624,0.21855345368385315,0.22091194987297058,0.21855345368385315,0.22091194987297058,1.2650929689407349,2264,8645839,83431,20243,335.7882528312441,24,1314,0,0,982.094,30.536319732666016,-37.81135177612305,48.60148852709271,EXPLORING
7508.244000,RGB_LIDAR,MIXED,run01,RGB_LIDAR,0.12355566769838333,0.34872251749038696,0.21776729822158813,0.21776729822158813,0.21776729822158813,0.21776729822158813,0.6384479999542236,2267,8657292,83506,20247,336.082875171065,24,1316,0,0,983.095,30.583980560302734,-37.619361877441406,48.48232251827028,EXPLORING
7509.244000,RGB_LIDAR,MIXED,run01,RGB_LIDAR,0.13567416369915009,0.35582512617111206,0.2192247211933136,0.2179151326417923,0.2192247211933136,0.2179151326417923,4.493680953979492,2268,8661110,83534,20256,336.3813329374718,24,1316,0,0,984.095,30.810436248779297,-37.50593566894531,48.537788587866615,EXPLORING
7510.248000,RGB_LIDAR,MIXED,run01,RGB_LIDAR,0.13734352588653564,0.3504934012889862,0.21870088577270508,0.21974855661392212,0.21870088577270508,0.21974855661392212,0.999439001083374,2271,8672561,83534,20263,336.81189348878513,24,1318,0,0,985.099,31.167808532714844,-37.438934326171875,48.7138984311985,EXPLORING
7511.243000,RGB_LIDAR,MIXED,run01,RGB_LIDAR,0.1291114240884781,0.3462778329849243,0.22012577950954437,0.22038784623146057,0.22012577950954437,0.22038784623146057,0.9202290177345276,2272,8676377,83589,20266,337.2385256226505,24,1319,0,0,986.094,31.448406219482422,-37.20025634765625,48.711377866028116,EXPLORING
7512.244000,RGB_LIDAR,MIXED,run01,RGB_LIDAR,0.1224815845489502,0.3471496105194092,0.21153342723846436,0.21284404397010803,0.21153342723846436,0.21284404397010803,1.138245940208435,2274,8684009,83593,20266,337.6305417116745,24,1321,0,0,987.095,31.785812377929688,-37.10233688354492,48.85547456133624,EXPLORING
7513.245000,RGB_LIDAR,MIXED,run01,RGB_LIDAR,0.12761035561561584,0.3514215052127838,0.22027239203453064,0.22027239203453064,0.22027239203453064,0.22027239203453064,7.078013896942139,2277,8695458,83593,20266,337.9852654954598,24,1321,0,0,988.096,32.109012603759766,-37.06931686401367,49.04139318957989,EXPLORING
7514.245000,RGB_LIDAR,MIXED,run01,RGB_LIDAR,0.11691152304410934,0.3429349362850189,0.2143605798482895,0.21069182455539703,0.2143605798482895,0.21069182455539703,0.6710519790649414,2278,8699274,83603,20266,338.4045727354878,24,1322,0,0,989.096,32.46084213256836,-37.029014587402344,49.24214252542667,EXPLORING
7515.247000,RGB_LIDAR,MIXED,run01,RGB_LIDAR,0.13558131456375122,0.35541626811027527,0.22056515514850616,0.2182103544473648,0.22056515514850616,0.2182103544473648,0.7506549954414368,2281,8710743,83607,20266,338.7274622442445,24,1324,0,0,990.098,32.749267578125,-36.956092834472656,49.37814274398067,EXPLORING
7516.244000,RGB_LIDAR,MIXED,run01,RGB_LIDAR,0.14024393260478973,0.35863620042800903,0.22097280621528625,0.218880757689476,0.22097280621528625,0.218880757689476,2.7936620712280273,2283,8718389,83607,20267,339.15192745266523,24,1326,0,0,991.095,33.10409164428711,-37.02615737915039,49.666387157482816,EXPLORING
7517.244000,RGB_LIDAR,MIXED,run01,RGB_LIDAR,0.14633938670158386,0.3621439039707184,0.22033455967903137,0.21641400456428528,0.22033455967903137,0.21641400456428528,5.001511096954346,2284,8722215,83608,20268,339.5491634820838,24,1327,0,0,992.095,33.43394470214844,-37.086151123046875,49.931385561698555,EXPLORING
7518.245000,RGB_LIDAR,MIXED,run01,RGB_LIDAR,0.14110475778579712,0.3599814176559448,0.21873365342617035,0.21690215170383453,0.21873365342617035,0.21690215170383453,2.384661912918091,2286,8729860,83608,20268,339.8864775254367,24,1328,0,0,993.096,33.59715270996094,-37.328224182128906,50.22048073269174,EXPLORING
7519.243000,RGB_LIDAR,MIXED,run01,RGB_LIDAR,0.1411469727754593,0.354234516620636,0.21858638525009155,0.21858638525009155,0.21858638525009155,0.21858638525009155,1.1048870086669922,2288,8737500,83612,20268,340.22631860908336,24,1329,0,0,994.094,33.86051940917969,-37.512245178222656,50.53349806143321,EXPLORING
7520.243000,RGB_LIDAR,MIXED,run01,RGB_LIDAR,0.14208437502384186,0.34938400983810425,0.2184962034225464,0.21954414248466492,0.2184962034225464,0.21954414248466492,1.4090499877929688,2292,8752774,83616,20268,340.565380137921,24,1330,0,0,995.094,34.14222717285156,-37.621131896972656,50.8032646274167,EXPLORING
7521.244000,RGB_LIDAR,MIXED,run01,RGB_LIDAR,0.13157281279563904,0.3411564528942108,0.20838794112205505,0.21074704825878143,0.20838794112205505,0.21074704825878143,0.7277389764785767,2294,8760403,83627,20269,340.90970373631166,24,1331,0,0,996.095,34.36919021606445,-37.83086013793945,51.11110633675034,EXPLORING
7522.243000,RGB_LIDAR,MIXED,run01,RGB_LIDAR,0.13634803891181946,0.3476882874965668,0.2184962034225464,0.21875818073749542,0.2184962034225464,0.21875818073749542,1.3676400184631348,2296,8768039,83627,20271,341.3636983433169,24,1332,0,0,997.094,34.74788284301758,-37.95833206176758,51.4604646162344,EXPLORING
7523.243000,RGB_LIDAR,MIXED,run01,RGB_LIDAR,0.13766665756702423,0.34699028730392456,0.21823421120643616,0.21718627214431763,0.21823421120643616,0.21718627214431763,1.303341031074524,2298,8775672,83683,20275,341.71277661332056,24,1334,0,0,998.094,35.00934600830078,-38.10551071166992,51.74565437359637,EXPLORING
7524.244000,RGB_LIDAR,MIXED,run01,RGB_LIDAR,0.12949541211128235,0.3469633162021637,0.21829140186309814,0.22012577950954437,0.21829140186309814,0.22012577950954437,8.230249404907227,2300,8783306,83683,20287,342.0768907340058,24,1336,0,0,999.095,35.00300979614258,-38.18259811401367,51.79816631509076,EXPLORING
7525.243000,RGB_LIDAR,MIXED,run01,RGB_LIDAR,0.1267874836921692,0.3499071002006531,0.2189054787158966,0.2194291651248932,0.2189054787158966,0.2194291651248932,1.3594199419021606,2302,8790943,83807,20297,342.4052603412799,24,1338,0,0,1000.094,34.89005661010742,-38.1030387878418,51.66320164352533,EXPLORING
7526.244000,RGB_LIDAR,MIXED,run01,RGB_LIDAR,0.12410928308963776,0.3542037010192871,0.21731171011924744,0.21809624135494232,0.21731171011924744,0.21809624135494232,1.1700570583343506,2304,8798585,83847,20305,342.6435546819088,24,1338,0,0,1001.095,34.83941650390625,-38.04014205932617,51.582615669879026,EXPLORING
7527.243000,RGB_LIDAR,MIXED,run01,RGB_LIDAR,0.12882667779922485,0.3599180281162262,0.21715328097343445,0.21689260005950928,0.21715328097343445,0.21689260005950928,14.377241134643555,2306,8806254,83864,20310,342.8665726531812,24,1340,0,0,1002.094,34.843116760253906,-37.95769500732422,51.5243461020671,EXPLORING
7528.243000,RGB_LIDAR,MIXED,run01,RGB_LIDAR,0.12910248339176178,0.3538927733898163,0.20506791770458221,0.2087251842021942,0.20506791770458221,0.2087251842021942,2.731203079223633,2309,8817749,83902,20312,343.20386599838605,24,1341,0,0,1003.094,34.81651306152344,-37.87181091308594,51.44309982443814,EXPLORING
7529.245000,RGB_LIDAR,MIXED,run01,RGB_LIDAR,0.12812075018882751,0.35329315066337585,0.20506791770458221,0.2087251842021942,0.20506791770458221,0.2087251842021942,2.731203079223633,2309,8817749,83902,20315,343.4982221189788,24,1343,0,0,1004.096,34.65399169921875,-37.67780303955078,51.190284071617135,EXPLORING
7530.243000,RGB_LIDAR,MIXED,run01,RGB_LIDAR,0.13231268525123596,0.3600258529186249,0.21393035352230072,0.2097407728433609,0.21393035352230072,0.2097407728433609,2.512557029724121,2311,8825387,83932,20318,343.90524938808784,24,1343,0,0,1005.094,34.31558609008789,-37.613304138183594,50.91414455636471,EXPLORING
7531.245000,RGB_LIDAR,MIXED,run01,RGB_LIDAR,0.12200870364904404,0.3412849009037018,0.20870476961135864,0.20870476961135864,0.20870476961135864,0.20870476961135864,2.9624040126800537,2314,8836833,83971,20319,344.2738420430928,24,1344,0,0,1006.096,34.06291961669922,-37.41728210449219,50.5990717407662,EXPLORING
7532.243000,RGB_LIDAR,MIXED,run01,RGB_LIDAR,0.12803134322166443,0.35742953419685364,0.21503405272960663,0.21739129722118378,0.21503405272960663,0.21739129722118378,0.8177729845046997,2316,8844469,84014,20321,344.70016991192205,24,1345,0,0,1007.094,33.73331832885742,-37.24971389770508,50.253450351527434,EXPLORING
7533.246000,RGB_LIDAR,MIXED,run01,RGB_LIDAR,0.12574806809425354,0.35396018624305725,0.20602883398532867,0.21127130091190338,0.20602883398532867,0.21127130091190338,3.144757032394409,2318,8852098,84014,20323,345.01463691402625,24,1346,0,0,1008.097,33.58245849609375,-37.251407623291016,50.153570036022245,EXPLORING
7534.243000,RGB_LIDAR,MIXED,run01,RGB_LIDAR,0.11911842226982117,0.3432493209838867,0.21063663065433502,0.21430443227291107,0.21063663065433502,0.21430443227291107,3.9373550415039062,2320,8859734,84090,20330,345.32806093963075,24,1347,0,0,1009.094,33.397220611572266,-37.23694610595703,50.01896295695216,EXPLORING
7535.243000,RGB_LIDAR,MIXED,run01,RGB_LIDAR,0.12232904136180878,0.36067938804626465,0.2080167680978775,0.21089860796928406,0.2080167680978775,0.21089860796928406,0.8002669811248779,2323,8871186,84090,20336,345.57236396521995,24,1348,0,0,1010.094,33.19147491455078,-37.18113708496094,49.84018065672007,EXPLORING
7536.244000,RGB_LIDAR,MIXED,run01,RGB_LIDAR,0.12661200761795044,0.36457619071006775,0.2091194987297058,0.21042977273464203,0.2091194987297058,0.21042977273464203,2.0787770748138428,2325,8878820,84095,20336,345.89513458392975,24,1349,0,0,1011.095,32.885223388671875,-37.20106887817383,49.65169546153017,EXPLORING
7537.243000,RGB_LIDAR,MIXED,run01,RGB_LIDAR,0.12369821965694427,0.3615391254425049,0.2075471729040146,0.21121592819690704,0.2075471729040146,0.21121592819690704,1.6565790176391602,2327,8886452,84114,20336,346.3248717356431,24,1351,0,0,1012.094,32.5129280090332,-37.137020111083984,49.35770530261902,EXPLORING
7538.243000,RGB_LIDAR,MIXED,run01,RGB_LIDAR,0.11301666498184204,0.3515894114971161,0.21147798001766205,0.2146226465702057,0.21147798001766205,0.2146226465702057,1.5070890188217163,2329,8894085,84114,20336,346.7794620195983,24,1352,0,0,1013.094,32.13457489013672,-37.12262725830078,49.09842786885687,EXPLORING
7539.244000,RGB_LIDAR,MIXED,run01,RGB_LIDAR,0.11362556368112564,0.3521978557109833,0.21241487562656403,0.2126767933368683,0.21241487562656403,0.2126767933368683,1.6786710023880005,2331,8901718,84127,20336,347.21126859747955,24,1354,0,0,1014.095,31.812955856323242,-37.21210861206055,48.95652448489422,EXPLORING
7540.243000,RGB_LIDAR,MIXED,run01,RGB_LIDAR,0.1309071183204651,0.36588746309280396,0.2130890041589737,0.2133507877588272,0.2130890041589737,0.2133507877588272,6.0211968421936035,2333,8909357,84129,20339,347.5266281499935,24,1356,0,0,1015.094,31.72467613220215,-37.34915542602539,49.00358013949737,EXPLORING
7541.243000,RGB_LIDAR,MIXED,run01,RGB_LIDAR,0.11989127844572067,0.3534754514694214,0.21262110769748688,0.21288295090198517,0.21262110769748688,0.21288295090198517,1.2024680376052856,2335,8916998,84131,20339,347.7651600086657,24,1357,0,0,1016.094,31.585729598999023,-37.38252639770508,48.93923104142241,EXPLORING
7542.243000,RGB_LIDAR,MIXED,run01,RGB_LIDAR,0.11898452788591385,0.350393146276474,0.21042977273464203,0.21121592819690704,0.21042977273464203,0.21121592819690704,1.5665260553359985,2337,8924632,84137,20339,348.2728999435182,24,1358,0,0,1017.094,31.154253005981445,-37.412044525146484,48.68456004402836,EXPLORING
7543.243000,RGB_LIDAR,MIXED,run01,RGB_LIDAR,0.12275931984186172,0.3574291467666626,0.20062942802906036,0.20194073021411896,0.20062942802906036,0.20194073021411896,1.3584239482879639,2340,8936076,84137,20340,348.5930205006085,24,1360,0,0,1018.094,30.912811279296875,-37.54928970336914,48.63629868321709,EXPLORING
7544.243000,RGB_LIDAR,MIXED,run01,RGB_LIDAR,0.12222860008478165,0.3545754551887512,0.20660723745822906,0.21054011583328247,0.20660723745822906,0.21054011583328247,1.214887022972107,2342,8943705,84148,20340,349.1064951261248,24,1361,0,0,1019.094,30.642831802368164,-37.90444564819336,48.740839700938295,EXPLORING
7545.243000,RGB_LIDAR,MIXED,run01,RGB_LIDAR,0.11398810148239136,0.3523341715335846,0.208802729845047,0.2111606001853943,0.208802729845047,0.2111606001853943,1.3374429941177368,2344,8951335,84171,20342,349.36893527836287,24,1362,0,0,1020.094,30.46691131591797,-38.051021575927734,48.74477144023708,EXPLORING
7546.243000,RGB_LIDAR,MIXED,run01,RGB_LIDAR,0.10071882605552673,0.33509185910224915,0.21645702421665192,0.2156708538532257,0.21645702421665192,0.2156708538532257,1.5326570272445679,2346,8958969,84171,20342,349.81603454855895,24,1363,0,0,1021.094,30.22043228149414,-38.37251281738281,48.84326803038888,EXPLORING
7547.243000,RGB_LIDAR,MIXED,run01,RGB_LIDAR,0.10044483840465546,0.32512080669403076,0.21686747670173645,0.21503405272960663,0.21686747670173645,0.21503405272960663,1.3388960361480713,2348,8966603,84175,20342,350.0696568812164,24,1365,0,0,1022.094,30.314268112182617,-38.55031204223633,49.04102175103878,EXPLORING
7548.244000,RGB_LIDAR,MIXED,run01,RGB_LIDAR,0.11135905236005783,0.34052589535713196,0.21497774124145508,0.2144540399312973,0.21497774124145508,0.2144540399312973,2.58774995803833,2350,8974240,84179,20343,350.45150646915744,24,1366,0,0,1023.095,30.155588150024414,-38.84049606323242,49.17198952062693,EXPLORING
7549.245000,RGB_LIDAR,MIXED,run01,RGB_LIDAR,0.12548978626728058,0.3557904064655304,0.21948663890361786,0.21896280348300934,0.21948663890361786,0.21896280348300934,2.107189893722534,2352,8981877,84188,20343,350.72144338498384,24,1368,0,0,1024.096,30.016992568969727,-38.881168365478516,49.11930762768348,EXPLORING
7550.243000,RGB_LIDAR,MIXED,run01,RGB_LIDAR,0.11428770422935486,0.34436851739883423,0.2161383330821991,0.21640031039714813,0.2161383330821991,0.21640031039714813,1.1939799785614014,2354,8989512,84267,20348,350.9099934400961,24,1368,0,0,1025.094,30.06886100769043,-38.82158279418945,49.1038982562211,EXPLORING
7551.243000,RGB_LIDAR,MIXED,run01,RGB_LIDAR,0.11098316311836243,0.34005123376846313,0.21838177740573883,0.21838177740573883,0.21838177740573883,0.21838177740573883,1.720842957496643,2356,8997147,84325,20358,351.0696029221996,24,1370,0,0,1026.094,30.145099639892578,-38.78823471069336,49.12428229422148,EXPLORING
7552.244000,RGB_LIDAR,MIXED,run01,RGB_LIDAR,0.13181160390377045,0.3552616536617279,0.21492145955562592,0.21256545186042786,0.21492145955562592,0.21256545186042786,0.8217570185661316,2358,9004786,84325,20370,351.38126400733506,24,1371,0,0,1027.095,30.193784713745117,-38.59376525878906,49.00085791022447,EXPLORING
7553.244000,RGB_LIDAR,MIXED,run01,RGB_LIDAR,0.11501865088939667,0.3420851230621338,0.20964360237121582,0.21042977273464203,0.20964360237121582,0.21042977273464203,0.7507070302963257,2360,9012419,84522,20375,351.728650069699,24,1373,0,0,1028.095,30.2529239654541,-38.26973342895508,48.78270539593706,EXPLORING
7554.243000,RGB_LIDAR,MIXED,run01,RGB_LIDAR,0.12840986251831055,0.35251298546791077,0.20874804258346558,0.2118910402059555,0.20874804258346558,0.2118910402059555,0.9857940077781677,2362,9020054,84522,20393,352.0333364380572,24,1375,0,0,1029.094,30.241268157958984,-37.99547576904297,48.56058930582794,EXPLORING
7555.243000,RGB_LIDAR,MIXED,run01,RGB_LIDAR,0.13459262251853943,0.35502946376800537,0.2191673219203949,0.21838177740573883,0.2191673219203949,0.21838177740573883,3.8052639961242676,2365,9031508,84594,20394,352.32048083180075,24,1377,0,0,1030.094,30.457265853881836,-37.888999938964844,48.61235574087667,EXPLORING
7556.243000,RGB_LIDAR,MIXED,run01,RGB_LIDAR,0.13548465073108673,0.35572388768196106,0.21802935004234314,0.21645702421665192,0.21802935004234314,0.21645702421665192,0.8560469746589661,2368,9042956,84633,20394,352.6764412533527,24,1379,0,0,1031.094,30.747560501098633,-37.747501373291016,48.68495993107494,EXPLORING
7557.243000,RGB_LIDAR,MIXED,run01,RGB_LIDAR,0.13193446397781372,0.34975698590278625,0.21875818073749542,0.21823421120643616,0.21875818073749542,0.21823421120643616,2.8630731105804443,2370,9050591,84651,20398,353.0833927845655,24,1381,0,0,1032.094,31.027986526489258,-37.533050537109375,48.69706384617488,EXPLORING
7558.249000,RGB_LIDAR,MIXED,run01,RGB_LIDAR,0.1358622908592224,0.3551076054573059,0.2203301042318344,0.2211160659790039,0.2203301042318344,0.2211160659790039,1.1978189945220947,2372,9058226,84669,20401,353.42641045555445,24,1382,0,0,1033.100,31.30493927001953,-37.43104553222656,48.79569504255607,EXPLORING
7559.245000,RGB_LIDAR,MIXED,run01,RGB_LIDAR,0.11778146028518677,0.33944591879844666,0.21555788815021515,0.21974855661392212,0.21555788815021515,0.21974855661392212,2.296112060546875,2375,9069679,84669,20403,353.8351120752426,24,1383,0,0,1034.096,31.61541175842285,-37.36953353881836,48.94847248633181,EXPLORING
7560.244000,RGB_LIDAR,MIXED,run01,RGB_LIDAR,0.11934559047222137,0.3321617543697357,0.22079622745513916,0.22027239203453064,0.22079622745513916,0.22027239203453064,0.9642519950866699,2377,9077314,84680,20405,354.1894474251131,24,1384,0,0,1035.095,31.77433204650879,-37.13663864135742,48.8740654484972,EXPLORING
7561.243000,RGB_LIDAR,MIXED,run01,RGB_LIDAR,0.12822502851486206,0.349163681268692,0.22079622745513916,0.22210581600666046,0.22079622745513916,0.22210581600666046,1.0860660076141357,2379,9084948,84695,20405,354.48857894445604,24,1386,0,0,1036.094,32.03539276123047,-37.111629486083984,49.02524795314844,EXPLORING
7562.243000,RGB_LIDAR,MIXED,run01,RGB_LIDAR,0.12195751070976257,0.34619349241256714,0.22064989805221558,0.21409852802753448,0.22064989805221558,0.21409852802753448,4.520229816436768,2381,9092579,84695,20405,354.93178910415594,24,1387,0,0,1037.094,32.409523010253906,-37.10841369628906,49.26810446328469,EXPLORING
7563.244000,RGB_LIDAR,MIXED,run01,RGB_LIDAR,0.12169652432203293,0.34800243377685547,0.22038784623146057,0.21986372768878937,0.22038784623146057,0.21986372768878937,1.1214580535888672,2383,9100210,84695,20405,355.2850113060127,24,1388,0,0,1038.095,32.707275390625,-37.12356948852539,49.475843664365776,EXPLORING
7564.248000,RGB_LIDAR,MIXED,run01,RGB_LIDAR,0.13229337334632874,0.3523796498775482,0.22146597504615784,0.21701571345329285,0.22146597504615784,0.21701571345329285,1.1710100173950195,2385,9107848,84695,20405,355.60407815547825,24,1390,0,0,1039.099,32.9659423828125,-37.16249465942383,49.67632804431472,EXPLORING
7565.244000,RGB_LIDAR,MIXED,run01,RGB_LIDAR,0.12459304928779602,0.34734517335891724,0.2205074578523636,0.21789170801639557,0.2205074578523636,0.21789170801639557,0.9180859923362732,2387,9115492,84705,20405,356.0123735201516,24,1392,0,0,1040.095,33.29556655883789,-37.06133270263672,49.820372038520695,EXPLORING
7566.244000,RGB_LIDAR,MIXED,run01,RGB_LIDAR,0.14544853568077087,0.35987868905067444,0.21910995244979858,0.21727748215198517,0.21910995244979858,0.21727748215198517,0.9427899718284607,2389,9123131,84730,20408,356.34587662903164,24,1394,0,0,1041.095,33.58646011352539,-37.11234664916992,50.05305392711542,EXPLORING
7567.243000,RGB_LIDAR,MIXED,run01,RGB_LIDAR,0.13731880486011505,0.3535637855529785,0.21969102323055267,0.21733437478542328,0.21969102323055267,0.21733437478542328,0.855705976486206,2391,9130768,84737,20408,356.7135592908432,24,1396,0,0,1042.094,33.88348388671875,-37.282657623291016,50.37874551600095,EXPLORING
7568.243000,RGB_LIDAR,MIXED,run01,RGB_LIDAR,0.1324203759431839,0.34542015194892883,0.2193143218755722,0.217482328414917,0.2193143218755722,0.217482328414917,4.12694787979126,2393,9138408,84737,20408,357.0754911412397,24,1398,0,0,1043.094,34.1525764465332,-37.472740173339844,50.7004447851922,EXPLORING
7569.243000,RGB_LIDAR,MIXED,run01,RGB_LIDAR,0.13905954360961914,0.3445860743522644,0.22064989805221558,0.22064989805221558,0.22064989805221558,0.22064989805221558,0.8225259780883789,2395,9146042,84744,20408,357.470591331342,24,1399,0,0,1044.094,34.44572830200195,-37.67338943481445,51.04627497518815,EXPLORING
7570.243000,RGB_LIDAR,MIXED,run01,RGB_LIDAR,0.1398884654045105,0.3423301875591278,0.21834862232208252,0.21939711272716522,0.21834862232208252,0.21939711272716522,0.9016810059547424,2396,9149857,84750,20408,357.8457527613083,24,1401,0,0,1045.094,34.65062713623047,-37.93821716308594,51.3799922195758,EXPLORING
7571.243000,RGB_LIDAR,MIXED,run01,RGB_LIDAR,0.13684186339378357,0.3468787968158722,0.21974855661392212,0.21948663890361786,0.21974855661392212,0.21948663890361786,1.3956830501556396,2399,9161304,84754,20409,358.20289265268264,24,1402,0,0,1046.094,34.93790054321289,-38.08723831176758,51.68387833180349,EXPLORING
7572.243000,RGB_LIDAR,MIXED,run01,RGB_LIDAR,0.14400319755077362,0.35533496737480164,0.21948663890361786,0.21974855661392212,0.21948663890361786,0.21974855661392212,1.0412230491638184,2400,9165122,84776,20412,358.57472009855223,24,1403,0,0,1047.094,35.081119537353516,-38.374881744384766,51.992739130298496,EXPLORING
7573.243000,RGB_LIDAR,MIXED,run01,RGB_LIDAR,0.1423719972372055,0.3592389225959778,0.22085407376289368,0.21980613470077515,0.22085407376289368,0.21980613470077515,1.5139960050582886,2401,9168939,84834,20416,358.93964653613557,24,1405,0,0,1048.094,35.17629623413086,-38.70326232910156,52.29954738449183,EXPLORING
7574.249000,RGB_LIDAR,MIXED,run01,RGB_LIDAR,0.14405864477157593,0.35916346311569214,0.21917450428009033,0.21812957525253296,0.21917450428009033,0.21812957525253296,0.8353430032730103,2403,9176587,84842,20418,359.3345674016579,24,1405,0,0,1049.100,35.20295333862305,-39.04599380493164,52.57153181755833,EXPLORING
7575.243000,RGB_LIDAR,MIXED,run01,RGB_LIDAR,0.12789587676525116,0.35121384263038635,0.21822915971279144,0.21718749403953552,0.21822915971279144,0.21718749403953552,4.362888813018799,2404,9180427,84842,20418,359.6705597049506,24,1406,0,0,1050.094,35.28880310058594,-39.34116744995117,52.84841900427989,EXPLORING
7576.243000,RGB_LIDAR,MIXED,run01,RGB_LIDAR,0.12558044493198395,0.3601545989513397,0.21822915971279144,0.21692708134651184,0.21822915971279144,0.21692708134651184,2.0690040588378906,2405,9184267,84842,20418,359.9550997988243,24,1406,0,0,1051.094,35.17531967163086,-39.58366394042969,52.953736982694714,EXPLORING
7577.243000,RGB_LIDAR,MIXED,run01,RGB_LIDAR,0.13551387190818787,0.3692655563354492,0.21718749403953552,0.21510416269302368,0.21718749403953552,0.21510416269302368,0.728643000125885,2408,9195787,84845,20418,360.2670542919139,24,1408,0,0,1052.094,34.98584747314453,-39.813358306884766,53.00039894035491,EXPLORING
7578.243000,RGB_LIDAR,MIXED,run01,RGB_LIDAR,0.1406240165233612,0.3670828342437744,0.21953125298023224,0.21380208432674408,0.21953125298023224,0.21380208432674408,1.3050470352172852,2410,9203467,84867,20423,360.68137823056753,24,1410,0,0,1053.094,34.83475112915039,-40.140872955322266,53.14771252755614,EXPLORING
7579.243000,RGB_LIDAR,MIXED,run01,RGB_LIDAR,0.12288568168878555,0.3572872579097748,0.21875,0.21588541567325592,0.21875,0.21588541567325592,1.1383090019226074,2412,9211147,84891,20424,361.06059090820594,24,1412,0,0,1054.094,34.77015686035156,-40.48823547363281,53.36844672173779,EXPLORING
7580.250000,RGB_LIDAR,MIXED,run01,RGB_LIDAR,0.11985856294631958,0.35730037093162537,0.21432290971279144,0.21510416269302368,0.21432290971279144,0.21510416269302368,0.757286012172699,2413,9214987,84900,20424,361.36234451102666,24,1412,0,0,1055.101,34.66909408569336,-40.73682403564453,53.49173169018448,EXPLORING
7581.243000,RGB_LIDAR,MIXED,run01,RGB_LIDAR,0.117894247174263,0.3578546941280365,0.21718749403953552,0.21432290971279144,0.21718749403953552,0.21432290971279144,3.6654860973358154,2415,9222667,84900,20424,361.63092901197575,24,1414,0,0,1056.094,34.56782913208008,-40.93696212768555,53.57891803432879,EXPLORING
7582.243000,RGB_LIDAR,MIXED,run01,RGB_LIDAR,0.11884640902280807,0.35761532187461853,0.22031250596046448,0.21406249701976776,0.22031250596046448,0.21406249701976776,1.747107982635498,2417,9230347,84933,20428,361.91330800061485,24,1416,0,0,1057.094,34.44651412963867,-41.14208984375,53.65785179952611,EXPLORING
7583.246000,RGB_LIDAR,MIXED,run01,RGB_LIDAR,0.11804597079753876,0.35487356781959534,0.21822915971279144,0.21901041269302368,0.21822915971279144,0.21901041269302368,9.386292457580566,2419,9238027,84968,20430,362.208409178282,24,1417,0,0,1058.097,34.27482223510742,-41.347412109375,53.7057130052795,EXPLORING
7584.243000,RGB_LIDAR,MIXED,run01,RGB_LIDAR,0.1168169155716896,0.35109907388687134,0.21901041269302368,0.21953125298023224,0.21901041269302368,0.21953125298023224,1.0901249647140503,2421,9245707,84968,20437,362.61416763127903,24,1417,0,0,1059.094,33.987037658691406,-41.57121276855469,53.69559529635987,EXPLORING
7585.243000,RGB_LIDAR,MIXED,run01,RGB_LIDAR,0.12399129569530487,0.3562782406806946,0.21822915971279144,0.21822915971279144,0.21822915971279144,0.21822915971279144,1.0666450262069702,2423,9253387,84988,20439,363.00577387108126,24,1419,0,0,1060.094,33.77546310424805,-41.84280776977539,53.77300071898372,EXPLORING
7586.245000,RGB_LIDAR,MIXED,run01,RGB_LIDAR,0.12139340490102768,0.3548184037208557,0.2200520783662796,0.22187499701976776,0.2200520783662796,0.22187499701976776,0.8370490074157715,2425,9261067,85147,20450,363.37855550334234,24,1419,0,0,1061.096,33.716522216796875,-42.17821502685547,53.99758436310362,EXPLORING
7587.247000,RGB_LIDAR,MIXED,run01,RGB_LIDAR,0.10999877005815506,0.343833863735199,0.21718749403953552,0.21875,0.21718749403953552,0.21875,2.795725107192993,2427,9268747,85215,20459,363.6984509724993,24,1420,0,0,1062.098,33.782405853271484,-42.24671936035156,54.092231695847175,EXPLORING
7588.246000,RGB_LIDAR,MIXED,run01,RGB_LIDAR,0.10583094507455826,0.33449864387512207,0.21588541567325592,0.21796874701976776,0.21588541567325592,0.21796874701976776,1.7986479997634888,2429,9276427,85349,20469,364.0320246721305,24,1421,0,0,1063.097,33.59911346435547,-42.06972885131836,53.83954107258158,EXPLORING
7589.243000,RGB_LIDAR,MIXED,run01,RGB_LIDAR,0.09023531526327133,0.32078930735588074,0.21510416269302368,0.21770833432674408,0.21510416269302368,0.21770833432674408,2.628441095352173,2431,9284107,85410,20469,364.1666116081338,24,1423,0,0,1064.094,33.47710037231445,-42.11787414550781,53.801166980299314,EXPLORING
7590.249000,RGB_LIDAR,MIXED,run01,RGB_LIDAR,0.1119573712348938,0.3451271951198578,0.21588541567325592,0.21796874701976776,0.21588541567325592,0.21796874701976776,7.182089805603027,2433,9291787,85722,20484,364.7935761633848,24,1425,0,0,1065.100,33.74333190917969,-42.1792106628418,54.01510545885809,EXPLORING
7591.246000,RGB_LIDAR,MIXED,run01,RGB_LIDAR,0.10812538117170334,0.3424941599369049,0.21510416269302368,0.2174479216337204,0.21510416269302368,0.2174479216337204,9.604151725769043,2434,9295627,85542,20525,365.13027392396305,24,1427,0,0,1066.097,33.71016311645508,-42.23418426513672,54.03734709407543,EXPLORING
7592.243000,RGB_LIDAR,MIXED,run01,RGB_LIDAR,0.0963830053806305,0.32699909806251526,0.2213541716337204,0.21406249701976776,0.2213541716337204,0.21406249701976776,6.658647060394287,2436,9303307,85943,20560,365.4180835339602,24,1427,0,0,1067.094,33.620765686035156,-42.382564544677734,54.09779488209189,EXPLORING
7593.245000,RGB_LIDAR,MIXED,run01,RGB_LIDAR,0.10320518910884857,0.33387500047683716,0.2174479216337204,0.21666666865348816,0.2174479216337204,0.21666666865348816,1.9741849899291992,2437,9307147,86628,20564,365.6575827480666,24,1428,0,0,1068.096,33.54501724243164,-42.40343475341797,54.06711946282123,EXPLORING
7594.247000,RGB_LIDAR,MIXED,run01,RGB_LIDAR,0.11435344815254211,0.3457672595977783,0.2200520783662796,0.22317709028720856,0.2200520783662796,0.22317709028720856,0.8066530227661133,2440,9318667,86793,20578,366.0456412505367,24,1429,0,0,1069.098,33.620201110839844,-42.471458435058594,54.16711632822811,EXPLORING
7595.251000,RGB_LIDAR,MIXED,run01,RGB_LIDAR,0.11748545616865158,0.3479807674884796,0.2161458283662796,0.21796874701976776,0.2161458283662796,0.21796874701976776,1.0510990619659424,2441,9322507,86793,20767,366.4511310958634,24,1431,0,0,1070.102,33.71928405761719,-42.75584030151367,54.45168184409903,EXPLORING
7596.243000,RGB_LIDAR,MIXED,run01,RGB_LIDAR,0.1065143272280693,0.33514469861984253,0.21718749403953552,0.21640625596046448,0.21718749403953552,0.21640625596046448,6.945230960845947,2444,9334027,86967,20789,366.8251779696212,24,1432,0,0,1071.094,33.64655685424805,-43.0970573425293,54.67523317226941,EXPLORING
7597.243000,RGB_LIDAR,MIXED,run01,RGB_LIDAR,0.12149977684020996,0.34878531098365784,0.2161458283662796,0.21640625596046448,0.2161458283662796,0.21640625596046448,1.1944589614868164,2445,9337867,87041,20802,367.25172423013413,24,1433,0,0,1072.094,33.61198043823242,-43.42432403564453,54.91239707780055,EXPLORING
7598.244000,RGB_LIDAR,MIXED,run01,RGB_LIDAR,0.12417513877153397,0.34929943084716797,0.21197916567325592,0.21458333730697632,0.21197916567325592,0.21458333730697632,1.0184630155563354,2447,9345547,87306,20819,367.65841434038657,24,1434,0,0,1073.095,33.74728775024414,-43.722251892089844,55.230867578924,EXPLORING
7599.243000,RGB_LIDAR,MIXED,run01,RGB_LIDAR,0.11115473508834839,0.34119701385498047,0.21302083134651184,0.21692708134651184,0.21302083134651184,0.21692708134651184,1.7507259845733643,2449,9353227,87306,20820,367.9813020635499,24,1436,0,0,1074.094,33.76215744018555,-43.78913116455078,55.29290430509024,EXPLORING
7600.243000,RGB_LIDAR,MIXED,run01,RGB_LIDAR,0.12064136564731598,0.34746259450912476,0.21588541567325592,0.21666666865348816,0.21588541567325592,0.21666666865348816,0.7812290191650391,2451,9360907,87435,20828,368.30672467870573,24,1437,0,0,1075.094,33.7716178894043,-43.97224807739258,55.44379868035608,EXPLORING
7601.245000,RGB_LIDAR,MIXED,run01,RGB_LIDAR,0.1239732876420021,0.34916171431541443,0.21770833432674408,0.21640625596046448,0.21770833432674408,0.21640625596046448,0.9862290024757385,2454,9372427,87517,20833,368.72619794680986,24,1439,0,0,1076.096,33.989009857177734,-44.29928970336914,55.83559339093811,EXPLORING
7602.245000,RGB_LIDAR,MIXED,run01,RGB_LIDAR,0.11540626734495163,0.3414126932621002,0.21901041269302368,0.21770833432674408,0.21901041269302368,0.21770833432674408,1.500993013381958,2456,9380107,87517,20845,369.1107877575214,24,1440,0,0,1077.096,34.05161666870117,-44.63291549682617,56.13860843161697,EXPLORING
7603.243000,RGB_LIDAR,MIXED,run01,RGB_LIDAR,0.1091163381934166,0.3350084722042084,0.2161458283662796,0.21692708134651184,0.2161458283662796,0.21692708134651184,1.4249099493026733,2458,9387787,87734,20904,369.53285726579134,24,1441,0,0,1078.094,34.06517028808594,-45.017242431640625,56.45282705831276,EXPLORING
7604.243000,RGB_LIDAR,MIXED,run01,RGB_LIDAR,0.11347558349370956,0.3410198390483856,0.21666666865348816,0.2161458283662796,0.21666666865348816,0.2161458283662796,1.3259299993515015,2460,9395467,87933,20916,369.91486822629287,24,1443,0,0,1079.094,34.15201187133789,-45.277320861816406,56.71269109370912,EXPLORING
7605.243000,RGB_LIDAR,MIXED,run01,RGB_LIDAR,0.11350536346435547,0.3385412395000458,0.21562500298023224,0.21692708134651184,0.21562500298023224,0.21692708134651184,0.6953510046005249,2462,9403147,87933,20924,370.2803794096189,24,1443,0,0,1080.094,34.203712463378906,-45.53672409057617,56.95103860606221,EXPLORING
7606.245000,RGB_LIDAR,MIXED,run01,RGB_LIDAR,0.10930431634187698,0.3325594663619995,0.21250000596046448,0.2161458283662796,0.21250000596046448,0.2161458283662796,0.9699720144271851,2464,9410827,88142,20931,370.62617778862216,24,1445,0,0,1081.096,34.190799713134766,-45.87826919555664,57.216782114884104,EXPLORING
7607.243000,RGB_LIDAR,MIXED,run01,RGB_LIDAR,0.10871858894824982,0.3313106298446655,0.21406249701976776,0.21770833432674408,0.21406249701976776,0.21770833432674408,0.9456869959831238,2466,9418507,88260,20953,371.08659405099627,24,1445,0,0,1082.094,34.2161979675293,-46.24680709838867,57.52781281235323,EXPLORING
7608.243000,RGB_LIDAR,MIXED,run01,RGB_LIDAR,0.10255409777164459,0.32545727491378784,0.21302083134651184,0.21484375,0.21302083134651184,0.21484375,3.7967100143432617,2468,9426187,88402,20972,371.5142762228473,24,1447,0,0,1083.094,34.16381072998047,-46.62940979003906,57.804861288588846,EXPLORING
7609.247000,RGB_LIDAR,MIXED,run01,RGB_LIDAR,0.10576058179140091,0.32784199714660645,0.21276041865348816,0.21562500298023224,0.21276041865348816,0.21562500298023224,1.1120699644088745,2470,9433867,88571,20997,371.94399437076646,24,1449,0,0,1084.098,34.17558288574219,-47.00239181518555,58.11307594765023,EXPLORING
7610.244000,RGB_LIDAR,MIXED,run01,RGB_LIDAR,0.10969140380620956,0.33139029145240784,0.21588541567325592,0.21692708134651184,0.21588541567325592,0.21692708134651184,0.9899110198020935,2473,9445387,88571,21024,372.2946877701024,24,1450,0,0,1085.095,34.20282745361328,-47.28791427612305,58.36021408376704,EXPLORING
7611.243000,RGB_LIDAR,MIXED,run01,RGB_LIDAR,0.11107176542282104,0.3318935036659241,0.2122395783662796,0.21562500298023224,0.2122395783662796,0.21562500298023224,2.2785849571228027,2475,9453067,88759,21056,372.6988360242318,24,1452,0,0,1086.094,34.160125732421875,-47.670406341552734,58.64568562894555,EXPLORING
7612.243000,RGB_LIDAR,MIXED,run01,RGB_LIDAR,0.11316603422164917,0.33521899580955505,0.21380208432674408,0.21510416269302368,0.21380208432674408,0.21510416269302368,0.8337100148200989,2477,9460747,88963,21102,373.12659636359666,24,1454,0,0,1087.094,34.16104507446289,-48.021240234375,58.9317509554602,EXPLORING
7613.244000,RGB_LIDAR,MIXED,run01,RGB_LIDAR,0.10830274224281311,0.3331078290939331,0.22187499701976776,0.22630208730697632,0.22187499701976776,0.22630208730697632,0.751908004283905,2479,9468427,89212,21149,373.5210346557386,24,1456,0,0,1088.095,34.155723571777344,-48.38215255737305,59.223146314856656,EXPLORING
7614.243000,RGB_LIDAR,MIXED,run01,RGB_LIDAR,0.10179027169942856,0.32899394631385803,0.21979166567325592,0.21953125298023224,0.21979166567325592,0.21953125298023224,6.511940002441406,2481,9476107,89430,21186,373.9290736275459,24,1457,0,0,1089.094,34.13594055175781,-48.761138916015625,59.52181309600559,EXPLORING
7615.244000,RGB_LIDAR,MIXED,run01,RGB_LIDAR,0.11101735383272171,0.3352665603160858,0.22057291865348816,0.21979166567325592,0.22057291865348816,0.21979166567325592,6.284152030944824,2483,9483787,89796,21267,374.2491266036156,24,1458,0,0,1090.095,33.99894332885742,-49.01748275756836,59.653812461643625,EXPLORING
7616.243000,RGB_LIDAR,MIXED,run01,RGB_LIDAR,0.1102982833981514,0.33593812584877014,0.21901041269302368,0.21927084028720856,0.21901041269302368,0.21927084028720856,0.8142939805984497,2485,9491467,90037,21330,374.68068656160114,24,1460,0,0,1091.094,33.883270263671875,-49.390140533447266,59.89489133667017,EXPLORING
7617.243000,RGB_LIDAR,MIXED,run01,RGB_LIDAR,0.10308197140693665,0.32839125394821167,0.21822915971279144,0.21927084028720856,0.21822915971279144,0.21927084028720856,1.906702995300293,2487,9499147,90320,21408,375.09414720139534,24,1462,0,0,1092.094,33.690120697021484,-49.717159271240234,60.05628027343856,EXPLORING
7618.243000,RGB_LIDAR,MIXED,run01,RGB_LIDAR,0.10045130550861359,0.3262403607368469,0.2174479216337204,0.21770833432674408,0.2174479216337204,0.21770833432674408,1.5107669830322266,2489,9506827,90620,21485,375.5144318360155,24,1464,0,0,1093.094,33.45967483520508,-50.002662658691406,60.16438688855562,EXPLORING
7619.243000,RGB_LIDAR,MIXED,run01,RGB_LIDAR,0.11062152683734894,0.3325512409210205,0.21822915971279144,0.2174479216337204,0.21822915971279144,0.2174479216337204,1.720636010169983,2491,9514507,90894,21539,375.8470697198867,24,1464,0,0,1094.094,33.30549240112305,-50.23996353149414,60.27642640927903,EXPLORING
7620.243000,RGB_LIDAR,MIXED,run01,RGB_LIDAR,0.109700508415699,0.33051031827926636,0.21458333730697632,0.2161458283662796,0.21458333730697632,0.2161458283662796,2.5944340229034424,2493,9522187,91089,21579,376.27751344802164,24,1466,0,0,1095.094,33.088294982910156,-50.533775329589844,60.4022863822763,EXPLORING
7621.243000,RGB_LIDAR,MIXED,run01,RGB_LIDAR,0.10279075801372528,0.3255288302898407,0.21770833432674408,0.21901041269302368,0.21770833432674408,0.21901041269302368,0.7981169819831848,2494,9526027,91303,21633,376.6662316720535,24,1467,0,0,1096.094,32.890602111816406,-50.811458587646484,60.527143722590104,EXPLORING
7622.244000,RGB_LIDAR,MIXED,run01,RGB_LIDAR,0.09623395651578903,0.3188555836677551,0.21588541567325592,0.21796874701976776,0.21588541567325592,0.21796874701976776,3.6793060302734375,2496,9533707,91541,21707,377.0903354203381,24,1468,0,0,1097.095,32.67259979248047,-51.11701965332031,60.66620347290706,EXPLORING
7623.244000,RGB_LIDAR,MIXED,run01,RGB_LIDAR,0.10424874722957611,0.3234439492225647,0.21796874701976776,0.2174479216337204,0.21796874701976776,0.2174479216337204,1.1420650482177734,2498,9541387,91770,21765,377.3324579454133,24,1470,0,0,1098.095,32.564762115478516,-51.290096282958984,60.75424115593822,EXPLORING
7624.244000,RGB_LIDAR,MIXED,run01,RGB_LIDAR,0.09780167043209076,0.317438542842865,0.21770833432674408,0.21848958730697632,0.21770833432674408,0.21848958730697632,13.253745079040527,2500,9549067,91863,21765,377.7251780577201,24,1472,0,0,1099.095,32.269798278808594,-51.478519439697266,60.75622412752093,EXPLORING
7625.243000,RGB_LIDAR,MIXED,run01,RGB_LIDAR,0.09714846312999725,0.3156222105026245,0.21770833432674408,0.21796874701976776,0.21770833432674408,0.21796874701976776,1.1125999689102173,2502,9556747,92327,21782,378.1278153686852,24,1474,0,0,1100.094,32.07828140258789,-51.751258850097656,60.88637325592987,EXPLORING
7626.243000,RGB_LIDAR,MIXED,run01,RGB_LIDAR,0.09805590659379959,0.3153190612792969,0.2174479216337204,0.21927084028720856,0.2174479216337204,0.21927084028720856,0.654105007648468,2504,9564427,92327,21879,378.44988170716493,24,1474,0,0,1101.094,31.96784210205078,-52.02411651611328,61.06057267835357,EXPLORING
7627.243000,RGB_LIDAR,MIXED,run01,RGB_LIDAR,0.09533936530351639,0.31185320019721985,0.21640625596046448,0.22057291865348816,0.21640625596046448,0.22057291865348816,0.7766870260238647,2506,9572107,92408,21893,378.74591817540335,24,1475,0,0,1102.094,31.732080459594727,-52.16521453857422,61.0579814099364,EXPLORING
7628.244000,RGB_LIDAR,MIXED,run01,RGB_LIDAR,0.09650705009698868,0.31304705142974854,0.21848958730697632,0.21536459028720856,0.21848958730697632,0.21536459028720856,2.7347779273986816,2508,9579787,92649,21933,379.12823122133375,24,1476,0,0,1103.095,31.397077560424805,-52.299190521240234,60.99938734899584,EXPLORING
7629.243000,RGB_LIDAR,MIXED,run01,RGB_LIDAR,0.10046567767858505,0.31870731711387634,0.21718749403953552,0.21953125298023224,0.21718749403953552,0.21953125298023224,6.08001184463501,2510,9587467,93136,21933,379.50686538191064,24,1477,0,0,1104.094,31.262901306152344,-52.595115661621094,61.18463121427353,EXPLORING
7630.243000,RGB_LIDAR,MIXED,run01,RGB_LIDAR,0.09098825603723526,0.31250596046447754,0.21822915971279144,0.21927084028720856,0.21822915971279144,0.21927084028720856,1.4072879552841187,2512,9595147,93136,22020,379.84343006716193,24,1478,0,0,1105.094,31.176332473754883,-52.79291915893555,61.310686067303266,EXPLORING
7631.243000,RGB_LIDAR,MIXED,run01,RGB_LIDAR,0.08811695873737335,0.306530237197876,0.21463923156261444,0.21620213985443115,0.21463923156261444,0.21620213985443115,1.4910529851913452,2513,9598986,93261,22042,380.1999086024364,24,1480,0,0,1106.094,31.114906311035156,-52.90735626220703,61.37809176631389,EXPLORING
7632.247000,RGB_LIDAR,MIXED,run01,RGB_LIDAR,0.09433694183826447,0.31466785073280334,0.2174139767885208,0.21845673024654388,0.2174139767885208,0.21845673024654388,1.095626950263977,2515,9606659,93317,22049,380.5242290132192,24,1482,0,0,1107.098,31.044857025146484,-52.96900177001953,61.39578897961604,EXPLORING
7633.245000,RGB_LIDAR,MIXED,run01,RGB_LIDAR,0.09257574379444122,0.31582650542259216,0.2174139767885208,0.21637122333049774,0.2174139767885208,0.21637122333049774,1.4067590236663818,2517,9614332,93606,22076,380.87685461223975,24,1483,0,0,1108.096,30.930103302001953,-53.11460876464844,61.46363079245365,EXPLORING
7634.243000,RGB_LIDAR,MIXED,run01,RGB_LIDAR,0.09521687775850296,0.3167698383331299,0.21715328097343445,0.2192387878894806,0.21715328097343445,0.2192387878894806,2.5192930698394775,2519,9622003,93748,22106,381.15349488987965,24,1485,0,0,1109.094,30.752378463745117,-53.205238342285156,61.452840501635386,EXPLORING
7635.244000,RGB_LIDAR,MIXED,run01,RGB_LIDAR,0.10441252589225769,0.32533329725265503,0.2174139767885208,0.21871741116046906,0.2174139767885208,0.21871741116046906,0.9006990194320679,2521,9629674,93748,22125,381.39742787547897,24,1486,0,0,1110.095,30.657054901123047,-53.387664794921875,61.56332933901164,EXPLORING
7636.243000,RGB_LIDAR,MIXED,run01,RGB_LIDAR,0.10188029706478119,0.32468149065971375,0.2177882045507431,0.21830986440181732,0.2177882045507431,0.21830986440181732,3.0590569972991943,2522,9633508,93857,22137,381.7343343655841,24,1488,0,0,1111.094,30.40964698791504,-53.604148864746094,61.628709752272634,EXPLORING
7637.243000,RGB_LIDAR,MIXED,run01,RGB_LIDAR,0.10723995417356491,0.32954561710357666,0.21642763912677765,0.21825292706489563,0.21642763912677765,0.21825292706489563,0.9757930040359497,2524,9641178,94052,22173,382.1498189554484,24,1490,0,0,1112.094,30.138845443725586,-53.84138870239258,61.702450339709976,EXPLORING
7638.243000,RGB_LIDAR,MIXED,run01,RGB_LIDAR,0.10425600409507751,0.32892099022865295,0.2180490344762802,0.21830986440181732,0.2180490344762802,0.21830986440181732,1.1264649629592896,2526,9648847,94203,22196,382.51498614464293,24,1492,0,0,1113.094,30.00733757019043,-54.15025329589844,61.90830262167247,EXPLORING
7639.243000,RGB_LIDAR,MIXED,run01,RGB_LIDAR,0.10476166754961014,0.3271556496620178,0.21596243977546692,0.2180490344762802,0.21596243977546692,0.2180490344762802,0.9500219821929932,2528,9656514,94311,22210,382.91534020340384,24,1493,0,0,1114.094,29.737077713012695,-54.37031173706055,61.97074349843581,EXPLORING
7640.244000,RGB_LIDAR,MIXED,run01,RGB_LIDAR,0.11413563787937164,0.3359883725643158,0.2168014645576477,0.21758413314819336,0.2168014645576477,0.21758413314819336,1.3104909658432007,2530,9664179,94511,22229,383.31024847587014,24,1494,0,0,1115.095,29.49492835998535,-54.582672119140625,62.041663812879676,EXPLORING
7641.243000,RGB_LIDAR,MIXED,run01,RGB_LIDAR,0.10840339958667755,0.33065056800842285,0.2214677482843399,0.2232958972454071,0.2214677482843399,0.2232958972454071,0.7939059734344482,2531,9668008,94592,22245,383.4784921675496,24,1496,0,0,1116.094,29.517642974853516,-54.56845474243164,62.039959631954396,EXPLORING
7642.249000,RGB_LIDAR,MIXED,run01,RGB_LIDAR,0.11794287711381912,0.33357059955596924,0.2151436060667038,0.2182767689228058,0.2151436060667038,0.2182767689228058,0.7794259786605835,2533,9675670,94860,22262,383.6025714217709,24,1498,0,0,1117.100,29.608095169067383,-54.50613784790039,62.028277438839744,EXPLORING
7643.243000,RGB_LIDAR,MIXED,run01,RGB_LIDAR,0.1106555163860321,0.3273792266845703,0.21587052941322327,0.21639259159564972,0.21587052941322327,0.21639259159564972,0.7766389846801758,2535,9683332,94860,22323,383.7690741448441,24,1500,0,0,1118.094,29.589868545532227,-54.49032211303711,62.00568040777037,EXPLORING
7644.245000,RGB_LIDAR,MIXED,run01,RGB_LIDAR,0.11418639868497849,0.32528823614120483,0.21691463887691498,0.2171756774187088,0.21639259159564972,0.21769772469997406,0.9098759889602661,2538,9694826,95014,22359,384.01862933662863,24,1502,0,0,1119.096,29.816635131835938,-54.44926452636719,62.07819611428888,EXPLORING
7645.243000,RGB_LIDAR,MIXED,run01,RGB_LIDAR,0.1131615936756134,0.3254174590110779,0.21911726891994476,0.2188560962677002,0.21911726891994476,0.2188560962677002,1.4832710027694702,2540,9702486,95117,22377,384.41428588737585,24,1504,0,0,1120.094,30.154409408569336,-54.37779998779297,62.178621402602815,EXPLORING
7646.243000,RGB_LIDAR,MIXED,run01,RGB_LIDAR,0.1138877347111702,0.3279871940612793,0.21816283464431763,0.21816283464431763,0.21816283464431763,0.21816283464431763,1.0086050033569336,2542,9710149,95230,22397,384.7939802832646,24,1506,0,0,1121.094,30.52007293701172,-54.40291976928711,62.37867464080109,EXPLORING
7647.243000,RGB_LIDAR,MIXED,run01,RGB_LIDAR,0.1148030087351799,0.3275897204875946,0.2159832864999771,0.21676677465438843,0.2159832864999771,0.21676677465438843,4.394228935241699,2544,9717810,95457,22397,385.2445355076355,24,1507,0,0,1122.094,30.883821487426758,-54.4695930480957,62.615434473379494,EXPLORING
7648.243000,RGB_LIDAR,MIXED,run01,RGB_LIDAR,0.11656394600868225,0.32924938201904297,0.21790188550949097,0.21450939774513245,0.21790188550949097,0.21450939774513245,0.9322580099105835,2546,9725472,95487,22419,385.55061745226664,24,1508,0,0,1123.094,31.145782470703125,-54.49371337890625,62.76599044968528,EXPLORING
7649.243000,RGB_LIDAR,MIXED,run01,RGB_LIDAR,0.11397723108530045,0.32652679085731506,0.2171189934015274,0.2165970802307129,0.2171189934015274,0.2165970802307129,1.916916012763977,2548,9733134,95623,22438,385.9576026057241,24,1509,0,0,1124.094,31.52559471130371,-54.500858306884766,62.96150193596755,EXPLORING
7650.243000,RGB_LIDAR,MIXED,run01,RGB_LIDAR,0.11124491691589355,0.3270971477031708,0.21743670105934143,0.21665361523628235,0.21743670105934143,0.21665361523628235,1.9089679718017578,2549,9736965,95655,22453,386.3735519575666,24,1511,0,0,1125.094,31.885669708251953,-54.438907623291016,63.08909350008879,EXPLORING
7651.243000,RGB_LIDAR,MIXED,run01,RGB_LIDAR,0.11246197670698166,0.3267291188240051,0.21676677465438843,0.2178114354610443,0.21676677465438843,0.2178114354610443,1.4132260084152222,2552,9748452,95738,22453,386.7593570194152,24,1512,0,0,1126.094,32.205074310302734,-54.38713455200195,63.20656231282411,EXPLORING
7652.243000,RGB_LIDAR,MIXED,run01,RGB_LIDAR,0.11626555025577545,0.329438179731369,0.2161315530538559,0.21587052941322327,0.2161315530538559,0.21587052941322327,0.8387179970741272,2553,9752283,95790,22501,387.08185695456825,24,1514,0,0,1127.094,32.48830032348633,-54.32847213745117,63.30098035629792,EXPLORING
7653.264000,RGB_LIDAR,MIXED,run01,RGB_LIDAR,0.11461593955755234,0.32951852679252625,0.2177545726299286,0.2167101800441742,0.2177545726299286,0.2167101800441742,0.6936420202255249,2556,9763773,95840,22515,387.4729136125054,24,1515,0,0,1128.115,32.85685729980469,-54.410430908203125,63.561063146751636,EXPLORING
7654.243000,RGB_LIDAR,MIXED,run01,RGB_LIDAR,0.11585234105587006,0.3289037048816681,0.2159268856048584,0.215665802359581,0.2159268856048584,0.215665802359581,0.7112699747085571,2558,9771435,95990,22534,387.90262820147046,24,1516,0,0,1129.094,33.221717834472656,-54.438201904296875,63.774133846508334,EXPLORING
7655.243000,RGB_LIDAR,MIXED,run01,RGB_LIDAR,0.11641863733530045,0.33091267943382263,0.21790188550949097,0.21816283464431763,0.21790188550949097,0.21816283464431763,0.6286439895629883,2560,9779099,96059,22534,388.3147575065278,24,1517,0,0,1130.094,33.55773162841797,-54.45322799682617,63.96260113365181,EXPLORING
7656.251000,RGB_LIDAR,MIXED,run01,RGB_LIDAR,0.11478479951620102,0.3307875096797943,0.21737995743751526,0.21685804426670074,0.21737995743751526,0.21685804426670074,1.3387269973754883,2562,9786761,96083,22550,388.6289524434518,24,1518,0,0,1131.102,33.76369857788086,-54.57944107055664,64.17819894661062,EXPLORING
7657.244000,RGB_LIDAR,MIXED,run01,RGB_LIDAR,0.1128544881939888,0.32807743549346924,0.21888859570026398,0.2183668166399002,0.21888859570026398,0.2183668166399002,0.7075619697570801,2564,9794425,96278,22573,388.9704934692404,24,1519,0,0,1132.095,34.09402847290039,-54.572181701660156,64.34643312495827,EXPLORING
7658.245000,RGB_LIDAR,MIXED,run01,RGB_LIDAR,0.11483719944953918,0.3302263021469116,0.2171756774187088,0.21691463887691498,0.2171756774187088,0.21691463887691498,1.3954919576644897,2566,9802088,96365,22585,389.40453754588447,24,1520,0,0,1133.096,34.4498291015625,-54.48591995239258,64.4627251686546,EXPLORING
7659.243000,RGB_LIDAR,MIXED,run01,RGB_LIDAR,0.114650659263134,0.33135175704956055,0.21958224475383759,0.22010444104671478,0.21958224475383759,0.22010444104671478,1.6537120342254639,2567,9805918,96436,22614,389.7994170481892,24,1522,0,0,1134.094,34.79863739013672,-54.45983123779297,64.62781319629106,EXPLORING
7660.247000,RGB_LIDAR,MIXED,run01,RGB_LIDAR,0.11968722939491272,0.33175128698349,0.2161315530538559,0.21691463887691498,0.2161315530538559,0.21691463887691498,2.0302441120147705,2570,9817410,96552,22632,390.20977187066546,24,1523,0,0,1135.098,35.145294189453125,-54.44074249267578,64.79908277811025,EXPLORING
7661.244000,RGB_LIDAR,MIXED,run01,RGB_LIDAR,0.1111120954155922,0.32839155197143555,0.2171189934015274,0.21685804426670074,0.2171189934015274,0.21685804426670074,1.4505499601364136,2572,9825071,96676,22652,390.5782642231351,24,1524,0,0,1136.095,35.39035415649414,-54.340023040771484,64.84789587393836,EXPLORING
7662.246000,RGB_LIDAR,MIXED,run01,RGB_LIDAR,0.11297409236431122,0.33072155714035034,0.21755027770996094,0.21624444425106049,0.21755027770996094,0.21624444425106049,1.6523749828338623,2573,9828900,96744,22662,390.81674067743745,24,1526,0,0,1137.097,35.5888557434082,-54.32077407836914,64.94033395083912,EXPLORING
7663.243000,RGB_LIDAR,MIXED,run01,RGB_LIDAR,0.11113648861646652,0.33025673031806946,0.21816283464431763,0.21816283464431763,0.21816283464431763,0.21816283464431763,2.2623090744018555,2576,9840394,96890,22681,391.09436893740144,24,1528,0,0,1138.094,35.811641693115234,-54.405494689941406,65.13343869504297,EXPLORING
7664.248000,RGB_LIDAR,MIXED,run01,RGB_LIDAR,0.11448957771062851,0.3307381570339203,0.2171189934015274,0.21685804426670074,0.2171189934015274,0.21816283464431763,1.7788310050964355,2577,9844226,96917,22718,391.4044228576239,24,1529,0,0,1139.099,36.09576416015625,-54.3779411315918,65.26712230430948,EXPLORING
7665.243000,RGB_LIDAR,MIXED,run01,RGB_LIDAR,0.11802048981189728,0.33352920413017273,0.2171189934015274,0.2171189934015274,0.2171189934015274,0.2171189934015274,1.4118469953536987,2579,9851890,96995,22718,391.8365018318879,24,1531,0,0,1140.094,36.468318939208984,-54.38536834716797,65.48005979664293,EXPLORING
7666.249000,RGB_LIDAR,MIXED,run01,RGB_LIDAR,0.11653030663728714,0.33275726437568665,0.21769772469997406,0.2171756774187088,0.21769772469997406,0.2171756774187088,0.7300540208816528,2581,9859552,97053,22733,392.19398819362794,24,1532,0,0,1141.100,36.76579666137695,-54.40420150756836,65.66179913133206,EXPLORING
7667.247000,RGB_LIDAR,MIXED,run01,RGB_LIDAR,0.11934997886419296,0.3336172103881836,0.2165621668100357,0.2165621668100357,0.2165621668100357,0.2165621668100357,3.816019058227539,2582,9863380,97210,22733,392.61720925706555,24,1533,0,0,1142.098,37.13421630859375,-54.39558792114258,65.86167323790899,EXPLORING
7668.243000,RGB_LIDAR,MIXED,run01,RGB_LIDAR,0.10932175815105438,0.3295135200023651,0.22051148116588593,0.21842379868030548,0.22051148116588593,0.21842379868030548,4.117043972015381,2584,9871043,97210,22777,393.0122836492101,24,1535,0,0,1143.094,37.457298278808594,-54.30558776855469,65.97026002843141,EXPLORING
7669.244000,RGB_LIDAR,MIXED,run01,RGB_LIDAR,0.11727327853441238,0.3347304165363312,0.2183668166399002,0.2168014645576477,0.2183668166399002,0.2168014645576477,1.6872659921646118,2586,9878708,97394,22777,393.35143828111035,24,1537,0,0,1144.095,37.78042221069336,-54.349334716796875,66.19017184446108,EXPLORING
7670.244000,RGB_LIDAR,MIXED,run01,RGB_LIDAR,0.10284512490034103,0.3251109719276428,0.2168014645576477,0.21758413314819336,0.2168014645576477,0.21758413314819336,0.650518000125885,2587,9882541,97394,22785,393.7217171637261,24,1539,0,0,1145.095,38.07411575317383,-54.34820556640625,66.35731585048644,EXPLORING
7671.244000,RGB_LIDAR,MIXED,run01,RGB_LIDAR,0.10659178346395493,0.3284492790699005,0.21758413314819336,0.21758413314819336,0.21758413314819336,0.21758413314819336,2.483380079269409,2590,9894040,97572,22808,394.18692434604145,24,1541,0,0,1146.095,38.004539489746094,-54.45061492919922,66.40137297372596,EXPLORING
7672.243000,RGB_LIDAR,MIXED,run01,RGB_LIDAR,0.11051757633686066,0.32971134781837463,0.2170623540878296,0.21601878106594086,0.2170623540878296,0.21601878106594086,0.7164120078086853,2592,9901707,97687,22861,394.5086054611516,24,1542,0,0,1147.094,38.22193908691406,-54.44334411621094,66.52008452258751,EXPLORING
7673.244000,RGB_LIDAR,MIXED,run01,RGB_LIDAR,0.11731740087270737,0.3335292935371399,0.2168014645576477,0.2170623540878296,0.2168014645576477,0.2170623540878296,0.853413999080658,2594,9909373,97687,22879,394.7849932889828,24,1544,0,0,1148.095,38.47079086303711,-54.369564056396484,66.60313725111618,EXPLORING
7674.244000,RGB_LIDAR,MIXED,run01,RGB_LIDAR,0.10198474675416946,0.32422637939453125,0.21674491465091705,0.21700574457645416,0.21674491465091705,0.21700574457645416,2.9114480018615723,2596,9917041,98044,22879,395.18439538155576,24,1545,0,0,1149.095,38.78145980834961,-54.3945198059082,66.80337783865603,EXPLORING
7675.244000,RGB_LIDAR,MIXED,run01,RGB_LIDAR,0.10495071113109589,0.32568004727363586,0.21654057502746582,0.2170623540878296,0.21654057502746582,0.2170623540878296,1.5006639957427979,2598,9924707,98188,22904,395.6560590952809,24,1547,0,0,1150.095,38.618770599365234,-54.4707145690918,66.77121016832865,EXPLORING
7676.244000,RGB_LIDAR,MIXED,run01,RGB_LIDAR,0.10546943545341492,0.32745999097824097,0.2168014645576477,0.21627967059612274,0.2168014645576477,0.21627967059612274,0.7759329676628113,2600,9932373,98250,22945,395.93454393380125,24,1548,0,0,1151.095,38.53514862060547,-54.47296142578125,66.72471606963865,EXPLORING
7677.245000,RGB_LIDAR,MIXED,run01,RGB_LIDAR,0.11467590183019638,0.33948713541030884,0.21627967059612274,0.21732324361801147,0.21627967059612274,0.21732324361801147,0.9621189832687378,2602,9940039,98292,22970,396.123583176362,24,1550,0,0,1152.096,38.40117263793945,-54.4410285949707,66.621336706709,EXPLORING
7678.243000,RGB_LIDAR,MIXED,run01,RGB_LIDAR,0.12005888670682907,0.34555432200431824,0.21935315430164337,0.21648408472537994,0.21935315430164337,0.21648408472537994,1.311079978942871,2603,9943873,98524,22986,396.26466737924824,24,1552,0,0,1153.094,38.368160247802734,-54.3701171875,66.54436314768569,EXPLORING
7679.243000,RGB_LIDAR,MIXED,run01,RGB_LIDAR,0.11857617646455765,0.34484249353408813,0.21857067942619324,0.22039645910263062,0.21857067942619324,0.22039645910263062,2.256829023361206,2605,9951540,98741,23042,396.5907927495826,24,1554,0,0,1154.094,38.123374938964844,-54.429630279541016,66.45226789449575,EXPLORING
7680.244000,RGB_LIDAR,MIXED,run01,RGB_LIDAR,0.12154784798622131,0.34574198722839355,0.21961398422718048,0.21857067942619324,0.21961398422718048,0.21857067942619324,0.8060950040817261,2608,9963040,98815,23104,397.00596104892173,24,1555,0,0,1155.095,37.762332916259766,-54.413902282714844,66.23288445560601,EXPLORING
7681.243000,RGB_LIDAR,MIXED,run01,RGB_LIDAR,0.12290306389331818,0.34562021493911743,0.21920667588710785,0.21972860395908356,0.21920667588710785,0.21972860395908356,1.0842820405960083,2610,9970705,98855,23177,397.4349359726412,24,1557,0,0,1156.094,37.40757751464844,-54.44866943359375,66.05992577646659,EXPLORING
7682.244000,RGB_LIDAR,MIXED,run01,RGB_LIDAR,0.11212793737649918,0.339453786611557,0.21857067942619324,0.21961398422718048,0.21857067942619324,0.21961398422718048,0.8976209759712219,2612,9978372,98905,23196,397.82140426128694,24,1559,0,0,1157.095,37.110939025878906,-54.55232620239258,65.97808885304912,EXPLORING
7683.249000,RGB_LIDAR,MIXED,run01,RGB_LIDAR,0.11781860142946243,0.34213826060295105,0.21914948523044586,0.2201930582523346,0.21914948523044586,0.2201930582523346,5.091530799865723,2614,9986040,98951,23206,398.13465444186875,24,1560,0,0,1158.100,36.80891418457031,-54.535240173339844,65.79452447313479,EXPLORING
7684.244000,RGB_LIDAR,MIXED,run01,RGB_LIDAR,0.11790937930345535,0.34118717908859253,0.2201930582523346,0.2199321687221527,0.2201930582523346,0.2199321687221527,2.841491937637329,2616,9993705,98968,23225,398.56159008686205,24,1562,0,0,1159.095,36.465755462646484,-54.47186279296875,65.55049088012674,EXPLORING
7685.243000,RGB_LIDAR,MIXED,run01,RGB_LIDAR,0.11761217564344406,0.3407406210899353,0.2200782299041748,0.21955671906471252,0.2200782299041748,0.21955671906471252,1.3513810634613037,2618,10001372,99052,23236,398.99104071421135,24,1562,0,0,1160.094,36.12836456298828,-54.512908935546875,65.3976186377216,EXPLORING
7686.243000,RGB_LIDAR,MIXED,run01,RGB_LIDAR,0.11112266778945923,0.3365737199783325,0.2213820070028305,0.22242502868175507,0.2213820070028305,0.22242502868175507,0.780942976474762,2619,10005207,99103,23241,399.33483924623874,24,1564,0,0,1161.094,35.827903747558594,-54.6048698425293,65.30898746138452,EXPLORING
7687.243000,RGB_LIDAR,MIXED,run01,RGB_LIDAR,0.11028671264648438,0.33441978693008423,0.22030802071094513,0.22109109163284302,0.22030802071094513,0.22109109163284302,1.2436790466308594,2621,10012870,99122,23250,399.710197410628,24,1564,0,0,1162.094,35.477783203125,-54.53009796142578,65.05489123559673,EXPLORING
7688.246000,RGB_LIDAR,MIXED,run01,RGB_LIDAR,0.10801251977682114,0.3336082994937897,0.21937842667102814,0.21937842667102814,0.21937842667102814,0.21937842667102814,0.689079999923706,2623,10020530,99146,23258,400.14458510373333,24,1565,0,0,1163.097,35.11795425415039,-54.49660110473633,64.83120634904304,EXPLORING
7689.243000,RGB_LIDAR,MIXED,run01,RGB_LIDAR,0.0993163138628006,0.3269898593425751,0.2187989503145218,0.2187989503145218,0.2187989503145218,0.2187989503145218,3.84197998046875,2625,10028191,99178,23262,400.5816415692551,24,1565,0,0,1164.094,34.7451286315918,-54.49758529663086,64.6308500028875,EXPLORING
7690.243000,RGB_LIDAR,MIXED,run01,RGB_LIDAR,0.09675673395395279,0.3212592899799347,0.21833376586437225,0.21937842667102814,0.21833376586437225,0.21937842667102814,2.4643709659576416,2627,10035850,99208,23267,400.9400383695301,24,1567,0,0,1165.094,34.54721450805664,-54.425376892089844,64.46369636895402,EXPLORING
7691.243000,RGB_LIDAR,MIXED,run01,RGB_LIDAR,0.10570073127746582,0.33062705397605896,0.21952493488788605,0.21848081052303314,0.21952493488788605,0.21848081052303314,13.14731502532959,2629,10043513,99221,23281,401.2092535303121,24,1569,0,0,1166.094,34.38475036621094,-54.41773986816406,64.37032190480673,EXPLORING
7692.243000,RGB_LIDAR,MIXED,run01,RGB_LIDAR,0.10605073720216751,0.33118736743927,0.21917450428009033,0.21917450428009033,0.21917450428009033,0.21917450428009033,8.730990409851074,2631,10051172,99213,23285,401.51258792160775,24,1570,0,0,1167.094,34.09091567993164,-54.44731521606445,64.23891565412461,EXPLORING
7693.243000,RGB_LIDAR,MIXED,run01,RGB_LIDAR,0.10461197048425674,0.3285878598690033,0.2189457267522812,0.22077244520187378,0.2189457267522812,0.22077244520187378,1.144866943359375,2633,10058833,99249,23291,401.9486621746625,24,1571,0,0,1168.094,33.718631744384766,-54.47385025024414,64.06469423178868,EXPLORING
7694.243000,RGB_LIDAR,MIXED,run01,RGB_LIDAR,0.11139549314975739,0.3334129750728607,0.21760711073875427,0.21708464622497559,0.21760711073875427,0.21708464622497559,0.8696879744529724,2635,10066489,99262,23295,402.3738980665921,24,1572,0,0,1169.094,33.34978485107422,-54.44993591308594,63.8509447151521,EXPLORING
7695.243000,RGB_LIDAR,MIXED,run01,RGB_LIDAR,0.10271738469600677,0.3292078673839569,0.2194930762052536,0.2194930762052536,0.2194930762052536,0.2194930762052536,0.8847180008888245,2638,10077979,99307,23298,402.77847398332284,24,1573,0,0,1170.094,33.03650665283203,-54.52838134765625,63.75496396312947,EXPLORING
7696.243000,RGB_LIDAR,MIXED,run01,RGB_LIDAR,0.09775027632713318,0.3231235146522522,0.21842379868030548,0.2194676399230957,0.21842379868030548,0.2194676399230957,1.2148610353469849,2640,10085640,99332,23303,403.07530536357217,24,1573,0,0,1171.094,32.767066955566406,-54.56361389160156,63.64597089526349,EXPLORING
7697.244000,RGB_LIDAR,MIXED,run01,RGB_LIDAR,0.09897027164697647,0.323721319437027,0.21848081052303314,0.2171756774187088,0.21848081052303314,0.2171756774187088,2.901067018508911,2642,10093301,99357,23304,403.44367556280275,24,1574,0,0,1172.095,32.4236946105957,-54.481475830078125,63.399282153080186,EXPLORING
7698.243000,RGB_LIDAR,MIXED,run01,RGB_LIDAR,0.10304153710603714,0.3274213671684265,0.21969696879386902,0.218913272023201,0.21969696879386902,0.218913272023201,0.8454899787902832,2643,10097129,99398,23304,403.8742615256009,24,1574,0,0,1173.094,32.05959701538086,-54.49175262451172,63.22271407703065,EXPLORING
7699.260000,RGB_LIDAR,MIXED,run01,RGB_LIDAR,0.09053178131580353,0.31503283977508545,0.21943573653697968,0.21969696879386902,0.21943573653697968,0.21969696879386902,3.9117000102996826,2645,10104787,99398,23312,404.3283831798875,24,1574,0,0,1174.111,31.764684677124023,-54.473365783691406,63.05780056208627,EXPLORING
7700.243000,RGB_LIDAR,MIXED,run01,RGB_LIDAR,0.09835804253816605,0.3198246359825134,0.2165970802307129,0.21842379868030548,0.2165970802307129,0.21842379868030548,0.9081659913063049,2647,10112447,99413,23315,404.6475112798096,24,1575,0,0,1175.094,31.580821990966797,-54.335723876953125,62.846344745120405,EXPLORING
7701.243000,RGB_LIDAR,MIXED,run01,RGB_LIDAR,0.1074468120932579,0.3311985433101654,0.21749347448349,0.219321146607399,0.21749347448349,0.219321146607399,0.778132975101471,2649,10120107,99439,23315,404.89422095515005,24,1576,0,0,1176.094,31.372861862182617,-54.370121002197266,62.77189573347939,EXPLORING
7702.244000,RGB_LIDAR,MIXED,run01,RGB_LIDAR,0.09637214988470078,0.3226397633552551,0.2189457267522812,0.2189457267522812,0.2189457267522812,0.2189457267522812,2.3074231147766113,2651,10127770,99439,23315,405.2924877518168,24,1578,0,0,1177.095,31.045223236083984,-54.510162353515625,62.73044665247571,EXPLORING
7703.244000,RGB_LIDAR,MIXED,run01,RGB_LIDAR,0.10476627200841904,0.32990363240242004,0.2182767689228058,0.21958224475383759,0.2182767689228058,0.21958224475383759,1.5046360492706299,2654,10139261,99454,23319,405.6003514124268,24,1580,0,0,1178.095,30.762449264526367,-54.54201889038086,62.61873585928388,EXPLORING
7704.244000,RGB_LIDAR,MIXED,run01,RGB_LIDAR,0.11358440667390823,0.3389476239681244,0.21848081052303314,0.21978595852851868,0.21848081052303314,0.21978595852851868,1.474500060081482,2655,10143092,99500,23323,405.948160354859,24,1581,0,0,1179.095,30.534757614135742,-54.770347595214844,62.70653102854766,EXPLORING
7705.243000,RGB_LIDAR,MIXED,run01,RGB_LIDAR,0.11001385003328323,0.3373471200466156,0.21786834299564362,0.2202194333076477,0.21786834299564362,0.2202194333076477,0.6897940039634705,2657,10150751,99517,23326,406.2851562473007,24,1582,0,0,1180.094,30.442245483398438,-55.07111740112305,62.92459991188672,EXPLORING
7706.247000,RGB_LIDAR,MIXED,run01,RGB_LIDAR,0.10854881256818771,0.3339134752750397,0.21665361523628235,0.21769772469997406,0.21665361523628235,0.21769772469997406,0.9311779737472534,2659,10158413,99523,23328,406.509729894484,24,1583,0,0,1181.098,30.264259338378906,-55.194095611572266,62.94649372152782,EXPLORING
7707.243000,RGB_LIDAR,MIXED,run01,RGB_LIDAR,0.11737731844186783,0.341505229473114,0.21755027770996094,0.217027947306633,0.21755027770996094,0.217027947306633,0.7430329918861389,2661,10166072,99562,23334,406.94719718866486,24,1583,0,0,1182.094,29.911109924316406,-55.348628997802734,62.91338223023611,EXPLORING
7708.244000,RGB_LIDAR,MIXED,run01,RGB_LIDAR,0.11371402442455292,0.3396046757698059,0.21937842667102814,0.2206842452287674,0.21937842667102814,0.2206842452287674,0.9799690246582031,2664,10177558,99555,23335,407.25541468550045,24,1585,0,0,1183.095,29.866498947143555,-55.62026596069336,63.131374170819974,EXPLORING
7709.244000,RGB_LIDAR,MIXED,run01,RGB_LIDAR,0.10825614631175995,0.3353162109851837,0.216187983751297,0.2151436060667038,0.216187983751297,0.2151436060667038,0.8748319745063782,2666,10185218,99807,23338,407.5654733311511,24,1587,0,0,1184.095,29.619220733642578,-55.79108810424805,63.16560058731147,EXPLORING
7710.243000,RGB_LIDAR,MIXED,run01,RGB_LIDAR,0.10495629906654358,0.33445191383361816,0.2159268856048584,0.2169712781906128,0.2159268856048584,0.2169712781906128,2.787484884262085,2668,10192879,99760,23427,407.86415845708825,24,1588,0,0,1185.094,29.425920486450195,-55.852630615234375,63.129636467153475,EXPLORING
7711.243000,RGB_LIDAR,MIXED,run01,RGB_LIDAR,0.111488938331604,0.33816659450531006,0.22062663733959198,0.219321146607399,0.22062663733959198,0.219321146607399,0.8515920042991638,2671,10204371,99810,23436,408.11846226707263,24,1589,0,0,1186.094,29.44544792175293,-56.00935363769531,63.2774207149352,EXPLORING
7712.243000,RGB_LIDAR,MIXED,run01,RGB_LIDAR,0.11440622061491013,0.3421308100223541,0.21665361523628235,0.2171756774187088,0.21665361523628235,0.2171756774187088,1.0098390579223633,2673,10212031,99875,23436,408.5272261702315,24,1590,0,0,1187.094,29.18370819091797,-56.3189697265625,63.43079561321578,EXPLORING
7713.243000,RGB_LIDAR,MIXED,run01,RGB_LIDAR,0.11720693111419678,0.3440479338169098,0.21734587848186493,0.2183908075094223,0.21734587848186493,0.2183908075094223,1.2276630401611328,2675,10219690,99875,23449,408.937604201076,24,1592,0,0,1188.094,28.927936553955078,-56.5491943359375,63.51840902988161,EXPLORING
7714.243000,RGB_LIDAR,MIXED,run01,RGB_LIDAR,0.11680464446544647,0.3430755138397217,0.21984334290027618,0.21958224475383759,0.21984334290027618,0.21958224475383759,1.7141389846801758,2677,10227351,99963,23455,409.3121642650363,24,1593,0,0,1189.094,28.811872482299805,-56.85722351074219,63.740251586671334,EXPLORING
7715.243000,RGB_LIDAR,MIXED,run01,RGB_LIDAR,0.11223066598176956,0.3420203924179077,0.2192317694425583,0.21870917081832886,0.2192317694425583,0.21870917081832886,0.9156929850578308,2680,10238836,99956,23462,409.70617094576437,24,1594,0,0,1190.094,28.549951553344727,-57.11309051513672,63.85105648378987,EXPLORING
7716.248000,RGB_LIDAR,MIXED,run01,RGB_LIDAR,0.11866578459739685,0.34595343470573425,0.217027947306633,0.21676677465438843,0.217027947306633,0.21676677465438843,0.7642980217933655,2682,10246495,100116,23492,410.0623315970151,24,1596,0,0,1191.099,28.292062759399414,-57.308982849121094,63.911764399105905,EXPLORING
7717.244000,RGB_LIDAR,MIXED,run01,RGB_LIDAR,0.10924942046403885,0.33565011620521545,0.22010444104671478,0.21749347448349,0.22010444104671478,0.21749347448349,3.329732894897461,2684,10254153,100131,23495,410.4297791337671,24,1598,0,0,1192.095,28.15228271484375,-57.56093215942383,64.07624899915359,EXPLORING
7718.244000,RGB_LIDAR,MIXED,run01,RGB_LIDAR,0.10400643944740295,0.3339831233024597,0.2187989503145218,0.2159268856048584,0.2187989503145218,0.2159268856048584,1.2080880403518677,2686,10261812,100183,23497,410.6639483652351,24,1599,0,0,1193.095,28.136859893798828,-57.63925552368164,64.13985099731512,EXPLORING
7719.243000,RGB_LIDAR,MIXED,run01,RGB_LIDAR,0.11510922759771347,0.3464597761631012,0.21868476271629333,0.2165970802307129,0.21868476271629333,0.2165970802307129,1.0011060237884521,2688,10269471,100200,23499,410.93968784572206,24,1599,0,0,1194.094,28.179105758666992,-57.67413330078125,64.189729601949,EXPLORING
7720.243000,RGB_LIDAR,MIXED,run01,RGB_LIDAR,0.11772384494543076,0.34442630410194397,0.22025051712989807,0.2176409214735031,0.22025051712989807,0.2176409214735031,2.2154760360717773,2689,10273303,100200,23500,411.2429056260745,24,1601,0,0,1195.094,27.983774185180664,-57.56806945800781,64.00881513754058,EXPLORING
7721.245000,RGB_LIDAR,MIXED,run01,RGB_LIDAR,0.10866474360227585,0.3404604494571686,0.22010444104671478,0.2180156707763672,0.22010444104671478,0.2180156707763672,4.484453201293945,2691,10280962,100210,23501,411.6502319615932,24,1603,0,0,1196.096,27.703407287597656,-57.41957092285156,63.752966323319235,EXPLORING
7722.244000,RGB_LIDAR,MIXED,run01,RGB_LIDAR,0.11670228093862534,0.3467162251472473,0.21865203976631165,0.21551723778247833,0.21865203976631165,0.21551723778247833,0.5614129900932312,2693,10288618,100219,23506,412.01381125221957,24,1604,0,0,1197.095,27.360841751098633,-57.494144439697266,63.6721917926823,EXPLORING
7723.245000,RGB_LIDAR,MIXED,run01,RGB_LIDAR,0.11243446171283722,0.3444081246852875,0.21650561690330505,0.2178114354610443,0.21650561690330505,0.2178114354610443,1.4332059621810913,2696,10300105,100294,23512,412.4385868161333,24,1606,0,0,1198.096,27.0252628326416,-57.561927795410156,63.59006943460858,EXPLORING
7724.245000,RGB_LIDAR,MIXED,run01,RGB_LIDAR,0.11218467354774475,0.34293603897094727,0.2159268856048584,0.2177545726299286,0.2159268856048584,0.2177545726299286,1.677960991859436,2697,10303935,100303,23516,412.84975284119525,24,1608,0,0,1199.096,26.650259017944336,-57.51651382446289,63.39040269540308,EXPLORING
7725.245000,RGB_LIDAR,MIXED,run01,RGB_LIDAR,0.10863994807004929,0.3403312563896179,0.21784502267837524,0.21810592710971832,0.21784502267837524,0.21810592710971832,1.0546449422836304,2700,10315428,100307,23516,413.15817051556513,24,1610,0,0,1200.096,26.421409606933594,-57.51930236816406,63.297070144924575,EXPLORING
7726.244000,RGB_LIDAR,MIXED,run01,RGB_LIDAR,0.10958632081747055,0.339809775352478,0.21758413314819336,0.21784502267837524,0.21758413314819336,0.21784502267837524,1.3085850477218628,2701,10319261,100321,23521,413.4773065357115,24,1611,0,0,1201.095,26.338912963867188,-57.729408264160156,63.453772676910134,EXPLORING
7727.243000,RGB_LIDAR,MIXED,run01,RGB_LIDAR,0.12123901396989822,0.34805843234062195,0.215665802359581,0.2169712781906128,0.215665802359581,0.2169712781906128,4.084277153015137,2702,10323091,100344,23528,413.7460844551943,24,1612,0,0,1202.094,26.191858291625977,-57.85559844970703,63.50781436230543,EXPLORING
7728.244000,RGB_LIDAR,MIXED,run01,RGB_LIDAR,0.11502067744731903,0.34748679399490356,0.21714136004447937,0.2179252654314041,0.21714136004447937,0.2179252654314041,2.971327066421509,2705,10334582,100386,23530,414.12057474141994,24,1614,0,0,1203.095,25.886947631835938,-58.023250579833984,63.53574796547311,EXPLORING
7729.243000,RGB_LIDAR,MIXED,run01,RGB_LIDAR,0.11128402501344681,0.3406919538974762,0.2188560962677002,0.21833376586437225,0.2188560962677002,0.21833376586437225,0.8921539783477783,2707,10342240,100449,23531,414.4635216117356,24,1616,0,0,1204.094,25.672992706298828,-58.220375061035156,63.62919807395081,EXPLORING
7730.243000,RGB_LIDAR,MIXED,run01,RGB_LIDAR,0.1119210422039032,0.3446481227874756,0.21807260811328888,0.21624444425106049,0.21807260811328888,0.21624444425106049,1.5242719650268555,2709,10349897,100487,23538,414.7408287209915,24,1618,0,0,1205.094,25.530515670776367,-58.34447479248047,63.68552109983521,EXPLORING
7731.245000,RGB_LIDAR,MIXED,run01,RGB_LIDAR,0.11322791874408722,0.343960702419281,0.217027947306633,0.217027947306633,0.217027947306633,0.217027947306633,2.301793098449707,2711,10357557,100495,23538,415.03557157587437,24,1619,0,0,1206.096,25.338237762451172,-58.5272102355957,63.77634213438638,EXPLORING
7732.243000,RGB_LIDAR,MIXED,run01,RGB_LIDAR,0.13267359137535095,0.3605952262878418,0.2176409214735031,0.21529227495193481,0.2176409214735031,0.21529227495193481,2.494847059249878,2713,10365217,100519,23538,415.38950113136355,24,1621,0,0,1207.094,25.074676513671875,-58.74087142944336,63.86854712096738,EXPLORING
7733.243000,RGB_LIDAR,MIXED,run01,RGB_LIDAR,0.1311337649822235,0.35671231150627136,0.21816283464431763,0.21607515215873718,0.21816283464431763,0.21607515215873718,1.5558899641036987,2715,10372879,100531,23540,415.7972810895914,24,1621,0,0,1208.094,24.760221481323242,-58.91301345825195,63.904417004565495,EXPLORING
7734.244000,RGB_LIDAR,MIXED,run01,RGB_LIDAR,0.1261429637670517,0.36024001240730286,0.2196395993232727,0.21728910505771637,0.2196395993232727,0.21728910505771637,2.2744970321655273,2717,10380538,100560,23543,416.2281563745667,24,1623,0,0,1209.095,24.449792861938477,-59.11130142211914,63.96797616940555,EXPLORING
7735.243000,RGB_LIDAR,MIXED,run01,RGB_LIDAR,0.12622502446174622,0.3592405915260315,0.2189457267522812,0.21737995743751526,0.2189457267522812,0.21737995743751526,1.5780930519104004,2719,10388201,100596,23547,416.6691014104851,24,1623,0,0,1210.094,24.093727111816406,-59.19394302368164,63.909272794408814,EXPLORING
7736.243000,RGB_LIDAR,MIXED,run01,RGB_LIDAR,0.10972931236028671,0.3336857855319977,0.2189457267522812,0.21607515215873718,0.2189457267522812,0.21607515215873718,1.3976000547409058,2720,10392033,100600,23548,417.0563122215353,24,1624,0,0,1211.094,23.86583709716797,-59.42928695678711,64.0420453171645,EXPLORING
7737.246000,RGB_LIDAR,MIXED,run01,RGB_LIDAR,0.10508283972740173,0.3281630277633667,0.21743670105934143,0.21560950577259064,0.21743670105934143,0.21560950577259064,5.883355140686035,2722,10399696,100638,23550,417.34394778127376,24,1625,0,0,1212.097,23.806520462036133,-59.615726470947266,64.19307380967084,EXPLORING
7738.243000,RGB_LIDAR,MIXED,run01,RGB_LIDAR,0.13003766536712646,0.3611903190612793,0.2188560962677002,0.2159832864999771,0.2188560962677002,0.2159832864999771,1.9469350576400757,2725,10411184,100700,23554,417.5435232161559,24,1627,0,0,1213.094,23.820446014404297,-59.57804870605469,64.16325234414188,EXPLORING
7739.246000,RGB_LIDAR,MIXED,run01,RGB_LIDAR,0.13025693595409393,0.3673590421676636,0.2178114354610443,0.21572211384773254,0.2178114354610443,0.21572211384773254,2.504472017288208,2727,10418842,100759,23574,417.8979746420196,24,1628,0,0,1214.097,23.535337448120117,-59.613494873046875,64.09092776773228,EXPLORING
7740.243000,RGB_LIDAR,MIXED,run01,RGB_LIDAR,0.13058902323246002,0.3678838312625885,0.22079958021640778,0.2160961627960205,0.22079958021640778,0.2160961627960205,0.9123340249061584,2729,10426497,100785,23579,418.32490201272634,24,1629,0,0,1215.094,23.176782608032227,-59.716339111328125,64.0560027617617,EXPLORING
7741.243000,RGB_LIDAR,MIXED,run01,RGB_LIDAR,0.13579688966274261,0.37121227383613586,0.2200731784105301,0.20857292413711548,0.2200731784105301,0.20857292413711548,1.0146100521087646,2731,10434149,100920,23586,418.76017625095716,24,1629,0,0,1216.094,22.845352172851562,-59.79954147338867,64.01455474974576,EXPLORING
7742.243000,RGB_LIDAR,MIXED,run01,RGB_LIDAR,0.1240963488817215,0.3625994324684143,0.2177545726299286,0.2151436060667038,0.2177545726299286,0.2151436060667038,5.554357051849365,2733,10441806,100947,23607,419.22066749193056,24,1631,0,0,1217.094,22.56321907043457,-59.76445388793945,63.88158918517261,EXPLORING
7743.243000,RGB_LIDAR,MIXED,run01,RGB_LIDAR,0.11621138453483582,0.35929039120674133,0.21516339480876923,0.21516339480876923,0.21516339480876923,0.21516339480876923,1.555050015449524,2735,10449458,101026,23622,419.4798389164629,24,1633,0,0,1218.094,22.362882614135742,-59.76028060913086,63.80720013760487,EXPLORING
7744.243000,RGB_LIDAR,MIXED,run01,RGB_LIDAR,0.13322915136814117,0.3700748383998871,0.22079958021640778,0.21714136004447937,0.22079958021640778,0.21714136004447937,0.905797004699707,2737,10457110,101026,23634,419.77618937869113,24,1635,0,0,1219.094,22.27747917175293,-59.84364700317383,63.85544256487154,EXPLORING
7745.246000,RGB_LIDAR,MIXED,run01,RGB_LIDAR,0.14349091053009033,0.3780314326286316,0.21647058427333832,0.21673202514648438,0.21647058427333832,0.21673202514648438,1.1618160009384155,2739,10464761,101067,23634,420.21378930525543,24,1637,0,0,1220.097,21.953638076782227,-59.996089935302734,63.88633097287032,EXPLORING
7746.243000,RGB_LIDAR,MIXED,run01,RGB_LIDAR,0.11035231500864029,0.3548184335231781,0.2177777737379074,0.21856209635734558,0.2177777737379074,0.21856209635734558,7.157649993896484,2741,10472410,101109,23655,420.6254306083687,24,1639,0,0,1221.094,21.927169799804688,-59.88285827636719,63.7709005925767,EXPLORING
7747.243000,RGB_LIDAR,MIXED,run01,RGB_LIDAR,0.10999170690774918,0.3566916584968567,0.21876633167266846,0.21484579145908356,0.21876633167266846,0.21484579145908356,1.9631869792938232,2743,10480061,101457,23718,421.0530970736114,24,1641,0,0,1222.094,21.854589462280273,-59.90655517578125,63.76824363578487,EXPLORING
7748.246000,RGB_LIDAR,MIXED,run01,RGB_LIDAR,0.11873190850019455,0.36066412925720215,0.21690215170383453,0.21899528801441193,0.21690215170383453,0.21899528801441193,1.81849205493927,2745,10487708,101457,23780,421.32653322350035,24,1643,0,0,1223.097,21.758207321166992,-59.995723724365234,63.819097391373845,EXPLORING
7749.244000,RGB_LIDAR,MIXED,run01,RGB_LIDAR,0.11517326533794403,0.35878172516822815,0.21658383309841156,0.21893800795078278,0.21658383309841156,0.21893800795078278,1.1793709993362427,2747,10495356,101475,23783,421.66732743177573,24,1645,0,0,1224.095,21.616971969604492,-60.10587692260742,63.87472941147492,EXPLORING
7750.244000,RGB_LIDAR,MIXED,run01,RGB_LIDAR,0.1251824051141739,0.3651328384876251,0.21751633286476135,0.21986928582191467,0.21751633286476135,0.21986928582191467,0.9982119798660278,2749,10503004,101773,23823,421.89731191367275,24,1646,0,0,1225.095,21.47462272644043,-60.24797439575195,63.96052997436067,EXPLORING
7751.243000,RGB_LIDAR,MIXED,run01,RGB_LIDAR,0.13143733143806458,0.3714819848537445,0.21830065548419952,0.2159477174282074,0.21830065548419952,0.2159477174282074,0.7735469937324524,2752,10514475,101808,23829,422.18321654928053,24,1648,0,0,1226.094,21.304210662841797,-60.462188720703125,64.10552025077213,EXPLORING
7752.243000,RGB_LIDAR,MIXED,run01,RGB_LIDAR,0.1275925487279892,0.36832600831985474,0.21757322549819946,0.21835774183273315,0.21757322549819946,0.21835774183273315,5.355442047119141,2754,10522121,101985,23884,422.5992770918087,24,1650,0,0,1227.094,20.99011993408203,-60.62866973876953,64.15912758906725,EXPLORING
7753.243000,RGB_LIDAR,MIXED,run01,RGB_LIDAR,0.13117380440235138,0.3703922629356384,0.21774405241012573,0.21852917969226837,0.21774405241012573,0.21852917969226837,1.8482400178909302,2756,10529764,102083,23894,423.02286263104554,24,1652,0,0,1228.094,20.729337692260742,-60.88192367553711,64.31397789493104,EXPLORING
7754.250000,RGB_LIDAR,MIXED,run01,RGB_LIDAR,0.12388013303279877,0.3641451895236969,0.21893800795078278,0.21893800795078278,0.21893800795078278,0.21893800795078278,4.515961170196533,2758,10537408,102216,23918,423.43102812471153,24,1653,0,0,1229.101,20.457603454589844,-61.118099212646484,64.45083435447334,EXPLORING
7755.243000,RGB_LIDAR,MIXED,run01,RGB_LIDAR,0.1241455227136612,0.36410653591156006,0.21722061932086945,0.21905259788036346,0.21722061932086945,0.21905259788036346,1.4130330085754395,2760,10545048,102278,23930,423.8103993476983,24,1654,0,0,1230.094,20.18351936340332,-61.34042739868164,64.57551953628207,EXPLORING
7756.243000,RGB_LIDAR,MIXED,run01,RGB_LIDAR,0.1242678165435791,0.36356303095817566,0.2194291651248932,0.2189054787158966,0.2194291651248932,0.2189054787158966,2.775559902191162,2763,10556509,102507,23975,424.20829642828164,24,1656,0,0,1231.094,19.955745697021484,-61.61497497558594,64.7658308623126,EXPLORING
7757.246000,RGB_LIDAR,MIXED,run01,RGB_LIDAR,0.1310471147298813,0.36315393447875977,0.21649214625358582,0.21884816884994507,0.21649214625358582,0.21884816884994507,2.666788101196289,2765,10564148,102818,24028,424.59385653351325,24,1658,0,0,1232.097,19.792133331298828,-61.931251525878906,65.01680488891652,EXPLORING
7758.244000,RGB_LIDAR,MIXED,run01,RGB_LIDAR,0.13421671092510223,0.3675355911254883,0.21843896806240082,0.21974855661392212,0.21843896806240082,0.21974855661392212,0.8602349758148193,2767,10571784,102818,24065,424.91587340426054,24,1660,0,0,1233.095,19.710481643676758,-62.18122100830078,65.23023916676794,EXPLORING
7759.243000,RGB_LIDAR,MIXED,run01,RGB_LIDAR,0.13489392399787903,0.36003267765045166,0.21710698306560516,0.21893800795078278,0.21710698306560516,0.21893800795078278,3.174984931945801,2770,10583248,103016,24108,425.3067616920912,24,1661,0,0,1234.094,19.627426147460938,-62.533935546875,65.54163620256622,EXPLORING
7760.243000,RGB_LIDAR,MIXED,run01,RGB_LIDAR,0.13274458050727844,0.35318344831466675,0.21763013303279877,0.21867643296718597,0.21763013303279877,0.21867643296718597,8.870914459228516,2771,10587071,103397,24108,425.73385838392227,24,1663,0,0,1235.094,19.71177864074707,-62.901611328125,65.91770620895082,EXPLORING
7761.354000,RGB_LIDAR,MIXED,run01,RGB_LIDAR,0.14545387029647827,0.36115381121635437,0.21718749403953552,0.21718749403953552,0.21718749403953552,0.21718749403953552,13.058650016784668,2773,10594751,103544,24137,426.1415246555582,24,1665,0,0,1236.205,19.674659729003906,-63.1999626159668,66.19142538541223,EXPLORING
7762.246000,RGB_LIDAR,MIXED,run01,RGB_LIDAR,0.12346705049276352,0.3623189926147461,0.2174479216337204,0.21484375,0.2174479216337204,0.21484375,5.769313812255859,2775,10602431,103609,24194,426.4542170856745,24,1667,0,0,1237.097,19.430404663085938,-63.37242889404297,66.28411073487227,EXPLORING
7763.243000,RGB_LIDAR,MIXED,run01,RGB_LIDAR,0.13497699797153473,0.363092303276062,0.21770833432674408,0.2135416716337204,0.21770833432674408,0.2135416716337204,1.1544369459152222,2776,10606271,103753,24267,426.80077132875317,24,1668,0,0,1238.094,19.313045501708984,-63.6546516418457,66.51982245859791,EXPLORING
7764.243000,RGB_LIDAR,MIXED,run01,RGB_LIDAR,0.13708287477493286,0.3620913624763489,0.21875,0.21328124403953552,0.21875,0.21328124403953552,0.6567599773406982,2778,10613951,103865,24294,427.20895208381654,24,1669,0,0,1239.094,19.37513542175293,-64.0005874633789,66.86889737052473,EXPLORING
7765.245000,RGB_LIDAR,MIXED,run01,RGB_LIDAR,0.1346181184053421,0.3652646541595459,0.21718749403953552,0.21718749403953552,0.21718749403953552,0.21718749403953552,0.7261049747467041,2780,10621631,103810,24325,427.6285473349561,24,1670,0,0,1240.096,19.344661712646484,-64.3757095336914,67.21924214814669,EXPLORING
7766.243000,RGB_LIDAR,MIXED,run01,RGB_LIDAR,0.13278347253799438,0.36891475319862366,0.21588541567325592,0.21588541567325592,0.21588541567325592,0.21588541567325592,1.8411469459533691,2782,10629311,104045,24348,428.04862251497804,24,1671,0,0,1241.094,19.267759323120117,-64.73038482666016,67.53701362757175,EXPLORING
7767.245000,RGB_LIDAR,MIXED,run01,RGB_LIDAR,0.13039253652095795,0.3648914098739624,0.21822915971279144,0.21458333730697632,0.21822915971279144,0.21458333730697632,0.7012419700622559,2784,10636991,104122,24384,428.4730512836031,24,1673,0,0,1242.096,19.12347412109375,-65.0651626586914,67.81712243373991,EXPLORING
7768.244000,RGB_LIDAR,MIXED,run01,RGB_LIDAR,0.13732628524303436,0.369989275932312,0.21796874701976776,0.2109375,0.21796874701976776,0.2109375,2.0354011058807373,2786,10644671,104103,24418,428.8861909198224,24,1674,0,0,1243.095,19.044755935668945,-65.4153823852539,68.131158548954,EXPLORING
7769.243000,RGB_LIDAR,MIXED,run01,RGB_LIDAR,0.13586749136447906,0.3675837814807892,0.2200520783662796,0.21796874701976776,0.2200520783662796,0.21796874701976776,1.6523849964141846,2788,10652351,104236,24438,429.27656000217036,24,1675,0,0,1244.094,18.880897521972656,-65.72966766357422,68.38755608313637,EXPLORING
7770.245000,RGB_LIDAR,MIXED,run01,RGB_LIDAR,0.13753439486026764,0.364361971616745,0.21718749403953552,0.2174479216337204,0.21718749403953552,0.2174479216337204,1.166741967201233,2790,10660031,104271,24450,429.665552939371,24,1676,0,0,1245.096,18.859539031982422,-66.08207702636719,68.72047469224398,EXPLORING
7771.245000,RGB_LIDAR,MIXED,run01,RGB_LIDAR,0.13222309947013855,0.3616260886192322,0.21901041269302368,0.21927084028720856,0.21901041269302368,0.21927084028720856,0.8848050236701965,2792,10667711,104297,24462,430.0128787969999,24,1678,0,0,1246.096,18.990493774414062,-66.38835906982422,69.05094785782421,EXPLORING
7772.243000,RGB_LIDAR,MIXED,run01,RGB_LIDAR,0.12200454622507095,0.35851049423217773,0.21848958730697632,0.21901041269302368,0.21848958730697632,0.21901041269302368,1.1120630502700806,2793,10671551,104271,24465,430.2357053378376,24,1680,0,0,1247.094,18.892284393310547,-66.43995666503906,69.07363349642966,EXPLORING
7773.243000,RGB_LIDAR,MIXED,run01,RGB_LIDAR,0.13374339044094086,0.3592263460159302,0.21718749403953552,0.21770833432674408,0.21718749403953552,0.21770833432674408,2.7128241062164307,2795,10679231,104318,24472,430.6228724034181,24,1681,0,0,1248.094,18.9679012298584,-66.46390533447266,69.11738134270414,EXPLORING
7774.245000,RGB_LIDAR,MIXED,run01,RGB_LIDAR,0.11700162291526794,0.35185250639915466,0.21640625596046448,0.2174479216337204,0.21640625596046448,0.2174479216337204,0.626999020576477,2797,10686911,104347,24478,431.07617876142365,24,1683,0,0,1249.096,19.07329559326172,-66.56018829345703,69.2389302470975,EXPLORING
7775.243000,RGB_LIDAR,MIXED,run01,RGB_LIDAR,0.12676772475242615,0.3611135482788086,0.2174479216337204,0.21875,0.2174479216337204,0.21875,2.6381618976593018,2798,10690751,104439,24487,431.49989164301974,24,1684,0,0,1250.094,18.983572006225586,-66.5975112915039,69.25016207456908,EXPLORING
7776.243000,RGB_LIDAR,MIXED,run01,RGB_LIDAR,0.1152854785323143,0.35305896401405334,0.21770833432674408,0.2174479216337204,0.21770833432674408,0.2174479216337204,0.7784579992294312,2800,10698431,104707,24502,431.90502686563894,24,1685,0,0,1251.094,19.00830841064453,-66.78959655761719,69.44167658190565,EXPLORING
7777.243000,RGB_LIDAR,MIXED,run01,RGB_LIDAR,0.11014071106910706,0.3459486961364746,0.21953125298023224,0.21640625596046448,0.21953125298023224,0.21640625596046448,0.8286470174789429,2802,10706111,105124,24558,432.0357874342722,24,1686,0,0,1252.094,18.957788467407227,-66.686767578125,69.32894955446652,EXPLORING
7778.243000,RGB_LIDAR,MIXED,run01,RGB_LIDAR,0.09742765128612518,0.3337665796279907,0.21718749403953552,0.21718749403953552,0.21718749403953552,0.21718749403953552,2.1071419715881348,2804,10713791,104743,24642,432.3250679749408,24,1686,0,0,1253.094,18.72330093383789,-66.76102447509766,69.33669689471421,EXPLORING
7779.245000,RGB_LIDAR,MIXED,run01,RGB_LIDAR,0.12461750209331512,0.3596615791320801,0.22057291865348816,0.22083333134651184,0.22057291865348816,0.22083333134651184,3.9432990550994873,2806,10721471,105418,24944,432.77152383038975,24,1687,0,0,1254.096,18.969436645507812,-66.81250762939453,69.45308674627304,EXPLORING
7780.245000,RGB_LIDAR,MIXED,run01,RGB_LIDAR,0.13938690721988678,0.3670075237751007,0.2174479216337204,0.21770833432674408,0.2174479216337204,0.21770833432674408,0.9944030046463013,2808,10729151,105435,24945,433.0231438741368,24,1688,0,0,1255.096,18.90009117126465,-66.97924041748047,69.5946326400554,EXPLORING
7781.243000,RGB_LIDAR,MIXED,run01,RGB_LIDAR,0.11806464195251465,0.35160622000694275,0.21484375,0.21510416269302368,0.21484375,0.21510416269302368,1.5949779748916626,2810,10736831,105435,24947,433.72019108726437,24,1690,0,0,1256.094,18.70306396484375,-67.14458465576172,69.7006543055448,EXPLORING
7782.244000,RGB_LIDAR,MIXED,run01,RGB_LIDAR,0.1017695814371109,0.3352827727794647,0.2174479216337204,0.21822915971279144,0.2174479216337204,0.21822915971279144,1.8740400075912476,2812,10744511,105511,24947,434.4418254478961,24,1691,0,0,1257.095,18.47118377685547,-67.08001708984375,69.57654227831343,EXPLORING
7783.244000,RGB_LIDAR,MIXED,run01,RGB_LIDAR,0.09704034775495529,0.3309866189956665,0.21432290971279144,0.21588541567325592,0.21432290971279144,0.21588541567325592,0.8290799856185913,2814,10752191,105521,24953,434.7679814948346,24,1693,0,0,1258.095,18.563257217407227,-67.0762939453125,69.59745260386738,EXPLORING
7784.248000,RGB_LIDAR,MIXED,run01,RGB_LIDAR,0.10244527459144592,0.3347577750682831,0.21848958730697632,0.2174479216337204,0.21848958730697632,0.2174479216337204,1.7580080032348633,2815,10756031,105521,24976,434.97283639738504,24,1695,0,0,1259.099,18.54997444152832,-66.9733657836914,69.49471164995205,EXPLORING
7785.244000,RGB_LIDAR,MIXED,run01,RGB_LIDAR,0.11019150912761688,0.34623467922210693,0.2161458283662796,0.21770833432674408,0.2161458283662796,0.21770833432674408,4.2933430671691895,2818,10767551,105753,24976,435.1573967304295,24,1696,0,0,1260.095,18.603235244750977,-66.94031524658203,69.47710191977555,EXPLORING
7786.243000,RGB_LIDAR,MIXED,run01,RGB_LIDAR,0.13150730729103088,0.3685237169265747,0.2161458283662796,0.2174479216337204,0.2161458283662796,0.2174479216337204,1.3356640338897705,2820,10775231,106151,24976,435.42319010471607,24,1697,0,0,1261.094,18.689176559448242,-66.86153411865234,69.42428495756056,EXPLORING
7787.246000,RGB_LIDAR,MIXED,run01,RGB_LIDAR,0.09741681069135666,0.3377065360546112,0.21718749403953552,0.21666666865348816,0.21718749403953552,0.21666666865348816,2.632580041885376,2822,10782911,106151,25108,435.84803553108753,24,1698,0,0,1262.097,18.67925262451172,-66.52804565429688,69.10048117956617,EXPLORING
7788.244000,RGB_LIDAR,MIXED,run01,RGB_LIDAR,0.15906721353530884,0.37666863203048706,0.21822915971279144,0.21718749403953552,0.21822915971279144,0.21718749403953552,1.9205410480499268,2824,10790591,106164,25205,436.47466617108114,24,1699,0,0,1263.095,18.860496520996094,-66.68412017822266,69.29986282517801,EXPLORING
7789.243000,RGB_LIDAR,MIXED,run01,RGB_LIDAR,0.13706807792186737,0.37195801734924316,0.22187499701976776,0.22057291865348816,0.22187499701976776,0.22057291865348816,2.1141960620880127,2826,10798271,106184,25205,437.1600170275221,24,1699,0,0,1264.094,18.729642868041992,-66.88037872314453,69.45333515118132,EXPLORING
7790.243000,RGB_LIDAR,MIXED,run01,RGB_LIDAR,0.09640559554100037,0.3300900161266327,0.21718749403953552,0.2174479216337204,0.21718749403953552,0.2174479216337204,2.8746230602264404,2828,10805951,106189,25205,437.53845062512517,24,1701,0,0,1265.094,18.602161407470703,-66.939453125,69.4759837664271,EXPLORING
7791.245000,RGB_LIDAR,MIXED,run01,RGB_LIDAR,0.09968429803848267,0.3357290029525757,0.21171875298023224,0.21510416269302368,0.21171875298023224,0.21510416269302368,0.9280650019645691,2830,10813631,106341,25208,437.9188519345472,24,1702,0,0,1266.096,18.521411895751953,-66.83596801757812,69.35467543349894,EXPLORING
7792.245000,RGB_LIDAR,MIXED,run01,RGB_LIDAR,0.11643754690885544,0.3566858470439911,0.2174479216337204,0.21640625596046448,0.2174479216337204,0.21640625596046448,0.6807020306587219,2832,10821311,106478,25208,438.16921140462705,24,1703,0,0,1267.096,18.61325454711914,-66.82112121582031,69.36495465870529,EXPLORING
7793.244000,RGB_LIDAR,MIXED,run01,RGB_LIDAR,0.13645625114440918,0.3654381036758423,0.21927084028720856,0.21822915971279144,0.21927084028720856,0.21822915971279144,1.7431520223617554,2835,10832831,106487,25223,438.43686939734846,24,1704,0,0,1268.095,18.707300186157227,-66.58787536621094,69.1656659265222,EXPLORING
7794.243000,RGB_LIDAR,MIXED,run01,RGB_LIDAR,0.11692860722541809,0.3576081097126007,0.21770833432674408,0.21692708134651184,0.21770833432674408,0.21692708134651184,3.87213397026062,2837,10840511,106565,25228,438.8990703915073,24,1705,0,0,1269.094,18.798566818237305,-66.2427978515625,68.85837005343248,EXPLORING
7795.246000,RGB_LIDAR,MIXED,run01,RGB_LIDAR,0.12691599130630493,0.3635863959789276,0.22682291269302368,0.2239583283662796,0.22682291269302368,0.2239583283662796,0.8084269762039185,2839,10848191,106579,25228,439.2015155637001,24,1706,0,0,1270.097,18.79648780822754,-65.9695053100586,68.59492853340741,EXPLORING
7796.244000,RGB_LIDAR,MIXED,run01,RGB_LIDAR,0.13011434674263,0.3659927248954773,0.21380208432674408,0.2161458283662796,0.21380208432674408,0.2161458283662796,1.7172659635543823,2841,10855871,106582,25229,439.5694280881535,24,1707,0,0,1271.095,18.820154190063477,-65.64656829833984,68.29092600546534,EXPLORING
7797.245000,RGB_LIDAR,MIXED,run01,RGB_LIDAR,0.10964591056108475,0.34923261404037476,0.21197916567325592,0.21380208432674408,0.21197916567325592,0.21380208432674408,1.543280005455017,2843,10863551,106579,25229,439.9347091337893,24,1708,0,0,1272.096,18.68717384338379,-65.34890747070312,67.96816036317593,EXPLORING
7798.244000,RGB_LIDAR,MIXED,run01,RGB_LIDAR,0.11251341551542282,0.34956735372543335,0.2161458283662796,0.2174479216337204,0.2161458283662796,0.2174479216337204,0.6513450145721436,2845,10871231,106594,25230,440.15018838672955,24,1710,0,0,1273.095,18.738134384155273,-65.20075225830078,67.83978357358042,EXPLORING
7799.247000,RGB_LIDAR,MIXED,run01,RGB_LIDAR,0.11291090399026871,0.3506888747215271,0.21901041269302368,0.21718749403953552,0.21901041269302368,0.21718749403953552,1.2504689693450928,2847,10878911,106595,25230,440.6955884103325,24,1711,0,0,1274.098,18.673269271850586,-64.93221282958984,67.56377548691479,EXPLORING
7800.244000,RGB_LIDAR,MIXED,run01,RGB_LIDAR,0.11072579771280289,0.344686895608902,0.21927084028720856,0.21692708134651184,0.21927084028720856,0.21692708134651184,0.7048220038414001,2850,10890431,106598,25231,440.97979181435363,24,1713,0,0,1275.095,18.73248863220215,-64.79856872558594,67.4517675473047,EXPLORING
7801.244000,RGB_LIDAR,MIXED,run01,RGB_LIDAR,0.11247455328702927,0.35154831409454346,0.2161458283662796,0.21796874701976776,0.2161458283662796,0.21796874701976776,0.6803010106086731,2852,10898111,106601,25231,441.37387800485436,24,1713,0,0,1276.095,18.69951820373535,-64.60136413574219,67.25316747310515,EXPLORING
7802.243000,RGB_LIDAR,MIXED,run01,RGB_LIDAR,0.12699833512306213,0.355806440114975,0.21432290971279144,0.21406249701976776,0.21432290971279144,0.21406249701976776,1.2966779470443726,2854,10905791,106599,25232,441.6632423873573,24,1714,0,0,1277.094,18.711755752563477,-64.62702178955078,67.28121606219445,EXPLORING
7803.243000,RGB_LIDAR,MIXED,run01,RGB_LIDAR,0.13237212598323822,0.3437926173210144,0.2122395783662796,0.21562500298023224,0.2122395783662796,0.21562500298023224,4.7074480056762695,2856,10913471,106601,25232,441.94277796069997,24,1716,0,0,1278.094,18.881515502929688,-64.77684783935547,67.47245044021797,EXPLORING
7804.243000,RGB_LIDAR,MIXED,run01,RGB_LIDAR,0.14113207161426544,0.36436909437179565,0.21406249701976776,0.21562500298023224,0.21406249701976776,0.21562500298023224,1.0428030490875244,2858,10921151,106623,25234,442.238542291241,24,1716,0,0,1279.094,18.8735408782959,-64.75719451904297,67.45135079210891,EXPLORING
7805.245000,RGB_LIDAR,MIXED,run01,RGB_LIDAR,0.12559466063976288,0.3605118691921234,0.21640625596046448,0.21901041269302368,0.21640625596046448,0.21901041269302368,1.5182989835739136,2860,10928831,106621,25235,442.5712191087457,24,1718,0,0,1280.096,18.840585708618164,-64.7491455078125,67.43440908912301,EXPLORING
7806.243000,RGB_LIDAR,MIXED,run01,RGB_LIDAR,0.11733902990818024,0.3559570014476776,0.21953125298023224,0.21562500298023224,0.21953125298023224,0.21562500298023224,3.9490339756011963,2861,10932671,106632,25235,442.8608992445482,24,1718,0,0,1281.094,18.899932861328125,-64.61800384521484,67.32513420268118,EXPLORING
7807.243000,RGB_LIDAR,MIXED,run01,RGB_LIDAR,0.1150071993470192,0.35481008887290955,0.2109375,0.21510416269302368,0.2109375,0.21510416269302368,1.0847389698028564,2863,10940351,106638,25235,443.1329800967048,24,1719,0,0,1282.094,18.96114158630371,-64.46237182617188,67.19301947428379,EXPLORING
7808.243000,RGB_LIDAR,MIXED,run01,RGB_LIDAR,0.12455126643180847,0.3619759678840637,0.21250000596046448,0.21536459028720856,0.21250000596046448,0.21536459028720856,1.5545040369033813,2865,10948031,106656,25239,443.4148842707357,24,1720,0,0,1283.094,19.005586624145508,-64.22216796875,66.97520858093162,EXPLORING
7809.243000,RGB_LIDAR,MIXED,run01,RGB_LIDAR,0.11698122322559357,0.35570892691612244,0.21562500298023224,0.21666666865348816,0.21562500298023224,0.21666666865348816,1.3821790218353271,2867,10955711,106660,25240,443.7850519459038,24,1721,0,0,1284.094,18.994136810302734,-63.904685974121094,66.66757383770803,EXPLORING
7810.243000,RGB_LIDAR,MIXED,run01,RGB_LIDAR,0.10303564369678497,0.3408035635948181,0.21380208432674408,0.2174479216337204,0.21380208432674408,0.2174479216337204,1.191527009010315,2869,10963391,106666,25240,444.1984564144463,24,1723,0,0,1285.094,18.96162986755371,-63.543148040771484,66.31179592642553,EXPLORING
7811.243000,RGB_LIDAR,MIXED,run01,RGB_LIDAR,0.11209379881620407,0.3490455448627472,0.21927084028720856,0.21796874701976776,0.21927084028720856,0.21796874701976776,0.7538949847221375,2871,10971071,106669,25242,444.4943758242599,24,1723,0,0,1286.094,18.90458869934082,-63.293235778808594,66.05600968911637,EXPLORING
7812.247000,RGB_LIDAR,MIXED,run01,RGB_LIDAR,0.12295631319284439,0.358236163854599,0.21979166567325592,0.21796874701976776,0.21979166567325592,0.21796874701976776,1.7630640268325806,2873,10978751,106687,25242,444.8641626060008,24,1725,0,0,1287.098,18.966508865356445,-62.95437240600586,65.74922367639815,EXPLORING
7813.244000,RGB_LIDAR,MIXED,run01,RGB_LIDAR,0.11599758267402649,0.3502889573574066,0.21901041269302368,0.21796874701976776,0.21901041269302368,0.21796874701976776,2.0318338871002197,2874,10982591,106701,25242,445.3105477770973,24,1727,0,0,1288.095,19.124004364013672,-62.592926025390625,65.44906674143236,EXPLORING
7814.244000,RGB_LIDAR,MIXED,run01,RGB_LIDAR,0.10275695472955704,0.3385891616344452,0.21848958730697632,0.2161458283662796,0.21848958730697632,0.21588541567325592,1.6742260456085205,2876,10990271,106735,25242,445.65337761883757,24,1729,0,0,1289.095,19.10426902770996,-62.27482223510742,65.13911959631488,EXPLORING
7815.244000,RGB_LIDAR,MIXED,run01,RGB_LIDAR,0.12615561485290527,0.3583638668060303,0.22369791567325592,0.22109374403953552,0.22369791567325592,0.22109374403953552,0.9004759788513184,2879,11001791,106713,25242,445.9170815740266,24,1730,0,0,1290.095,19.21265983581543,-62.05110549926758,64.95724709128044,EXPLORING
7816.244000,RGB_LIDAR,MIXED,run01,RGB_LIDAR,0.12401404231786728,0.35530638694763184,0.2200520783662796,0.21848958730697632,0.2200520783662796,0.21848958730697632,3.385767936706543,2881,11009471,106755,25242,446.3404823613005,24,1732,0,0,1291.095,19.49291229248047,-61.81296157836914,64.81352487886157,EXPLORING
7817.249000,RGB_LIDAR,MIXED,run01,RGB_LIDAR,0.12302323430776596,0.3577147424221039,0.21901041269302368,0.21901041269302368,0.21901041269302368,0.21901041269302368,1.4289549589157104,2882,11013311,106776,25244,446.7551336924231,24,1734,0,0,1292.100,19.740236282348633,-61.564701080322266,64.65188152374172,EXPLORING
7818.244000,RGB_LIDAR,MIXED,run01,RGB_LIDAR,0.12008431553840637,0.3552660644054413,0.2200469821691513,0.21874184906482697,0.2200469821691513,0.21874184906482697,4.788643836975098,2884,11020973,106788,25244,447.1574731192111,24,1735,0,0,1293.095,19.943750381469727,-61.24958801269531,64.41460244322134,EXPLORING
7819.243000,RGB_LIDAR,MIXED,run01,RGB_LIDAR,0.12586066126823425,0.35814350843429565,0.2097828984260559,0.2100444734096527,0.2097828984260559,0.2100444734096527,1.0472129583358765,2886,11028622,106829,25246,447.52139962367875,24,1736,0,0,1294.094,20.18059730529785,-61.01651382446289,64.26699444347575,EXPLORING
7820.244000,RGB_LIDAR,MIXED,run01,RGB_LIDAR,0.11623729765415192,0.35072195529937744,0.21381837129592896,0.21250981092453003,0.21381837129592896,0.21250981092453003,5.447391986846924,2887,11032443,106830,25246,447.8992153414236,24,1738,0,0,1295.095,20.403545379638672,-60.76202392578125,64.09604246970747,EXPLORING
7821.247000,RGB_LIDAR,MIXED,run01,RGB_LIDAR,0.12337292730808258,0.3550602197647095,0.2139863818883896,0.2118910402059555,0.2139863818883896,0.2118910402059555,1.0987900495529175,2890,11043895,106853,25247,448.22981123601414,24,1739,0,0,1296.098,20.56959342956543,-60.50391387939453,63.90466094583444,EXPLORING
7822.243000,RGB_LIDAR,MIXED,run01,RGB_LIDAR,0.11824589967727661,0.3484354019165039,0.21142257750034332,0.21247053146362305,0.21142257750034332,0.21247053146362305,6.429141998291016,2892,11051532,106890,25247,448.5995941582659,24,1741,0,0,1297.094,20.855833053588867,-60.347320556640625,63.8493383861402,EXPLORING
7823.246000,RGB_LIDAR,MIXED,run01,RGB_LIDAR,0.12124960869550705,0.3525805175304413,0.21404244005680084,0.21325647830963135,0.21404244005680084,0.21325647830963135,0.7273030281066895,2894,11059168,106896,25247,448.983894896825,24,1743,0,0,1298.097,21.137815475463867,-60.17711639404297,63.78138401403351,EXPLORING
7824.243000,RGB_LIDAR,MIXED,run01,RGB_LIDAR,0.11420244723558426,0.34662070870399475,0.21372446417808533,0.21372446417808533,0.21372446417808533,0.21372446417808533,0.830955982208252,2895,11062986,106921,25247,449.28808112615997,24,1745,0,0,1299.094,21.268186569213867,-59.990234375,63.64853448999537,EXPLORING
7825.244000,RGB_LIDAR,MIXED,run01,RGB_LIDAR,0.12041550874710083,0.34927257895469666,0.2097407728433609,0.2120974063873291,0.2097407728433609,0.2120974063873291,0.7980329990386963,2897,11070626,106947,25247,449.5171291073147,24,1747,0,0,1300.095,21.448375701904297,-59.892974853515625,63.617393287960724,EXPLORING
7826.246000,RGB_LIDAR,MIXED,run01,RGB_LIDAR,0.130557119846344,0.3517230749130249,0.21146297454833984,0.21224810183048248,0.21146297454833984,0.21224810183048248,1.1040699481964111,2898,11074447,106963,25247,449.8796921026169,24,1749,0,0,1301.097,21.770263671875,-59.88677978515625,63.720808520657386,EXPLORING
7827.243000,RGB_LIDAR,MIXED,run01,RGB_LIDAR,0.12327782809734344,0.3473164439201355,0.21649214625358582,0.2146596908569336,0.21649214625358582,0.2146596908569336,0.7411159873008728,2901,11085910,106980,25247,450.27424190520645,24,1750,0,0,1302.094,22.099231719970703,-59.9327278137207,63.87705197108971,EXPLORING
7828.243000,RGB_LIDAR,MIXED,run01,RGB_LIDAR,0.11993186920881271,0.3493961691856384,0.21124182641506195,0.211503267288208,0.21124182641506195,0.211503267288208,1.0921820402145386,2903,11093556,106999,25247,450.57705657807975,24,1751,0,0,1303.094,22.36722183227539,-59.9041862487793,63.94351666944009,EXPLORING
7829.244000,RGB_LIDAR,MIXED,run01,RGB_LIDAR,0.12712416052818298,0.3542593717575073,0.20936927199363708,0.21224810183048248,0.20936927199363708,0.21224810183048248,4.285383224487305,2905,11101201,107005,25247,450.9905086020297,24,1752,0,0,1304.095,22.637603759765625,-59.66743469238281,63.81717851709957,EXPLORING
7830.245000,RGB_LIDAR,MIXED,run01,RGB_LIDAR,0.11176631599664688,0.34241223335266113,0.21045751869678497,0.21359476447105408,0.21045751869678497,0.21359476447105408,0.9092220067977905,2907,11108849,107015,25247,451.349309551034,24,1754,0,0,1305.096,22.84327507019043,-59.43121337890625,63.66986833891052,EXPLORING
7831.243000,RGB_LIDAR,MIXED,run01,RGB_LIDAR,0.10921493172645569,0.33853909373283386,0.2092050164937973,0.21208159625530243,0.2092050164937973,0.21208159625530243,1.0242060422897339,2909,11116499,107026,25247,451.61205770641743,24,1755,0,0,1306.094,23.007001876831055,-59.2947998046875,63.60159391041862,EXPLORING
7832.243000,RGB_LIDAR,MIXED,run01,RGB_LIDAR,0.12094790488481522,0.34508150815963745,0.21458442509174347,0.21092525124549866,0.21458442509174347,0.21092525124549866,1.188331961631775,2911,11124152,107028,25248,451.8772663020992,24,1757,0,0,1307.094,23.20920181274414,-59.18412399291992,63.57196205092456,EXPLORING
7833.243000,RGB_LIDAR,MIXED,run01,RGB_LIDAR,0.1228492483496666,0.34434857964515686,0.2160961627960205,0.21505095064640045,0.2160961627960205,0.21505095064640045,1.2687939405441284,2913,11131807,107035,25248,452.28702916862596,24,1757,0,0,1308.094,23.513622283935547,-58.9903564453125,63.50368904653272,EXPLORING
7834.244000,RGB_LIDAR,MIXED,run01,RGB_LIDAR,0.11258269101381302,0.3368878662586212,0.21641400456428528,0.21536852419376373,0.21641400456428528,0.21536852419376373,2.7696731090545654,2915,11139460,107068,25248,452.6898563714972,24,1758,0,0,1309.095,23.80931282043457,-58.80859375,63.445245664047256,EXPLORING
7835.244000,RGB_LIDAR,MIXED,run01,RGB_LIDAR,0.11343344300985336,0.3374161422252655,0.21307189762592316,0.21437908709049225,0.21307189762592316,0.21437908709049225,0.9803239703178406,2917,11147114,107062,25248,453.0777797432465,24,1760,0,0,1310.095,24.133716583251953,-58.74768829345703,63.511348921057426,EXPLORING
7836.243000,RGB_LIDAR,MIXED,run01,RGB_LIDAR,0.10778045654296875,0.33129897713661194,0.21691463887691498,0.2161315530538559,0.21691463887691498,0.2161315530538559,1.3159199953079224,2919,11154774,107075,25249,453.5006031411807,24,1761,0,0,1311.094,24.38985252380371,-58.48777389526367,63.369141849777584,EXPLORING
7837.244000,RGB_LIDAR,MIXED,run01,RGB_LIDAR,0.10892650485038757,0.33116939663887024,0.2180156707763672,0.216187983751297,0.2180156707763672,0.216187983751297,3.0704519748687744,2921,11162435,107086,25249,453.78161917911325,24,1761,0,0,1312.095,24.509944915771484,-58.283538818359375,63.22714171183788,EXPLORING
7838.243000,RGB_LIDAR,MIXED,run01,RGB_LIDAR,0.1250685453414917,0.3441014587879181,0.2151436060667038,0.2164490818977356,0.2151436060667038,0.2164490818977356,1.599797010421753,2923,11170092,107086,25253,453.97575001142917,24,1762,0,0,1313.094,24.474485397338867,-58.25176239013672,63.18410784671292,EXPLORING
7839.244000,RGB_LIDAR,MIXED,run01,RGB_LIDAR,0.1275407373905182,0.3402595818042755,0.21795876324176788,0.21482641994953156,0.21795876324176788,0.21482641994953156,9.184148788452148,2925,11177751,107102,25253,454.23543833218815,24,1762,0,0,1314.095,24.61056900024414,-58.3831901550293,63.35802981167419,EXPLORING
7840.244000,RGB_LIDAR,MIXED,run01,RGB_LIDAR,0.10681157559156418,0.3330759108066559,0.21874184906482697,0.2171756774187088,0.21874184906482697,0.2171756774187088,0.9918379783630371,2927,11185410,107104,25253,454.5660437968857,24,1763,0,0,1315.095,24.581567764282227,-58.38594436645508,63.34930930422324,EXPLORING
7841.243000,RGB_LIDAR,MIXED,run01,RGB_LIDAR,0.11325917392969131,0.3345082998275757,0.21795876324176788,0.2161315530538559,0.21795876324176788,0.2161315530538559,4.0401129722595215,2929,11193071,107113,25255,454.74323878463235,24,1764,0,0,1316.094,24.54865074157715,-58.23357009887695,63.1961072710274,EXPLORING
7842.243000,RGB_LIDAR,MIXED,run01,RGB_LIDAR,0.1171858087182045,0.3378300070762634,0.2141551375389099,0.2159832864999771,0.2141551375389099,0.2159832864999771,2.595792055130005,2931,11200731,107135,25255,455.19274398883397,24,1765,0,0,1317.094,24.84783172607422,-57.947532653808594,63.04992823018273,EXPLORING
7843.245000,RGB_LIDAR,MIXED,run01,RGB_LIDAR,0.1093602254986763,0.3324000835418701,0.2122715413570404,0.2154047042131424,0.2122715413570404,0.2154047042131424,2.0080339908599854,2933,11208393,107150,25261,455.5648764211366,24,1766,0,0,1318.096,25.137638092041016,-57.84947204589844,63.074746671566025,EXPLORING
7844.243000,RGB_LIDAR,MIXED,run01,RGB_LIDAR,0.09857295453548431,0.31792837381362915,0.2182197868824005,0.21665361523628235,0.2182197868824005,0.21665361523628235,2.5548830032348633,2935,11216055,107156,25263,455.8669929845858,24,1768,0,0,1319.094,25.16670036315918,-57.58219528198242,62.84133384306023,EXPLORING
7845.243000,RGB_LIDAR,MIXED,run01,RGB_LIDAR,0.11791331321001053,0.3380788266658783,0.21691463887691498,0.21299920976161957,0.21691463887691498,0.21299920976161957,1.2405929565429688,2937,11223716,107161,25264,456.0349838232523,24,1769,0,0,1320.094,25.182098388671875,-57.5871696472168,62.85205938844391,EXPLORING
7846.243000,RGB_LIDAR,MIXED,run01,RGB_LIDAR,0.10318862646818161,0.3246205747127533,0.2144162952899933,0.21624444425106049,0.2144162952899933,0.21624444425106049,1.0281399488449097,2939,11231373,107200,25265,456.40847681859543,24,1771,0,0,1321.094,25.4406681060791,-57.50412368774414,62.88014262369381,EXPLORING
7847.243000,RGB_LIDAR,MIXED,run01,RGB_LIDAR,0.10909711569547653,0.329590767621994,0.2190600484609604,0.22062663733959198,0.2190600484609604,0.22062663733959198,0.8332290053367615,2940,11235203,107235,25266,456.71518271883957,24,1773,0,0,1322.094,25.5726261138916,-57.30642318725586,62.753051194609476,EXPLORING
7848.243000,RGB_LIDAR,MIXED,run01,RGB_LIDAR,0.11695723235607147,0.33676332235336304,0.21654057502746582,0.21445342898368835,0.21654057502746582,0.21445342898368835,12.010150909423828,2942,11242865,107244,25272,456.95272593919606,24,1773,0,0,1323.094,25.635156631469727,-57.24521255493164,62.722687470834046,EXPLORING
7849.243000,RGB_LIDAR,MIXED,run01,RGB_LIDAR,0.10980894416570663,0.3347629904747009,0.21807260811328888,0.2159832864999771,0.21807260811328888,0.2159832864999771,1.0248099565505981,2945,11254354,107251,25282,457.1700013700386,24,1775,0,0,1324.094,25.76405906677246,-57.19636535644531,62.730937461455504,EXPLORING
7850.243000,RGB_LIDAR,MIXED,run01,RGB_LIDAR,0.11709758639335632,0.3387097418308258,0.21995820105075836,0.21682339906692505,0.21995820105075836,0.21682339906692505,1.2111129760742188,2946,11258182,107274,25282,457.43885017665303,24,1777,0,0,1325.094,25.970497131347656,-57.16493225097656,62.78738119212384,EXPLORING
7851.244000,RGB_LIDAR,MIXED,run01,RGB_LIDAR,0.12279053032398224,0.34172192215919495,0.21546095609664917,0.217027947306633,0.21546095609664917,0.217027947306633,2.026685953140259,2948,11265840,107288,25282,457.8537537346703,24,1778,0,0,1326.095,26.3464298248291,-57.13304138183594,62.914838203945116,EXPLORING
7852.245000,RGB_LIDAR,MIXED,run01,RGB_LIDAR,0.12095746397972107,0.3393004536628723,0.21685804426670074,0.21581420302391052,0.21685804426670074,0.21581420302391052,0.8524990081787109,2950,11273502,107299,25283,458.2872257120274,24,1778,0,0,1327.096,26.723224639892578,-57.12736892700195,63.06840854483387,EXPLORING
7853.245000,RGB_LIDAR,MIXED,run01,RGB_LIDAR,0.10458017140626907,0.32481130957603455,0.21743670105934143,0.2161315530538559,0.21743670105934143,0.2161315530538559,1.665742039680481,2952,11281162,107313,25283,458.70148138124733,24,1779,0,0,1328.096,27.036996841430664,-56.97264862060547,63.062177106189836,EXPLORING
7854.244000,RGB_LIDAR,MIXED,run01,RGB_LIDAR,0.1150147095322609,0.3327573835849762,0.21603970229625702,0.2165621668100357,0.21603970229625702,0.2165621668100357,0.8416450023651123,2954,11288820,107308,25286,458.8794771922492,24,1780,0,0,1329.095,27.088865280151367,-56.84508514404297,62.96924992914741,EXPLORING
7855.244000,RGB_LIDAR,MIXED,run01,RGB_LIDAR,0.11734215915203094,0.3378818929195404,0.2176409214735031,0.21816283464431763,0.2176409214735031,0.21816283464431763,0.67084801197052,2955,11292652,107323,25287,459.2122135707296,24,1781,0,0,1330.095,27.158287048339844,-56.89231872558594,63.04176743374195,EXPLORING
7856.245000,RGB_LIDAR,MIXED,run01,RGB_LIDAR,0.12294401973485947,0.33978500962257385,0.21737995743751526,0.2171189934015274,0.21737995743751526,0.2171189934015274,0.8936079740524292,2957,11300317,107320,25287,459.61180688611586,24,1783,0,0,1331.096,27.478816986083984,-56.99319839477539,63.27136195485553,EXPLORING
7857.246000,RGB_LIDAR,MIXED,run01,RGB_LIDAR,0.10357173532247543,0.32631224393844604,0.21795876324176788,0.21587052941322327,0.21795876324176788,0.21587052941322327,2.7649710178375244,2959,11307977,107332,25289,459.8698576165429,24,1785,0,0,1332.097,27.53713035583496,-57.01271057128906,63.314277811822805,EXPLORING
7858.244000,RGB_LIDAR,MIXED,run01,RGB_LIDAR,0.099000945687294,0.3158824145793915,0.21555323898792267,0.21685804426670074,0.21555323898792267,0.21685804426670074,0.7870079874992371,2961,11315638,107341,25289,460.50727001827244,24,1787,0,0,1333.095,27.59661865234375,-56.802818298339844,63.15131313959505,EXPLORING
7859.243000,RGB_LIDAR,MIXED,run01,RGB_LIDAR,0.10948913544416428,0.3262293040752411,0.21555323898792267,0.21633611619472504,0.21555323898792267,0.21633611619472504,2.986254930496216,2962,11319470,107342,25290,460.7721789938606,24,1788,0,0,1334.094,27.69458770751953,-56.57246017456055,62.98720442333525,EXPLORING
7860.243000,RGB_LIDAR,MIXED,run01,RGB_LIDAR,0.11707723885774612,0.3345172107219696,0.2165621668100357,0.2147335410118103,0.2165621668100357,0.2147335410118103,4.084908962249756,2964,11327128,107366,25290,461.11840547838733,24,1789,0,0,1335.094,27.957778930664062,-56.50423049926758,63.04220224373347,EXPLORING
7861.243000,RGB_LIDAR,MIXED,run01,RGB_LIDAR,0.11783157289028168,0.3330369293689728,0.22062663733959198,0.2172323763370514,0.22062663733959198,0.2172323763370514,1.565737009048462,2966,11334789,107408,25290,461.42133289991386,24,1789,0,0,1336.094,28.209848403930664,-56.417755126953125,63.07703045872803,EXPLORING
7862.243000,RGB_LIDAR,MIXED,run01,RGB_LIDAR,0.09578614681959152,0.3138742744922638,0.22109109163284302,0.21534846723079681,0.22109109163284302,0.21534846723079681,0.7376329898834229,2969,11346283,107424,25293,461.6260649048154,24,1790,0,0,1337.094,28.134769439697266,-56.29836654663086,62.93667131175026,EXPLORING
7863.245000,RGB_LIDAR,MIXED,run01,RGB_LIDAR,0.08948352187871933,0.30957862734794617,0.21577847003936768,0.21630093455314636,0.21577847003936768,0.21630093455314636,0.8246009945869446,2971,11353943,107430,25304,461.9621801909092,24,1791,0,0,1338.096,28.137094497680664,-56.101036071777344,62.761258076530034,EXPLORING
7864.243000,RGB_LIDAR,MIXED,run01,RGB_LIDAR,0.12308937311172485,0.33618953824043274,0.2158348560333252,0.21714136004447937,0.2158348560333252,0.21714136004447937,10.966933250427246,2973,11361601,107431,25308,462.3347077060977,24,1792,0,0,1339.094,28.209611892700195,-56.136192321777344,62.82521233828229,EXPLORING
7865.243000,RGB_LIDAR,MIXED,run01,RGB_LIDAR,0.09537588804960251,0.315809428691864,0.2206842452287674,0.21937842667102814,0.2206842452287674,0.21937842667102814,10.931501388549805,2975,11369257,107438,25308,462.6645379535809,24,1794,0,0,1340.094,28.25714111328125,-56.206451416015625,62.909332607856875,EXPLORING
7866.243000,RGB_LIDAR,MIXED,run01,RGB_LIDAR,0.09849776327610016,0.31536951661109924,0.2196395993232727,0.21807260811328888,0.2196395993232727,0.21807260811328888,1.0228489637374878,2977,11376915,107448,25308,462.9216744030403,24,1795,0,0,1341.094,28.37239646911621,-56.06884002685547,62.838366325402696,EXPLORING
7867.248000,RGB_LIDAR,MIXED,run01,RGB_LIDAR,0.09004057198762894,0.30698609352111816,0.2159832864999771,0.2159832864999771,0.2159832864999771,0.2159832864999771,1.6561919450759888,2980,11388403,107475,25308,463.3393149993248,24,1796,0,0,1342.099,28.454627990722656,-55.70002746582031,62.54687149081803,EXPLORING
7868.243000,RGB_LIDAR,MIXED,run01,RGB_LIDAR,0.08476532250642776,0.30242931842803955,0.21676677465438843,0.217027947306633,0.21676677465438843,0.217027947306633,0.9080029726028442,2981,11392232,107465,25310,463.7569442875353,24,1797,0,0,1343.094,28.403884887695312,-55.46859359741211,62.3177165970646,EXPLORING
7869.243000,RGB_LIDAR,MIXED,run01,RGB_LIDAR,0.0997181162238121,0.3203515410423279,0.2196395993232727,0.21807260811328888,0.2196395993232727,0.21807260811328888,0.7166910171508789,2984,11403719,107483,25313,464.16831833080187,24,1799,0,0,1344.094,28.58185386657715,-55.53824234008789,62.46095233644469,EXPLORING
7870.244000,RGB_LIDAR,MIXED,run01,RGB_LIDAR,0.09395718574523926,0.31105542182922363,0.22010444104671478,0.21958224475383759,0.22010444104671478,0.21958224475383759,1.6757359504699707,2986,11411379,107493,25314,464.5314836590195,24,1799,0,0,1345.095,28.491060256958008,-55.61143112182617,62.48458911965653,EXPLORING
7871.243000,RGB_LIDAR,MIXED,run01,RGB_LIDAR,0.0845719501376152,0.3011106848716736,0.2208300679922104,0.21848081052303314,0.2208300679922104,0.21848081052303314,0.8322939872741699,2987,11415210,107501,25316,464.7836039449795,24,1799,0,0,1346.094,28.45573616027832,-55.441261291503906,62.317048089316856,EXPLORING
7872.245000,RGB_LIDAR,MIXED,run01,RGB_LIDAR,0.08660011738538742,0.3014140725135803,0.2177545726299286,0.21749347448349,0.2177545726299286,0.21749347448349,0.8374210000038147,2989,11422872,107504,25316,465.14899160736076,24,1801,0,0,1347.096,28.444488525390625,-55.1159782409668,62.02267315728181,EXPLORING
7873.244000,RGB_LIDAR,MIXED,run01,RGB_LIDAR,0.09161775559186935,0.30441370606422424,0.2208300679922104,0.2182197868824005,0.2208300679922104,0.2182197868824005,1.1461950540542603,2991,11430533,107504,25316,465.46641928085904,24,1802,0,0,1348.095,28.51055908203125,-54.85954666137695,61.82534728955786,EXPLORING
7874.243000,RGB_LIDAR,MIXED,run01,RGB_LIDAR,0.08743788301944733,0.30038055777549744,0.22088773548603058,0.219321146607399,0.22088773548603058,0.219321146607399,2.830687999725342,2993,11438193,107549,25316,465.7730241442221,24,1803,0,0,1349.094,28.60297393798828,-54.623573303222656,61.65887022517037,EXPLORING
7875.244000,RGB_LIDAR,MIXED,run01,RGB_LIDAR,0.09347321838140488,0.30432599782943726,0.22109109163284302,0.21978595852851868,0.22109109163284302,0.21978595852851868,0.8549559712409973,2996,11449685,107553,25317,466.050910797655,24,1804,0,0,1350.095,28.711040496826172,-54.42700958251953,61.535146585889855,EXPLORING
7876.244000,RGB_LIDAR,MIXED,run01,RGB_LIDAR,0.10290825366973877,0.3149280548095703,0.21952493488788605,0.2182197868824005,0.21952493488788605,0.2182197868824005,0.8592810034751892,2998,11457347,107554,25325,466.33607462212876,24,1806,0,0,1351.095,28.85907554626465,-54.259613037109375,61.456508649907825,EXPLORING
7877.243000,RGB_LIDAR,MIXED,run01,RGB_LIDAR,0.09518488496541977,0.3073968291282654,0.21952493488788605,0.21978595852851868,0.21952493488788605,0.21978595852851868,0.9675689935684204,3000,11465011,107578,25326,466.66767156274057,24,1807,0,0,1352.094,29.170969009399414,-54.178466796875,61.532117561437595,EXPLORING
7878.243000,RGB_LIDAR,MIXED,run01,RGB_LIDAR,0.09150423854589462,0.3024653494358063,0.2199321687221527,0.21810592710971832,0.2199321687221527,0.21810592710971832,2.4315218925476074,3002,11472674,107578,25329,467.07720220755544,24,1809,0,0,1353.094,29.44446563720703,-53.938560485839844,61.4515571383764,EXPLORING
7879.243000,RGB_LIDAR,MIXED,run01,RGB_LIDAR,0.09471041709184647,0.3063013255596161,0.2208300679922104,0.21926389634609222,0.2208300679922104,0.21926389634609222,0.8424980044364929,3004,11480338,107593,25329,467.476599170562,24,1811,0,0,1354.094,29.644166946411133,-53.667510986328125,61.31008700118751,EXPLORING
7880.243000,RGB_LIDAR,MIXED,run01,RGB_LIDAR,0.09507353603839874,0.3066660463809967,0.21769772469997406,0.2171756774187088,0.21769772469997406,0.2171756774187088,0.7601069808006287,3007,11491836,107593,25330,467.8794323259319,24,1813,0,0,1355.094,29.86867332458496,-53.43510818481445,61.21597972481372,EXPLORING
7881.247000,RGB_LIDAR,MIXED,run01,RGB_LIDAR,0.09850335866212845,0.3106805384159088,0.2201356291770935,0.21700574457645416,0.2201356291770935,0.21700574457645416,3.8165600299835205,3009,11499503,107605,25333,468.2338606472267,24,1814,0,0,1356.098,30.0241641998291,-53.14830017089844,61.04211234431623,EXPLORING
7882.254000,RGB_LIDAR,MIXED,run01,RGB_LIDAR,0.10482396185398102,0.3169732093811035,0.22045394778251648,0.21914948523044586,0.22045394778251648,0.21914948523044586,1.4379390478134155,3011,11507169,107607,25333,468.6482121369288,24,1816,0,0,1357.105,30.31208610534668,-52.991966247558594,61.04848482028381,EXPLORING
7883.257000,RGB_LIDAR,MIXED,run01,RGB_LIDAR,0.10578048974275589,0.3134833574295044,0.2177882045507431,0.21700574457645416,0.2177882045507431,0.21700574457645416,1.0709279775619507,3013,11514837,107614,25333,468.9930640384834,24,1818,0,0,1358.108,30.53586196899414,-52.84130096435547,61.029400946606856,EXPLORING
7884.245000,RGB_LIDAR,MIXED,run01,RGB_LIDAR,0.10367117822170258,0.3187881112098694,0.21976016461849213,0.21715328097343445,0.21976016461849213,0.21715328097343445,0.6796180009841919,3014,11518673,107642,25333,469.2963307014951,24,1819,0,0,1359.096,30.678590774536133,-52.64298629760742,60.929511116930996,EXPLORING
7885.244000,RGB_LIDAR,MIXED,run01,RGB_LIDAR,0.11685007810592651,0.3260514736175537,0.2181391716003418,0.2173573076725006,0.2181391716003418,0.2173573076725006,3.2497270107269287,3017,11530181,107650,25333,469.5818070176564,24,1821,0,0,1360.095,30.906347274780273,-52.5840950012207,60.9937221539683,EXPLORING
7886.243000,RGB_LIDAR,MIXED,run01,RGB_LIDAR,0.11563198268413544,0.3255617022514343,0.21694914996623993,0.21564537286758423,0.21694914996623993,0.21564537286758423,3.2009119987487793,3019,11537852,107665,25338,470.007515553573,24,1822,0,0,1361.094,31.238574981689453,-52.58069610595703,61.15980814139915,EXPLORING
7887.244000,RGB_LIDAR,MIXED,run01,RGB_LIDAR,0.1006384789943695,0.31619513034820557,0.21631482243537903,0.2173573076725006,0.21631482243537903,0.2173573076725006,5.733813762664795,3021,11545525,107676,25340,470.39685038348506,24,1823,0,0,1362.095,31.361249923706055,-52.39400863647461,61.062293728159545,EXPLORING
7888.244000,RGB_LIDAR,MIXED,run01,RGB_LIDAR,0.09584958851337433,0.31347084045410156,0.2192387878894806,0.21793535351753235,0.2192387878894806,0.21793535351753235,14.193438529968262,3023,11553197,107677,25341,470.7663219042028,24,1825,0,0,1363.095,31.342323303222656,-52.2590446472168,60.936791398107395,EXPLORING
7889.243000,RGB_LIDAR,MIXED,run01,RGB_LIDAR,0.10266981273889542,0.3206751048564911,0.2181391716003418,0.21918165683746338,0.2181391716003418,0.21918165683746338,0.682919979095459,3025,11560870,107676,25342,471.08163025939893,24,1827,0,0,1364.094,31.448326110839844,-52.12561798095703,60.87709349945239,EXPLORING
7890.245000,RGB_LIDAR,MIXED,run01,RGB_LIDAR,0.1116631031036377,0.3266766667366028,0.217300683259964,0.21704012155532837,0.217300683259964,0.21704012155532837,0.6971650123596191,3028,11572382,107679,25342,471.36830309633956,24,1829,0,0,1365.096,31.6614990234375,-52.05283737182617,60.9252910036496,EXPLORING
7891.250000,RGB_LIDAR,MIXED,run01,RGB_LIDAR,0.11504580080509186,0.3273165822029114,0.21990619599819183,0.21599791944026947,0.21990619599819183,0.21599791944026947,1.04852294921875,3030,11580059,107696,25346,471.78875445124856,24,1830,0,0,1366.101,31.986345291137695,-51.89250183105469,60.95818105876663,EXPLORING
7892.243000,RGB_LIDAR,MIXED,run01,RGB_LIDAR,0.11072523891925812,0.32567310333251953,0.21906746923923492,0.21828600764274597,0.21906746923923492,0.21828600764274597,3.2035810947418213,3031,11583898,107746,25347,472.17698609338584,24,1831,0,0,1367.094,32.18397521972656,-51.65238952636719,60.858186116183994,EXPLORING
7893.243000,RGB_LIDAR,MIXED,run01,RGB_LIDAR,0.11649986356496811,0.32874423265457153,0.22010940313339233,0.21854649484157562,0.22010940313339233,0.21854649484157562,3.4204471111297607,3033,11591576,107763,25347,472.5204571622991,24,1832,0,0,1368.094,32.412906646728516,-51.43818664550781,60.798224595341026,EXPLORING
7894.246000,RGB_LIDAR,MIXED,run01,RGB_LIDAR,0.11480360478162766,0.32831695675849915,0.21901041269302368,0.21875,0.21901041269302368,0.21875,0.8891109824180603,3035,11599256,107764,25356,472.9213065285405,24,1833,0,0,1369.097,32.67462921142578,-51.19111633300781,60.7297421352389,EXPLORING
7895.244000,RGB_LIDAR,MIXED,run01,RGB_LIDAR,0.10878483951091766,0.3253161907196045,0.21979166567325592,0.21822915971279144,0.21979166567325592,0.21822915971279144,3.3744959831237793,3037,11606936,107768,25360,473.2750580677201,24,1834,0,0,1370.095,32.74774932861328,-50.86207962036133,60.49219539321771,EXPLORING
7896.243000,RGB_LIDAR,MIXED,run01,RGB_LIDAR,0.1225334033370018,0.3318353295326233,0.21822915971279144,0.21901041269302368,0.21822915971279144,0.21901041269302368,4.591219902038574,3040,11618456,107774,25360,473.70895858551864,24,1835,0,0,1371.094,32.9804573059082,-50.54948425292969,60.356438633517286,EXPLORING
7897.243000,RGB_LIDAR,MIXED,run01,RGB_LIDAR,0.12404040992259979,0.3328341543674469,0.21822915971279144,0.2174479216337204,0.21822915971279144,0.2174479216337204,3.558612108230591,3042,11626136,107774,25364,474.0879757662644,24,1836,0,0,1372.094,33.186222076416016,-50.272796630859375,60.23800751487209,EXPLORING
7898.243000,RGB_LIDAR,MIXED,run01,RGB_LIDAR,0.12205792963504791,0.33221638202667236,0.21822915971279144,0.2161458283662796,0.21822915971279144,0.2161458283662796,1.0522799491882324,3044,11633816,107803,25365,474.4789517348865,24,1837,0,0,1373.094,33.3632698059082,-49.96049499511719,60.07575544339318,EXPLORING
7899.244000,RGB_LIDAR,MIXED,run01,RGB_LIDAR,0.11659114807844162,0.3300330638885498,0.21796874701976776,0.21588541567325592,0.21796874701976776,0.21588541567325592,0.8139269948005676,3046,11641496,107803,25365,474.8655159022802,24,1839,0,0,1374.095,33.51347351074219,-49.64069366455078,59.893976535094495,EXPLORING
7900.243000,RGB_LIDAR,MIXED,run01,RGB_LIDAR,0.11292839050292969,0.3290559947490692,0.21796874701976776,0.21588541567325592,0.21796874701976776,0.21588541567325592,0.6521099805831909,3048,11649176,107809,25367,475.2278298724901,24,1841,0,0,1375.094,33.52092742919922,-49.46680450439453,59.75411519890938,EXPLORING
7901.245000,RGB_LIDAR,MIXED,run01,RGB_LIDAR,0.11123893409967422,0.32854726910591125,0.21718749403953552,0.2174479216337204,0.21718749403953552,0.2174479216337204,1.1285799741744995,3050,11656856,107812,25367,475.4522901493823,24,1841,0,0,1376.096,33.55016326904297,-49.3570671081543,59.67973164829255,EXPLORING
7902.244000,RGB_LIDAR,MIXED,run01,RGB_LIDAR,0.11681462824344635,0.33142733573913574,0.21848958730697632,0.21927084028720856,0.21848958730697632,0.21927084028720856,1.1517670154571533,3052,11664536,107814,25368,475.77529534136823,24,1843,0,0,1377.095,33.66802215576172,-49.174530029296875,59.59535711370352,EXPLORING
7903.243000,RGB_LIDAR,MIXED,run01,RGB_LIDAR,0.11644111573696136,0.3321470320224762,0.21796874701976776,0.21927084028720856,0.21796874701976776,0.21927084028720856,0.7240020036697388,3054,11672216,107815,25369,475.9791689903041,24,1844,0,0,1378.094,33.73056411743164,-49.02587890625,59.50818439407955,EXPLORING
7904.243000,RGB_LIDAR,MIXED,run01,RGB_LIDAR,0.11528650671243668,0.33321285247802734,0.21875,0.21901041269302368,0.21875,0.21901041269302368,0.7542179822921753,3056,11679896,107873,25369,476.30843586015135,24,1846,0,0,1379.094,33.876773834228516,-48.79243850708008,59.399273141783574,EXPLORING
7905.243000,RGB_LIDAR,MIXED,run01,RGB_LIDAR,0.11251130700111389,0.3320269286632538,0.2174479216337204,0.21796874701976776,0.2174479216337204,0.21796874701976776,0.5717769861221313,3058,11687576,107880,25387,476.50404374248916,24,1846,0,0,1380.094,33.9127197265625,-48.672794342041016,59.32157379404468,EXPLORING
7906.243000,RGB_LIDAR,MIXED,run01,RGB_LIDAR,0.12079990655183792,0.3379100561141968,0.21848958730697632,0.21848958730697632,0.21848958730697632,0.21848958730697632,1.0384360551834106,3060,11695256,107883,25390,476.83879952688426,24,1848,0,0,1381.094,33.87229919433594,-48.36435317993164,59.04556657625811,EXPLORING
7907.244000,RGB_LIDAR,MIXED,run01,RGB_LIDAR,0.12698931992053986,0.3419799506664276,0.21796874701976776,0.21822915971279144,0.21796874701976776,0.21822915971279144,1.1324739456176758,3062,11702936,107892,25393,477.23142513394527,24,1849,0,0,1382.095,33.90808868408203,-48.01256561279297,58.77840011049533,EXPLORING
7908.243000,RGB_LIDAR,MIXED,run01,RGB_LIDAR,0.12381548434495926,0.34052005410194397,0.21796874701976776,0.21875,0.21796874701976776,0.21875,1.8402810096740723,3064,11710616,107883,25393,477.65378294497157,24,1850,0,0,1383.094,33.93364334106445,-47.616695404052734,58.470308592346214,EXPLORING
7909.243000,RGB_LIDAR,MIXED,run01,RGB_LIDAR,0.10952798277139664,0.33227524161338806,0.21718749403953552,0.2174479216337204,0.21718749403953552,0.2174479216337204,2.436223030090332,3065,11714456,107896,25394,478.04026599417455,24,1851,0,0,1384.094,33.86837387084961,-47.28599166870117,58.16327825000826,EXPLORING
7910.244000,RGB_LIDAR,MIXED,run01,RGB_LIDAR,0.1310867965221405,0.34661126136779785,0.2174479216337204,0.21536459028720856,0.2174479216337204,0.21536459028720856,2.9037630558013916,3067,11722136,107896,25394,478.36284389448355,24,1853,0,0,1385.095,33.862884521484375,-46.99319839477539,57.92228167831855,EXPLORING
7911.243000,RGB_LIDAR,MIXED,run01,RGB_LIDAR,0.1316659152507782,0.34872710704803467,0.2213541716337204,0.22031250596046448,0.2213541716337204,0.22031250596046448,0.9864000082015991,3069,11729816,107902,25396,478.8671694224303,24,1855,0,0,1386.094,34.04583740234375,-46.58384323120117,57.698422316843555,EXPLORING
7912.243000,RGB_LIDAR,MIXED,run01,RGB_LIDAR,0.12238164246082306,0.34569430351257324,0.2161458283662796,0.21380208432674408,0.2161458283662796,0.21380208432674408,1.770272970199585,3072,11741336,107909,25396,479.1901664396353,24,1857,0,0,1387.094,34.03030014038086,-46.34605026245117,57.49740937815178,EXPLORING
7913.245000,RGB_LIDAR,MIXED,run01,RGB_LIDAR,0.1278284639120102,0.3510177433490753,0.21848958730697632,0.21458333730697632,0.21848958730697632,0.21458333730697632,2.2775189876556396,3074,11749016,107917,25398,479.70123102710863,24,1858,0,0,1388.096,34.05473327636719,-45.89335632324219,57.147695889416106,EXPLORING
7914.244000,RGB_LIDAR,MIXED,run01,RGB_LIDAR,0.11939109861850739,0.3500818610191345,0.2161458283662796,0.21718749403953552,0.2161458283662796,0.21718749403953552,2.989912986755371,3076,11756696,107928,25398,480.0194245010406,24,1860,0,0,1389.095,33.99904251098633,-45.63541030883789,56.907466375721874,EXPLORING
7915.243000,RGB_LIDAR,MIXED,run01,RGB_LIDAR,0.120687335729599,0.3529322147369385,0.21588541567325592,0.21796874701976776,0.21588541567325592,0.21796874701976776,0.7728009819984436,3079,11768216,107935,25400,480.4228206914674,24,1862,0,0,1390.094,33.82457733154297,-45.29994201660156,56.53424835837309,EXPLORING
7916.243000,RGB_LIDAR,MIXED,run01,RGB_LIDAR,0.1288856863975525,0.3599455952644348,0.21562500298023224,0.2174479216337204,0.21562500298023224,0.2174479216337204,6.183313846588135,3081,11775896,107940,25400,480.8302556645685,24,1863,0,0,1391.094,33.76008987426758,-44.94468688964844,56.21123570556838,EXPLORING
7917.243000,RGB_LIDAR,MIXED,run01,RGB_LIDAR,0.11090771853923798,0.3404066562652588,0.21510416269302368,0.21536459028720856,0.21510416269302368,0.21536459028720856,3.1150479316711426,3083,11783576,107949,25401,481.26433642224464,24,1865,0,0,1392.094,33.61180114746094,-44.60620880126953,55.8516046365534,EXPLORING
7918.244000,RGB_LIDAR,MIXED,run01,RGB_LIDAR,0.10376892238855362,0.33446720242500305,0.21510416269302368,0.21588541567325592,0.21510416269302368,0.21588541567325592,1.089115023612976,3084,11787416,107944,25401,481.5126589959974,24,1867,0,0,1393.095,33.45242691040039,-44.482139587402344,55.65663172647821,EXPLORING
7919.244000,RGB_LIDAR,MIXED,run01,RGB_LIDAR,0.12924587726593018,0.3588801622390747,0.21822915971279144,0.21458333730697632,0.21822915971279144,0.21458333730697632,1.0690640211105347,3086,11795096,107951,25401,481.74288950346846,24,1868,0,0,1394.095,33.41175842285156,-44.34869384765625,55.5255557320365,EXPLORING
7920.244000,RGB_LIDAR,MIXED,run01,RGB_LIDAR,0.12172552943229675,0.3540312945842743,0.21822915971279144,0.21848958730697632,0.21822915971279144,0.21848958730697632,1.399217963218689,3089,11806616,107951,25401,482.1205212809353,24,1869,0,0,1395.095,33.385860443115234,-44.01816177368164,55.24626016668057,EXPLORING
7921.244000,RGB_LIDAR,MIXED,run01,RGB_LIDAR,0.11366471648216248,0.3440062403678894,0.21718749403953552,0.21380208432674408,0.21718749403953552,0.21380208432674408,1.2320170402526855,3090,11810456,107951,25401,482.5530132141467,24,1871,0,0,1396.095,33.22983169555664,-43.688987731933594,54.889749813425034,EXPLORING
7922.243000,RGB_LIDAR,MIXED,run01,RGB_LIDAR,0.11404608190059662,0.34444737434387207,0.21953125298023224,0.2161458283662796,0.21953125298023224,0.2161458283662796,0.671500027179718,3093,11821976,107956,25401,482.84849517788933,24,1872,0,0,1397.094,33.090110778808594,-43.472312927246094,54.63270954297459,EXPLORING
7923.243000,RGB_LIDAR,MIXED,run01,RGB_LIDAR,0.11102602630853653,0.3375321328639984,0.21458333730697632,0.21588541567325592,0.21458333730697632,0.21588541567325592,4.852289199829102,3095,11829656,107956,25401,483.2138696419288,24,1873,0,0,1398.094,32.999595642089844,-43.15141296386719,54.32267827195751,EXPLORING
7924.244000,RGB_LIDAR,MIXED,run01,RGB_LIDAR,0.11936204135417938,0.34448885917663574,0.21848958730697632,0.21927084028720856,0.21848958730697632,0.21927084028720856,2.8439419269561768,3097,11837336,107969,25402,483.6053390278739,26,1873,0,0,1399.095,32.99357986450195,-42.80331039428711,54.042901326549035,EXPLORING
7925.243000,RGB_LIDAR,MIXED,run01,RGB_LIDAR,0.11873023957014084,0.34405502676963806,0.21927084028720856,0.21953125298023224,0.21927084028720856,0.21953125298023224,15.061319351196289,3100,11848856,107974,25402,483.63402466669635,27,1874,0,0,1400.094,32.999755859375,-42.808746337890625,54.0509771183983,EXPLORING
7926.246000,RGB_LIDAR,MIXED,run01,RGB_LIDAR,0.12202882021665573,0.3516874313354492,0.21796874701976776,0.21901041269302368,0.21796874701976776,0.21901041269302368,1.4241700172424316,3102,11856536,107974,25402,483.7079155125267,27,1876,0,0,1401.097,33.052738189697266,-42.8470573425293,54.113669124262614,EXPLORING
7927.244000,RGB_LIDAR,MIXED,run01,RGB_LIDAR,0.13136602938175201,0.34905722737312317,0.21822915971279144,0.21848958730697632,0.21822915971279144,0.21848958730697632,6.984374046325684,3104,11864216,107980,25402,483.91593178895306,27,1877,0,0,1402.095,33.05870056152344,-42.922000885009766,54.176666753963026,EXPLORING
7928.245000,RGB_LIDAR,MIXED,run01,RGB_LIDAR,0.13386322557926178,0.34748420119285583,0.21822915971279144,0.21796874701976776,0.21822915971279144,0.21796874701976776,2.1217339038848877,3106,11871896,107980,25402,484.13337252529476,27,1878,0,0,1403.096,33.08940505981445,-43.03630447387695,54.28597957909105,EXPLORING
7929.243000,RGB_LIDAR,MIXED,run01,RGB_LIDAR,0.12614627182483673,0.33919692039489746,0.21848958730697632,0.21770833432674408,0.21848958730697632,0.21770833432674408,0.9362310171127319,3108,11879576,107981,25402,484.48016611597217,27,1878,0,0,1404.094,33.30203628540039,-43.258758544921875,54.59194741360751,EXPLORING
7930.246000,RGB_LIDAR,MIXED,run01,RGB_LIDAR,0.14535163342952728,0.3520706295967102,0.21328124403953552,0.21432290971279144,0.21328124403953552,0.21432290971279144,2.666867971420288,3110,11887256,107990,25402,484.9969415062663,27,1879,0,0,1405.097,33.31291961669922,-43.1606559753418,54.52089214438947,EXPLORING
7931.249000,RGB_LIDAR,MIXED,run01,RGB_LIDAR,0.12793666124343872,0.34000033140182495,0.22031250596046448,0.21718749403953552,0.22031250596046448,0.21718749403953552,7.226085186004639,3112,11894936,107996,25402,485.51437109465706,27,1880,0,0,1406.100,33.3072624206543,-43.1092529296875,54.476749658568934,EXPLORING
7932.243000,RGB_LIDAR,MIXED,run01,RGB_LIDAR,0.16357095539569855,0.36062583327293396,0.21901041269302368,0.2174479216337204,0.21901041269302368,0.2174479216337204,0.7817879915237427,3114,11902616,108028,25404,485.86694851095615,27,1881,0,0,1407.094,33.31031799316406,-43.27676010131836,54.61126392350152,EXPLORING
7933.243000,RGB_LIDAR,MIXED,run01,RGB_LIDAR,0.13040034472942352,0.34340813755989075,0.2213541716337204,0.21666666865348816,0.2213541716337204,0.21666666865348816,12.642202377319336,3115,11906456,108015,25405,485.93860049966923,27,1883,0,0,1408.094,33.28194046020508,-43.21098709106445,54.54183630213117,EXPLORING
7934.243000,RGB_LIDAR,MIXED,run01,RGB_LIDAR,0.12302310019731522,0.34761977195739746,0.21953125298023224,0.21796874701976776,0.21953125298023224,0.21796874701976776,1.478760004043579,3117,11914136,108291,25405,486.1048477867653,27,1884,0,0,1409.094,33.334102630615234,-43.23777389526367,54.59489272404943,EXPLORING
7935.243000,RGB_LIDAR,MIXED,run01,RGB_LIDAR,0.12726952135562897,0.35050517320632935,0.21901041269302368,0.2161458283662796,0.21901041269302368,0.2161458283662796,1.9645520448684692,3119,11921816,108129,25439,486.4063405199342,27,1885,0,0,1410.094,33.29806137084961,-43.4663200378418,54.75414939714014,EXPLORING
7936.243000,RGB_LIDAR,MIXED,run01,RGB_LIDAR,0.12440551817417145,0.34503114223480225,0.21875,0.2174479216337204,0.21875,0.2174479216337204,2.7861669063568115,3121,11929496,108772,25461,486.76993571422435,27,1886,0,0,1411.094,33.48921585083008,-43.69672775268555,55.0533034522477,EXPLORING
7937.244000,RGB_LIDAR,MIXED,run01,RGB_LIDAR,0.1324702650308609,0.3403202295303345,0.22031250596046448,0.21640625596046448,0.22031250596046448,0.21640625596046448,0.8960679769515991,3123,11937176,108971,25462,486.99952034961393,27,1888,0,0,1412.095,33.54057312011719,-43.731380462646484,55.11205126848005,EXPLORING
7938.243000,RGB_LIDAR,MIXED,run01,RGB_LIDAR,0.1376720815896988,0.3489234447479248,0.21692708134651184,0.21640625596046448,0.21692708134651184,0.21640625596046448,8.623756408691406,3124,11941016,108925,25688,487.3019984503683,27,1888,0,0,1413.094,33.788230895996094,-43.74668884277344,55.275231634523884,EXPLORING
7939.246000,RGB_LIDAR,MIXED,run01,RGB_LIDAR,0.13432186841964722,0.3548192083835602,0.21901041269302368,0.21588541567325592,0.21901041269302368,0.21588541567325592,12.470626831054688,3126,11948696,108971,25697,487.52281541672227,27,1889,0,0,1414.097,33.82097244262695,-43.792503356933594,55.33150427263212,EXPLORING
7940.243000,RGB_LIDAR,MIXED,run01,RGB_LIDAR,0.1278894692659378,0.3522457778453827,0.2200520783662796,0.21692708134651184,0.2200520783662796,0.21692708134651184,0.7545490264892578,3128,11956376,108975,25698,487.8842519767898,27,1891,0,0,1415.094,33.91493606567383,-44.0678825378418,55.60696789066137,EXPLORING
7941.278000,RGB_LIDAR,MIXED,run01,RGB_LIDAR,0.13651347160339355,0.3571728467941284,0.22031250596046448,0.21510416269302368,0.22031250596046448,0.21510416269302368,0.9608319997787476,3130,11964056,108978,25698,488.3542270427825,27,1892,0,0,1416.129,34.1416130065918,-44.41958999633789,56.023950354339405,EXPLORING
7942.244000,RGB_LIDAR,MIXED,run01,RGB_LIDAR,0.13144518435001373,0.35301443934440613,0.22031250596046448,0.21875,0.22031250596046448,0.21875,1.3504630327224731,3132,11971736,109005,25698,488.65363387278524,27,1893,0,0,1417.095,34.34349822998047,-44.5547981262207,56.254233246950044,EXPLORING
7943.244000,RGB_LIDAR,MIXED,run01,RGB_LIDAR,0.1396113783121109,0.3610639274120331,0.21901041269302368,0.2161458283662796,0.21901041269302368,0.2161458283662796,1.6375139951705933,3134,11979416,109031,25698,488.9633488468282,27,1894,0,0,1418.095,34.53196716308594,-44.77422332763672,56.54308360194724,EXPLORING
7944.244000,RGB_LIDAR,MIXED,run01,RGB_LIDAR,0.13636399805545807,0.35882440209388733,0.22057291865348816,0.21770833432674408,0.22057291865348816,0.21770833432674408,1.0002189874649048,3136,11987096,109038,25700,489.39460105461427,27,1895,0,0,1419.095,34.62758255004883,-45.09831237792969,56.85824145850403,EXPLORING
7945.246000,RGB_LIDAR,MIXED,run01,RGB_LIDAR,0.1363450437784195,0.3508203625679016,0.21901041269302368,0.21588541567325592,0.21901041269302368,0.21588541567325592,3.039681911468506,3139,11998616,109043,25700,489.78229453830437,27,1896,0,0,1420.097,34.84788513183594,-45.32984161376953,57.17605752942438,EXPLORING
7946.243000,RGB_LIDAR,MIXED,run01,RGB_LIDAR,0.14314089715480804,0.3589247465133667,0.21953125298023224,0.21692708134651184,0.21953125298023224,0.21692708134651184,0.7646170258522034,3141,12006296,109056,25701,490.12016480881033,27,1897,0,0,1421.094,35.15175247192383,-45.39742660522461,57.415182915700996,EXPLORING
7947.245000,RGB_LIDAR,MIXED,run01,RGB_LIDAR,0.13867655396461487,0.36270803213119507,0.21901041269302368,0.21718749403953552,0.21901041269302368,0.21718749403953552,5.38411283493042,3143,12013976,109045,25702,490.47522305611744,27,1899,0,0,1422.096,35.3524055480957,-45.62160110473633,57.715282577319236,EXPLORING
7948.246000,RGB_LIDAR,MIXED,run01,RGB_LIDAR,0.14751559495925903,0.3633877635002136,0.21901041269302368,0.21953125298023224,0.21901041269302368,0.21953125298023224,1.165274977684021,3144,12017816,109059,25702,490.84276220169204,27,1901,0,0,1423.097,35.45278549194336,-45.90241241455078,57.998811271324314,EXPLORING
7949.244000,RGB_LIDAR,MIXED,run01,RGB_LIDAR,0.14136137068271637,0.3559682071208954,0.21901041269302368,0.21666666865348816,0.21901041269302368,0.21666666865348816,0.9109990000724792,3147,12029336,109074,25702,491.19397484829136,27,1901,0,0,1424.095,35.70436096191406,-45.99345397949219,58.224816484483455,EXPLORING
7950.243000,RGB_LIDAR,MIXED,run01,RGB_LIDAR,0.13043196499347687,0.3581269383430481,0.2213541716337204,0.21979166567325592,0.2213541716337204,0.21979166567325592,9.01314926147461,3149,12037016,109076,25702,491.5321942476584,27,1903,0,0,1425.094,35.89250564575195,-46.241756439208984,58.53632793399343,EXPLORING
7951.246000,RGB_LIDAR,MIXED,run01,RGB_LIDAR,0.1235286220908165,0.349439412355423,0.21953125298023224,0.21796874701976776,0.21953125298023224,0.21796874701976776,6.354063034057617,3151,12044696,109079,25702,491.9209851098507,27,1904,0,0,1426.097,35.91164016723633,-46.56220626831055,58.80148574774077,EXPLORING
7952.243000,RGB_LIDAR,MIXED,run01,RGB_LIDAR,0.13412003219127655,0.3492317497730255,0.21901041269302368,0.21640625596046448,0.21901041269302368,0.21640625596046448,1.153678059577942,3153,12052376,109093,25702,492.25152821621987,27,1906,0,0,1427.094,36.01199722290039,-46.80599594116211,59.055861905177615,EXPLORING
7953.243000,RGB_LIDAR,MIXED,run01,RGB_LIDAR,0.12904390692710876,0.3472146689891815,0.21953125298023224,0.21562500298023224,0.21953125298023224,0.21562500298023224,0.9105960130691528,3155,12060056,109131,25702,492.65131390813576,27,1907,0,0,1428.094,36.28070831298828,-47.06450271606445,59.424626829896305,EXPLORING
7954.246000,RGB_LIDAR,MIXED,run01,RGB_LIDAR,0.1248374655842781,0.34698718786239624,0.21692708134651184,0.21901041269302368,0.21692708134651184,0.21901041269302368,1.191743016242981,3157,12067736,109127,25713,493.02427370203,27,1907,0,0,1429.097,36.420040130615234,-47.3680534362793,59.75015188798258,EXPLORING
7955.248000,RGB_LIDAR,MIXED,run01,RGB_LIDAR,0.12375578284263611,0.34603390097618103,0.21901041269302368,0.21588541567325592,0.21901041269302368,0.21588541567325592,1.9630019664764404,3159,12075416,109132,25714,493.3127428520851,27,1909,0,0,1430.099,36.4521484375,-47.634429931640625,59.98105461706243,EXPLORING
7956.246000,RGB_LIDAR,MIXED,run01,RGB_LIDAR,0.12901517748832703,0.34658825397491455,0.21979166567325592,0.21510416269302368,0.21979166567325592,0.21510416269302368,0.7920050024986267,3161,12083096,109136,25714,493.69546676952154,27,1910,0,0,1431.097,36.576499938964844,-47.970394134521484,60.32352578750824,EXPLORING
7957.243000,RGB_LIDAR,MIXED,run01,RGB_LIDAR,0.12258047610521317,0.34353286027908325,0.21901041269302368,0.21901041269302368,0.21901041269302368,0.21901041269302368,1.5164819955825806,3163,12090776,109145,25714,494.09434267242966,27,1912,0,0,1432.094,36.732337951660156,-48.2434196472168,60.635143421966916,EXPLORING
7958.243000,RGB_LIDAR,MIXED,run01,RGB_LIDAR,0.12782734632492065,0.34684786200523376,0.22031250596046448,0.22031250596046448,0.22031250596046448,0.22031250596046448,3.1846249103546143,3165,12098456,109175,25714,494.4422828407404,27,1913,0,0,1433.094,36.837825775146484,-48.567569732666016,60.95705485651045,EXPLORING
7959.243000,RGB_LIDAR,MIXED,run01,RGB_LIDAR,0.12959885597229004,0.34173116087913513,0.21901041269302368,0.21796874701976776,0.21901041269302368,0.21796874701976776,0.812487006187439,3168,12109976,109178,25714,494.8474649288346,27,1914,0,0,1434.094,37.004112243652344,-48.856903076171875,61.288084535081886,EXPLORING
7960.243000,RGB_LIDAR,MIXED,run01,RGB_LIDAR,0.1132214367389679,0.33042535185813904,0.21979166567325592,0.21979166567325592,0.21979166567325592,0.21979166567325592,1.468042016029358,3169,12113816,109186,25714,495.1821655414959,27,1916,0,0,1435.094,37.281002044677734,-48.95640563964844,61.534787896605806,EXPLORING
7961.245000,RGB_LIDAR,MIXED,run01,RGB_LIDAR,0.12183160334825516,0.34405678510665894,0.21953125298023224,0.21901041269302368,0.21953125298023224,0.21901041269302368,1.2469899654388428,3171,12121496,109195,25714,495.5290029268113,27,1918,0,0,1436.096,37.40935516357422,-49.25783157348633,61.852412931020524,EXPLORING
7962.243000,RGB_LIDAR,MIXED,run01,RGB_LIDAR,0.11846968531608582,0.3412828743457794,0.21901041269302368,0.21562500298023224,0.21901041269302368,0.21562500298023224,4.2226738929748535,3172,12125336,109202,25714,495.9231403658452,27,1919,0,0,1437.094,37.434696197509766,-49.56060791015625,62.10907791484129,EXPLORING
7963.243000,RGB_LIDAR,MIXED,run01,RGB_LIDAR,0.12414106726646423,0.33926379680633545,0.21901041269302368,0.21848958730697632,0.21901041269302368,0.21848958730697632,0.9180909991264343,3174,12133016,109225,25715,496.2291147677508,27,1921,0,0,1438.094,37.54805374145508,-49.804412841796875,62.371972236734,EXPLORING
7964.243000,RGB_LIDAR,MIXED,run01,RGB_LIDAR,0.12252068519592285,0.33931440114974976,0.21901041269302368,0.21875,0.21901041269302368,0.21875,2.0193231105804443,3177,12144536,109236,25715,496.6333400290693,27,1923,0,0,1439.094,37.850746154785156,-50.006187438964844,62.715421846684265,EXPLORING
7965.243000,RGB_LIDAR,MIXED,run01,RGB_LIDAR,0.1248994991183281,0.3444370627403259,0.21979166567325592,0.2200520783662796,0.21979166567325592,0.2200520783662796,3.9040839672088623,3178,12148376,109236,25716,497.0090251840307,27,1925,0,0,1440.094,38.018585205078125,-50.28961181640625,63.04271526264466,EXPLORING
7966.243000,RGB_LIDAR,MIXED,run01,RGB_LIDAR,0.12784624099731445,0.34032630920410156,0.21901041269302368,0.2174479216337204,0.21901041269302368,0.2174479216337204,0.8623899817466736,3180,12156056,109257,25716,497.40705435749106,27,1926,0,0,1441.094,38.17683792114258,-50.598167419433594,63.38431433448262,EXPLORING
7967.246000,RGB_LIDAR,MIXED,run01,RGB_LIDAR,0.10259084403514862,0.3172660768032074,0.21848958730697632,0.21692708134651184,0.21848958730697632,0.21692708134651184,1.4933120012283325,3183,12167576,109250,25718,497.7482335733948,27,1928,0,0,1442.097,38.42442321777344,-50.7055549621582,63.619296081813495,EXPLORING
7968.243000,RGB_LIDAR,MIXED,run01,RGB_LIDAR,0.10732822120189667,0.32620587944984436,0.21875,0.21901041269302368,0.21875,0.21901041269302368,0.7337039709091187,3185,12175256,109266,25719,498.05948487934694,27,1930,0,0,1443.094,38.46913528442383,-50.74385070800781,63.676823796812286,EXPLORING
7969.244000,RGB_LIDAR,MIXED,run01,RGB_LIDAR,0.11085756868124008,0.3330307900905609,0.21901041269302368,0.21666666865348816,0.21901041269302368,0.21666666865348816,5.53793478012085,3187,12182936,109285,25719,498.3576825567719,27,1932,0,0,1444.095,38.586238861083984,-50.78254318237305,63.778439772777105,EXPLORING
7970.243000,RGB_LIDAR,MIXED,run01,RGB_LIDAR,0.12092795968055725,0.3410837650299072,0.21875,0.2161458283662796,0.21875,0.2161458283662796,2.5797479152679443,3189,12190616,109381,25719,498.5901914729241,27,1934,0,0,1445.094,38.68339920043945,-50.93998718261719,63.96258554306953,EXPLORING
7971.243000,RGB_LIDAR,MIXED,run01,RGB_LIDAR,0.1250479519367218,0.3422147035598755,0.21953125298023224,0.21718749403953552,0.21953125298023224,0.21718749403953552,1.2855639457702637,3191,12198296,109421,25719,498.94677202797965,27,1935,0,0,1446.094,38.82749938964844,-51.25208282470703,64.29832933120906,EXPLORING
7972.244000,RGB_LIDAR,MIXED,run01,RGB_LIDAR,0.11383513361215591,0.3311055898666382,0.21901041269302368,0.21770833432674408,0.21901041269302368,0.21770833432674408,1.3302910327911377,3193,12205976,109428,25723,499.3750781896732,27,1937,0,0,1447.095,39.03077697753906,-51.49297332763672,64.61309386377869,EXPLORING
7973.243000,RGB_LIDAR,MIXED,run01,RGB_LIDAR,0.11819808930158615,0.33745214343070984,0.2200520783662796,0.21901041269302368,0.2200520783662796,0.21901041269302368,1.194309949874878,3196,12217496,109432,25725,499.7159848984471,27,1939,0,0,1448.094,39.300933837890625,-51.664466857910156,64.91304936792812,EXPLORING
7974.243000,RGB_LIDAR,MIXED,run01,RGB_LIDAR,0.11595456302165985,0.33537590503692627,0.21901041269302368,0.21927084028720856,0.21901041269302368,0.21927084028720856,0.9291859865188599,3198,12225176,109449,25725,500.106475116383,27,1941,0,0,1449.094,39.476314544677734,-51.94198989868164,65.24011683508603,EXPLORING
7975.243000,RGB_LIDAR,MIXED,run01,RGB_LIDAR,0.116708904504776,0.33331283926963806,0.21901041269302368,0.21901041269302368,0.21901041269302368,0.21901041269302368,0.7325440049171448,3200,12232856,109453,25725,500.44050790722184,27,1943,0,0,1450.094,39.729408264160156,-52.12553024291992,65.5394487977525,EXPLORING
7976.243000,RGB_LIDAR,MIXED,run01,RGB_LIDAR,0.11390210688114166,0.33361920714378357,0.21901041269302368,0.2174479216337204,0.21901041269302368,0.2174479216337204,5.285219192504883,3202,12240536,109460,25725,500.8049122038497,27,1944,0,0,1451.094,39.933380126953125,-52.37360382080078,65.86039313878962,EXPLORING
7977.243000,RGB_LIDAR,MIXED,run01,RGB_LIDAR,0.11129263788461685,0.3309091031551361,0.21901041269302368,0.21927084028720856,0.21901041269302368,0.21927084028720856,1.9502400159835815,3204,12248216,109473,25725,501.1740397555303,27,1945,0,0,1452.094,40.08449935913086,-52.65639877319336,66.17692437910968,EXPLORING
7978.243000,RGB_LIDAR,MIXED,run01,RGB_LIDAR,0.10791080445051193,0.32607612013816833,0.22031250596046448,0.22083333134651184,0.22031250596046448,0.22083333134651184,4.5342841148376465,3205,12252056,109466,25725,501.5426162614756,27,1947,0,0,1453.094,40.376956939697266,-52.80461502075195,66.47215394701469,EXPLORING
7979.247000,RGB_LIDAR,MIXED,run01,RGB_LIDAR,0.10868982970714569,0.3279839754104614,0.21718749403953552,0.21875,0.21718749403953552,0.21875,4.8636088371276855,3208,12263576,109478,25726,501.96228794058703,27,1947,0,0,1454.098,40.70502853393555,-52.882389068603516,66.73355127531981,EXPLORING
7980.243000,RGB_LIDAR,MIXED,run01,RGB_LIDAR,0.11125203222036362,0.3302615284919739,0.21848958730697632,0.21770833432674408,0.21848958730697632,0.21770833432674408,2.6451289653778076,3209,12267416,109496,25731,502.3463554036831,27,1949,0,0,1455.094,40.89704132080078,-53.15032958984375,67.06299725639158,EXPLORING
7981.243000,RGB_LIDAR,MIXED,run01,RGB_LIDAR,0.09210614114999771,0.3154676556587219,0.2174479216337204,0.2161458283662796,0.2174479216337204,0.2161458283662796,4.126453876495361,3211,12275096,109500,25731,502.6773565571611,27,1951,0,0,1456.094,41.07697296142578,-53.376922607421875,67.35230728600766,EXPLORING
7982.243000,RGB_LIDAR,MIXED,run01,RGB_LIDAR,0.10525456815958023,0.32507461309432983,0.21822915971279144,0.2161458283662796,0.21822915971279144,0.2161458283662796,1.828199028968811,3212,12278936,109520,25731,503.0066395955525,27,1953,0,0,1457.094,41.10346603393555,-53.358802795410156,67.3541120055236,EXPLORING
7983.245000,RGB_LIDAR,MIXED,run01,RGB_LIDAR,0.10042237490415573,0.3223048448562622,0.21871741116046906,0.21897810697555542,0.21871741116046906,0.21897810697555542,1.7768349647521973,3215,12290444,109540,25734,503.2631405566088,27,1953,0,0,1458.096,41.22794723510742,-53.38140869140625,67.44803758398605,EXPLORING
7984.243000,RGB_LIDAR,MIXED,run01,RGB_LIDAR,0.10202350467443466,0.3226970434188843,0.21935315430164337,0.21909232437610626,0.21935315430164337,0.21909232437610626,0.7628419995307922,3217,12298113,109599,25734,503.57044870411653,27,1955,0,0,1459.094,41.454341888427734,-53.4186897277832,67.6161051126064,EXPLORING
7985.243000,RGB_LIDAR,MIXED,run01,RGB_LIDAR,0.10119226574897766,0.32294660806655884,0.2170623540878296,0.2168014645576477,0.2170623540878296,0.2168014645576477,12.270484924316406,3220,12309611,109677,25738,503.87627338657694,27,1956,0,0,1460.094,41.65425109863281,-53.429786682128906,67.7475980517775,EXPLORING
7986.245000,RGB_LIDAR,MIXED,run01,RGB_LIDAR,0.10344941169023514,0.3260737657546997,0.21830986440181732,0.2154407948255539,0.21830986440181732,0.2154407948255539,1.0888930559158325,3222,12317278,109724,25745,504.16165811804115,27,1957,0,0,1461.096,41.882102966308594,-53.52165603637695,67.9602529819566,EXPLORING
7987.245000,RGB_LIDAR,MIXED,run01,RGB_LIDAR,0.10345988720655441,0.32493650913238525,0.21758413314819336,0.21288807690143585,0.21758413314819336,0.21288807690143585,1.024765968322754,3224,12324943,109754,25764,504.4479223375405,27,1957,0,0,1462.096,42.116729736328125,-53.593807220458984,68.16180977520708,EXPLORING
7988.243000,RGB_LIDAR,MIXED,run01,RGB_LIDAR,0.10779213160276413,0.3279588222503662,0.21601878106594086,0.21445342898368835,0.21601878106594086,0.21445342898368835,0.8796700239181519,3226,12332608,109793,25775,504.76353163318026,27,1959,0,0,1463.094,42.40819549560547,-53.65772247314453,68.3924172749156,EXPLORING
7989.244000,RGB_LIDAR,MIXED,run01,RGB_LIDAR,0.10410480201244354,0.3219190537929535,0.21883150935173035,0.21622326970100403,0.21883150935173035,0.21622326970100403,1.061758041381836,3228,12340274,109777,25791,505.10663213898533,27,1960,0,0,1464.095,42.687217712402344,-53.72225570678711,68.61628931121182,EXPLORING
7990.243000,RGB_LIDAR,MIXED,run01,RGB_LIDAR,0.09836261719465256,0.3124226927757263,0.2168014645576477,0.2170623540878296,0.2168014645576477,0.2170623540878296,1.0103739500045776,3230,12347939,109811,25801,505.4529125250157,27,1962,0,0,1465.094,42.81581115722656,-53.644535064697266,68.6355980397318,EXPLORING
7991.247000,RGB_LIDAR,MIXED,run01,RGB_LIDAR,0.11005990207195282,0.3296606242656708,0.21685804426670074,0.2142484337091446,0.21685804426670074,0.2142484337091446,1.324323058128357,3232,12355603,109926,25811,505.711537984365,27,1964,0,0,1466.098,43.06855010986328,-53.638450622558594,68.78879451531284,EXPLORING
7992.257000,RGB_LIDAR,MIXED,run01,RGB_LIDAR,0.09952278435230255,0.3232462406158447,0.21842379868030548,0.21581420302391052,0.21842379868030548,0.21581420302391052,0.645218014717102,3234,12363266,109926,25828,506.158468319957,27,1965,0,0,1467.108,43.39790725708008,-53.80286407470703,69.12337260414617,EXPLORING
7993.247000,RGB_LIDAR,MIXED,run01,RGB_LIDAR,0.0937206819653511,0.31270691752433777,0.21784502267837524,0.21184450387954712,0.21784502267837524,0.21184450387954712,1.3097480535507202,3237,12374764,110110,25843,506.3979784195183,27,1967,0,0,1468.098,43.49295425415039,-53.7807731628418,69.16590553410421,EXPLORING
7994.243000,RGB_LIDAR,MIXED,run01,RGB_LIDAR,0.08765600621700287,0.3092237412929535,0.21685804426670074,0.21268267929553986,0.21685804426670074,0.21268267929553986,1.048841953277588,3239,12382427,110174,25843,506.8057331236784,27,1969,0,0,1469.094,43.569244384765625,-53.72959518432617,69.17414328774814,EXPLORING
7995.243000,RGB_LIDAR,MIXED,run01,RGB_LIDAR,0.09340269863605499,0.31860846281051636,0.2161315530538559,0.21534846723079681,0.2161315530538559,0.21534846723079681,0.8304070234298706,3240,12386258,110270,25866,507.2723908240542,27,1970,0,0,1470.094,43.56037902832031,-53.813270568847656,69.2335786464648,EXPLORING
7996.243000,RGB_LIDAR,MIXED,run01,RGB_LIDAR,0.09213899821043015,0.3176906704902649,0.2171189934015274,0.21163883805274963,0.2171189934015274,0.21163883805274963,2.0715129375457764,3243,12397756,110348,25910,507.54492956083675,27,1971,0,0,1471.094,43.668704986572266,-53.80372619628906,69.2943733289223,EXPLORING
7997.244000,RGB_LIDAR,MIXED,run01,RGB_LIDAR,0.09844335168600082,0.3220847249031067,0.21810592710971832,0.21236629784107208,0.21810592710971832,0.21236629784107208,1.4894750118255615,3245,12405419,110486,25934,507.91292023668234,27,1973,0,0,1472.095,43.847023010253906,-53.82533264160156,69.4236332363606,EXPLORING
7998.245000,RGB_LIDAR,MIXED,run01,RGB_LIDAR,0.09975933283567429,0.32376396656036377,0.2165970802307129,0.21737995743751526,0.2165970802307129,0.21737995743751526,0.9387149810791016,3247,12413085,110549,25947,508.2306325687289,27,1975,0,0,1473.096,44.09093475341797,-53.83458709716797,69.58509668680225,EXPLORING
7999.245000,RGB_LIDAR,MIXED,run01,RGB_LIDAR,0.10022655129432678,0.3204404413700104,0.21555323898792267,0.2171189934015274,0.21555323898792267,0.2171189934015274,5.954611778259277,3249,12420750,110514,25973,508.46745937810164,27,1977,0,0,1474.096,44.239681243896484,-53.93775939941406,69.75918106434533,EXPLORING
8000.243000,RGB_LIDAR,MIXED,run01,RGB_LIDAR,0.11718808859586716,0.32908570766448975,0.2165970802307129,0.21737995743751526,0.2165970802307129,0.21737995743751526,2.72627592086792,3251,12428414,110577,25992,508.7190821809236,27,1979,0,0,1475.094,44.34296798706055,-54.145835876464844,69.98558593639477,EXPLORING
8001.243000,RGB_LIDAR,MIXED,run01,RGB_LIDAR,0.10782300680875778,0.32865118980407715,0.21555323898792267,0.21607515215873718,0.21555323898792267,0.21607515215873718,1.162608027458191,3254,12439911,110733,26028,508.96910883354565,27,1981,0,0,1476.094,44.377418518066406,-54.182395935058594,70.03569889013059,EXPLORING
8002.243000,RGB_LIDAR,MIXED,run01,RGB_LIDAR,0.09359770268201828,0.32028937339782715,0.21587052941322327,0.21691463887691498,0.21587052941322327,0.21691463887691498,2.6475589275360107,3256,12447574,110791,26040,509.2607242001378,27,1983,0,0,1477.094,44.4684944152832,-54.22201156616211,70.12406960786151,EXPLORING
8003.243000,RGB_LIDAR,MIXED,run01,RGB_LIDAR,0.09864118695259094,0.3238486647605896,0.21868476271629333,0.21816283464431763,0.21868476271629333,0.21816283464431763,1.0492830276489258,3259,12459071,111028,26040,509.55594752591855,27,1985,0,0,1478.094,44.73295974731445,-54.12556838989258,70.21770250403465,EXPLORING
8004.243000,RGB_LIDAR,MIXED,run01,RGB_LIDAR,0.09339635074138641,0.32204338908195496,0.21627967059612274,0.21784502267837524,0.21627967059612274,0.21784502267837524,0.7137179970741272,3261,12466737,111101,26088,509.9442116029349,27,1986,0,0,1479.094,45.05083084106445,-54.06242370605469,70.3721045569447,EXPLORING
8005.243000,RGB_LIDAR,MIXED,run01,RGB_LIDAR,0.10179738700389862,0.3283904492855072,0.21654057502746582,0.21575789153575897,0.21654057502746582,0.21575789153575897,2.533850908279419,3263,12474402,111215,26136,510.25642059965486,27,1987,0,0,1480.094,45.315223693847656,-54.077178955078125,70.55296032982257,EXPLORING
8006.243000,RGB_LIDAR,MIXED,run01,RGB_LIDAR,0.10593808442354202,0.33506062626838684,0.21587052941322327,0.21221613883972168,0.21587052941322327,0.21221613883972168,1.1334129571914673,3266,12485896,111261,26161,510.65277421444955,27,1988,0,0,1481.094,45.66790771484375,-54.15468215942383,70.839226248599,EXPLORING
8007.247000,RGB_LIDAR,MIXED,run01,RGB_LIDAR,0.1028960645198822,0.33356592059135437,0.216187983751297,0.2140992134809494,0.216187983751297,0.2140992134809494,4.068027019500732,3268,12493557,111215,26188,511.0923797748375,27,1989,0,0,1482.098,46.0457763671875,-54.12202453613281,71.05852999021131,EXPLORING
8008.244000,RGB_LIDAR,MIXED,run01,RGB_LIDAR,0.10944663733243942,0.33870282769203186,0.21536852419376373,0.2158912718296051,0.21536852419376373,0.2158912718296051,3.9783620834350586,3271,12505037,111404,26213,511.52866232422036,27,1991,0,0,1483.095,46.402374267578125,-54.11957931518555,71.28825944336744,EXPLORING
8009.243000,RGB_LIDAR,MIXED,run01,RGB_LIDAR,0.1002492904663086,0.3305676579475403,0.21664050221443176,0.21664050221443176,0.21664050221443176,0.21664050221443176,1.354362964630127,3272,12508859,111378,26234,511.9499535433714,27,1992,0,0,1484.094,46.65009689331055,-54.20866394042969,71.51724922301202,EXPLORING
8010.244000,RGB_LIDAR,MIXED,run01,RGB_LIDAR,0.09418600052595139,0.32591450214385986,0.218619242310524,0.21469664573669434,0.218619242310524,0.21469664573669434,0.7330679893493652,3274,12516508,111464,26251,512.2404480634937,27,1994,0,0,1485.095,46.84293746948242,-54.265865325927734,71.6864744751287,EXPLORING
8011.261000,RGB_LIDAR,MIXED,run01,RGB_LIDAR,0.10777696967124939,0.33611518144607544,0.21495816111564636,0.21678870916366577,0.21495816111564636,0.21678870916366577,0.7116079926490784,3277,12527976,111637,26251,512.6508899973765,27,1996,0,0,1486.112,47.215362548828125,-54.17129898071289,71.85906217368817,EXPLORING
8012.247000,RGB_LIDAR,MIXED,run01,RGB_LIDAR,0.11070336401462555,0.33813726902008057,0.21501438319683075,0.21658383309841156,0.21501438319683075,0.21658383309841156,2.650897979736328,3279,12535622,111743,26294,513.1116821696338,27,1996,0,0,1487.098,47.61464309692383,-54.13502502441406,72.0947909478859,EXPLORING
8013.243000,RGB_LIDAR,MIXED,run01,RGB_LIDAR,0.1047556921839714,0.33328187465667725,0.21570681035518646,0.2178010493516922,0.21570681035518646,0.2178010493516922,0.7268909811973572,3281,12543265,112031,26294,513.5379591636264,27,1998,0,0,1488.094,47.935001373291016,-54.193416595458984,72.35049200519909,EXPLORING
8014.243000,RGB_LIDAR,MIXED,run01,RGB_LIDAR,0.10661099851131439,0.3341382145881653,0.21671907603740692,0.2151467502117157,0.21671907603740692,0.2151467502117157,4.006290912628174,3283,12550900,112181,26328,513.8815454496648,27,1998,0,0,1489.094,48.26526641845703,-54.218849182128906,72.58871585359266,EXPLORING
8015.244000,RGB_LIDAR,MIXED,run01,RGB_LIDAR,0.10285984724760056,0.3311814069747925,0.21497774124145508,0.21576328575611115,0.21497774124145508,0.21576328575611115,1.4902260303497314,3285,12558539,112299,26337,514.3273440123605,27,1999,0,0,1490.095,48.61335754394531,-54.199119567871094,72.80593613273416,EXPLORING
8016.245000,RGB_LIDAR,MIXED,run01,RGB_LIDAR,0.10294875502586365,0.3308887481689453,0.21739129722118378,0.2179151326417923,0.21739129722118378,0.2179151326417923,10.54592514038086,3287,12566175,112567,26347,514.7118129483541,27,2000,0,0,1491.096,48.950523376464844,-54.235286712646484,73.05833613741494,EXPLORING
8017.243000,RGB_LIDAR,MIXED,run01,RGB_LIDAR,0.12379396706819534,0.34333544969558716,0.21634364128112793,0.2166055589914322,0.21634364128112793,0.2166055589914322,1.3845510482788086,3289,12573809,112623,26362,515.2038448550675,27,2001,0,0,1492.094,49.40036392211914,-54.23201370239258,73.35807083393257,EXPLORING
8018.245000,RGB_LIDAR,MIXED,run01,RGB_LIDAR,0.14340639114379883,0.35052356123924255,0.21847200393676758,0.21951857209205627,0.21847200393676758,0.21951857209205627,1.8896939754486084,3291,12581450,112753,26366,515.77106232335,27,2002,0,0,1493.096,49.82604217529297,-54.14551544189453,73.58171996212822,EXPLORING
8019.247000,RGB_LIDAR,MIXED,run01,RGB_LIDAR,0.1441880464553833,0.35079362988471985,0.21710698306560516,0.21763013303279877,0.21710698306560516,0.21763013303279877,1.186642050743103,3293,12589096,112887,26369,516.0986963613051,27,2002,0,0,1494.098,50.113773345947266,-54.09296417236328,73.73829739396707,EXPLORING
8020.244000,RGB_LIDAR,MIXED,run01,RGB_LIDAR,0.1434234231710434,0.35060107707977295,0.22463388741016388,0.2248954027891159,0.22463388741016388,0.2248954027891159,12.399778366088867,3295,12596742,112817,26394,516.3786748003229,29,2002,0,0,1495.095,50.361324310302734,-54.06629943847656,73.88724208179723,EXPLORING
8021.243000,RGB_LIDAR,MIXED,run01,RGB_LIDAR,0.14451269805431366,0.35083621740341187,0.21536459028720856,0.21666666865348816,0.21536459028720856,0.21666666865348816,0.9433059692382812,3297,12604422,113339,26402,516.483921033331,31,2002,0,0,1496.094,50.449432373046875,-54.05367660522461,73.93809422185456,EXPLORING
8022.243000,RGB_LIDAR,MIXED,run01,RGB_LIDAR,0.14456546306610107,0.35084837675094604,0.2161458283662796,0.21822915971279144,0.2161458283662796,0.21822915971279144,17.428600311279297,3299,12612102,113590,26403,516.4961852831133,33,2003,0,0,1497.094,50.45319366455078,-54.05251693725586,73.9398128492409,EXPLORING
8023.243000,RGB_LIDAR,MIXED,run01,RGB_LIDAR,0.14456310868263245,0.3508458733558655,0.2161458283662796,0.21692708134651184,0.2161458283662796,0.21692708134651184,1.278709053993225,3301,12619782,113722,26417,516.5040493475827,33,2005,0,0,1498.094,50.4508171081543,-54.05290603637695,73.93847570738855,EXPLORING
8024.243000,RGB_LIDAR,MIXED,run01,RGB_LIDAR,0.14457109570503235,0.35085639357566833,0.2161458283662796,0.21666666865348816,0.2161458283662796,0.21666666865348816,0.6081230044364929,3303,12627462,113722,26417,516.5112941007415,33,2005,0,0,1499.094,50.452396392822266,-54.05303192138672,73.93964531870101,EXPLORING
8025.243000,RGB_LIDAR,MIXED,run01,RGB_LIDAR,0.1445794254541397,0.350853830575943,0.21640625596046448,0.21718749403953552,0.21640625596046448,0.21718749403953552,2.843751907348633,3305,12635142,113863,26417,516.5213864345358,33,2007,0,0,1500.094,50.45362091064453,-54.052425384521484,73.94003744802049,EXPLORING
8026.257000,RGB_LIDAR,MIXED,run01,RGB_LIDAR,0.1445823609828949,0.35085195302963257,0.2161458283662796,0.21718749403953552,0.2161458283662796,0.21718749403953552,1.132457971572876,3307,12642822,113863,26417,516.5284639522949,33,2008,0,0,1501.108,50.453006744384766,-54.05270767211914,73.93982474119667,EXPLORING
8027.244000,RGB_LIDAR,MIXED,run01,RGB_LIDAR,0.1445852816104889,0.350847065448761,0.21770833432674408,0.21770833432674408,0.21770833432674408,0.21770833432674408,0.6815869808197021,3308,12646662,113868,26417,516.5396090199444,33,2009,0,0,1502.095,50.45099639892578,-54.053375244140625,73.93894105781416,EXPLORING
8028.244000,RGB_LIDAR,MIXED,run01,RGB_LIDAR,0.1445888876914978,0.35084423422813416,0.2161458283662796,0.21640625596046448,0.2161458283662796,0.21640625596046448,0.6678370237350464,3310,12654342,113869,26417,516.5537784907433,33,2009,0,0,1503.095,50.462711334228516,-54.05122375488281,73.94536216873496,EXPLORING
8029.243000,RGB_LIDAR,MIXED,run01,RGB_LIDAR,0.14459587633609772,0.3508516550064087,0.2161458283662796,0.2174479216337204,0.2161458283662796,0.2174479216337204,1.043539047241211,3312,12662022,113870,26417,516.5615058773964,33,2010,0,0,1504.094,50.4619255065918,-54.05170440673828,73.94517725269989,EXPLORING
8030.243000,RGB_LIDAR,MIXED,run01,RGB_LIDAR,0.14460282027721405,0.350853830575943,0.2161458283662796,0.2161458283662796,0.2161458283662796,0.2161458283662796,5.057423114776611,3314,12669702,113871,26417,516.5714665214529,33,2010,0,0,1505.094,50.46208190917969,-54.05141830444336,73.9450748505091,EXPLORING
8031.243000,RGB_LIDAR,MIXED,run01,RGB_LIDAR,0.14460963010787964,0.3508634865283966,0.2161458283662796,0.21432290971279144,0.2161458283662796,0.21432290971279144,0.7622659802436829,3316,12677382,113871,26417,516.5804993092694,33,2011,0,0,1506.094,50.46243667602539,-54.05141830444336,73.94531694728492,EXPLORING
8032.243000,RGB_LIDAR,MIXED,run01,RGB_LIDAR,0.14461562037467957,0.3508647382259369,0.21666666865348816,0.21562500298023224,0.21666666865348816,0.21562500298023224,9.960600852966309,3318,12685062,113871,26417,516.5845207273841,33,2013,0,0,1507.094,50.46162796020508,-54.05165481567383,73.94493795559175,EXPLORING
8033.244000,RGB_LIDAR,MIXED,run01,RGB_LIDAR,0.14462362229824066,0.35087037086486816,0.2161458283662796,0.21770833432674408,0.2161458283662796,0.21770833432674408,0.9155089855194092,3320,12692742,113873,26417,516.5930832939401,33,2015,0,0,1508.095,50.458473205566406,-54.05211639404297,73.94312258441546,EXPLORING
8034.243000,RGB_LIDAR,MIXED,run01,RGB_LIDAR,0.1446276158094406,0.3508690297603607,0.2161458283662796,0.21640625596046448,0.2161458283662796,0.21640625596046448,1.0284899473190308,3323,12704262,113877,26417,516.6074396484833,33,2017,0,0,1509.094,50.4620361328125,-54.0517463684082,73.94528341762046,EXPLORING
8035.244000,RGB_LIDAR,MIXED,run01,RGB_LIDAR,0.14463204145431519,0.35086897015571594,0.2161458283662796,0.2174479216337204,0.2161458283662796,0.2174479216337204,0.6244879961013794,3325,12711942,113879,26417,516.6154251613109,33,2018,0,0,1510.095,50.45864486694336,-54.0521354675293,73.94325366529075,EXPLORING
8036.244000,RGB_LIDAR,MIXED,run01,RGB_LIDAR,0.14463888108730316,0.3508695960044861,0.21666666865348816,0.21770833432674408,0.21666666865348816,0.21770833432674408,0.7070779800415039,3327,12719622,113879,26417,516.621812291054,33,2020,0,0,1511.095,50.460792541503906,-54.05167770385742,73.94438459520732,EXPLORING
8037.244000,RGB_LIDAR,MIXED,run01,RGB_LIDAR,0.14464335143566132,0.3508709967136383,0.2161458283662796,0.21484375,0.2161458283662796,0.21484375,4.141684055328369,3329,12727302,113879,26417,516.6286365645026,33,2021,0,0,1512.095,50.46131134033203,-54.05158996582031,73.94467448932471,EXPLORING
8038.243000,RGB_LIDAR,MIXED,run01,RGB_LIDAR,0.14464899897575378,0.35087332129478455,0.2161458283662796,0.2174479216337204,0.2161458283662796,0.2174479216337204,0.902862012386322,3330,12731142,113879,26417,516.6326195071828,33,2023,0,0,1513.094,50.46000671386719,-54.05166244506836,73.94383719581394,EXPLORING
8039.243000,RGB_LIDAR,MIXED,run01,RGB_LIDAR,0.1446550041437149,0.350872665643692,0.2161458283662796,0.21666666865348816,0.2161458283662796,0.21666666865348816,7.910406112670898,3332,12738822,113880,26417,516.6401064649334,33,2024,0,0,1514.094,50.45966720581055,-54.05205535888672,73.94389273398755,EXPLORING
8040.244000,RGB_LIDAR,MIXED,run01,RGB_LIDAR,0.14465977251529694,0.3508756458759308,0.21666666865348816,0.2174479216337204,0.21666666865348816,0.2174479216337204,2.3532350063323975,3334,12746502,113880,26417,516.6468444657118,33,2026,0,0,1515.095,50.46144104003906,-54.0517578125,73.94488568871971,EXPLORING
8041.243000,RGB_LIDAR,MIXED,run01,RGB_LIDAR,0.14466454088687897,0.35087522864341736,0.21588541567325592,0.2174479216337204,0.21588541567325592,0.2174479216337204,1.4218119382858276,3336,12754182,113880,26417,516.6548186404929,33,2027,0,0,1516.094,50.46247863769531,-54.05193328857422,73.94572201982662,EXPLORING
8042.243000,RGB_LIDAR,MIXED,run01,RGB_LIDAR,0.14467056095600128,0.35087576508522034,0.2161458283662796,0.21927084028720856,0.2161458283662796,0.21927084028720856,0.9571790099143982,3338,12761862,113880,26417,516.6608352683056,33,2028,0,0,1517.094,50.46212387084961,-54.05217742919922,73.94565838454547,EXPLORING
8043.244000,RGB_LIDAR,MIXED,run01,RGB_LIDAR,0.14467719197273254,0.3508821427822113,0.2161458283662796,0.21666666865348816,0.2161458283662796,0.21666666865348816,0.6738709807395935,3340,12769542,113880,26417,516.6683016448319,33,2029,0,0,1518.095,50.46107482910156,-54.05208969116211,73.94487838249768,EXPLORING
8044.243000,RGB_LIDAR,MIXED,run01,RGB_LIDAR,0.1446845680475235,0.35088416934013367,0.2161458283662796,0.21666666865348816,0.2161458283662796,0.21666666865348816,3.0520780086517334,3343,12781062,113880,26417,516.6758504365014,33,2030,0,0,1519.094,50.460899353027344,-54.05227279663086,73.94489248504821,EXPLORING
8045.243000,RGB_LIDAR,MIXED,run01,RGB_LIDAR,0.14469197392463684,0.35088416934013367,0.2161458283662796,0.21666666865348816,0.2161458283662796,0.21666666865348816,2.042531967163086,3345,12788742,113883,26417,516.6882374428369,33,2031,0,0,1520.094,50.46059799194336,-54.05210876464844,73.94456693308577,EXPLORING
8046.243000,RGB_LIDAR,MIXED,run01,RGB_LIDAR,0.1446983516216278,0.3508874177932739,0.2161458283662796,0.21640625596046448,0.2161458283662796,0.21640625596046448,0.694687008857727,3346,12792582,113883,26417,516.6923295618193,33,2032,0,0,1521.094,50.462589263916016,-54.05180740356445,73.94570549411858,EXPLORING
8047.243000,RGB_LIDAR,MIXED,run01,RGB_LIDAR,0.14470604062080383,0.3508903980255127,0.21718749403953552,0.21666666865348816,0.21718749403953552,0.21666666865348816,1.020231008529663,3349,12804102,113883,26417,516.7015813266808,33,2033,0,0,1522.094,50.46061325073242,-54.051849365234375,73.94438772893528,EXPLORING
8048.255000,RGB_LIDAR,MIXED,run01,RGB_LIDAR,0.1447097361087799,0.3508889675140381,0.2161458283662796,0.21640625596046448,0.2161458283662796,0.21640625596046448,0.8995059728622437,3351,12811782,113884,26417,516.7052333187731,33,2034,0,0,1523.106,50.4625129699707,-54.05195617675781,73.94576217906992,EXPLORING
8049.247000,RGB_LIDAR,MIXED,run01,RGB_LIDAR,0.14471487700939178,0.35088831186294556,0.21796874701976776,0.2174479216337204,0.21796874701976776,0.2174479216337204,1.7091909646987915,3352,12815622,113885,26417,516.711232861617,33,2035,0,0,1524.098,50.461639404296875,-54.051971435546875,73.94517720643897,EXPLORING
8050.244000,RGB_LIDAR,MIXED,run01,RGB_LIDAR,0.14471757411956787,0.35088351368904114,0.2161458283662796,0.21640625596046448,0.2161458283662796,0.21640625596046448,6.595602035522461,3354,12823302,113885,26417,516.7157804153178,33,2035,0,0,1525.095,50.46312713623047,-54.05195999145508,73.94618408151837,EXPLORING
8051.244000,RGB_LIDAR,MIXED,run01,RGB_LIDAR,0.14472240209579468,0.35088491439819336,0.2161458283662796,0.21536459028720856,0.2161458283662796,0.21536459028720856,1.7951699495315552,3356,12830982,113885,26417,516.7207049822637,33,2037,0,0,1526.095,50.462059020996094,-54.052146911621094,73.94559182312676,EXPLORING
8052.246000,RGB_LIDAR,MIXED,run01,RGB_LIDAR,0.14472723007202148,0.3508835732936859,0.2161458283662796,0.21770833432674408,0.2161458283662796,0.21770833432674408,0.7518460154533386,3358,12838662,113885,26417,516.7276850115594,33,2037,0,0,1527.097,50.46147918701172,-54.05147933959961,73.94470816351908,EXPLORING
8053.243000,RGB_LIDAR,MIXED,run01,RGB_LIDAR,0.14473390579223633,0.3508884906768799,0.2161458283662796,0.2174479216337204,0.2161458283662796,0.2174479216337204,6.184566974639893,3359,12842502,113885,26417,516.7330734536343,33,2039,0,0,1528.094,50.461212158203125,-54.05229568481445,73.94512267303148,EXPLORING
8054.243000,RGB_LIDAR,MIXED,run01,RGB_LIDAR,0.14474013447761536,0.3508908748626709,0.21666666865348816,0.2174479216337204,0.21666666865348816,0.2174479216337204,0.8866879940032959,3361,12850182,113885,26417,516.7402686353836,33,2040,0,0,1529.094,50.46127700805664,-54.052486419677734,73.94530635007824,EXPLORING
8055.251000,RGB_LIDAR,MIXED,run01,RGB_LIDAR,0.14474472403526306,0.3508896231651306,0.2161458283662796,0.21666666865348816,0.2161458283662796,0.21666666865348816,2.865464925765991,3363,12857862,113885,26417,516.7475458411,33,2042,0,0,1530.102,50.462825775146484,-54.05236053466797,73.94627121387026,EXPLORING
8056.243000,RGB_LIDAR,MIXED,run01,RGB_LIDAR,0.14474807679653168,0.3508853614330292,0.21588541567325592,0.2174479216337204,0.21588541567325592,0.2174479216337204,0.7358279824256897,3365,12865542,113886,26417,516.7508508732045,33,2043,0,0,1531.094,50.46222686767578,-54.05227279663086,73.94579838123391,EXPLORING
8057.244000,RGB_LIDAR,MIXED,run01,RGB_LIDAR,0.1447526216506958,0.3508857488632202,0.2161458283662796,0.21640625596046448,0.2161458283662796,0.21640625596046448,2.2921459674835205,3367,12873222,113886,26417,516.7562975225441,33,2045,0,0,1532.095,50.46118927001953,-54.05241394042969,73.94519349690536,EXPLORING
8058.254000,RGB_LIDAR,MIXED,run01,RGB_LIDAR,0.1447572410106659,0.3508877754211426,0.21666666865348816,0.21770833432674408,0.21666666865348816,0.21770833432674408,0.8336870074272156,3369,12880902,113886,26417,516.7666195367591,33,2046,0,0,1533.105,50.46180725097656,-54.05226135253906,73.94550366799247,EXPLORING
8059.243000,RGB_LIDAR,MIXED,run01,RGB_LIDAR,0.14476162195205688,0.35088956356048584,0.2161458283662796,0.21666666865348816,0.2161458283662796,0.21666666865348816,1.4050040245056152,3371,12888582,113887,26417,516.7742079385426,33,2047,0,0,1534.094,50.46381759643555,-54.051937103271484,73.94663853226066,EXPLORING
8060.244000,RGB_LIDAR,MIXED,run01,RGB_LIDAR,0.14476528763771057,0.35088998079299927,0.2161458283662796,0.21666666865348816,0.2161458283662796,0.21666666865348816,0.9009150266647339,3373,12896262,113887,26417,516.7818696508208,33,2048,0,0,1535.095,50.462398529052734,-54.05237579345703,73.94599081186398,EXPLORING
8061.245000,RGB_LIDAR,MIXED,run01,RGB_LIDAR,0.14476999640464783,0.3508911728858948,0.2161458283662796,0.21718749403953552,0.2161458283662796,0.21718749403953552,0.9501270055770874,3375,12903942,113887,26417,516.787364890878,33,2050,0,0,1536.096,50.46071243286133,-54.052452087402344,73.94489599061086,EXPLORING
8062.244000,RGB_LIDAR,MIXED,run01,RGB_LIDAR,0.1447744220495224,0.3508940637111664,0.2161458283662796,0.21640625596046448,0.2161458283662796,0.21640625596046448,0.8438720107078552,3377,12911622,113887,26417,516.7955587764234,33,2052,0,0,1537.095,50.462799072265625,-54.052310943603516,73.946216741971,EXPLORING
8063.243000,RGB_LIDAR,MIXED,run01,RGB_LIDAR,0.14478148519992828,0.350897878408432,0.2161458283662796,0.2174479216337204,0.2161458283662796,0.2174479216337204,9.992375373840332,3379,12919302,113887,26417,516.801902986282,33,2054,0,0,1538.094,50.461605072021484,-54.0524787902832,73.94552464327879,EXPLORING
8064.244000,RGB_LIDAR,MIXED,run01,RGB_LIDAR,0.1447853296995163,0.3508981168270111,0.2161458283662796,0.2174479216337204,0.2161458283662796,0.2174479216337204,1.351978063583374,3381,12926982,113887,26417,516.8105610672695,33,2055,0,0,1539.095,50.461158752441406,-54.05244827270508,73.94519776811482,EXPLORING
8065.245000,RGB_LIDAR,MIXED,run01,RGB_LIDAR,0.14479005336761475,0.350901335477829,0.2161458283662796,0.21640625596046448,0.2161458283662796,0.21640625596046448,1.3586649894714355,3383,12934662,113887,26417,516.815994999093,33,2056,0,0,1540.096,50.46376037597656,-54.052398681640625,73.94693688082954,EXPLORING
8066.246000,RGB_LIDAR,MIXED,run01,RGB_LIDAR,0.14479374885559082,0.35089850425720215,0.2161458283662796,0.21692708134651184,0.2161458283662796,0.21692708134651184,0.9504380226135254,3385,12942342,113887,26417,516.821969226182,33,2057,0,0,1541.097,50.462127685546875,-54.052581787109375,73.9459565635161,EXPLORING
8067.245000,RGB_LIDAR,MIXED,run01,RGB_LIDAR,0.1448000818490982,0.35090652108192444,0.2161458283662796,0.21640625596046448,0.2161458283662796,0.21640625596046448,1.4446769952774048,3387,12950022,113887,26417,516.825842105826,33,2057,0,0,1542.096,50.462646484375,-54.052490234375,73.94624367132504,EXPLORING
8068.243000,RGB_LIDAR,MIXED,run01,RGB_LIDAR,0.14480385184288025,0.35090571641921997,0.2161458283662796,0.2174479216337204,0.2161458283662796,0.2174479216337204,2.859386920928955,3389,12957702,113887,26417,516.8327696178692,33,2059,0,0,1543.094,50.464962005615234,-54.052127838134766,73.94755892169901,EXPLORING
8069.244000,RGB_LIDAR,MIXED,run01,RGB_LIDAR,0.14480681717395782,0.3509022891521454,0.2161458283662796,0.21640625596046448,0.2161458283662796,0.21640625596046448,5.320840835571289,3391,12965382,113887,26417,516.8404148674588,33,2061,0,0,1544.095,50.461727142333984,-54.052490234375,73.94561630939008,EXPLORING
8070.243000,RGB_LIDAR,MIXED,run01,RGB_LIDAR,0.14481446146965027,0.3509077727794647,0.21666666865348816,0.21770833432674408,0.21666666865348816,0.21770833432674408,0.7914569973945618,3393,12973062,113888,26417,516.847671686378,33,2062,0,0,1545.094,50.462615966796875,-54.05232620239258,73.94610294305366,EXPLORING
8071.243000,RGB_LIDAR,MIXED,run01,RGB_LIDAR,0.144820436835289,0.3509134352207184,0.2161458283662796,0.21640625596046448,0.2161458283662796,0.21640625596046448,8.914847373962402,3394,12976902,113888,26417,516.8536610408676,33,2063,0,0,1546.094,50.46255874633789,-54.05253219604492,73.94621447121906,EXPLORING
8072.247000,RGB_LIDAR,MIXED,run01,RGB_LIDAR,0.1448221653699875,0.3509078919887543,0.2161458283662796,0.21666666865348816,0.2161458283662796,0.21666666865348816,0.7405620217323303,3396,12984582,113888,26417,516.8662070992742,33,2064,0,0,1547.098,50.463382720947266,-54.05237579345703,73.94666243331041,EXPLORING
8073.243000,RGB_LIDAR,MIXED,run01,RGB_LIDAR,0.1448265165090561,0.35091015696525574,0.2161458283662796,0.21666666865348816,0.2161458283662796,0.21666666865348816,0.7941359877586365,3398,12992262,113888,26417,516.8716525764124,33,2065,0,0,1548.094,50.46311569213867,-54.05231857299805,73.94643838337399,EXPLORING
8074.245000,RGB_LIDAR,MIXED,run01,RGB_LIDAR,0.14483100175857544,0.35091036558151245,0.21666666865348816,0.21770833432674408,0.21666666865348816,0.21770833432674408,2.0851058959960938,3400,12999942,113888,26417,516.8779913282418,33,2067,0,0,1549.096,50.46406555175781,-54.05181884765625,73.94672130177032,EXPLORING
8075.244000,RGB_LIDAR,MIXED,run01,RGB_LIDAR,0.14483597874641418,0.3509141206741333,0.21588541567325592,0.21666666865348816,0.21588541567325592,0.21666666865348816,2.18949294090271,3402,13007622,113888,26417,516.8894421798656,33,2069,0,0,1550.095,50.46293258666992,-54.05270004272461,73.94659227363665,EXPLORING
8076.243000,RGB_LIDAR,MIXED,run01,RGB_LIDAR,0.1448393166065216,0.3509158194065094,0.21666666865348816,0.2174479216337204,0.21666666865348816,0.2174479216337204,1.4971959590911865,3404,13015302,113888,26417,516.8941577738458,33,2070,0,0,1551.094,50.462650299072266,-54.05252456665039,73.94627137046463,EXPLORING
8077.243000,RGB_LIDAR,MIXED,run01,RGB_LIDAR,0.14484168589115143,0.3509148061275482,0.2161458283662796,0.21692708134651184,0.2161458283662796,0.21692708134651184,2.043808937072754,3406,13022982,113888,26417,516.9010840127129,33,2072,0,0,1552.094,50.46303939819336,-54.05210494995117,73.94623016784884,EXPLORING
8078.254000,RGB_LIDAR,MIXED,run01,RGB_LIDAR,0.14484348893165588,0.3509104251861572,0.21588541567325592,0.21666666865348816,0.21588541567325592,0.21666666865348816,2.0523200035095215,3408,13030662,113888,26417,516.9107118967723,33,2073,0,0,1553.105,50.463172912597656,-54.05182647705078,73.9461177255058,EXPLORING
8079.243000,RGB_LIDAR,MIXED,run01,RGB_LIDAR,0.14484666287899017,0.3509112596511841,0.2161458283662796,0.21692708134651184,0.2161458283662796,0.21692708134651184,8.357942581176758,3410,13038342,113889,26417,516.9229882207416,33,2074,0,0,1554.094,50.46290588378906,-54.05253601074219,73.94645414862536,EXPLORING
8080.244000,RGB_LIDAR,MIXED,run01,RGB_LIDAR,0.14485017955303192,0.350913941860199,0.2161458283662796,0.21666666865348816,0.2161458283662796,0.21666666865348816,3.1946349143981934,3412,13046022,113889,26417,516.9301279796352,33,2075,0,0,1555.095,50.46300506591797,-54.052425384521484,73.9464409668523,EXPLORING
8081.243000,RGB_LIDAR,MIXED,run01,RGB_LIDAR,0.14485406875610352,0.35091057419776917,0.2161458283662796,0.21666666865348816,0.2161458283662796,0.21666666865348816,2.900847911834717,3415,13057542,113890,26417,516.937491776895,33,2077,0,0,1556.094,50.46207046508789,-54.05271530151367,73.94601511222595,EXPLORING
8082.245000,RGB_LIDAR,MIXED,run01,RGB_LIDAR,0.1448582410812378,0.3509129285812378,0.2161458283662796,0.21666666865348816,0.2161458283662796,0.21666666865348816,5.53722620010376,3416,13061382,113890,26417,516.9490168491598,33,2078,0,0,1557.096,50.464603424072266,-54.0521125793457,73.94730306338612,EXPLORING
8083.243000,RGB_LIDAR,MIXED,run01,RGB_LIDAR,0.1448637843132019,0.3509150743484497,0.2161458283662796,0.21666666865348816,0.2161458283662796,0.21666666865348816,0.8430520296096802,3419,13072902,113890,26417,516.9575192084884,33,2079,0,0,1558.094,50.46240997314453,-54.05265808105469,73.94620496645376,EXPLORING
8084.243000,RGB_LIDAR,MIXED,run01,RGB_LIDAR,0.14486724138259888,0.35091468691825867,0.2161458283662796,0.21640625596046448,0.2161458283662796,0.21640625596046448,4.788131237030029,3421,13080582,113890,26417,516.9685147542223,33,2080,0,0,1559.094,50.46293258666992,-54.05280685424805,73.9466703499353,EXPLORING
8085.244000,RGB_LIDAR,MIXED,run01,RGB_LIDAR,0.14486978948116302,0.35091379284858704,0.2161458283662796,0.21666666865348816,0.2161458283662796,0.21666666865348816,2.3581740856170654,3422,13084422,113890,26417,516.9742672109435,33,2081,0,0,1560.095,50.46311950683594,-54.05281066894531,73.94680069402158,EXPLORING
8086.244000,RGB_LIDAR,MIXED,run01,RGB_LIDAR,0.14487531781196594,0.3509167432785034,0.2161458283662796,0.2174479216337204,0.2161458283662796,0.2174479216337204,1.0592119693756104,3424,13092102,113890,26417,516.9804588581867,33,2083,0,0,1561.095,50.46257400512695,-54.052371978759766,73.94610776937137,EXPLORING
8087.244000,RGB_LIDAR,MIXED,run01,RGB_LIDAR,0.14487800002098083,0.35091447830200195,0.2161458283662796,0.21718749403953552,0.2161458283662796,0.21718749403953552,0.807515025138855,3427,13103622,113890,26417,516.9903939959285,33,2084,0,0,1562.095,50.464027404785156,-54.05260467529297,73.94726967946802,EXPLORING
8088.259000,RGB_LIDAR,MIXED,run01,RGB_LIDAR,0.14488032460212708,0.35091179609298706,0.2161458283662796,0.2174479216337204,0.2161458283662796,0.2174479216337204,0.7167670130729675,3428,13107462,113890,26417,516.99604528943,33,2086,0,0,1563.110,50.46318054199219,-54.05239486694336,73.94653840611251,EXPLORING
8089.250000,RGB_LIDAR,MIXED,run01,RGB_LIDAR,0.1448844075202942,0.35091543197631836,0.2161458283662796,0.21640625596046448,0.2161458283662796,0.21640625596046448,0.7747219800949097,3429,13111302,113891,26417,517.0023381983433,33,2087,0,0,1564.101,50.46124267578125,-54.0533447265625,73.94591033134243,EXPLORING
8090.244000,RGB_LIDAR,MIXED,run01,RGB_LIDAR,0.14488740265369415,0.35091447830200195,0.2161458283662796,0.21666666865348816,0.2161458283662796,0.21666666865348816,1.1334760189056396,3430,13115142,113891,26417,517.0109550335874,33,2089,0,0,1565.095,50.46364974975586,-54.052547454833984,73.94697013601032,EXPLORING
8091.250000,RGB_LIDAR,MIXED,run01,RGB_LIDAR,0.14488989114761353,0.3509116768836975,0.2161458283662796,0.21718749403953552,0.2161458283662796,0.21718749403953552,0.778980016708374,3433,13126662,113891,26417,517.0178525327889,33,2090,0,0,1566.101,50.463382720947266,-54.05238723754883,73.94667079856656,EXPLORING
8092.244000,RGB_LIDAR,MIXED,run01,RGB_LIDAR,0.14489302039146423,0.35091257095336914,0.21666666865348816,0.2174479216337204,0.21666666865348816,0.2174479216337204,0.7822740077972412,3435,13134342,113891,26417,517.0284559116858,33,2092,0,0,1567.095,50.46244430541992,-54.05268478393555,73.94624791407733,EXPLORING
8093.243000,RGB_LIDAR,MIXED,run01,RGB_LIDAR,0.1448957473039627,0.3509102761745453,0.2161458283662796,0.21666666865348816,0.2161458283662796,0.21666666865348816,2.698340892791748,3437,13142022,113891,26417,517.0394509719689,33,2094,0,0,1568.094,50.464935302734375,-54.05213928222656,73.94754906408838,EXPLORING
8094.243000,RGB_LIDAR,MIXED,run01,RGB_LIDAR,0.14489877223968506,0.3509082496166229,0.21666666865348816,0.21666666865348816,0.21666666865348816,0.21666666865348816,2.318056106567383,3438,13145862,113891,26417,517.0605273792155,33,2095,0,0,1569.094,50.46110534667969,-54.05256271362305,73.945244978654,EXPLORING
8095.243000,RGB_LIDAR,MIXED,run01,RGB_LIDAR,0.1448996514081955,0.3509036600589752,0.2161458283662796,0.2174479216337204,0.2161458283662796,0.2174479216337204,1.5189989805221558,3441,13157382,113891,26417,517.0657121310578,33,2097,0,0,1570.094,50.464847564697266,-54.052154541015625,73.94750034295181,EXPLORING
8096.244000,RGB_LIDAR,MIXED,run01,RGB_LIDAR,0.1449020355939865,0.35090121626853943,0.21640625596046448,0.2174479216337204,0.21640625596046448,0.2174479216337204,0.9844030141830444,3442,13161222,113891,26417,517.0789232263206,33,2099,0,0,1571.095,50.463008880615234,-54.05256652832031,73.94654674198839,EXPLORING
8097.243000,RGB_LIDAR,MIXED,run01,RGB_LIDAR,0.1449054479598999,0.3509006202220917,0.2161458283662796,0.21666666865348816,0.2161458283662796,0.21666666865348816,1.0219810009002686,3443,13165062,113891,26417,517.0866284780267,33,2101,0,0,1572.094,50.46131896972656,-54.05253219604492,73.94536844628566,EXPLORING
8098.244000,RGB_LIDAR,MIXED,run01,RGB_LIDAR,0.14491066336631775,0.3509044647216797,0.2161458283662796,0.21666666865348816,0.2161458283662796,0.21666666865348816,0.6570720076560974,3446,13176582,113891,26417,517.0931481249709,33,2102,0,0,1573.095,50.46424865722656,-54.05233383178711,73.94722268949026,EXPLORING
8099.249000,RGB_LIDAR,MIXED,run01,RGB_LIDAR,0.14491276443004608,0.35090258717536926,0.2161458283662796,0.21666666865348816,0.2161458283662796,0.21666666865348816,0.9373530149459839,3448,13184262,113891,26417,517.10511365225,33,2102,0,0,1574.100,50.46227264404297,-54.05290985107422,73.9462952907988,EXPLORING
8100.243000,RGB_LIDAR,MIXED,run01,RGB_LIDAR,0.14491790533065796,0.3509061634540558,0.2161458283662796,0.2174479216337204,0.2161458283662796,0.2174479216337204,1.7555619478225708,3450,13191942,113891,26417,517.117119762801,33,2103,0,0,1575.094,50.462467193603516,-54.052799224853516,73.94634718658926,EXPLORING
8101.247000,RGB_LIDAR,MIXED,run01,RGB_LIDAR,0.14492098987102509,0.3509056866168976,0.2161458283662796,0.21666666865348816,0.2161458283662796,0.21666666865348816,5.9858269691467285,3453,13203462,113891,26417,517.1226077323084,33,2104,0,0,1576.098,50.463443756103516,-54.05230712890625,73.94665389299195,EXPLORING
8102.244000,RGB_LIDAR,MIXED,run01,RGB_LIDAR,0.14492440223693848,0.3509053885936737,0.21666666865348816,0.21666666865348816,0.21666666865348816,0.21666666865348816,3.2289419174194336,3455,13211142,113891,26417,517.1382627204798,33,2104,0,0,1577.095,50.459938049316406,-54.052730560302734,73.94457112043794,EXPLORING
8103.244000,RGB_LIDAR,MIXED,run01,RGB_LIDAR,0.1449284553527832,0.35090821981430054,0.2161458283662796,0.21666666865348816,0.2161458283662796,0.21666666865348816,1.199607014656067,3459,13226502,113891,26417,517.1449397874954,33,2105,0,0,1578.095,50.462127685546875,-54.05267333984375,73.94602348648232,EXPLORING
8104.244000,RGB_LIDAR,MIXED,run01,RGB_LIDAR,0.1449308842420578,0.35090771317481995,0.2161458283662796,0.21666666865348816,0.2161458283662796,0.21666666865348816,2.0807769298553467,3460,13230342,113891,26417,517.1485626912856,33,2106,0,0,1579.095,50.46345520019531,-54.052833557128906,73.94704650474704,EXPLORING
8105.243000,RGB_LIDAR,MIXED,run01,RGB_LIDAR,0.1449361890554428,0.3509093225002289,0.2161458283662796,0.21666666865348816,0.2161458283662796,0.21666666865348816,2.845618963241577,3462,13238022,113891,26417,517.1588730129474,33,2107,0,0,1580.094,50.4620475769043,-54.053070068359375,73.94625882059061,EXPLORING
8106.245000,RGB_LIDAR,MIXED,run01,RGB_LIDAR,0.14493964612483978,0.3509119749069214,0.21588541567325592,0.21666666865348816,0.21588541567325592,0.21666666865348816,0.8641690015792847,3464,13245702,113891,26417,517.1730269031731,33,2108,0,0,1581.096,50.46348190307617,-54.0527229309082,73.94698386271816,EXPLORING
8107.243000,RGB_LIDAR,MIXED,run01,RGB_LIDAR,0.14494134485721588,0.3509106934070587,0.2161458283662796,0.21666666865348816,0.2161458283662796,0.21666666865348816,8.409560203552246,3466,13253382,113891,26417,517.1788674827982,33,2109,0,0,1582.094,50.461524963378906,-54.052696228027344,73.94562892011382,EXPLORING
8108.243000,RGB_LIDAR,MIXED,run01,RGB_LIDAR,0.14494481682777405,0.3509112000465393,0.2161458283662796,0.2174479216337204,0.2161458283662796,0.2174479216337204,1.7331260442733765,3467,13257222,113891,26417,517.1835237273182,33,2110,0,0,1583.094,50.46273422241211,-54.052650451660156,73.94642065883767,EXPLORING
8109.243000,RGB_LIDAR,MIXED,run01,RGB_LIDAR,0.14494915306568146,0.3509146571159363,0.2161458283662796,0.21666666865348816,0.2161458283662796,0.21666666865348816,1.0709320306777954,3469,13264902,113891,26417,517.1918142261961,33,2110,0,0,1584.094,50.46179962158203,-54.05314636230469,73.94614538606922,EXPLORING
8110.244000,RGB_LIDAR,MIXED,run01,RGB_LIDAR,0.14495334029197693,0.35091838240623474,0.2161458283662796,0.2174479216337204,0.2161458283662796,0.2174479216337204,0.7781820297241211,3472,13276422,113891,26417,517.2020189063846,33,2112,0,0,1585.095,50.46053695678711,-54.05293655395508,73.94513038654678,EXPLORING
8111.243000,RGB_LIDAR,MIXED,run01,RGB_LIDAR,0.14495594799518585,0.35091713070869446,0.2161458283662796,0.21666666865348816,0.2161458283662796,0.21666666865348816,4.455481052398682,3473,13280262,113891,26417,517.2128374646924,33,2113,0,0,1586.094,50.460731506347656,-54.05316162109375,73.94542766669352,RETURNING
8112.244000,RGB_LIDAR,MIXED,run01,RGB_LIDAR,0.14496134221553802,0.350921094417572,0.2161458283662796,0.21666666865348816,0.2161458283662796,0.21666666865348816,0.7698689699172974,3476,13291782,113891,26417,517.2169969221274,33,2114,0,0,1587.095,50.46290588378906,-54.053104400634766,73.94686962641308,RETURNING
8113.244000,RGB_LIDAR,MIXED,run01,RGB_LIDAR,0.14496468007564545,0.3509209454059601,0.2161458283662796,0.21692708134651184,0.2161458283662796,0.21692708134651184,1.1386469602584839,3478,13299462,113891,26417,517.2262118982467,33,2115,0,0,1588.095,50.46199417114258,-54.05302429199219,73.94618891495647,RETURNING
8114.244000,RGB_LIDAR,MIXED,run01,RGB_LIDAR,0.14496706426143646,0.35092175006866455,0.2161458283662796,0.21666666865348816,0.2161458283662796,0.21666666865348816,0.6838070154190063,3480,13307142,113891,26417,517.2318219362107,33,2116,0,0,1589.095,50.46281814575195,-54.05272674560547,73.9465336974711,RETURNING
8115.244000,RGB_LIDAR,MIXED,run01,RGB_LIDAR,0.14497017860412598,0.3509230315685272,0.2161458283662796,0.21666666865348816,0.2161458283662796,0.21666666865348816,1.3467789888381958,3482,13314822,113891,26417,517.2416532354773,33,2118,0,0,1590.095,50.46290969848633,-54.052947998046875,73.94675790327717,RETURNING
8116.243000,RGB_LIDAR,MIXED,run01,RGB_LIDAR,0.14497312903404236,0.350922167301178,0.2161458283662796,0.21666666865348816,0.2161458283662796,0.21666666865348816,0.8279659748077393,3484,13322502,113891,26417,517.2461325228198,33,2119,0,0,1591.094,50.46202850341797,-54.052650451660156,73.94593907372047,RETURNING
8117.243000,RGB_LIDAR,MIXED,run01,RGB_LIDAR,0.14497528970241547,0.3509214222431183,0.2161458283662796,0.21666666865348816,0.2161458283662796,0.21666666865348816,0.9029219746589661,3487,13334022,113891,26417,517.2533922551594,33,2121,0,0,1592.094,50.46416091918945,-54.052711486816406,73.94743886720897,RETURNING
8118.244000,RGB_LIDAR,MIXED,run01,RGB_LIDAR,0.14497879147529602,0.3509223461151123,0.2161458283662796,0.2174479216337204,0.2161458283662796,0.2174479216337204,3.655466079711914,3489,13341702,113891,26417,517.261251182326,33,2122,0,0,1593.095,50.4622917175293,-54.052799224853516,73.94622744127918,RETURNING
8119.246000,RGB_LIDAR,MIXED,run01,RGB_LIDAR,0.1449844241142273,0.35092636942863464,0.2161458283662796,0.21666666865348816,0.2161458283662796,0.21666666865348816,1.7363860607147217,3491,13349382,113891,26417,517.2658091097547,33,2123,0,0,1594.097,50.463844299316406,-54.05289840698242,73.94735943355187,RETURNING
8120.243000,RGB_LIDAR,MIXED,run01,RGB_LIDAR,0.14498840272426605,0.35092976689338684,0.2161458283662796,0.21666666865348816,0.2161458283662796,0.21666666865348816,0.7533559799194336,3493,13357062,113891,26417,517.2707367064125,33,2124,0,0,1595.094,50.46181869506836,-54.053253173828125,73.94623647914197,RETURNING
8121.243000,RGB_LIDAR,MIXED,run01,RGB_LIDAR,0.14499330520629883,0.3509368300437927,0.2161458283662796,0.21666666865348816,0.2161458283662796,0.21666666865348816,1.29236900806427,3494,13360902,113891,26417,517.2792431762597,33,2126,0,0,1596.094,50.45872116088867,-54.05302810668945,73.94395824594872,RETURNING
8122.244000,RGB_LIDAR,MIXED,run01,RGB_LIDAR,0.14499729871749878,0.3509392738342285,0.2161458283662796,0.21666666865348816,0.2161458283662796,0.21666666865348816,1.435271978378296,3496,13368582,113891,26417,517.2926560897585,33,2127,0,0,1597.095,50.464508056640625,-54.053165435791016,73.94800757975328,RETURNING
8123.243000,RGB_LIDAR,MIXED,run01,RGB_LIDAR,0.14500302076339722,0.35095053911209106,0.2161458283662796,0.21666666865348816,0.2161458283662796,0.21666666865348816,4.507122039794922,3498,13376262,113891,26417,517.3073525651226,33,2129,0,0,1598.094,50.46568298339844,-54.052494049072266,73.94831861968272,RETURNING
8124.243000,RGB_LIDAR,MIXED,run01,RGB_LIDAR,0.14500509202480316,0.35094961524009705,0.2161458283662796,0.21666666865348816,0.2161458283662796,0.21666666865348816,3.5011730194091797,3500,13383942,113891,26417,517.3160229365544,33,2129,0,0,1599.094,50.46355438232422,-54.05244827270508,73.94683255718846,RETURNING
8125.244000,RGB_LIDAR,MIXED,run01,RGB_LIDAR,0.1450093537569046,0.3509528338909149,0.2161458283662796,0.21692708134651184,0.2161458283662796,0.21692708134651184,0.7801799774169922,3503,13395462,113891,26417,517.3233712327911,33,2130,0,0,1600.095,50.465484619140625,-54.05201721191406,73.94783470521709,RETURNING
8126.243000,RGB_LIDAR,MIXED,run01,RGB_LIDAR,0.145014226436615,0.35095876455307007,0.2161458283662796,0.21666666865348816,0.2161458283662796,0.21666666865348816,1.0342999696731567,3505,13403142,113891,26417,517.3335281384363,33,2131,0,0,1601.094,50.464603424072266,-54.05267333984375,73.9477129563607,RETURNING
8127.246000,RGB_LIDAR,MIXED,run01,RGB_LIDAR,0.14501658082008362,0.35095691680908203,0.2161458283662796,0.21666666865348816,0.2161458283662796,0.21666666865348816,1.3450709581375122,3506,13406982,113891,26417,517.3392028027195,33,2131,0,0,1602.097,50.46337890625,-54.052886962890625,73.94703347903885,RETURNING
8128.244000,RGB_LIDAR,MIXED,run01,RGB_LIDAR,0.14501935243606567,0.3509557247161865,0.2161458283662796,0.21666666865348816,0.2161458283662796,0.21666666865348816,1.745695948600769,3509,13418502,113891,26417,517.3498716182138,33,2132,0,0,1603.095,50.46187973022461,-54.052860260009766,73.94599091648143,RETURNING
8129.243000,RGB_LIDAR,MIXED,run01,RGB_LIDAR,0.1450231969356537,0.3509554862976074,0.2161458283662796,0.21666666865348816,0.2161458283662796,0.21666666865348816,1.929144024848938,3511,13426182,113891,26417,517.3540503259063,33,2132,0,0,1604.094,50.459537506103516,-54.053184509277344,73.94462963146158,RETURNING
8130.243000,RGB_LIDAR,MIXED,run01,RGB_LIDAR,0.1450263112783432,0.3509571850299835,0.2161458283662796,0.21718749403953552,0.2161458283662796,0.21718749403953552,0.7500870227813721,3513,13433862,113891,26417,517.3612295496215,33,2134,0,0,1605.094,50.46211242675781,-54.05263137817383,73.94598240082524,RETURNING
8131.244000,RGB_LIDAR,MIXED,run01,RGB_LIDAR,0.1450285017490387,0.3509591817855835,0.2161458283662796,0.21666666865348816,0.2161458283662796,0.21666666865348816,0.9046710133552551,3516,13445382,113891,26417,517.3634246625011,33,2135,0,0,1606.095,50.46163558959961,-54.052772521972656,73.94576018060347,RETURNING
8132.243000,RGB_LIDAR,MIXED,run01,RGB_LIDAR,0.14503222703933716,0.35096049308776855,0.2161458283662796,0.21692708134651184,0.2161458283662796,0.21692708134651184,3.57069993019104,3518,13453062,113891,26417,517.3700557614104,33,2136,0,0,1607.094,50.46220016479492,-54.052833557128906,73.94619006168992,RETURNING
8133.245000,RGB_LIDAR,MIXED,run01,RGB_LIDAR,0.14503449201583862,0.350960373878479,0.2161458283662796,0.21666666865348816,0.2161458283662796,0.21666666865348816,1.244704008102417,3519,13456902,113892,26417,517.3785055157845,33,2136,0,0,1608.096,50.46500015258789,-54.05277633666992,73.94805897857297,RETURNING
8134.243000,RGB_LIDAR,MIXED,run01,RGB_LIDAR,0.14503724873065948,0.35096022486686707,0.2161458283662796,0.21666666865348816,0.2161458283662796,0.21666666865348816,0.7222390174865723,3521,13464582,113892,26417,517.383100108009,33,2137,0,0,1609.094,50.46481704711914,-54.05259704589844,73.94780296928094,RETURNING
8135.244000,RGB_LIDAR,MIXED,run01,RGB_LIDAR,0.1450408697128296,0.3509625494480133,0.2161458283662796,0.21666666865348816,0.2161458283662796,0.21666666865348816,3.710927963256836,3523,13472262,113892,26417,517.3879408635399,33,2138,0,0,1610.095,50.463748931884766,-54.052738189697266,73.94717724003512,RETURNING
8136.244000,RGB_LIDAR,MIXED,run01,RGB_LIDAR,0.14504198729991913,0.3509569466114044,0.2161458283662796,0.21718749403953552,0.2161458283662796,0.21718749403953552,1.0073260068893433,3525,13479942,113893,26417,517.3950290022813,33,2139,0,0,1611.095,50.46510696411133,-54.05257034301758,73.94798129650941,RETURNING
8137.244000,RGB_LIDAR,MIXED,run01,RGB_LIDAR,0.14504624903202057,0.35096418857574463,0.2161458283662796,0.21718749403953552,0.2161458283662796,0.21718749403953552,1.5728509426116943,3528,13491462,113893,26417,517.4000573882674,33,2140,0,0,1612.095,50.461761474609375,-54.05276870727539,73.94584329578116,RETURNING
8138.244000,RGB_LIDAR,MIXED,run01,RGB_LIDAR,0.145049050450325,0.3509632647037506,0.2161458283662796,0.21666666865348816,0.2161458283662796,0.21666666865348816,1.362934947013855,3530,13499142,113893,26417,517.4050981791827,33,2140,0,0,1613.095,50.462989807128906,-54.05314254760742,73.94695478054766,RETURNING
8139.243000,RGB_LIDAR,MIXED,run01,RGB_LIDAR,0.14505213499069214,0.35096389055252075,0.2161458283662796,0.21666666865348816,0.2161458283662796,0.21666666865348816,0.6508190035820007,3532,13506822,113893,26417,517.4104156140753,33,2141,0,0,1614.094,50.46306228637695,-54.05302810668945,73.94692058742163,RETURNING
8140.244000,RGB_LIDAR,MIXED,run01,RGB_LIDAR,0.14505334198474884,0.350960373878479,0.2161458283662796,0.21666666865348816,0.2161458283662796,0.21666666865348816,0.7784029841423035,3534,13514502,113893,26417,517.4200413051877,33,2142,0,0,1615.095,50.46440124511719,-54.05287170410156,73.94771998256422,RETURNING
8141.245000,RGB_LIDAR,MIXED,run01,RGB_LIDAR,0.14505606889724731,0.3509601950645447,0.2161458283662796,0.21666666865348816,0.2161458283662796,0.21666666865348816,1.2106930017471313,3536,13522182,113893,26417,517.429841322644,33,2143,0,0,1616.096,50.46474838256836,-54.053314208984375,73.9482803298399,RETURNING
8142.247000,RGB_LIDAR,MIXED,run01,RGB_LIDAR,0.14505939185619354,0.35096079111099243,0.2161458283662796,0.21666666865348816,0.2161458283662796,0.21666666865348816,1.1480380296707153,3538,13529862,113893,26417,517.437482925336,33,2144,0,0,1617.098,50.46375274658203,-54.052955627441406,73.94733878319494,RETURNING
8143.244000,RGB_LIDAR,MIXED,run01,RGB_LIDAR,0.1450626254081726,0.350962370634079,0.2161458283662796,0.21666666865348816,0.2161458283662796,0.21666666865348816,1.488497018814087,3540,13537542,113893,26417,517.4473490574483,33,2145,0,0,1618.095,50.46377944946289,-54.052459716796875,73.94699451142178,RETURNING
8144.243000,RGB_LIDAR,MIXED,run01,RGB_LIDAR,0.14506623148918152,0.35096418857574463,0.2161458283662796,0.21692708134651184,0.2161458283662796,0.21692708134651184,0.8435770273208618,3542,13545222,113893,26417,517.4538892536967,33,2146,0,0,1619.094,50.463890075683594,-54.05267333984375,73.94722615541303,RETURNING
8145.243000,RGB_LIDAR,MIXED,run01,RGB_LIDAR,0.14507044851779938,0.35096877813339233,0.2161458283662796,0.21666666865348816,0.2161458283662796,0.21666666865348816,2.9932849407196045,3544,13552902,113893,26417,517.4625756477649,33,2147,0,0,1620.094,50.46205139160156,-54.05323028564453,73.94637853953408,RETURNING
8146.244000,RGB_LIDAR,MIXED,run01,RGB_LIDAR,0.14507240056991577,0.3509666919708252,0.2161458283662796,0.21666666865348816,0.2161458283662796,0.21666666865348816,0.7709130048751831,3547,13564422,113893,26417,517.4717192625163,33,2148,0,0,1621.095,50.46368408203125,-54.05297088623047,73.94730307944234,RETURNING
8147.243000,RGB_LIDAR,MIXED,run01,RGB_LIDAR,0.14507436752319336,0.35096269845962524,0.2161458283662796,0.21666666865348816,0.2161458283662796,0.21666666865348816,0.5931730270385742,3549,13572102,113893,26417,517.4787434624726,33,2149,0,0,1622.094,50.46192932128906,-54.053192138671875,73.94626735438648,RETURNING
8148.245000,RGB_LIDAR,MIXED,run01,RGB_LIDAR,0.1450766623020172,0.35096222162246704,0.2161458283662796,0.21666666865348816,0.2161458283662796,0.21666666865348816,1.0654300451278687,3551,13579782,113893,26417,517.4864478147146,33,2150,0,0,1623.096,50.46432876586914,-54.05282974243164,73.9476398490783,RETURNING
8149.244000,RGB_LIDAR,MIXED,run01,RGB_LIDAR,0.14507976174354553,0.3509621024131775,0.2161458283662796,0.21666666865348816,0.2161458283662796,0.21666666865348816,1.9953500032424927,3554,13591302,113893,26417,517.4962794584202,33,2151,0,0,1624.095,50.46535873413086,-54.052974700927734,73.94844867856742,RETURNING
8150.251000,RGB_LIDAR,MIXED,run01,RGB_LIDAR,0.1450834721326828,0.35096436738967896,0.2161458283662796,0.21666666865348816,0.2161458283662796,0.21666666865348816,1.0317169427871704,3555,13595142,113894,26417,517.5064135007466,33,2153,0,0,1625.102,50.46450424194336,-54.05254364013672,73.94755046714579,RETURNING
8151.243000,RGB_LIDAR,MIXED,run01,RGB_LIDAR,0.1450863778591156,0.35096538066864014,0.2161458283662796,0.21666666865348816,0.2161458283662796,0.21666666865348816,4.824123859405518,3557,13602822,113894,26417,517.514482744217,33,2154,0,0,1626.094,50.46696853637695,-54.052581787109375,73.9492600551343,RETURNING
8152.243000,RGB_LIDAR,MIXED,run01,RGB_LIDAR,0.14509032666683197,0.35097038745880127,0.2161458283662796,0.21666666865348816,0.2161458283662796,0.21666666865348816,0.8724279999732971,3559,13610502,113894,26417,517.5208540084253,33,2155,0,0,1627.094,50.46501541137695,-54.05220413208008,73.94765113460312,RETURNING
8153.243000,RGB_LIDAR,MIXED,run01,RGB_LIDAR,0.1450928896665573,0.3509692847728729,0.2161458283662796,0.21666666865348816,0.2161458283662796,0.21666666865348816,1.1179219484329224,3561,13618182,113894,26417,517.5246401776518,33,2155,0,0,1628.094,50.465518951416016,-54.05280685424805,73.94843532605069,RETURNING
8154.243000,RGB_LIDAR,MIXED,run01,RGB_LIDAR,0.1450960338115692,0.3509708642959595,0.2161458283662796,0.2174479216337204,0.2161458283662796,0.2174479216337204,1.8333660364151,3564,13629702,113894,26417,517.532027189941,33,2157,0,0,1629.094,50.46385955810547,-54.052947998046875,73.94740609579266,RETURNING
8155.243000,RGB_LIDAR,MIXED,run01,RGB_LIDAR,0.14509882032871246,0.3509702980518341,0.2161458283662796,0.21666666865348816,0.2161458283662796,0.21666666865348816,3.4299468994140625,3566,13637382,113895,26417,517.5407704943759,33,2157,0,0,1630.094,50.4644775390625,-54.05357360839844,73.94828511441949,RETURNING
8156.243000,RGB_LIDAR,MIXED,run01,RGB_LIDAR,0.14510269463062286,0.35097309947013855,0.2161458283662796,0.21666666865348816,0.2161458283662796,0.21666666865348816,1.3548640012741089,3568,13645062,113896,26417,517.5437200083409,33,2158,0,0,1631.094,50.465152740478516,-54.052696228027344,73.94810455191107,RETURNING
8157.243000,RGB_LIDAR,MIXED,run01,RGB_LIDAR,0.1451048105955124,0.35097381472587585,0.2161458283662796,0.21718749403953552,0.2161458283662796,0.21718749403953552,10.536985397338867,3570,13652742,113897,26417,517.5475212148791,33,2160,0,0,1632.094,50.465152740478516,-54.052886962890625,73.94824397106225,RETURNING
8158.254000,RGB_LIDAR,MIXED,run01,RGB_LIDAR,0.14510679244995117,0.35097411274909973,0.2161458283662796,0.21666666865348816,0.2161458283662796,0.21666666865348816,1.1865710020065308,3572,13660422,113897,26417,517.5554528719191,33,2160,0,0,1633.105,50.46346664428711,-54.052772521972656,73.94700969948359,RETURNING
8159.243000,RGB_LIDAR,MIXED,run01,RGB_LIDAR,0.14511077105998993,0.35097673535346985,0.2161458283662796,0.21666666865348816,0.2161458283662796,0.21666666865348816,1.8461099863052368,3575,13671942,113898,26417,517.5612002482217,33,2161,0,0,1634.094,50.46482849121094,-54.053035736083984,73.94813144405109,RETURNING
8160.243000,RGB_LIDAR,MIXED,run01,RGB_LIDAR,0.14511236548423767,0.35097378492355347,0.2161458283662796,0.21666666865348816,0.2161458283662796,0.21666666865348816,1.7903920412063599,3577,13679622,113898,26417,517.5651686953863,33,2162,0,0,1635.094,50.46737289428711,-54.05239486694336,73.9493993769589,RETURNING
8161.245000,RGB_LIDAR,MIXED,run01,RGB_LIDAR,0.14511637389659882,0.35097625851631165,0.2161458283662796,0.21666666865348816,0.2161458283662796,0.21666666865348816,1.5567549467086792,3579,13687302,113898,26417,517.5709025916385,33,2163,0,0,1636.096,50.46554946899414,-54.05260467529297,73.94830836836617,RETURNING
8162.246000,RGB_LIDAR,MIXED,run01,RGB_LIDAR,0.1451200544834137,0.3509770333766937,0.2161458283662796,0.21666666865348816,0.2161458283662796,0.21666666865348816,2.064276933670044,3581,13694982,113898,26417,517.5805409180872,33,2163,0,0,1637.097,50.464046478271484,-54.05344009399414,73.94789335884667,RETURNING
8163.243000,RGB_LIDAR,MIXED,run01,RGB_LIDAR,0.14512234926223755,0.35097625851631165,0.2161458283662796,0.21666666865348816,0.2161458283662796,0.21666666865348816,0.7458379864692688,3583,13702662,113898,26417,517.5870605508002,33,2165,0,0,1638.094,50.46786117553711,-54.05253982543945,73.94983855672055,RETURNING
8164.247000,RGB_LIDAR,MIXED,run01,RGB_LIDAR,0.1451268345117569,0.3509776294231415,0.2161458283662796,0.21666666865348816,0.2161458283662796,0.21666666865348816,1.0763039588928223,3585,13710342,113898,26417,517.5955862160782,33,2167,0,0,1639.098,50.46640396118164,-54.052799224853516,73.94903370507683,RETURNING
8165.250000,RGB_LIDAR,MIXED,run01,RGB_LIDAR,0.1451280117034912,0.3509751856327057,0.2161458283662796,0.21666666865348816,0.2161458283662796,0.21666666865348816,0.7819179892539978,3587,13718022,113898,26417,517.6063896453544,33,2168,0,0,1640.101,50.465782165527344,-54.052818298339844,73.94862331532546,RETURNING
8166.243000,RGB_LIDAR,MIXED,run01,RGB_LIDAR,0.14513075351715088,0.3509746491909027,0.2161458283662796,0.21666666865348816,0.2161458283662796,0.21666666865348816,1.5327990055084229,3589,13725702,113898,26417,517.612376096837,33,2169,0,0,1641.094,50.46535873413086,-54.052825927734375,73.94833993173437,RETURNING
8167.243000,RGB_LIDAR,MIXED,run01,RGB_LIDAR,0.1451348066329956,0.3509789705276489,0.2161458283662796,0.2174479216337204,0.2161458283662796,0.2174479216337204,1.3510619401931763,3592,13737222,113898,26417,517.6188655812913,33,2170,0,0,1642.094,50.46556854248047,-54.05249786376953,73.94824331036055,RETURNING
8168.243000,RGB_LIDAR,MIXED,run01,RGB_LIDAR,0.14513806998729706,0.35098010301589966,0.2161458283662796,0.21666666865348816,0.2161458283662796,0.21666666865348816,1.2271579504013062,3594,13744902,113898,26417,517.6268796172571,33,2171,0,0,1643.094,50.46509552001953,-54.05255126953125,73.94795954489517,RETURNING
8169.243000,RGB_LIDAR,MIXED,run01,RGB_LIDAR,0.14514172077178955,0.3509814441204071,0.2161458283662796,0.21692708134651184,0.2161458283662796,0.21692708134651184,1.4461989402770996,3596,13752582,113898,26417,517.6345536840075,33,2173,0,0,1644.094,50.4661979675293,-54.052799224853516,73.94889312865864,RETURNING
8170.243000,RGB_LIDAR,MIXED,run01,RGB_LIDAR,0.14514338970184326,0.3509811758995056,0.2161458283662796,0.21666666865348816,0.2161458283662796,0.21666666865348816,1.42398202419281,3597,13756422,113898,26417,517.639575531755,33,2175,0,0,1645.094,50.4665412902832,-54.052467346191406,73.94888483697564,RETURNING
8171.244000,RGB_LIDAR,MIXED,run01,RGB_LIDAR,0.1451476663351059,0.3509845733642578,0.2161458283662796,0.21666666865348816,0.2161458283662796,0.21666666865348816,0.6853629946708679,3599,13764102,113898,26417,517.6458328751214,33,2175,0,0,1646.095,50.46626663208008,-54.052494049072266,73.94871691936036,RETURNING
8172.243000,RGB_LIDAR,MIXED,run01,RGB_LIDAR,0.14515015482902527,0.35098326206207275,0.2161458283662796,0.21666666865348816,0.2161458283662796,0.21666666865348816,3.739403009414673,3602,13775622,113898,26417,517.6550900265961,33,2176,0,0,1647.094,50.46564865112305,-54.052734375,73.94847085742467,RETURNING
8173.243000,RGB_LIDAR,MIXED,run01,RGB_LIDAR,0.14515313506126404,0.35098332166671753,0.2161458283662796,0.21692708134651184,0.2161458283662796,0.21692708134651184,2.072451114654541,3604,13783302,113898,26417,517.6653788554793,33,2177,0,0,1648.094,50.466461181640625,-54.05296325683594,73.94919265325113,RETURNING
8174.243000,RGB_LIDAR,MIXED,run01,RGB_LIDAR,0.1451568752527237,0.3509867787361145,0.2161458283662796,0.21666666865348816,0.2161458283662796,0.21666666865348816,1.44815194606781,3606,13790982,113898,26417,517.6724386179243,33,2178,0,0,1649.094,50.46435546875,-54.052982330322266,73.94776960781545,RETURNING
8175.243000,RGB_LIDAR,MIXED,run01,RGB_LIDAR,0.14515848457813263,0.3509872555732727,0.2161458283662796,0.21666666865348816,0.2161458283662796,0.21666666865348816,2.6269381046295166,3608,13798662,113898,26417,517.682139576,33,2179,0,0,1650.094,50.46647644042969,-54.052974700927734,73.94921143138045,RETURNING
8176.243000,RGB_LIDAR,MIXED,run01,RGB_LIDAR,0.1451621949672699,0.35099002718925476,0.2161458283662796,0.21666666865348816,0.2161458283662796,0.21666666865348816,1.2376749515533447,3609,13802502,113898,26417,517.691258643366,33,2180,0,0,1651.094,50.46694564819336,-54.0528564453125,73.94944519552081,RETURNING
8177.244000,RGB_LIDAR,MIXED,run01,RGB_LIDAR,0.14516746997833252,0.3509941101074219,0.2161458283662796,0.21666666865348816,0.2161458283662796,0.21666666865348816,2.554893970489502,3611,13810182,113898,26417,517.6999496428937,33,2181,0,0,1652.095,50.46649169921875,-54.052757263183594,73.94906290848027,RETURNING
8178.244000,RGB_LIDAR,MIXED,run01,RGB_LIDAR,0.14516866207122803,0.3509930968284607,0.2161458283662796,0.2161458283662796,0.2161458283662796,0.2161458283662796,0.8122810125350952,3614,13821702,113898,26417,517.704054554927,33,2182,0,0,1653.095,50.4638671875,-54.053218841552734,73.94760928022578,RETURNING
8179.247000,RGB_LIDAR,MIXED,run01,RGB_LIDAR,0.14517199993133545,0.35099610686302185,0.2161458283662796,0.21666666865348816,0.2161458283662796,0.21666666865348816,3.416532039642334,3616,13829382,113898,26417,517.7106885818278,33,2183,0,0,1654.098,50.467262268066406,-54.05294418334961,73.94972540001793,RETURNING
8180.245000,RGB_LIDAR,MIXED,run01,RGB_LIDAR,0.14517539739608765,0.3509959280490875,0.2161458283662796,0.2174479216337204,0.2161458283662796,0.2174479216337204,4.309263229370117,3618,13837062,113898,26417,517.7152639194376,33,2184,0,0,1655.096,50.46514129638672,-54.05296325683594,73.94829192909394,RETURNING
8181.243000,RGB_LIDAR,MIXED,run01,RGB_LIDAR,0.14517958462238312,0.35100090503692627,0.2161458283662796,0.21666666865348816,0.2161458283662796,0.21666666865348816,3.0243139266967773,3620,13844742,113898,26417,517.7232088128461,33,2185,0,0,1656.094,50.46549606323242,-54.0528678894043,73.94846432058567,RETURNING
8182.249000,RGB_LIDAR,MIXED,run01,RGB_LIDAR,0.14518386125564575,0.3510071635246277,0.21718749403953552,0.2174479216337204,0.21718749403953552,0.2174479216337204,1.176522970199585,3621,13848582,113899,26417,517.7309321361382,33,2186,0,0,1657.100,50.46474075317383,-54.05312728881836,73.94813849162539,RETURNING
8183.245000,RGB_LIDAR,MIXED,run01,RGB_LIDAR,0.14518530666828156,0.3510053753852844,0.2161458283662796,0.21666666865348816,0.2161458283662796,0.21666666865348816,2.5794639587402344,3622,13852422,113899,26417,517.7436519583011,33,2187,0,0,1658.096,50.46554183959961,-54.05333709716797,73.94883853030893,RETURNING
8184.244000,RGB_LIDAR,MIXED,run01,RGB_LIDAR,0.1451873630285263,0.3510051965713501,0.2161458283662796,0.2174479216337204,0.2161458283662796,0.2174479216337204,0.9628790020942688,3624,13860102,113899,26417,517.7517808366238,33,2189,0,0,1659.095,50.468624114990234,-54.052757263183594,73.95051815470397,RETURNING
8185.245000,RGB_LIDAR,MIXED,run01,RGB_LIDAR,0.14518976211547852,0.35100263357162476,0.21666666865348816,0.2174479216337204,0.21666666865348816,0.2174479216337204,0.8199189901351929,3626,13867782,113899,26417,517.760286473417,33,2190,0,0,1660.096,50.4660530090332,-54.05277633666992,73.94877747453768,RETURNING
8186.243000,RGB_LIDAR,MIXED,run01,RGB_LIDAR,0.14519110321998596,0.3510008752346039,0.2161458283662796,0.21640625596046448,0.2161458283662796,0.21640625596046448,1.361598014831543,3628,13875462,113899,26417,517.7704517228293,33,2192,0,0,1661.094,50.46328353881836,-54.05344772338867,73.94737830016852,RETURNING
8187.243000,RGB_LIDAR,MIXED,run01,RGB_LIDAR,0.14519262313842773,0.35099929571151733,0.2161458283662796,0.2174479216337204,0.2161458283662796,0.2174479216337204,0.9890300035476685,3630,13883142,113899,26417,517.7821502488595,33,2193,0,0,1662.094,50.46578598022461,-54.05358123779297,73.94918359388467,RETURNING
8188.246000,RGB_LIDAR,MIXED,run01,RGB_LIDAR,0.14519718289375305,0.35100212693214417,0.2161458283662796,0.21666666865348816,0.2161458283662796,0.21666666865348816,10.399626731872559,3632,13890822,113899,26417,517.7915279101915,33,2195,0,0,1663.097,50.464664459228516,-54.05353546142578,73.94838478705068,RETURNING
8189.243000,RGB_LIDAR,MIXED,run01,RGB_LIDAR,0.14519992470741272,0.3510022461414337,0.2161458283662796,0.21718749403953552,0.2161458283662796,0.21718749403953552,3.8394649028778076,3634,13898502,113899,26417,517.7984568499527,33,2196,0,0,1664.094,50.46556091308594,-54.053096771240234,73.94867587835891,RETURNING
8190.243000,RGB_LIDAR,MIXED,run01,RGB_LIDAR,0.14520172774791718,0.35100072622299194,0.2161458283662796,0.21666666865348816,0.2161458283662796,0.21666666865348816,0.8761829733848572,3637,13910022,113899,26417,517.8029236529904,33,2197,0,0,1665.094,50.46772766113281,-54.05286407470703,73.9499844474432,RETURNING
8191.243000,RGB_LIDAR,MIXED,run01,RGB_LIDAR,0.14520783722400665,0.3510083556175232,0.2161458283662796,0.2174479216337204,0.2161458283662796,0.2174479216337204,1.0196410417556763,3639,13917702,113899,26417,517.8123211796625,33,2199,0,0,1666.094,50.466434478759766,-54.05289840698242,73.94912702837576,RETURNING
8192.243000,RGB_LIDAR,MIXED,run01,RGB_LIDAR,0.14520908892154694,0.3510054051876068,0.21666666865348816,0.21666666865348816,0.21666666865348816,0.21666666865348816,1.4269499778747559,3641,13925382,113899,26417,517.81715439508,33,2200,0,0,1667.094,50.46627426147461,-54.052799224853516,73.94894519396296,RETURNING
8193.248000,RGB_LIDAR,MIXED,run01,RGB_LIDAR,0.14521178603172302,0.3510032296180725,0.2161458283662796,0.21718749403953552,0.2161458283662796,0.21718749403953552,14.05871868133545,3643,13933062,113899,26417,517.8219147311535,33,2201,0,0,1668.099,50.464473724365234,-54.053348541259766,73.94811799464453,RETURNING
8194.243000,RGB_LIDAR,MIXED,run01,RGB_LIDAR,0.14521482586860657,0.35100242495536804,0.2161458283662796,0.2161458283662796,0.2161458283662796,0.2161458283662796,1.7993810176849365,3645,13940742,113901,26417,517.8292893724704,33,2201,0,0,1669.094,50.463897705078125,-54.05338668823242,73.94775279655649,RETURNING
8195.244000,RGB_LIDAR,MIXED,run01,RGB_LIDAR,0.14521825313568115,0.35100558400154114,0.21692708134651184,0.21692708134651184,0.21692708134651184,0.21692708134651184,0.8101469874382019,3647,13948422,113901,26417,517.8411234286407,33,2202,0,0,1670.095,50.463008880615234,-54.05367660522461,73.94735817980856,RETURNING
8196.243000,RGB_LIDAR,MIXED,run01,RGB_LIDAR,0.14522139728069305,0.3510056436061859,0.2161458283662796,0.21666666865348816,0.2161458283662796,0.21666666865348816,0.6794120073318481,3649,13956102,113902,26417,517.8507288958294,33,2203,0,0,1671.094,50.46543502807617,-54.05320358276367,73.9486680462933,RETURNING
8197.243000,RGB_LIDAR,MIXED,run01,RGB_LIDAR,0.14522366225719452,0.351003497838974,0.2161458283662796,0.21666666865348816,0.2161458283662796,0.21666666865348816,1.777001976966858,3651,13963782,113902,26417,517.8577213282534,33,2204,0,0,1672.094,50.46680450439453,-54.053306579589844,73.94967789911396,RETURNING
8198.243000,RGB_LIDAR,MIXED,run01,RGB_LIDAR,0.14522674679756165,0.3510042428970337,0.2161458283662796,0.21666666865348816,0.2161458283662796,0.21666666865348816,2.0292749404907227,3652,13967622,113902,26417,517.8621186331394,33,2206,0,0,1673.094,50.466922760009766,-54.05305862426758,73.94957735792049,RETURNING
8199.243000,RGB_LIDAR,MIXED,run01,RGB_LIDAR,0.14522993564605713,0.351002961397171,0.21692708134651184,0.21718749403953552,0.21692708134651184,0.21718749403953552,6.600264072418213,3654,13975302,113902,26417,517.869446888801,33,2208,0,0,1674.094,50.46813201904297,-54.052940368652344,73.95031616450775,RETURNING
8200.243000,RGB_LIDAR,MIXED,run01,RGB_LIDAR,0.14523304998874664,0.3510012924671173,0.2161458283662796,0.21666666865348816,0.2161458283662796,0.21666666865348816,2.6579830646514893,3656,13982982,113902,26417,517.8767840321125,33,2210,0,0,1675.094,50.4671630859375,-54.053077697753906,73.94975530629918,RETURNING
8201.245000,RGB_LIDAR,MIXED,run01,RGB_LIDAR,0.1452351063489914,0.3510044515132904,0.21666666865348816,0.21640625596046448,0.21666666865348816,0.21640625596046448,1.5878069400787354,3659,13994502,113902,26417,517.882593509095,33,2211,0,0,1676.096,50.46646499633789,-54.05339813232422,73.94951312939926,RETURNING
8202.243000,RGB_LIDAR,MIXED,run01,RGB_LIDAR,0.14523597061634064,0.35100236535072327,0.2161458283662796,0.21718749403953552,0.2161458283662796,0.21718749403953552,0.8388209939002991,3661,14002182,113902,26417,517.8921561457801,33,2213,0,0,1677.094,50.465171813964844,-54.05305480957031,73.94837967625001,RETURNING
8203.243000,RGB_LIDAR,MIXED,run01,RGB_LIDAR,0.1452396959066391,0.3510071635246277,0.2161458283662796,0.21666666865348816,0.2161458283662796,0.21666666865348816,2.844228982925415,3662,14006022,113902,26417,517.8958020277286,33,2215,0,0,1678.094,50.466548919677734,-54.0535888671875,73.94970981925717,RETURNING
8204.243000,RGB_LIDAR,MIXED,run01,RGB_LIDAR,0.14524118602275848,0.35100871324539185,0.2161458283662796,0.21666666865348816,0.2161458283662796,0.21666666865348816,1.5073740482330322,3664,14013702,113902,26417,517.9036598306933,33,2216,0,0,1679.094,50.46565246582031,-54.05336380004883,73.94893354277325,RETURNING
8205.244000,RGB_LIDAR,MIXED,run01,RGB_LIDAR,0.1452455371618271,0.3510138690471649,0.21718749403953552,0.21718749403953552,0.21718749403953552,0.21718749403953552,0.8192610144615173,3667,14025222,113902,26417,517.9070261164095,33,2217,0,0,1680.095,50.466590881347656,-54.0533447265625,73.949559999869,RETURNING
8206.243000,RGB_LIDAR,MIXED,run01,RGB_LIDAR,0.14524723589420319,0.3510130047798157,0.2161458283662796,0.21666666865348816,0.2161458283662796,0.21666666865348816,1.006011962890625,3669,14032902,113903,26417,517.9152076662141,33,2218,0,0,1681.094,50.46518325805664,-54.05348587036133,73.94870257443097,RETURNING
8207.245000,RGB_LIDAR,MIXED,run01,RGB_LIDAR,0.14524778723716736,0.3510068953037262,0.2161458283662796,0.21666666865348816,0.2161458283662796,0.21666666865348816,4.133295059204102,3671,14040582,113903,26417,517.923083316832,33,2219,0,0,1682.096,50.4659423828125,-54.05351257324219,73.94924013565792,RETURNING
8208.243000,RGB_LIDAR,MIXED,run01,RGB_LIDAR,0.14525100588798523,0.3510077893733978,0.21666666865348816,0.21640625596046448,0.21666666865348816,0.21640625596046448,0.6300920248031616,3673,14048262,113903,26417,517.9285740913549,33,2220,0,0,1683.094,50.46559143066406,-54.05351257324219,73.94900063813654,RETURNING
8209.243000,RGB_LIDAR,MIXED,run01,RGB_LIDAR,0.14525368809700012,0.35101157426834106,0.2161458283662796,0.2174479216337204,0.2161458283662796,0.2174479216337204,1.8727519512176514,3676,14059782,113903,26417,517.9338208914847,33,2221,0,0,1684.094,50.46680450439453,-54.05317306518555,73.94958030681886,RETURNING
8210.243000,RGB_LIDAR,MIXED,run01,RGB_LIDAR,0.14525659382343292,0.3510120213031769,0.2161458283662796,0.21718749403953552,0.2161458283662796,0.21718749403953552,2.0687038898468018,3678,14067462,113903,26417,517.9399113159839,33,2222,0,0,1685.094,50.46562576293945,-54.053443908691406,73.94897387623037,RETURNING
8211.245000,RGB_LIDAR,MIXED,run01,RGB_LIDAR,0.14525949954986572,0.35101398825645447,0.2161458283662796,0.21666666865348816,0.2161458283662796,0.21666666865348816,3.638875961303711,3679,14071302,113903,26417,517.9502667297842,33,2223,0,0,1686.096,50.4670295715332,-54.05293655395508,73.94956102286106,RETURNING
8212.245000,RGB_LIDAR,MIXED,run01,RGB_LIDAR,0.14526183903217316,0.3510156571865082,0.2161458283662796,0.21692708134651184,0.2161458283662796,0.21692708134651184,0.8416450023651123,3682,14082822,113903,26417,517.9649074956943,33,2224,0,0,1687.096,50.4630012512207,-54.05376434326172,73.94741710809751,RETURNING
8213.245000,RGB_LIDAR,MIXED,run01,RGB_LIDAR,0.1452631950378418,0.35101252794265747,0.2161458283662796,0.21666666865348816,0.2161458283662796,0.21666666865348816,4.065791130065918,3684,14090502,113904,26417,517.972610434858,33,2224,0,0,1688.096,50.46444320678711,-54.05348205566406,73.94819476359713,RETURNING
8214.244000,RGB_LIDAR,MIXED,run01,RGB_LIDAR,0.14526337385177612,0.3510076105594635,0.21666666865348816,0.21718749403953552,0.21666666865348816,0.21718749403953552,0.8428220152854919,3686,14098182,113904,26417,517.981557853754,33,2225,0,0,1689.095,50.466529846191406,-54.05367660522461,73.94976093545019,RETURNING
8215.245000,RGB_LIDAR,MIXED,run01,RGB_LIDAR,0.1452648937702179,0.3510068953037262,0.21666666865348816,0.21640625596046448,0.21666666865348816,0.21640625596046448,2.854423999786377,3688,14105862,113904,26417,517.9862689308272,33,2226,0,0,1690.096,50.4650764465332,-54.053253173828125,73.94845959202229,RETURNING
8216.243000,RGB_LIDAR,MIXED,run01,RGB_LIDAR,0.1452675312757492,0.35100892186164856,0.2161458283662796,0.21666666865348816,0.2161458283662796,0.21666666865348816,1.1089760065078735,3690,14113542,113904,26417,517.9906153595807,33,2227,0,0,1691.094,50.4661979675293,-54.053775787353516,73.94960695087721,RETURNING
8217.243000,RGB_LIDAR,MIXED,run01,RGB_LIDAR,0.14526952803134918,0.35100722312927246,0.2161458283662796,0.21666666865348816,0.2161458283662796,0.21666666865348816,2.4931740760803223,3692,14121222,113904,26417,517.996299831517,33,2229,0,0,1692.094,50.466129302978516,-54.05339431762695,73.94928125489596,RETURNING
8218.243000,RGB_LIDAR,MIXED,run01,RGB_LIDAR,0.1452721208333969,0.35100752115249634,0.21692708134651184,0.21666666865348816,0.21692708134651184,0.21666666865348816,0.8299450278282166,3694,14128902,113904,26417,518.0028208895445,33,2230,0,0,1693.094,50.467220306396484,-54.05324172973633,73.94991425412758,RETURNING
8219.245000,RGB_LIDAR,MIXED,run01,RGB_LIDAR,0.14527517557144165,0.3510110080242157,0.2161458283662796,0.21718749403953552,0.2161458283662796,0.21718749403953552,0.7267429828643799,3696,14136582,113904,26417,518.0083606652997,33,2231,0,0,1694.096,50.46738815307617,-54.05361557006836,73.95030205599043,RETURNING
8220.252000,RGB_LIDAR,MIXED,run01,RGB_LIDAR,0.14527758955955505,0.35100966691970825,0.21692708134651184,0.2174479216337204,0.21692708134651184,0.2174479216337204,1.0288829803466797,3698,14144262,113904,26417,518.0166910636856,33,2231,0,0,1695.103,50.46592330932617,-54.05340576171875,73.94914904484689,RETURNING
8221.246000,RGB_LIDAR,MIXED,run01,RGB_LIDAR,0.14528149366378784,0.3510139286518097,0.2161458283662796,0.21640625596046448,0.2161458283662796,0.21640625596046448,1.2602059841156006,3700,14151942,113905,26417,518.0244692264376,33,2233,0,0,1696.097,50.46741485595703,-54.053585052490234,73.95029797217077,RETURNING
8222.243000,RGB_LIDAR,MIXED,run01,RGB_LIDAR,0.14528349041938782,0.35101211071014404,0.21718749403953552,0.21692708134651184,0.21718749403953552,0.21692708134651184,0.8547379970550537,3701,14155782,113906,26417,518.0282686020969,33,2234,0,0,1697.094,50.46620178222656,-54.053775787353516,73.9496095541163,RETURNING
8223.244000,RGB_LIDAR,MIXED,run01,RGB_LIDAR,0.14528478682041168,0.35101327300071716,0.2161458283662796,0.21718749403953552,0.2161458283662796,0.21718749403953552,0.687641978263855,3703,14163462,113906,26417,518.0330590447878,33,2235,0,0,1698.095,50.46659469604492,-54.05357360839844,73.94972990484742,RETURNING
8224.245000,RGB_LIDAR,MIXED,run01,RGB_LIDAR,0.1452859789133072,0.3510100543498993,0.2161458283662796,0.21666666865348816,0.2161458283662796,0.21666666865348816,0.8190670013427734,3704,14167302,113906,26417,518.0385748883123,33,2236,0,0,1699.096,50.467376708984375,-54.05345916748047,73.95017992407077,RETURNING
8225.243000,RGB_LIDAR,MIXED,run01,RGB_LIDAR,0.1452886313199997,0.3510102927684784,0.21692708134651184,0.21718749403953552,0.21692708134651184,0.21718749403953552,3.251116991043091,3706,14174982,113906,26417,518.0436124374598,33,2236,0,0,1700.094,50.468990325927734,-54.053226470947266,73.95111103462872,RETURNING
8226.246000,RGB_LIDAR,MIXED,run01,RGB_LIDAR,0.14529012143611908,0.351010799407959,0.2161458283662796,0.21666666865348816,0.2161458283662796,0.21666666865348816,1.3499679565429688,3709,14186502,113906,26417,518.0488987051028,33,2237,0,0,1701.097,50.466766357421875,-54.053443908691406,73.94975224723979,RETURNING
8227.243000,RGB_LIDAR,MIXED,run01,RGB_LIDAR,0.1452919840812683,0.35101014375686646,0.2161458283662796,0.21640625596046448,0.2161458283662796,0.21640625596046448,2.083414077758789,3710,14190342,113907,26417,518.0563195399591,33,2239,0,0,1702.094,50.46928787231445,-54.05308532714844,73.95121092813994,RETURNING
8228.243000,RGB_LIDAR,MIXED,run01,RGB_LIDAR,0.14529551565647125,0.3510133624076843,0.2161458283662796,0.21640625596046448,0.2161458283662796,0.21640625596046448,2.3667900562286377,3711,14194182,113907,26417,518.0667236703002,33,2241,0,0,1703.094,50.46684646606445,-54.053138732910156,73.94958384767537,RETURNING
8229.243000,RGB_LIDAR,MIXED,run01,RGB_LIDAR,0.14529787003993988,0.3510143756866455,0.2161458283662796,0.21666666865348816,0.2161458283662796,0.21666666865348816,0.9935659766197205,3713,14201862,113907,26417,518.074038704811,33,2241,0,0,1704.094,50.467979431152344,-54.05376052856445,73.95081152163672,RETURNING
8230.246000,RGB_LIDAR,MIXED,run01,RGB_LIDAR,0.145298570394516,0.35101044178009033,0.2161458283662796,0.2161458283662796,0.2161458283662796,0.2161458283662796,4.052051067352295,3715,14209542,113907,26417,518.0837212142735,33,2242,0,0,1705.097,50.46843719482422,-54.053340911865234,73.95081720217499,RETURNING
8231.243000,RGB_LIDAR,MIXED,run01,RGB_LIDAR,0.14530009031295776,0.35100892186164856,0.2161458283662796,0.21640625596046448,0.2161458283662796,0.21640625596046448,0.7494469881057739,3717,14217222,113907,26417,518.0924006752508,33,2243,0,0,1706.094,50.46603775024414,-54.053768157958984,73.94949203816282,RETURNING
8232.243000,RGB_LIDAR,MIXED,run01,RGB_LIDAR,0.14530383050441742,0.3510153293609619,0.2161458283662796,0.2161458283662796,0.2161458283662796,0.2161458283662796,0.8412880301475525,3719,14224902,113907,26417,518.1011412327723,33,2245,0,0,1707.094,50.46703338623047,-54.05337142944336,73.94988149728508,RETURNING
8233.244000,RGB_LIDAR,MIXED,run01,RGB_LIDAR,0.145304873585701,0.35101190209388733,0.2161458283662796,0.21718749403953552,0.2161458283662796,0.21718749403953552,4.11342191696167,3721,14232582,113907,26417,518.107048305714,33,2247,0,0,1708.095,50.46773147583008,-54.053199768066406,73.95023242312274,RETURNING
8234.243000,RGB_LIDAR,MIXED,run01,RGB_LIDAR,0.14530611038208008,0.351012647151947,0.2161458283662796,0.21666666865348816,0.2161458283662796,0.21666666865348816,4.5603837966918945,3723,14240262,113907,26417,518.1114184857504,33,2249,0,0,1709.094,50.46673583984375,-54.053688049316406,73.94990987623423,RETURNING
8235.243000,RGB_LIDAR,MIXED,run01,RGB_LIDAR,0.14530827105045319,0.3510122299194336,0.21718749403953552,0.21718749403953552,0.21718749403953552,0.21718749403953552,1.3413679599761963,3725,14247942,113907,26417,518.1157402082242,33,2251,0,0,1710.094,50.46614074707031,-54.053653717041016,73.94947867415061,RETURNING
8236.243000,RGB_LIDAR,MIXED,run01,RGB_LIDAR,0.14530935883522034,0.35101157426834106,0.2161458283662796,0.21640625596046448,0.2161458283662796,0.21640625596046448,2.4652938842773438,3727,14255622,113907,26417,518.1218371937465,33,2252,0,0,1711.094,50.46772003173828,-54.0534553527832,73.950411431334,RETURNING
8237.246000,RGB_LIDAR,MIXED,run01,RGB_LIDAR,0.14531174302101135,0.3510112762451172,0.21640625596046448,0.21718749403953552,0.21640625596046448,0.21718749403953552,0.778590977191925,3729,14263302,113907,26417,518.1297871829146,33,2254,0,0,1712.097,50.46889877319336,-54.053077697753906,73.95093981121951,RETURNING
8238.243000,RGB_LIDAR,MIXED,run01,RGB_LIDAR,0.1453145444393158,0.35101592540740967,0.2161458283662796,0.21666666865348816,0.2161458283662796,0.21666666865348816,1.0658479928970337,3731,14270982,113907,26417,518.141119216714,33,2255,0,0,1713.094,50.46676254272461,-54.05351638793945,73.94980262278129,RETURNING
8239.243000,RGB_LIDAR,MIXED,run01,RGB_LIDAR,0.14531664550304413,0.35102030634880066,0.2161458283662796,0.21640625596046448,0.2161458283662796,0.21640625596046448,2.7887580394744873,3733,14278662,113907,26417,518.1474541731576,33,2256,0,0,1714.094,50.46522521972656,-54.053916931152344,73.94904629938186,RETURNING
8240.243000,RGB_LIDAR,MIXED,run01,RGB_LIDAR,0.14531807601451874,0.3510178327560425,0.2161458283662796,0.21640625596046448,0.2161458283662796,0.21640625596046448,0.8659250140190125,3735,14286342,113907,26417,518.1574863149485,33,2257,0,0,1715.094,50.46513366699219,-54.0536003112793,73.94875238464603,RETURNING
8241.243000,RGB_LIDAR,MIXED,run01,RGB_LIDAR,0.14532198011875153,0.351026713848114,0.21770833432674408,0.21796874701976776,0.21770833432674408,0.21796874701976776,2.243601083755493,3737,14294022,113909,26417,518.1673476706924,33,2259,0,0,1716.094,50.467308044433594,-54.05370330810547,73.95031151923189,RETURNING
8242.245000,RGB_LIDAR,MIXED,run01,RGB_LIDAR,0.14532269537448883,0.351025253534317,0.2161458283662796,0.21666666865348816,0.2161458283662796,0.21666666865348816,1.147236943244934,3739,14301702,113909,26417,518.1768095821207,33,2259,0,0,1717.096,50.466094970703125,-54.05430603027344,73.9499242495035,RETURNING
8243.244000,RGB_LIDAR,MIXED,run01,RGB_LIDAR,0.14532539248466492,0.3510279357433319,0.2161458283662796,0.21666666865348816,0.2161458283662796,0.21666666865348816,4.666059970855713,3742,14313222,113909,26417,518.185147968492,33,2259,0,0,1718.095,50.46681213378906,-54.05369567871094,73.94996751810153,RETURNING
8244.243000,RGB_LIDAR,MIXED,run01,RGB_LIDAR,0.14532709121704102,0.3510293662548065,0.21718749403953552,0.2174479216337204,0.21718749403953552,0.2174479216337204,0.87882399559021,3743,14317062,113909,26417,518.1915926826856,33,2260,0,0,1719.094,50.46503448486328,-54.05387878417969,73.94888825495721,RETURNING
8245.245000,RGB_LIDAR,MIXED,run01,RGB_LIDAR,0.1453295350074768,0.3510315716266632,0.2161458283662796,0.21666666865348816,0.2161458283662796,0.21666666865348816,1.7358609437942505,3745,14324742,113909,26417,518.1976357689554,33,2261,0,0,1720.096,50.4677619934082,-54.05348205566406,73.95045958584694,RETURNING
8246.243000,RGB_LIDAR,MIXED,run01,RGB_LIDAR,0.14533168077468872,0.3510304093360901,0.21718749403953552,0.21718749403953552,0.21718749403953552,0.21718749403953552,1.4952889680862427,3747,14332422,113909,26417,518.2036088362343,33,2263,0,0,1721.094,50.46782684326172,-54.05363845825195,73.95061816342694,RETURNING
8247.243000,RGB_LIDAR,MIXED,run01,RGB_LIDAR,0.1453334242105484,0.3510311245918274,0.21640625596046448,0.21718749403953552,0.21640625596046448,0.21718749403953552,2.402730941772461,3749,14340102,113909,26417,518.2092459613349,33,2264,0,0,1722.094,50.46510314941406,-54.0541877746582,73.94916097419642,RETURNING
8248.243000,RGB_LIDAR,MIXED,run01,RGB_LIDAR,0.1453351229429245,0.35102999210357666,0.2161458283662796,0.21640625596046448,0.2161458283662796,0.21640625596046448,0.9073119759559631,3751,14347782,113909,26417,518.2174719581626,33,2266,0,0,1723.094,50.46537399291992,-54.05355453491211,73.94888292659583,RETURNING
8249.244000,RGB_LIDAR,MIXED,run01,RGB_LIDAR,0.14533647894859314,0.3510282337665558,0.2161458283662796,0.21666666865348816,0.2161458283662796,0.21666666865348816,0.8096039891242981,3753,14355462,113909,26417,518.2268132200521,33,2268,0,0,1724.095,50.46611404418945,-54.05391311645508,73.94965006145277,RETURNING
8250.243000,RGB_LIDAR,MIXED,run01,RGB_LIDAR,0.14533831179141998,0.3510267734527588,0.2161458283662796,0.21718749403953552,0.2161458283662796,0.21718749403953552,3.197052001953125,3755,14363142,113909,26417,518.2335768169285,33,2270,0,0,1725.094,50.46753692626953,-54.053436279296875,73.95027253188506,RETURNING
8251.243000,RGB_LIDAR,MIXED,run01,RGB_LIDAR,0.14534111320972443,0.3510289490222931,0.2161458283662796,0.21640625596046448,0.2161458283662796,0.21640625596046448,2.3534109592437744,3757,14370822,113909,26417,518.2376377483594,33,2271,0,0,1726.094,50.46656799316406,-54.05378723144531,73.94986783066949,RETURNING
8252.243000,RGB_LIDAR,MIXED,run01,RGB_LIDAR,0.1453448086977005,0.35103583335876465,0.2161458283662796,0.21666666865348816,0.2161458283662796,0.21666666865348816,6.351535797119141,3759,14378502,113909,26417,518.2404100988327,33,2272,0,0,1727.094,50.466285705566406,-54.053836822509766,73.94971143945479,RETURNING
8253.244000,RGB_LIDAR,MIXED,run01,RGB_LIDAR,0.145344078540802,0.35102957487106323,0.2161458283662796,0.21666666865348816,0.2161458283662796,0.21666666865348816,1.0724090337753296,3761,14386182,113909,26417,518.2464789058799,33,2274,0,0,1728.095,50.46768569946289,-54.053466796875,73.95039636673695,RETURNING
8254.246000,RGB_LIDAR,MIXED,run01,RGB_LIDAR,0.14534567296504974,0.35102975368499756,0.2161458283662796,0.21666666865348816,0.2161458283662796,0.21666666865348816,1.8118579387664795,3763,14393862,113909,26417,518.2561419318449,33,2276,0,0,1729.097,50.466949462890625,-54.053749084472656,73.95010027248667,RETURNING
8255.243000,RGB_LIDAR,MIXED,run01,RGB_LIDAR,0.1453465223312378,0.3510272800922394,0.2161458283662796,0.21666666865348816,0.2161458283662796,0.21666666865348816,9.949816703796387,3765,14401542,113909,26417,518.2604271164773,33,2278,0,0,1730.094,50.46795654296875,-54.05376052856445,73.95079590190745,RETURNING
8256.245000,RGB_LIDAR,MIXED,run01,RGB_LIDAR,0.14534738659858704,0.35102611780166626,0.2161458283662796,0.21640625596046448,0.2161458283662796,0.21640625596046448,2.1622350215911865,3767,14409222,113909,26417,518.26637819465,33,2279,0,0,1731.096,50.466636657714844,-54.05335998535156,73.94960239244129,RETURNING
8257.245000,RGB_LIDAR,MIXED,run01,RGB_LIDAR,0.14534929394721985,0.3510260283946991,0.2161458283662796,0.21666666865348816,0.2161458283662796,0.21666666865348816,4.284172058105469,3769,14416902,113909,26417,518.2719335153322,33,2280,0,0,1732.096,50.465614318847656,-54.05434036254883,73.94962133996789,RETURNING
8258.247000,RGB_LIDAR,MIXED,run01,RGB_LIDAR,0.14535154402256012,0.3510279357433319,0.2161458283662796,0.21718749403953552,0.2161458283662796,0.21718749403953552,1.4312469959259033,3771,14424582,113910,26417,518.2779312120167,33,2281,0,0,1733.098,50.467002868652344,-54.05348587036133,73.94994432163034,RETURNING
8259.244000,RGB_LIDAR,MIXED,run01,RGB_LIDAR,0.14535345137119293,0.35102754831314087,0.2161458283662796,0.21666666865348816,0.2161458283662796,0.21666666865348816,3.6101930141448975,3773,14432262,113909,26417,518.284591220601,33,2283,0,0,1734.095,50.466407775878906,-54.05371856689453,73.94970830357794,RETURNING
8260.243000,RGB_LIDAR,MIXED,run01,RGB_LIDAR,0.14535440504550934,0.3510259985923767,0.2161458283662796,0.21666666865348816,0.2161458283662796,0.21666666865348816,1.9132369756698608,3775,14439942,113910,26417,518.2891536657485,33,2284,0,0,1735.094,50.46513748168945,-54.05417251586914,73.94917324931791,RETURNING
8261.243000,RGB_LIDAR,MIXED,run01,RGB_LIDAR,0.1453561633825302,0.351026326417923,0.2161458283662796,0.21718749403953552,0.2161458283662796,0.21718749403953552,1.8315680027008057,3777,14447622,113910,26417,518.2998863588617,33,2286,0,0,1736.094,50.467857360839844,-54.053531646728516,73.95056091642026,RETURNING
8262.246000,RGB_LIDAR,MIXED,run01,RGB_LIDAR,0.14535865187644958,0.3510279357433319,0.2161458283662796,0.21666666865348816,0.2161458283662796,0.21666666865348816,3.2163000106811523,3779,14455302,113910,26417,518.3074330432423,33,2287,0,0,1737.097,50.465084075927734,-54.0541877746582,73.94914795820642,RETURNING
8263.244000,RGB_LIDAR,MIXED,run01,RGB_LIDAR,0.14536041021347046,0.35102933645248413,0.21640625596046448,0.21692708134651184,0.21640625596046448,0.21692708134651184,1.3957300186157227,3780,14459142,113910,26417,518.3227411009544,33,2288,0,0,1738.099,50.46710968017578,-54.053707122802734,73.95017893761084,RETURNING
8264.243000,RGB_LIDAR,MIXED,run01,RGB_LIDAR,0.14536280930042267,0.3510333299636841,0.2161458283662796,0.21666666865348816,0.2161458283662796,0.21666666865348816,9.341093063354492,3781,14462982,113910,26417,518.3270290567119,33,2290,0,0,1739.094,50.46683883666992,-54.05360412597656,73.94991882026412,RETURNING
8265.243000,RGB_LIDAR,MIXED,run01,RGB_LIDAR,0.14536325633525848,0.35102954506874084,0.2161458283662796,0.21666666865348816,0.2161458283662796,0.21666666865348816,6.4897050857543945,3782,14466822,113910,26417,518.3338900961176,33,2292,0,0,1740.094,50.466854095458984,-54.05379867553711,73.95007143972558,RETURNING
8266.243000,RGB_LIDAR,MIXED,run01,RGB_LIDAR,0.1453651487827301,0.35103100538253784,0.2161458283662796,0.2174479216337204,0.2161458283662796,0.2174479216337204,0.6297360062599182,3784,14474502,113910,26417,518.3383577815318,33,2293,0,0,1741.094,50.46771240234375,-54.053714752197266,73.95059583161874,RETURNING
8267.244000,RGB_LIDAR,MIXED,run01,RGB_LIDAR,0.14536580443382263,0.35103070735931396,0.2161458283662796,0.21640625596046448,0.2161458283662796,0.21640625596046448,0.7421129941940308,3785,14478342,113910,26417,518.3472303517691,33,2295,0,0,1742.095,50.466888427734375,-54.05378341674805,73.95008371558914,RETURNING
8268.243000,RGB_LIDAR,MIXED,run01,RGB_LIDAR,0.14536547660827637,0.3510265648365021,0.2161458283662796,0.21666666865348816,0.2161458283662796,0.21666666865348816,1.1009390354156494,3787,14486022,113911,26417,518.3533898601988,33,2295,0,0,1743.094,50.46518325805664,-54.05384826660156,73.94896747274164,RETURNING
8269.243000,RGB_LIDAR,MIXED,run01,RGB_LIDAR,0.14536722004413605,0.35102713108062744,0.2161458283662796,0.21666666865348816,0.2161458283662796,0.21666666865348816,6.633925914764404,3788,14489862,113911,26417,518.3602864028979,33,2297,0,0,1744.094,50.46528244018555,-54.0542106628418,73.94930005511172,RETURNING
8270.243000,RGB_LIDAR,MIXED,run01,RGB_LIDAR,0.14536939561367035,0.3510286211967468,0.2161458283662796,0.2161458283662796,0.2161458283662796,0.2161458283662796,1.5492630004882812,3790,14497542,113911,26417,518.3655271460104,33,2299,0,0,1745.094,50.46608352661133,-54.05400848388672,73.94969894526963,RETURNING
8271.247000,RGB_LIDAR,MIXED,run01,RGB_LIDAR,0.14537107944488525,0.3510284721851349,0.2161458283662796,0.21666666865348816,0.2161458283662796,0.21666666865348816,1.0375770330429077,3792,14505222,113911,26417,518.369403831591,33,2299,0,0,1746.098,50.46694564819336,-54.053382873535156,73.94982998709904,RETURNING
8272.243000,RGB_LIDAR,MIXED,run01,RGB_LIDAR,0.1453729271888733,0.35102906823158264,0.2161458283662796,0.21666666865348816,0.2161458283662796,0.21666666865348816,1.3093459606170654,3794,14512902,113911,26417,518.3751802031104,33,2301,0,0,1747.094,50.46470260620117,-54.054054260253906,73.94879004402979,RETURNING
8273.243000,RGB_LIDAR,MIXED,run01,RGB_LIDAR,0.14537429809570312,0.3510294258594513,0.2161458283662796,0.21718749403953552,0.2161458283662796,0.21718749403953552,3.542140007019043,3795,14516742,113911,26417,518.3817036673203,33,2301,0,0,1748.094,50.46664810180664,-54.05373001098633,73.94988067340375,RETURNING
8274.244000,RGB_LIDAR,MIXED,run01,RGB_LIDAR,0.14537417888641357,0.3510272204875946,0.2161458283662796,0.21640625596046448,0.2161458283662796,0.21640625596046448,0.6922860145568848,3798,14528262,113911,26417,518.385161663862,33,2302,0,0,1749.095,50.46707534790039,-54.05405807495117,73.95041203731975,RETURNING
8275.243000,RGB_LIDAR,MIXED,run01,RGB_LIDAR,0.14537547528743744,0.35102665424346924,0.2161458283662796,0.21666666865348816,0.2161458283662796,0.21666666865348816,1.9022890329360962,3799,14532102,113912,26417,518.3947082919527,33,2303,0,0,1750.094,50.467342376708984,-54.053897857666016,73.95047715457652,RETURNING
8276.243000,RGB_LIDAR,MIXED,run01,RGB_LIDAR,0.14537738263607025,0.3510262370109558,0.2161458283662796,0.21666666865348816,0.2161458283662796,0.21666666865348816,0.9294580221176147,3802,14543622,113912,26417,518.399566763764,33,2304,0,0,1751.094,50.466094970703125,-54.05414581298828,73.9498071369876,RETURNING
8277.248000,RGB_LIDAR,MIXED,run01,RGB_LIDAR,0.14537982642650604,0.35102859139442444,0.2161458283662796,0.21666666865348816,0.2161458283662796,0.21666666865348816,1.1900999546051025,3804,14551302,113912,26417,518.4055151185473,33,2304,0,0,1752.099,50.46625900268555,-54.054161071777344,73.94993022938097,RETURNING
8278.243000,RGB_LIDAR,MIXED,run01,RGB_LIDAR,0.14538025856018066,0.35102906823158264,0.2161458283662796,0.21666666865348816,0.2161458283662796,0.21666666865348816,1.273082971572876,3806,14558982,113912,26417,518.4156766166631,33,2306,0,0,1753.094,50.46697235107422,-54.05379867553711,73.95015214072856,RETURNING
8279.243000,RGB_LIDAR,MIXED,run01,RGB_LIDAR,0.14538076519966125,0.35102832317352295,0.2161458283662796,0.21666666865348816,0.2161458283662796,0.21666666865348816,4.1265411376953125,3809,14570502,113912,26417,518.4226540433966,33,2307,0,0,1754.094,50.4652214050293,-54.05405044555664,73.94914129051963,RETURNING
8280.246000,RGB_LIDAR,MIXED,run01,RGB_LIDAR,0.1453835666179657,0.35103026032447815,0.2161458283662796,0.21692708134651184,0.2161458283662796,0.21692708134651184,1.8412460088729858,3811,14578182,113912,26417,518.4320895861057,33,2308,0,0,1755.097,50.46921920776367,-54.053531646728516,73.95149029802572,RETURNING
8281.244000,RGB_LIDAR,MIXED,run01,RGB_LIDAR,0.14538535475730896,0.35103118419647217,0.2161458283662796,0.21692708134651184,0.2161458283662796,0.21692708134651184,2.0333690643310547,3813,14585862,113912,26417,518.4408121550588,33,2309,0,0,1756.095,50.466773986816406,-54.053672790527344,73.94992475535004,RETURNING
8282.244000,RGB_LIDAR,MIXED,run01,RGB_LIDAR,0.1453862190246582,0.35102853178977966,0.2161458283662796,0.21666666865348816,0.2161458283662796,0.21666666865348816,0.729856014251709,3815,14593542,113912,26417,518.4461894519947,33,2309,0,0,1757.095,50.46539306640625,-54.05388259887695,73.94913574503057,RETURNING
8283.244000,RGB_LIDAR,MIXED,run01,RGB_LIDAR,0.14538854360580444,0.3510315418243408,0.2161458283662796,0.21666666865348816,0.2161458283662796,0.21666666865348816,1.1290470361709595,3817,14601222,113912,26417,518.4517529520057,33,2310,0,0,1758.095,50.46460723876953,-54.054168701171875,73.94880861715934,RETURNING
8284.244000,RGB_LIDAR,MIXED,run01,RGB_LIDAR,0.14539016783237457,0.35103335976600647,0.2161458283662796,0.21666666865348816,0.2161458283662796,0.21666666865348816,0.8475549817085266,3819,14608902,113912,26417,518.4636570273445,33,2310,0,0,1759.095,50.46666717529297,-54.05376434326172,73.94991878497127,RETURNING
8285.247000,RGB_LIDAR,MIXED,run01,RGB_LIDAR,0.14539217948913574,0.351034015417099,0.21640625596046448,0.21692708134651184,0.21640625596046448,0.21692708134651184,1.0328420400619507,3821,14616582,113912,26417,518.4691711995715,33,2312,0,0,1760.098,50.46736145019531,-54.05366897583008,73.95032286991403,RETURNING
8286.246000,RGB_LIDAR,MIXED,run01,RGB_LIDAR,0.14539356529712677,0.3510356843471527,0.2161458283662796,0.21666666865348816,0.2161458283662796,0.21666666865348816,3.118295907974243,3824,14628102,113912,26417,518.472921874015,33,2313,0,0,1761.097,50.465972900390625,-54.054019927978516,73.9496318168208,RETURNING
8287.252000,RGB_LIDAR,MIXED,run01,RGB_LIDAR,0.14539557695388794,0.3510356843471527,0.21666666865348816,0.21692708134651184,0.21666666865348816,0.21692708134651184,1.0209800004959106,3826,14635782,113912,26417,518.4781665357646,33,2315,0,0,1762.103,50.46614456176758,-54.054203033447266,73.94988280480412,RETURNING
8288.243000,RGB_LIDAR,MIXED,run01,RGB_LIDAR,0.14539720118045807,0.35103675723075867,0.21666666865348816,0.21666666865348816,0.21666666865348816,0.21666666865348816,1.2109509706497192,3828,14643462,113913,26417,518.4825037739142,33,2317,0,0,1763.094,50.46681594848633,-54.05412292480469,73.95028241847227,RETURNING
8289.243000,RGB_LIDAR,MIXED,run01,RGB_LIDAR,0.1453983634710312,0.35103675723075867,0.2161458283662796,0.21692708134651184,0.2161458283662796,0.21692708134651184,0.8797990083694458,3829,14647302,113913,26417,518.4911847961513,33,2317,0,0,1764.094,50.46572494506836,-54.054080963134766,73.94950722169379,RETURNING
8290.243000,RGB_LIDAR,MIXED,run01,RGB_LIDAR,0.14540056884288788,0.35103797912597656,0.21640625596046448,0.21692708134651184,0.21640625596046448,0.21692708134651184,0.7624099850654602,3831,14654982,113913,26417,518.4954660067116,33,2319,0,0,1765.094,50.46559143066406,-54.05414962768555,73.94946630038672,RETURNING
8291.243000,RGB_LIDAR,MIXED,run01,RGB_LIDAR,0.14540211856365204,0.3510385751724243,0.21666666865348816,0.21666666865348816,0.21666666865348816,0.21666666865348816,0.6715729832649231,3833,14662662,113913,26417,518.5032749414346,33,2320,0,0,1766.094,50.46812438964844,-54.05428695678711,73.95129523706656,RETURNING
8292.243000,RGB_LIDAR,MIXED,run01,RGB_LIDAR,0.1454029530286789,0.35103875398635864,0.2161458283662796,0.21666666865348816,0.2161458283662796,0.21666666865348816,1.3555339574813843,3835,14670342,113913,26417,518.5093415137853,33,2321,0,0,1767.094,50.46630859375,-54.054256439208984,73.95003378107346,RETURNING
8293.244000,RGB_LIDAR,MIXED,run01,RGB_LIDAR,0.1454058289527893,0.35103997588157654,0.2161458283662796,0.21666666865348816,0.2161458283662796,0.21666666865348816,0.9697799682617188,3837,14678022,113913,26417,518.5160570434598,33,2323,0,0,1768.095,50.468631744384766,-54.05350875854492,73.9510726568042,RETURNING
8294.248000,RGB_LIDAR,MIXED,run01,RGB_LIDAR,0.14540749788284302,0.35104018449783325,0.2161458283662796,0.21666666865348816,0.2161458283662796,0.21666666865348816,0.7470099925994873,3839,14685702,113913,26417,518.5257045453403,33,2324,0,0,1769.099,50.46683883666992,-54.053871154785156,73.95011400562963,RETURNING
8295.244000,RGB_LIDAR,MIXED,run01,RGB_LIDAR,0.14540942013263702,0.35104095935821533,0.21666666865348816,0.21666666865348816,0.21666666865348816,0.21666666865348816,0.7831810116767883,3842,14697222,113913,26417,518.5291693533346,33,2325,0,0,1770.095,50.464988708496094,-54.05380630493164,73.94880403667563,RETURNING
8296.243000,RGB_LIDAR,MIXED,run01,RGB_LIDAR,0.14541049301624298,0.351040780544281,0.2161458283662796,0.21666666865348816,0.2161458283662796,0.21666666865348816,0.7514479756355286,3844,14704902,113913,26417,518.5361204097469,33,2327,0,0,1771.094,50.467140197753906,-54.05390930175781,73.95034754662585,RETURNING
8297.243000,RGB_LIDAR,MIXED,run01,RGB_LIDAR,0.14541196823120117,0.3510420620441437,0.2161458283662796,0.21666666865348816,0.2161458283662796,0.21666666865348816,0.7514479756355286,3844,14704902,113913,26417,518.5418879685914,33,2328,0,0,1772.094,50.46748733520508,-54.05376434326172,73.95047848663772,RETURNING
8298.243000,RGB_LIDAR,MIXED,run01,RGB_LIDAR,0.1454130858182907,0.351042240858078,0.2161458283662796,0.21666666865348816,0.2161458283662796,0.21666666865348816,2.6124510765075684,3847,14716422,113913,26417,518.5470122731284,33,2329,0,0,1773.094,50.46574020385742,-54.05441665649414,73.94976301402366,RETURNING
8299.244000,RGB_LIDAR,MIXED,run01,RGB_LIDAR,0.14541517198085785,0.3510436415672302,0.2161458283662796,0.21666666865348816,0.2161458283662796,0.21666666865348816,2.068481922149658,3849,14724102,113913,26417,518.555169238999,33,2330,0,0,1774.095,50.468631744384766,-54.053924560546875,73.95137658321835,RETURNING
8300.243000,RGB_LIDAR,MIXED,run01,RGB_LIDAR,0.1454169601202011,0.3510439693927765,0.21588541567325592,0.21666666865348816,0.21588541567325592,0.21666666865348816,7.18308687210083,3851,14731782,113913,26417,518.5601280902229,33,2332,0,0,1775.094,50.466190338134766,-54.0540657043457,73.94981366154157,RETURNING
8301.243000,RGB_LIDAR,MIXED,run01,RGB_LIDAR,0.14541833102703094,0.35104650259017944,0.2161458283662796,0.21666666865348816,0.2161458283662796,0.21666666865348816,0.8059579730033875,3853,14739462,113913,26417,518.5670355698829,33,2334,0,0,1776.094,50.46705627441406,-54.05421447753906,73.95051334406148,RETURNING
8302.243000,RGB_LIDAR,MIXED,run01,RGB_LIDAR,0.14541837573051453,0.3510455787181854,0.2161458283662796,0.21666666865348816,0.2161458283662796,0.21666666865348816,0.7372099757194519,3856,14750982,113913,26417,518.5723769438321,33,2335,0,0,1777.094,50.46581268310547,-54.05400466918945,73.94951132781695,RETURNING
8303.245000,RGB_LIDAR,MIXED,run01,RGB_LIDAR,0.14541906118392944,0.35104233026504517,0.2161458283662796,0.21666666865348816,0.2161458283662796,0.21666666865348816,1.0532310009002686,3858,14758662,113913,26417,518.5787772895818,33,2337,0,0,1778.096,50.466156005859375,-54.0544548034668,73.95007464849748,RETURNING
8304.243000,RGB_LIDAR,MIXED,run01,RGB_LIDAR,0.14541923999786377,0.35104039311408997,0.2161458283662796,0.21666666865348816,0.2161458283662796,0.21666666865348816,1.259619951248169,3860,14766342,113917,26417,518.5892515811961,33,2337,0,0,1779.094,50.467769622802734,-54.05378723144531,73.95068785930171,RETURNING
8305.251000,RGB_LIDAR,MIXED,run01,RGB_LIDAR,0.1454208940267563,0.35104086995124817,0.2161458283662796,0.21666666865348816,0.2161458283662796,0.21666666865348816,17.145008087158203,3862,14774022,113913,26417,518.5935478265011,33,2337,0,0,1780.102,50.46688461303711,-54.05429458618164,73.95045475370043,RETURNING
8306.243000,RGB_LIDAR,MIXED,run01,RGB_LIDAR,0.14542227983474731,0.35104119777679443,0.21666666865348816,0.21666666865348816,0.21666666865348816,0.21666666865348816,2.3113090991973877,3865,14785542,113917,26417,518.5972173404282,33,2339,0,0,1781.094,50.46730041503906,-54.05413818359375,73.95062418514613,RETURNING
8307.245000,RGB_LIDAR,MIXED,run01,RGB_LIDAR,0.14542363584041595,0.351040244102478,0.21666666865348816,0.21640625596046448,0.21666666865348816,0.21640625596046448,0.7359229922294617,3867,14793222,113917,26417,518.6022127615361,33,2339,0,0,1782.096,50.467830657958984,-54.053890228271484,73.95080479698844,RETURNING
8308.243000,RGB_LIDAR,MIXED,run01,RGB_LIDAR,0.14542534947395325,0.351040780544281,0.2161458283662796,0.2174479216337204,0.2161458283662796,0.2174479216337204,1.0307279825210571,3869,14800902,113918,26417,518.6087484569615,33,2341,0,0,1783.094,50.467506408691406,-54.05406188964844,73.95070899426673,RETURNING
8309.244000,RGB_LIDAR,MIXED,run01,RGB_LIDAR,0.14542792737483978,0.3510432839393616,0.2161458283662796,0.21666666865348816,0.2161458283662796,0.21666666865348816,2.1298201084136963,3872,14812422,113918,26417,518.6120998017722,33,2342,0,0,1784.095,50.46540832519531,-54.05403518676758,73.9492576940674,RETURNING
8310.243000,RGB_LIDAR,MIXED,run01,RGB_LIDAR,0.1454283893108368,0.35104256868362427,0.21510416269302368,0.21718749403953552,0.21510416269302368,0.21718749403953552,1.3599989414215088,3873,14816262,113919,26417,518.6188892758095,33,2343,0,0,1785.094,50.468170166015625,-54.05392837524414,73.95106437274416,RETURNING
8311.243000,RGB_LIDAR,MIXED,run01,RGB_LIDAR,0.14543010294437408,0.3510436415672302,0.2161458283662796,0.21718749403953552,0.2161458283662796,0.21718749403953552,6.327042102813721,3875,14823942,113919,26417,518.623316589071,33,2343,0,0,1786.094,50.46636962890625,-54.053985595703125,73.94987745752337,RETURNING
8312.243000,RGB_LIDAR,MIXED,run01,RGB_LIDAR,0.14543235301971436,0.351044625043869,0.2161458283662796,0.21666666865348816,0.2161458283662796,0.21666666865348816,0.8275179862976074,3877,14831622,113919,26417,518.6294962314527,33,2344,0,0,1787.094,50.4686279296875,-54.053489685058594,73.95105611193826,RETURNING
8313.243000,RGB_LIDAR,MIXED,run01,RGB_LIDAR,0.14543451368808746,0.3510449528694153,0.2161458283662796,0.21692708134651184,0.2161458283662796,0.21692708134651184,0.7193490266799927,3879,14839302,113919,26417,518.6396210235528,33,2345,0,0,1788.094,50.466331481933594,-54.053855895996094,73.94975662023114,RETURNING
8314.243000,RGB_LIDAR,MIXED,run01,RGB_LIDAR,0.14543597400188446,0.35104691982269287,0.2161458283662796,0.21666666865348816,0.2161458283662796,0.21666666865348816,1.4842760562896729,3881,14846982,113919,26417,518.6470755898024,33,2346,0,0,1789.094,50.465728759765625,-54.05411911010742,73.94953770890834,RETURNING
8315.257000,RGB_LIDAR,MIXED,run01,RGB_LIDAR,0.14543667435646057,0.35104456543922424,0.21640625596046448,0.21640625596046448,0.21640625596046448,0.21640625596046448,0.9648860096931458,3884,14858502,113919,26417,518.6542039748263,33,2346,0,0,1790.108,50.4658088684082,-54.05448532104492,73.94986006312747,RETURNING
8316.243000,RGB_LIDAR,MIXED,run01,RGB_LIDAR,0.1454377919435501,0.3510448634624481,0.2161458283662796,0.21718749403953552,0.2161458283662796,0.21718749403953552,1.066499948501587,3886,14866182,113919,26417,518.6636541068104,33,2347,0,0,1791.094,50.46782302856445,-54.0538444519043,73.95076613034462,RETURNING
8317.243000,RGB_LIDAR,MIXED,run01,RGB_LIDAR,0.14543713629245758,0.3510417938232422,0.2161458283662796,0.21692708134651184,0.2161458283662796,0.21692708134651184,1.427111029624939,3888,14873862,113919,26417,518.6724673174409,33,2348,0,0,1792.094,50.46757888793945,-54.05415725708008,73.95082816517913,RETURNING
8318.243000,RGB_LIDAR,MIXED,run01,RGB_LIDAR,0.14543676376342773,0.3510396480560303,0.2161458283662796,0.21692708134651184,0.2161458283662796,0.21692708134651184,1.214905023574829,3891,14885382,113919,26417,518.6796113091694,33,2348,0,0,1793.094,50.4664421081543,-54.05436325073242,73.95020296899487,RETURNING
8319.243000,RGB_LIDAR,MIXED,run01,RGB_LIDAR,0.14543762803077698,0.3510395884513855,0.21666666865348816,0.21640625596046448,0.21666666865348816,0.21640625596046448,0.8529099822044373,3894,14896902,113919,26417,518.6879963889838,33,2349,0,0,1794.094,50.467864990234375,-54.05405044555664,73.95094533686762,RETURNING
8320.245000,RGB_LIDAR,MIXED,run01,RGB_LIDAR,0.14543871581554413,0.3510410189628601,0.21640625596046448,0.21666666865348816,0.21640625596046448,0.21666666865348816,1.3504630327224731,3896,14904582,113919,26417,518.6952405382626,33,2351,0,0,1795.096,50.467864990234375,-54.05413818359375,73.95100946879178,RETURNING
8321.249000,RGB_LIDAR,MIXED,run01,RGB_LIDAR,0.14544028043746948,0.35104474425315857,0.21588541567325592,0.21718749403953552,0.21588541567325592,0.21718749403953552,1.910917043685913,3898,14912262,113919,26417,518.699623840327,33,2353,0,0,1796.100,50.46643829345703,-54.0542106628418,73.95008883032958,RETURNING
8322.243000,RGB_LIDAR,MIXED,run01,RGB_LIDAR,0.1454416960477829,0.3510448634624481,0.2161458283662796,0.21666666865348816,0.2161458283662796,0.21666666865348816,0.9424610137939453,3900,14919942,113919,26417,518.7026887976706,33,2353,0,0,1797.094,50.4669303894043,-54.0543212890625,73.9505055112593,RETURNING
8323.243000,RGB_LIDAR,MIXED,run01,RGB_LIDAR,0.14544236660003662,0.35104525089263916,0.2161458283662796,0.21692708134651184,0.2161458283662796,0.21692708134651184,0.8577150106430054,3903,14931462,113919,26417,518.7105634520309,33,2354,0,0,1798.094,50.46754455566406,-54.05402755737305,73.95070993178511,RETURNING
8324.243000,RGB_LIDAR,MIXED,run01,RGB_LIDAR,0.1454429179430008,0.35104483366012573,0.2161458283662796,0.21666666865348816,0.2161458283662796,0.21666666865348816,0.7972739934921265,3905,14939142,113919,26417,518.7179812795669,33,2354,0,0,1799.094,50.46782684326172,-54.05398178100586,73.95086911390837,RETURNING
8325.245000,RGB_LIDAR,MIXED,run01,RGB_LIDAR,0.14544270932674408,0.35104385018348694,0.2161458283662796,0.21692708134651184,0.2161458283662796,0.21692708134651184,1.0858180522918701,3908,14950662,113919,26417,518.7245479255917,33,2355,0,0,1800.096,50.46759033203125,-54.05412292480469,73.95081087980718,RETURNING
8326.243000,RGB_LIDAR,MIXED,run01,RGB_LIDAR,0.14544349908828735,0.3510419726371765,0.2161458283662796,0.21666666865348816,0.2161458283662796,0.21666666865348816,1.2392430305480957,3911,14962182,113919,26417,518.7293857274898,33,2355,0,0,1801.094,50.46669006347656,-54.05439758300781,73.95039727464385,RETURNING
8327.243000,RGB_LIDAR,MIXED,run01,RGB_LIDAR,0.1454440802335739,0.35103949904441833,0.2161458283662796,0.21666666865348816,0.2161458283662796,0.21666666865348816,0.7643340229988098,3913,14969862,113919,26417,518.7354270925715,33,2357,0,0,1802.094,50.46721267700195,-54.053871154785156,73.95036912505054,RETURNING
8328.243000,RGB_LIDAR,MIXED,run01,RGB_LIDAR,0.1454436182975769,0.3510375916957855,0.2161458283662796,0.21666666865348816,0.2161458283662796,0.21666666865348816,2.4324140548706055,3915,14977542,113919,26417,518.7432610973998,33,2358,0,0,1803.094,50.46717834472656,-54.05427932739258,73.9506440503799,RETURNING
8329.245000,RGB_LIDAR,MIXED,run01,RGB_LIDAR,0.14544440805912018,0.35103875398635864,0.2161458283662796,0.21666666865348816,0.2161458283662796,0.21666666865348816,1.5328890085220337,3918,14989062,113919,26417,518.7503168962078,33,2358,0,0,1804.096,50.46654510498047,-54.05466079711914,73.95049075056572,RETURNING
8330.243000,RGB_LIDAR,MIXED,run01,RGB_LIDAR,0.1454448252916336,0.3510386645793915,0.2161458283662796,0.21666666865348816,0.2161458283662796,0.21666666865348816,1.065397024154663,3920,14996742,113919,26417,518.7573289810974,33,2360,0,0,1805.094,50.46796798706055,-54.053863525390625,73.95087899681923,RETURNING
